       0.467314       0.467314       0.471509       0.476322       0.479994       0.481900       0.482115       0.481123       0.479569       0.478059       0.477024       0.476666       0.476994       0.477898       0.479216       0.480789       0.482484       0.484198       0.485864       0.487436       0.488889       0.490214       0.491407       0.492472       0.493418       0.494254       0.494989       0.495635       0.496200       0.496693       0.497124       0.497500       0.497827       0.498111       0.498359       0.498574       0.498762       0.498925       0.499066       0.499189       0.499296       0.499388       0.499469       0.499539       0.499599       0.499652       0.499698       0.499738       0.499772       0.499802       0.499828       0.499851       0.499871       0.499888       0.499902       0.499915       0.499926       0.499936       0.499944       0.499952       0.499958       0.499964       0.499968       0.499972       0.499976       0.499979       0.499982       0.499984       0.499986       0.499988       0.499989       0.499990       0.499992       0.499992       0.499993       0.499994       0.499994       0.499995       0.499995       0.499995       0.499995       0.499995       0.499995       0.499995       0.499994       0.499994       0.499993       0.499992       0.499992       0.499990       0.499989       0.499988       0.499986       0.499984       0.499982       0.499979       0.499976       0.499972       0.499968       0.499964       0.499958       0.499952       0.499944       0.499936       0.499926       0.499915       0.499902       0.499888       0.499871       0.499851       0.499828       0.499802       0.499772       0.499738       0.499698       0.499652       0.499599       0.499539       0.499469       0.499388       0.499296       0.499189       0.499066       0.498925       0.498762       0.498574       0.498359       0.498111       0.497827       0.497500       0.497124       0.496693       0.496200       0.495635       0.494989       0.494254       0.493418       0.492472       0.491407       0.490214       0.488889       0.487436       0.485864       0.484198       0.482484       0.480789       0.479216       0.477898       0.476994       0.476666       0.477024       0.478059       0.479569       0.481123       0.482115       0.481900       0.479994       0.476322       0.471509       0.467314       0.467314
       0.467314       0.467314       0.471509       0.476322       0.479994       0.481900       0.482115       0.481123       0.479569       0.478059       0.477024       0.476666       0.476994       0.477898       0.479216       0.480789       0.482484       0.484198       0.485864       0.487436       0.488889       0.490214       0.491407       0.492472       0.493418       0.494254       0.494989       0.495635       0.496200       0.496693       0.497124       0.497500       0.497827       0.498111       0.498359       0.498574       0.498762       0.498925       0.499066       0.499189       0.499296       0.499388       0.499469       0.499539       0.499599       0.499652       0.499698       0.499738       0.499772       0.499802       0.499828       0.499851       0.499871       0.499888       0.499902       0.499915       0.499926       0.499936       0.499944       0.499952       0.499958       0.499964       0.499968       0.499972       0.499976       0.499979       0.499982       0.499984       0.499986       0.499988       0.499989       0.499990       0.499992       0.499992       0.499993       0.499994       0.499994       0.499995       0.499995       0.499995       0.499995       0.499995       0.499995       0.499995       0.499994       0.499994       0.499993       0.499992       0.499992       0.499990       0.499989       0.499988       0.499986       0.499984       0.499982       0.499979       0.499976       0.499972       0.499968       0.499964       0.499958       0.499952       0.499944       0.499936       0.499926       0.499915       0.499902       0.499888       0.499871       0.499851       0.499828       0.499802       0.499772       0.499738       0.499698       0.499652       0.499599       0.499539       0.499469       0.499388       0.499296       0.499189       0.499066       0.498925       0.498762       0.498574       0.498359       0.498111       0.497827       0.497500       0.497124       0.496693       0.496200       0.495635       0.494989       0.494254       0.493418       0.492472       0.491407       0.490214       0.488889       0.487436       0.485864       0.484198       0.482484       0.480789       0.479216       0.477898       0.476994       0.476666       0.477024       0.478059       0.479569       0.481123       0.482115       0.481900       0.479994       0.476322       0.471509       0.467314       0.467314
       0.467314       0.467314       0.471509       0.476322       0.479994       0.481900       0.482115       0.481123       0.479569       0.478059       0.477024       0.476666       0.476994       0.477898       0.479216       0.480789       0.482484       0.484198       0.485864       0.487436       0.488889       0.490214       0.491407       0.492472       0.493418       0.494254       0.494989       0.495635       0.496200       0.496693       0.497124       0.497500       0.497827       0.498111       0.498359       0.498574       0.498762       0.498925       0.499066       0.499189       0.499296       0.499388       0.499469       0.499539       0.499599       0.499652       0.499698       0.499738       0.499772       0.499802       0.499828       0.499851       0.499871       0.499888       0.499902       0.499915       0.499926       0.499936       0.499944       0.499952       0.499958       0.499964       0.499968       0.499972       0.499976       0.499979       0.499982       0.499984       0.499986       0.499988       0.499989       0.499990       0.499992       0.499992       0.499993       0.499994       0.499994       0.499995       0.499995       0.499995       0.499995       0.499995       0.499995       0.499995       0.499994       0.499994       0.499993       0.499992       0.499992       0.499990       0.499989       0.499988       0.499986       0.499984       0.499982       0.499979       0.499976       0.499972       0.499968       0.499964       0.499958       0.499952       0.499944       0.499936       0.499926       0.499915       0.499902       0.499888       0.499871       0.499851       0.499828       0.499802       0.499772       0.499738       0.499698       0.499652       0.499599       0.499539       0.499469       0.499388       0.499296       0.499189       0.499066       0.498925       0.498762       0.498574       0.498359       0.498111       0.497827       0.497500       0.497124       0.496693       0.496200       0.495635       0.494989       0.494254       0.493418       0.492472       0.491407       0.490214       0.488889       0.487436       0.485864       0.484198       0.482484       0.480789       0.479216       0.477898       0.476994       0.476666       0.477024       0.478059       0.479569       0.481123       0.482115       0.481900       0.479994       0.476322       0.471509       0.467314       0.467314
       0.467314       0.467314       0.471509       0.476322       0.479994       0.481900       0.482115       0.481123       0.479569       0.478059       0.477024       0.476666       0.476994       0.477898       0.479216       0.480789       0.482484       0.484198       0.485864       0.487436       0.488889       0.490214       0.491407       0.492472       0.493418       0.494254       0.494989       0.495635       0.496200       0.496693       0.497124       0.497500       0.497827       0.498111       0.498359       0.498574       0.498762       0.498925       0.499066       0.499189       0.499296       0.499388       0.499469       0.499539       0.499599       0.499652       0.499698       0.499738       0.499772       0.499802       0.499828       0.499851       0.499871       0.499888       0.499902       0.499915       0.499926       0.499936       0.499944       0.499952       0.499958       0.499964       0.499968       0.499972       0.499976       0.499979       0.499982       0.499984       0.499986       0.499988       0.499989       0.499990       0.499992       0.499992       0.499993       0.499994       0.499994       0.499995       0.499995       0.499995       0.499995       0.499995       0.499995       0.499995       0.499994       0.499994       0.499993       0.499992       0.499992       0.499990       0.499989       0.499988       0.499986       0.499984       0.499982       0.499979       0.499976       0.499972       0.499968       0.499964       0.499958       0.499952       0.499944       0.499936       0.499926       0.499915       0.499902       0.499888       0.499871       0.499851       0.499828       0.499802       0.499772       0.499738       0.499698       0.499652       0.499599       0.499539       0.499469       0.499388       0.499296       0.499189       0.499066       0.498925       0.498762       0.498574       0.498359       0.498111       0.497827       0.497500       0.497124       0.496693       0.496200       0.495635       0.494989       0.494254       0.493418       0.492472       0.491407       0.490214       0.488889       0.487436       0.485864       0.484198       0.482484       0.480789       0.479216       0.477898       0.476994       0.476666       0.477024       0.478059       0.479569       0.481123       0.482115       0.481900       0.479994       0.476322       0.471509       0.467314       0.467314
       0.467314       0.467314       0.471509       0.476322       0.479994       0.481900       0.482115       0.481123       0.479569       0.478059       0.477024       0.476666       0.476994       0.477898       0.479216       0.480789       0.482484       0.484198       0.485864       0.487436       0.488889       0.490214       0.491407       0.492472       0.493418       0.494254       0.494989       0.495635       0.496200       0.496693       0.497124       0.497500       0.497827       0.498111       0.498359       0.498574       0.498762       0.498925       0.499066       0.499189       0.499296       0.499388       0.499469       0.499539       0.499599       0.499652       0.499698       0.499738       0.499772       0.499802       0.499828       0.499851       0.499871       0.499888       0.499902       0.499915       0.499926       0.499936       0.499944       0.499952       0.499958       0.499964       0.499968       0.499972       0.499976       0.499979       0.499982       0.499984       0.499986       0.499988       0.499989       0.499990       0.499992       0.499992       0.499993       0.499994       0.499994       0.499995       0.499995       0.499995       0.499995       0.499995       0.499995       0.499995       0.499994       0.499994       0.499993       0.499992       0.499992       0.499990       0.499989       0.499988       0.499986       0.499984       0.499982       0.499979       0.499976       0.499972       0.499968       0.499964       0.499958       0.499952       0.499944       0.499936       0.499926       0.499915       0.499902       0.499888       0.499871       0.499851       0.499828       0.499802       0.499772       0.499738       0.499698       0.499652       0.499599       0.499539       0.499469       0.499388       0.499296       0.499189       0.499066       0.498925       0.498762       0.498574       0.498359       0.498111       0.497827       0.497500       0.497124       0.496693       0.496200       0.495635       0.494989       0.494254       0.493418       0.492472       0.491407       0.490214       0.488889       0.487436       0.485864       0.484198       0.482484       0.480789       0.479216       0.477898       0.476994       0.476666       0.477024       0.478059       0.479569       0.481123       0.482115       0.481900       0.479994       0.476322       0.471509       0.467314       0.467314
       0.467314       0.467314       0.471509       0.476322       0.479994       0.481900       0.482115       0.481123       0.479569       0.478059       0.477024       0.476666       0.476994       0.477898       0.479216       0.480789       0.482484       0.484198       0.485864       0.487436       0.488889       0.490214       0.491407       0.492472       0.493418       0.494254       0.494989       0.495635       0.496200       0.496693       0.497124       0.497500       0.497827       0.498111       0.498359       0.498574       0.498762       0.498924       0.499066       0.499189       0.499296       0.499388       0.499469       0.499539       0.499599       0.499652       0.499698       0.499738       0.499772       0.499802       0.499828       0.499851       0.499871       0.499888       0.499902       0.499915       0.499926       0.499936       0.499944       0.499952       0.499958       0.499964       0.499968       0.499972       0.499976       0.499979       0.499982       0.499984       0.499986       0.499988       0.499989       0.499990       0.499992       0.499992       0.499993       0.499994       0.499994       0.499995       0.499995       0.499995       0.499995       0.499995       0.499995       0.499995       0.499994       0.499994       0.499993       0.499992       0.499992       0.499990       0.499989       0.499988       0.499986       0.499984       0.499982       0.499979       0.499976       0.499972       0.499968       0.499964       0.499958       0.499952       0.499944       0.499936       0.499926       0.499915       0.499902       0.499888       0.499871       0.499851       0.499828       0.499802       0.499772       0.499738       0.499698       0.499652       0.499599       0.499539       0.499469       0.499388       0.499296       0.499189       0.499066       0.498924       0.498762       0.498574       0.498359       0.498111       0.497827       0.497500       0.497124       0.496693       0.496200       0.495635       0.494989       0.494254       0.493418       0.492472       0.491407       0.490214       0.488889       0.487436       0.485864       0.484198       0.482484       0.480789       0.479216       0.477898       0.476994       0.476666       0.477024       0.478059       0.479569       0.481123       0.482115       0.481900       0.479994       0.476322       0.471509       0.467314       0.467314
       0.467314       0.467314       0.471509       0.476322       0.479994       0.481900       0.482115       0.481123       0.479569       0.478059       0.477024       0.476666       0.476994       0.477898       0.479216       0.480789       0.482484       0.484198       0.485864       0.487436       0.488889       0.490214       0.491407       0.492472       0.493418       0.494254       0.494989       0.495635       0.496200       0.496693       0.497124       0.497500       0.497827       0.498111       0.498359       0.498574       0.498762       0.498924       0.499066       0.499189       0.499296       0.499388       0.499469       0.499539       0.499599       0.499652       0.499698       0.499738       0.499772       0.499802       0.499828       0.499851       0.499871       0.499888       0.499902       0.499915       0.499926       0.499936       0.499944       0.499952       0.499958       0.499964       0.499968       0.499972       0.499976       0.499979       0.499982       0.499984       0.499986       0.499988       0.499989       0.499990       0.499992       0.499992       0.499993       0.499994       0.499994       0.499995       0.499995       0.499995       0.499995       0.499995       0.499995       0.499995       0.499994       0.499994       0.499993       0.499992       0.499992       0.499990       0.499989       0.499988       0.499986       0.499984       0.499982       0.499979       0.499976       0.499972       0.499968       0.499964       0.499958       0.499952       0.499944       0.499936       0.499926       0.499915       0.499902       0.499888       0.499871       0.499851       0.499828       0.499802       0.499772       0.499738       0.499698       0.499652       0.499599       0.499539       0.499469       0.499388       0.499296       0.499189       0.499066       0.498924       0.498762       0.498574       0.498359       0.498111       0.497827       0.497500       0.497124       0.496693       0.496200       0.495635       0.494989       0.494254       0.493418       0.492472       0.491407       0.490214       0.488889       0.487436       0.485864       0.484198       0.482484       0.480789       0.479216       0.477898       0.476994       0.476666       0.477024       0.478059       0.479569       0.481123       0.482115       0.481900       0.479994       0.476322       0.471509       0.467314       0.467314
       0.467314       0.467314       0.471509       0.476322       0.479994       0.481900       0.482115       0.481123       0.479569       0.478059       0.477024       0.476666       0.476994       0.477898       0.479216       0.480789       0.482484       0.484198       0.485864       0.487436       0.488889       0.490214       0.491407       0.492472       0.493418       0.494254       0.494989       0.495635       0.496200       0.496693       0.497124       0.497500       0.497827       0.498111       0.498359       0.498574       0.498762       0.498924       0.499066       0.499189       0.499296       0.499388       0.499469       0.499539       0.499599       0.499652       0.499698       0.499738       0.499772       0.499802       0.499828       0.499851       0.499871       0.499888       0.499902       0.499915       0.499926       0.499936       0.499944       0.499952       0.499958       0.499964       0.499968       0.499972       0.499976       0.499979       0.499982       0.499984       0.499986       0.499988       0.499989       0.499990       0.499991       0.499992       0.499993       0.499994       0.499994       0.499995       0.499995       0.499995       0.499995       0.499995       0.499995       0.499995       0.499994       0.499994       0.499993       0.499992       0.499991       0.499990       0.499989       0.499988       0.499986       0.499984       0.499982       0.499979       0.499976       0.499972       0.499968       0.499964       0.499958       0.499952       0.499944       0.499936       0.499926       0.499915       0.499902       0.499888       0.499871       0.499851       0.499828       0.499802       0.499772       0.499738       0.499698       0.499652       0.499599       0.499539       0.499469       0.499388       0.499296       0.499189       0.499066       0.498924       0.498762       0.498574       0.498359       0.498111       0.497827       0.497500       0.497124       0.496693       0.496200       0.495635       0.494989       0.494254       0.493418       0.492472       0.491407       0.490214       0.488889       0.487436       0.485864       0.484198       0.482484       0.480789       0.479216       0.477898       0.476994       0.476666       0.477024       0.478059       0.479569       0.481123       0.482115       0.481900       0.479994       0.476322       0.471509       0.467314       0.467314
       0.467314       0.467314       0.471509       0.476322       0.479994       0.481900       0.482115       0.481123       0.479569       0.478059       0.477024       0.476666       0.476994       0.477898       0.479216       0.480789       0.482484       0.484198       0.485864       0.487436       0.488889       0.490214       0.491407       0.492472       0.493418       0.494254       0.494989       0.495635       0.496200       0.496693       0.497124       0.497500       0.497827       0.498111       0.498359       0.498574       0.498762       0.498924       0.499066       0.499189       0.499296       0.499388       0.499469       0.499539       0.499599       0.499652       0.499698       0.499738       0.499772       0.499802       0.499828       0.499851       0.499871       0.499888       0.499902       0.499915       0.499926       0.499936       0.499944       0.499952       0.499958       0.499964       0.499968       0.499972       0.499976       0.499979       0.499982       0.499984       0.499986       0.499988       0.499989       0.499990       0.499991       0.499992       0.499993       0.499994       0.499994       0.499995       0.499995       0.499995       0.499995       0.499995       0.499995       0.499995       0.499994       0.499994       0.499993       0.499992       0.499991       0.499990       0.499989       0.499988       0.499986       0.499984       0.499982       0.499979       0.499976       0.499972       0.499968       0.499964       0.499958       0.499952       0.499944       0.499936       0.499926       0.499915       0.499902       0.499888       0.499871       0.499851       0.499828       0.499802       0.499772       0.499738       0.499698       0.499652       0.499599       0.499539       0.499469       0.499388       0.499296       0.499189       0.499066       0.498924       0.498762       0.498574       0.498359       0.498111       0.497827       0.497500       0.497124       0.496693       0.496200       0.495635       0.494989       0.494254       0.493418       0.492472       0.491407       0.490214       0.488889       0.487436       0.485864       0.484198       0.482484       0.480789       0.479216       0.477898       0.476994       0.476666       0.477024       0.478059       0.479569       0.481123       0.482115       0.481900       0.479994       0.476322       0.471509       0.467314       0.467314
       0.467314       0.467314       0.471509       0.476322       0.479994       0.481900       0.482115       0.481123       0.479569       0.478059       0.477024       0.476666       0.476994       0.477898       0.479216       0.480789       0.482484       0.484198       0.485864       0.487436       0.488889       0.490214       0.491407       0.492472       0.493418       0.494254       0.494989       0.495635       0.496200       0.496693       0.497124       0.497500       0.497827       0.498111       0.498359       0.498574       0.498762       0.498924       0.499066       0.499189       0.499296       0.499388       0.499469       0.499539       0.499599       0.499652       0.499698       0.499738       0.499772       0.499802       0.499828       0.499851       0.499871       0.499888       0.499902       0.499915       0.499926       0.499936       0.499944       0.499952       0.499958       0.499963       0.499968       0.499972       0.499976       0.499979       0.499982       0.499984       0.499986       0.499988       0.499989       0.499990       0.499991       0.499992       0.499993       0.499994       0.499994       0.499995       0.499995       0.499995       0.499995       0.499995       0.499995       0.499995       0.499994       0.499994       0.499993       0.499992       0.499991       0.499990       0.499989       0.499988       0.499986       0.499984       0.499982       0.499979       0.499976       0.499972       0.499968       0.499963       0.499958       0.499952       0.499944       0.499936       0.499926       0.499915       0.499902       0.499888       0.499871       0.499851       0.499828       0.499802       0.499772       0.499738       0.499698       0.499652       0.499599       0.499539       0.499469       0.499388       0.499296       0.499189       0.499066       0.498924       0.498762       0.498574       0.498359       0.498111       0.497827       0.497500       0.497124       0.496693       0.496200       0.495635       0.494989       0.494254       0.493418       0.492472       0.491407       0.490214       0.488889       0.487436       0.485864       0.484198       0.482484       0.480789       0.479216       0.477898       0.476994       0.476666       0.477024       0.478059       0.479569       0.481123       0.482115       0.481900       0.479994       0.476322       0.471509       0.467314       0.467314
       0.467314       0.467314       0.471509       0.476322       0.479994       0.481900       0.482115       0.481123       0.479569       0.478059       0.477024       0.476666       0.476994       0.477898       0.479216       0.480789       0.482484       0.484198       0.485864       0.487436       0.488889       0.490214       0.491407       0.492472       0.493418       0.494254       0.494989       0.495635       0.496200       0.496693       0.497124       0.497499       0.497827       0.498111       0.498359       0.498574       0.498762       0.498924       0.499066       0.499189       0.499295       0.499388       0.499469       0.499539       0.499599       0.499652       0.499698       0.499738       0.499772       0.499802       0.499828       0.499851       0.499870       0.499888       0.499902       0.499915       0.499926       0.499936       0.499944       0.499952       0.499958       0.499963       0.499968       0.499972       0.499976       0.499979       0.499982       0.499984       0.499986       0.499988       0.499989       0.499990       0.499991       0.499992       0.499993       0.499994       0.499994       0.499995       0.499995       0.499995       0.499995       0.499995       0.499995       0.499995       0.499994       0.499994       0.499993       0.499992       0.499991       0.499990       0.499989       0.499988       0.499986       0.499984       0.499982       0.499979       0.499976       0.499972       0.499968       0.499963       0.499958       0.499952       0.499944       0.499936       0.499926       0.499915       0.499902       0.499888       0.499870       0.499851       0.499828       0.499802       0.499772       0.499738       0.499698       0.499652       0.499599       0.499539       0.499469       0.499388       0.499295       0.499189       0.499066       0.498924       0.498762       0.498574       0.498359       0.498111       0.497827       0.497499       0.497124       0.496693       0.496200       0.495635       0.494989       0.494254       0.493418       0.492472       0.491407       0.490214       0.488889       0.487436       0.485864       0.484198       0.482484       0.480789       0.479216       0.477898       0.476994       0.476666       0.477024       0.478059       0.479569       0.481123       0.482115       0.481900       0.479994       0.476322       0.471509       0.467314       0.467314
       0.467314       0.467314       0.471509       0.476322       0.479994       0.481900       0.482115       0.481123       0.479569       0.478059       0.477024       0.476666       0.476994       0.477898       0.479216       0.480789       0.482484       0.484198       0.485864       0.487436       0.488889       0.490214       0.491407       0.492472       0.493418       0.494254       0.494989       0.495635       0.496200       0.496693       0.497124       0.497499       0.497827       0.498111       0.498359       0.498574       0.498762       0.498924       0.499066       0.499189       0.499295       0.499388       0.499469       0.499539       0.499599       0.499652       0.499698       0.499738       0.499772       0.499802       0.499828       0.499851       0.499870       0.499888       0.499902       0.499915       0.499926       0.499936       0.499944       0.499952       0.499958       0.499963       0.499968       0.499972       0.499976       0.499979       0.499982       0.499984       0.499986       0.499988       0.499989       0.499990       0.499991       0.499992       0.499993       0.499994       0.499994       0.499995       0.499995       0.499995       0.499995       0.499995       0.499995       0.499995       0.499994       0.499994       0.499993       0.499992       0.499991       0.499990       0.499989       0.499988       0.499986       0.499984       0.499982       0.499979       0.499976       0.499972       0.499968       0.499963       0.499958       0.499952       0.499944       0.499936       0.499926       0.499915       0.499902       0.499888       0.499870       0.499851       0.499828       0.499802       0.499772       0.499738       0.499698       0.499652       0.499599       0.499539       0.499469       0.499388       0.499295       0.499189       0.499066       0.498924       0.498762       0.498574       0.498359       0.498111       0.497827       0.497499       0.497124       0.496693       0.496200       0.495635       0.494989       0.494254       0.493418       0.492472       0.491407       0.490214       0.488889       0.487436       0.485864       0.484198       0.482484       0.480789       0.479216       0.477898       0.476994       0.476666       0.477024       0.478059       0.479569       0.481123       0.482115       0.481900       0.479994       0.476322       0.471509       0.467314       0.467314
       0.467314       0.467314       0.471509       0.476322       0.479994       0.481900       0.482115       0.481123       0.479569       0.478059       0.477024       0.476666       0.476994       0.477898       0.479216       0.480789       0.482484       0.484198       0.485864       0.487436       0.488889       0.490214       0.491407       0.492472       0.493418       0.494254       0.494989       0.495635       0.496200       0.496693       0.497124       0.497499       0.497827       0.498111       0.498359       0.498574       0.498762       0.498924       0.499066       0.499189       0.499295       0.499388       0.499469       0.499539       0.499599       0.499652       0.499698       0.499738       0.499772       0.499802       0.499828       0.499851       0.499870       0.499888       0.499902       0.499915       0.499926       0.499936       0.499944       0.499952       0.499958       0.499963       0.499968       0.499972       0.499976       0.499979       0.499982       0.499984       0.499986       0.499988       0.499989       0.499990       0.499991       0.499992       0.499993       0.499994       0.499994       0.499995       0.499995       0.499995       0.499995       0.499995       0.499995       0.499995       0.499994       0.499994       0.499993       0.499992       0.499991       0.499990       0.499989       0.499988       0.499986       0.499984       0.499982       0.499979       0.499976       0.499972       0.499968       0.499963       0.499958       0.499952       0.499944       0.499936       0.499926       0.499915       0.499902       0.499888       0.499870       0.499851       0.499828       0.499802       0.499772       0.499738       0.499698       0.499652       0.499599       0.499539       0.499469       0.499388       0.499295       0.499189       0.499066       0.498924       0.498762       0.498574       0.498359       0.498111       0.497827       0.497499       0.497124       0.496693       0.496200       0.495635       0.494989       0.494254       0.493418       0.492472       0.491407       0.490214       0.488889       0.487436       0.485864       0.484198       0.482484       0.480789       0.479216       0.477898       0.476994       0.476666       0.477024       0.478059       0.479569       0.481123       0.482115       0.481900       0.479994       0.476322       0.471509       0.467314       0.467314
       0.467314       0.467314       0.471509       0.476322       0.479994       0.481900       0.482115       0.481123       0.479569       0.478059       0.477024       0.476666       0.476994       0.477898       0.479216       0.480789       0.482484       0.484198       0.485864       0.487436       0.488889       0.490214       0.491407       0.492472       0.493418       0.494254       0.494989       0.495635       0.496199       0.496693       0.497124       0.497499       0.497827       0.498111       0.498359       0.498574       0.498762       0.498924       0.499066       0.499189       0.499295       0.499388       0.499469       0.499539       0.499599       0.499652       0.499698       0.499738       0.499772       0.499802       0.499828       0.499851       0.499870       0.499887       0.499902       0.499915       0.499926       0.499936       0.499944       0.499952       0.499958       0.499963       0.499968       0.499972       0.499976       0.499979       0.499982       0.499984       0.499986       0.499988       0.499989       0.499990       0.499991       0.499992       0.499993       0.499994       0.499994       0.499995       0.499995       0.499995       0.499995       0.499995       0.499995       0.499995       0.499994       0.499994       0.499993       0.499992       0.499991       0.499990       0.499989       0.499988       0.499986       0.499984       0.499982       0.499979       0.499976       0.499972       0.499968       0.499963       0.499958       0.499952       0.499944       0.499936       0.499926       0.499915       0.499902       0.499887       0.499870       0.499851       0.499828       0.499802       0.499772       0.499738       0.499698       0.499652       0.499599       0.499539       0.499469       0.499388       0.499295       0.499189       0.499066       0.498924       0.498762       0.498574       0.498359       0.498111       0.497827       0.497499       0.497124       0.496693       0.496199       0.495635       0.494989       0.494254       0.493418       0.492472       0.491407       0.490214       0.488889       0.487436       0.485864       0.484198       0.482484       0.480789       0.479216       0.477898       0.476994       0.476666       0.477024       0.478059       0.479569       0.481123       0.482115       0.481900       0.479994       0.476322       0.471509       0.467314       0.467314
       0.467314       0.467314       0.471509       0.476322       0.479994       0.481900       0.482115       0.481123       0.479569       0.478059       0.477024       0.476666       0.476994       0.477898       0.479216       0.480789       0.482484       0.484198       0.485864       0.487436       0.488889       0.490213       0.491407       0.492472       0.493418       0.494254       0.494989       0.495635       0.496199       0.496693       0.497124       0.497499       0.497826       0.498111       0.498359       0.498574       0.498762       0.498924       0.499066       0.499189       0.499295       0.499388       0.499469       0.499539       0.499599       0.499652       0.499698       0.499738       0.499772       0.499802       0.499828       0.499851       0.499870       0.499887       0.499902       0.499915       0.499926       0.499936       0.499944       0.499952       0.499958       0.499963       0.499968       0.499972       0.499976       0.499979       0.499982       0.499984       0.499986       0.499988       0.499989       0.499990       0.499991       0.499992       0.499993       0.499994       0.499994       0.499995       0.499995       0.499995       0.499995       0.499995       0.499995       0.499995       0.499994       0.499994       0.499993       0.499992       0.499991       0.499990       0.499989       0.499988       0.499986       0.499984       0.499982       0.499979       0.499976       0.499972       0.499968       0.499963       0.499958       0.499952       0.499944       0.499936       0.499926       0.499915       0.499902       0.499887       0.499870       0.499851       0.499828       0.499802       0.499772       0.499738       0.499698       0.499652       0.499599       0.499539       0.499469       0.499388       0.499295       0.499189       0.499066       0.498924       0.498762       0.498574       0.498359       0.498111       0.497826       0.497499       0.497124       0.496693       0.496199       0.495635       0.494989       0.494254       0.493418       0.492472       0.491407       0.490213       0.488889       0.487436       0.485864       0.484198       0.482484       0.480789       0.479216       0.477898       0.476994       0.476666       0.477024       0.478059       0.479569       0.481123       0.482115       0.481900       0.479994       0.476322       0.471509       0.467314       0.467314
       0.467314       0.467314       0.471509       0.476322       0.479994       0.481900       0.482115       0.481123       0.479569       0.478059       0.477024       0.476666       0.476994       0.477898       0.479216       0.480789       0.482484       0.484198       0.485864       0.487436       0.488889       0.490213       0.491406       0.492472       0.493418       0.494254       0.494989       0.495635       0.496199       0.496693       0.497124       0.497499       0.497826       0.498111       0.498359       0.498574       0.498762       0.498924       0.499066       0.499189       0.499295       0.499388       0.499469       0.499539       0.499599       0.499652       0.499698       0.499738       0.499772       0.499802       0.499828       0.499851       0.499870       0.499887       0.499902       0.499915       0.499926       0.499936       0.499944       0.499952       0.499958       0.499963       0.499968       0.499972       0.499976       0.499979       0.499982       0.499984       0.499986       0.499988       0.499989       0.499990       0.499991       0.499992       0.499993       0.499994       0.499994       0.499995       0.499995       0.499995       0.499995       0.499995       0.499995       0.499995       0.499994       0.499994       0.499993       0.499992       0.499991       0.499990       0.499989       0.499988       0.499986       0.499984       0.499982       0.499979       0.499976       0.499972       0.499968       0.499963       0.499958       0.499952       0.499944       0.499936       0.499926       0.499915       0.499902       0.499887       0.499870       0.499851       0.499828       0.499802       0.499772       0.499738       0.499698       0.499652       0.499599       0.499539       0.499469       0.499388       0.499295       0.499189       0.499066       0.498924       0.498762       0.498574       0.498359       0.498111       0.497826       0.497499       0.497124       0.496693       0.496199       0.495635       0.494989       0.494254       0.493418       0.492472       0.491406       0.490213       0.488889       0.487436       0.485864       0.484198       0.482484       0.480789       0.479216       0.477898       0.476994       0.476666       0.477024       0.478059       0.479569       0.481123       0.482115       0.481900       0.479994       0.476322       0.471509       0.467314       0.467314
       0.467314       0.467314       0.471509       0.476322       0.479995       0.481900       0.482115       0.481123       0.479569       0.478059       0.477024       0.476666       0.476994       0.477898       0.479216       0.480789       0.482484       0.484198       0.485864       0.487436       0.488889       0.490213       0.491406       0.492472       0.493418       0.494254       0.494989       0.495635       0.496199       0.496693       0.497124       0.497499       0.497826       0.498111       0.498359       0.498574       0.498762       0.498924       0.499066       0.499189       0.499295       0.499388       0.499469       0.499538       0.499599       0.499652       0.499698       0.499738       0.499772       0.499802       0.499828       0.499851       0.499870       0.499887       0.499902       0.499915       0.499926       0.499936       0.499944       0.499952       0.499958       0.499963       0.499968       0.499972       0.499976       0.499979       0.499982       0.499984       0.499986       0.499988       0.499989       0.499990       0.499991       0.499992       0.499993       0.499994       0.499994       0.499994       0.499995       0.499995       0.499995       0.499995       0.499995       0.499994       0.499994       0.499994       0.499993       0.499992       0.499991       0.499990       0.499989       0.499988       0.499986       0.499984       0.499982       0.499979       0.499976       0.499972       0.499968       0.499963       0.499958       0.499952       0.499944       0.499936       0.499926       0.499915       0.499902       0.499887       0.499870       0.499851       0.499828       0.499802       0.499772       0.499738       0.499698       0.499652       0.499599       0.499538       0.499469       0.499388       0.499295       0.499189       0.499066       0.498924       0.498762       0.498574       0.498359       0.498111       0.497826       0.497499       0.497124       0.496693       0.496199       0.495635       0.494989       0.494254       0.493418       0.492472       0.491406       0.490213       0.488889       0.487436       0.485864       0.484198       0.482484       0.480789       0.479216       0.477898       0.476994       0.476666       0.477024       0.478059       0.479569       0.481123       0.482115       0.481900       0.479995       0.476322       0.471509       0.467314       0.467314
       0.467314       0.467314       0.471509       0.476322       0.479995       0.481900       0.482115       0.481123       0.479569       0.478059       0.477024       0.476666       0.476994       0.477898       0.479216       0.480789       0.482484       0.484198       0.485864       0.487436       0.488889       0.490213       0.491406       0.492472       0.493418       0.494254       0.494989       0.495634       0.496199       0.496693       0.497124       0.497499       0.497826       0.498111       0.498359       0.498574       0.498761       0.498924       0.499066       0.499189       0.499295       0.499388       0.499469       0.499538       0.499599       0.499652       0.499698       0.499738       0.499772       0.499802       0.499828       0.499851       0.499870       0.499887       0.499902       0.499915       0.499926       0.499936       0.499944       0.499952       0.499958       0.499963       0.499968       0.499972       0.499976       0.499979       0.499982       0.499984       0.499986       0.499988       0.499989       0.499990       0.499991       0.499992       0.499993       0.499994       0.499994       0.499994       0.499995       0.499995       0.499995       0.499995       0.499995       0.499994       0.499994       0.499994       0.499993       0.499992       0.499991       0.499990       0.499989       0.499988       0.499986       0.499984       0.499982       0.499979       0.499976       0.499972       0.499968       0.499963       0.499958       0.499952       0.499944       0.499936       0.499926       0.499915       0.499902       0.499887       0.499870       0.499851       0.499828       0.499802       0.499772       0.499738       0.499698       0.499652       0.499599       0.499538       0.499469       0.499388       0.499295       0.499189       0.499066       0.498924       0.498761       0.498574       0.498359       0.498111       0.497826       0.497499       0.497124       0.496693       0.496199       0.495634       0.494989       0.494254       0.493418       0.492472       0.491406       0.490213       0.488889       0.487436       0.485864       0.484198       0.482484       0.480789       0.479216       0.477898       0.476994       0.476666       0.477024       0.478059       0.479569       0.481123       0.482115       0.481900       0.479995       0.476322       0.471509       0.467314       0.467314
       0.467314       0.467314       0.471509       0.476322       0.479995       0.481900       0.482115       0.481124       0.479569       0.478059       0.477024       0.476666       0.476994       0.477898       0.479216       0.480789       0.482484       0.484198       0.485864       0.487436       0.488889       0.490213       0.491406       0.492472       0.493418       0.494254       0.494989       0.495634       0.496199       0.496693       0.497124       0.497499       0.497826       0.498111       0.498359       0.498574       0.498761       0.498924       0.499066       0.499188       0.499295       0.499388       0.499468       0.499538       0.499599       0.499652       0.499698       0.499737       0.499772       0.499802       0.499828       0.499851       0.499870       0.499887       0.499902       0.499915       0.499926       0.499936       0.499944       0.499952       0.499958       0.499963       0.499968       0.499972       0.499976       0.499979       0.499982       0.499984       0.499986       0.499988       0.499989       0.499990       0.499991       0.499992       0.499993       0.499994       0.499994       0.499994       0.499995       0.499995       0.499995       0.499995       0.499995       0.499994       0.499994       0.499994       0.499993       0.499992       0.499991       0.499990       0.499989       0.499988       0.499986       0.499984       0.499982       0.499979       0.499976       0.499972       0.499968       0.499963       0.499958       0.499952       0.499944       0.499936       0.499926       0.499915       0.499902       0.499887       0.499870       0.499851       0.499828       0.499802       0.499772       0.499737       0.499698       0.499652       0.499599       0.499538       0.499468       0.499388       0.499295       0.499188       0.499066       0.498924       0.498761       0.498574       0.498359       0.498111       0.497826       0.497499       0.497124       0.496693       0.496199       0.495634       0.494989       0.494254       0.493418       0.492472       0.491406       0.490213       0.488889       0.487436       0.485864       0.484198       0.482484       0.480789       0.479216       0.477898       0.476994       0.476666       0.477024       0.478059       0.479569       0.481124       0.482115       0.481900       0.479995       0.476322       0.471509       0.467314       0.467314
       0.467314       0.467314       0.471509       0.476322       0.479995       0.481900       0.482116       0.481124       0.479569       0.478059       0.477024       0.476666       0.476994       0.477898       0.479216       0.480789       0.482484       0.484198       0.485864       0.487436       0.488889       0.490213       0.491406       0.492472       0.493418       0.494254       0.494989       0.495634       0.496199       0.496693       0.497124       0.497499       0.497826       0.498111       0.498359       0.498574       0.498761       0.498924       0.499066       0.499188       0.499295       0.499388       0.499468       0.499538       0.499599       0.499652       0.499698       0.499737       0.499772       0.499802       0.499828       0.499851       0.499870       0.499887       0.499902       0.499915       0.499926       0.499936       0.499944       0.499951       0.499958       0.499963       0.499968       0.499972       0.499976       0.499979       0.499982       0.499984       0.499986       0.499988       0.499989       0.499990       0.499991       0.499992       0.499993       0.499994       0.499994       0.499994       0.499995       0.499995       0.499995       0.499995       0.499995       0.499994       0.499994       0.499994       0.499993       0.499992       0.499991       0.499990       0.499989       0.499988       0.499986       0.499984       0.499982       0.499979       0.499976       0.499972       0.499968       0.499963       0.499958       0.499951       0.499944       0.499936       0.499926       0.499915       0.499902       0.499887       0.499870       0.499851       0.499828       0.499802       0.499772       0.499737       0.499698       0.499652       0.499599       0.499538       0.499468       0.499388       0.499295       0.499188       0.499066       0.498924       0.498761       0.498574       0.498359       0.498111       0.497826       0.497499       0.497124       0.496693       0.496199       0.495634       0.494989       0.494254       0.493418       0.492472       0.491406       0.490213       0.488889       0.487436       0.485864       0.484198       0.482484       0.480789       0.479216       0.477898       0.476994       0.476666       0.477024       0.478059       0.479569       0.481124       0.482116       0.481900       0.479995       0.476322       0.471509       0.467314       0.467314
       0.467314       0.467314       0.471509       0.476322       0.479995       0.481900       0.482116       0.481124       0.479569       0.478059       0.477024       0.476666       0.476994       0.477898       0.479216       0.480789       0.482484       0.484198       0.485864       0.487436       0.488889       0.490213       0.491406       0.492472       0.493418       0.494254       0.494989       0.495634       0.496199       0.496693       0.497124       0.497499       0.497826       0.498111       0.498359       0.498574       0.498761       0.498924       0.499065       0.499188       0.499295       0.499388       0.499468       0.499538       0.499599       0.499652       0.499698       0.499737       0.499772       0.499802       0.499828       0.499851       0.499870       0.499887       0.499902       0.499915       0.499926       0.499936       0.499944       0.499951       0.499958       0.499963       0.499968       0.499972       0.499976       0.499979       0.499981       0.499984       0.499986       0.499988       0.499989       0.499990       0.499991       0.499992       0.499993       0.499994       0.499994       0.499994       0.499995       0.499995       0.499995       0.499995       0.499995       0.499994       0.499994       0.499994       0.499993       0.499992       0.499991       0.499990       0.499989       0.499988       0.499986       0.499984       0.499981       0.499979       0.499976       0.499972       0.499968       0.499963       0.499958       0.499951       0.499944       0.499936       0.499926       0.499915       0.499902       0.499887       0.499870       0.499851       0.499828       0.499802       0.499772       0.499737       0.499698       0.499652       0.499599       0.499538       0.499468       0.499388       0.499295       0.499188       0.499065       0.498924       0.498761       0.498574       0.498359       0.498111       0.497826       0.497499       0.497124       0.496693       0.496199       0.495634       0.494989       0.494254       0.493418       0.492472       0.491406       0.490213       0.488889       0.487436       0.485864       0.484198       0.482484       0.480789       0.479216       0.477898       0.476994       0.476666       0.477024       0.478059       0.479569       0.481124       0.482116       0.481900       0.479995       0.476322       0.471509       0.467314       0.467314
       0.467314       0.467314       0.471509       0.476322       0.479995       0.481900       0.482116       0.481124       0.479569       0.478059       0.477024       0.476666       0.476994       0.477898       0.479216       0.480789       0.482484       0.484198       0.485864       0.487435       0.488889       0.490213       0.491406       0.492472       0.493418       0.494254       0.494989       0.495634       0.496199       0.496693       0.497123       0.497499       0.497826       0.498111       0.498358       0.498574       0.498761       0.498924       0.499065       0.499188       0.499295       0.499388       0.499468       0.499538       0.499599       0.499652       0.499697       0.499737       0.499772       0.499802       0.499828       0.499850       0.499870       0.499887       0.499902       0.499915       0.499926       0.499936       0.499944       0.499951       0.499958       0.499963       0.499968       0.499972       0.499976       0.499979       0.499981       0.499984       0.499986       0.499987       0.499989       0.499990       0.499991       0.499992       0.499993       0.499994       0.499994       0.499994       0.499995       0.499995       0.499995       0.499995       0.499995       0.499994       0.499994       0.499994       0.499993       0.499992       0.499991       0.499990       0.499989       0.499987       0.499986       0.499984       0.499981       0.499979       0.499976       0.499972       0.499968       0.499963       0.499958       0.499951       0.499944       0.499936       0.499926       0.499915       0.499902       0.499887       0.499870       0.499850       0.499828       0.499802       0.499772       0.499737       0.499697       0.499652       0.499599       0.499538       0.499468       0.499388       0.499295       0.499188       0.499065       0.498924       0.498761       0.498574       0.498358       0.498111       0.497826       0.497499       0.497123       0.496693       0.496199       0.495634       0.494989       0.494254       0.493418       0.492472       0.491406       0.490213       0.488889       0.487435       0.485864       0.484198       0.482484       0.480789       0.479216       0.477898       0.476994       0.476666       0.477024       0.478059       0.479569       0.481124       0.482116       0.481900       0.479995       0.476322       0.471509       0.467314       0.467314
       0.467314       0.467314       0.471509       0.476322       0.479995       0.481900       0.482116       0.481124       0.479569       0.478059       0.477024       0.476666       0.476994       0.477898       0.479216       0.480789       0.482484       0.484198       0.485864       0.487435       0.488889       0.490213       0.491406       0.492472       0.493418       0.494254       0.494989       0.495634       0.496199       0.496693       0.497123       0.497499       0.497826       0.498111       0.498358       0.498574       0.498761       0.498924       0.499065       0.499188       0.499295       0.499388       0.499468       0.499538       0.499599       0.499652       0.499697       0.499737       0.499772       0.499802       0.499828       0.499850       0.499870       0.499887       0.499902       0.499915       0.499926       0.499936       0.499944       0.499951       0.499958       0.499963       0.499968       0.499972       0.499976       0.499979       0.499981       0.499984       0.499986       0.499987       0.499989       0.499990       0.499991       0.499992       0.499993       0.499993       0.499994       0.499994       0.499995       0.499995       0.499995       0.499995       0.499995       0.499994       0.499994       0.499993       0.499993       0.499992       0.499991       0.499990       0.499989       0.499987       0.499986       0.499984       0.499981       0.499979       0.499976       0.499972       0.499968       0.499963       0.499958       0.499951       0.499944       0.499936       0.499926       0.499915       0.499902       0.499887       0.499870       0.499850       0.499828       0.499802       0.499772       0.499737       0.499697       0.499652       0.499599       0.499538       0.499468       0.499388       0.499295       0.499188       0.499065       0.498924       0.498761       0.498574       0.498358       0.498111       0.497826       0.497499       0.497123       0.496693       0.496199       0.495634       0.494989       0.494254       0.493418       0.492472       0.491406       0.490213       0.488889       0.487435       0.485864       0.484198       0.482484       0.480789       0.479216       0.477898       0.476994       0.476666       0.477024       0.478059       0.479569       0.481124       0.482116       0.481900       0.479995       0.476322       0.471509       0.467314       0.467314
       0.467314       0.467314       0.471509       0.476322       0.479995       0.481900       0.482116       0.481124       0.479569       0.478060       0.477024       0.476666       0.476994       0.477898       0.479216       0.480789       0.482484       0.484198       0.485864       0.487435       0.488889       0.490213       0.491406       0.492472       0.493418       0.494253       0.494989       0.495634       0.496199       0.496692       0.497123       0.497499       0.497826       0.498111       0.498358       0.498574       0.498761       0.498924       0.499065       0.499188       0.499295       0.499387       0.499468       0.499538       0.499599       0.499651       0.499697       0.499737       0.499772       0.499802       0.499828       0.499850       0.499870       0.499887       0.499902       0.499915       0.499926       0.499935       0.499944       0.499951       0.499958       0.499963       0.499968       0.499972       0.499976       0.499979       0.499981       0.499984       0.499986       0.499987       0.499989       0.499990       0.499991       0.499992       0.499993       0.499993       0.499994       0.499994       0.499995       0.499995       0.499995       0.499995       0.499995       0.499994       0.499994       0.499993       0.499993       0.499992       0.499991       0.499990       0.499989       0.499987       0.499986       0.499984       0.499981       0.499979       0.499976       0.499972       0.499968       0.499963       0.499958       0.499951       0.499944       0.499935       0.499926       0.499915       0.499902       0.499887       0.499870       0.499850       0.499828       0.499802       0.499772       0.499737       0.499697       0.499651       0.499599       0.499538       0.499468       0.499387       0.499295       0.499188       0.499065       0.498924       0.498761       0.498574       0.498358       0.498111       0.497826       0.497499       0.497123       0.496692       0.496199       0.495634       0.494989       0.494253       0.493418       0.492472       0.491406       0.490213       0.488889       0.487435       0.485864       0.484198       0.482484       0.480789       0.479216       0.477898       0.476994       0.476666       0.477024       0.478060       0.479569       0.481124       0.482116       0.481900       0.479995       0.476322       0.471509       0.467314       0.467314
       0.467314       0.467314       0.471509       0.476322       0.479995       0.481900       0.482116       0.481124       0.479569       0.478060       0.477024       0.476666       0.476994       0.477898       0.479216       0.480789       0.482483       0.484198       0.485863       0.487435       0.488889       0.490213       0.491406       0.492472       0.493418       0.494253       0.494989       0.495634       0.496199       0.496692       0.497123       0.497499       0.497826       0.498110       0.498358       0.498573       0.498761       0.498923       0.499065       0.499188       0.499295       0.499387       0.499468       0.499538       0.499599       0.499651       0.499697       0.499737       0.499771       0.499801       0.499827       0.499850       0.499870       0.499887       0.499902       0.499915       0.499926       0.499935       0.499944       0.499951       0.499957       0.499963       0.499968       0.499972       0.499975       0.499979       0.499981       0.499984       0.499986       0.499987       0.499989       0.499990       0.499991       0.499992       0.499993       0.499993       0.499994       0.499994       0.499995       0.499995       0.499995       0.499995       0.499995       0.499994       0.499994       0.499993       0.499993       0.499992       0.499991       0.499990       0.499989       0.499987       0.499986       0.499984       0.499981       0.499979       0.499975       0.499972       0.499968       0.499963       0.499957       0.499951       0.499944       0.499935       0.499926       0.499915       0.499902       0.499887       0.499870       0.499850       0.499827       0.499801       0.499771       0.499737       0.499697       0.499651       0.499599       0.499538       0.499468       0.499387       0.499295       0.499188       0.499065       0.498923       0.498761       0.498573       0.498358       0.498110       0.497826       0.497499       0.497123       0.496692       0.496199       0.495634       0.494989       0.494253       0.493418       0.492472       0.491406       0.490213       0.488889       0.487435       0.485863       0.484198       0.482483       0.480789       0.479216       0.477898       0.476994       0.476666       0.477024       0.478060       0.479569       0.481124       0.482116       0.481900       0.479995       0.476322       0.471509       0.467314       0.467314
       0.467314       0.467314       0.471509       0.476322       0.479995       0.481900       0.482116       0.481124       0.479569       0.478060       0.477024       0.476666       0.476994       0.477898       0.479216       0.480789       0.482483       0.484198       0.485863       0.487435       0.488889       0.490213       0.491406       0.492472       0.493418       0.494253       0.494989       0.495634       0.496199       0.496692       0.497123       0.497498       0.497825       0.498110       0.498358       0.498573       0.498761       0.498923       0.499065       0.499188       0.499294       0.499387       0.499468       0.499538       0.499598       0.499651       0.499697       0.499737       0.499771       0.499801       0.499827       0.499850       0.499870       0.499887       0.499902       0.499914       0.499926       0.499935       0.499944       0.499951       0.499957       0.499963       0.499968       0.499972       0.499975       0.499979       0.499981       0.499984       0.499986       0.499987       0.499989       0.499990       0.499991       0.499992       0.499993       0.499993       0.499994       0.499994       0.499994       0.499995       0.499995       0.499995       0.499994       0.499994       0.499994       0.499993       0.499993       0.499992       0.499991       0.499990       0.499989       0.499987       0.499986       0.499984       0.499981       0.499979       0.499975       0.499972       0.499968       0.499963       0.499957       0.499951       0.499944       0.499935       0.499926       0.499914       0.499902       0.499887       0.499870       0.499850       0.499827       0.499801       0.499771       0.499737       0.499697       0.499651       0.499598       0.499538       0.499468       0.499387       0.499294       0.499188       0.499065       0.498923       0.498761       0.498573       0.498358       0.498110       0.497825       0.497498       0.497123       0.496692       0.496199       0.495634       0.494989       0.494253       0.493418       0.492472       0.491406       0.490213       0.488889       0.487435       0.485863       0.484198       0.482483       0.480789       0.479216       0.477898       0.476994       0.476666       0.477024       0.478060       0.479569       0.481124       0.482116       0.481900       0.479995       0.476322       0.471509       0.467314       0.467314
       0.467314       0.467314       0.471510       0.476323       0.479995       0.481900       0.482116       0.481124       0.479569       0.478060       0.477024       0.476666       0.476994       0.477897       0.479216       0.480789       0.482483       0.484198       0.485863       0.487435       0.488889       0.490213       0.491406       0.492471       0.493417       0.494253       0.494988       0.495634       0.496198       0.496692       0.497123       0.497498       0.497825       0.498110       0.498358       0.498573       0.498760       0.498923       0.499065       0.499187       0.499294       0.499387       0.499467       0.499537       0.499598       0.499651       0.499697       0.499737       0.499771       0.499801       0.499827       0.499850       0.499869       0.499887       0.499901       0.499914       0.499925       0.499935       0.499944       0.499951       0.499957       0.499963       0.499968       0.499972       0.499975       0.499978       0.499981       0.499983       0.499985       0.499987       0.499989       0.499990       0.499991       0.499992       0.499993       0.499993       0.499994       0.499994       0.499994       0.499995       0.499995       0.499995       0.499994       0.499994       0.499994       0.499993       0.499993       0.499992       0.499991       0.499990       0.499989       0.499987       0.499985       0.499983       0.499981       0.499978       0.499975       0.499972       0.499968       0.499963       0.499957       0.499951       0.499944       0.499935       0.499925       0.499914       0.499901       0.499887       0.499869       0.499850       0.499827       0.499801       0.499771       0.499737       0.499697       0.499651       0.499598       0.499537       0.499467       0.499387       0.499294       0.499187       0.499065       0.498923       0.498760       0.498573       0.498358       0.498110       0.497825       0.497498       0.497123       0.496692       0.496198       0.495634       0.494988       0.494253       0.493417       0.492471       0.491406       0.490213       0.488889       0.487435       0.485863       0.484198       0.482483       0.480789       0.479216       0.477897       0.476994       0.476666       0.477024       0.478060       0.479569       0.481124       0.482116       0.481900       0.479995       0.476323       0.471510       0.467314       0.467314
       0.467315       0.467315       0.471510       0.476323       0.479995       0.481900       0.482116       0.481124       0.479569       0.478060       0.477024       0.476666       0.476994       0.477897       0.479216       0.480789       0.482483       0.484198       0.485863       0.487435       0.488888       0.490213       0.491406       0.492471       0.493417       0.494253       0.494988       0.495633       0.496198       0.496692       0.497122       0.497498       0.497825       0.498110       0.498357       0.498573       0.498760       0.498923       0.499064       0.499187       0.499294       0.499387       0.499467       0.499537       0.499598       0.499651       0.499697       0.499736       0.499771       0.499801       0.499827       0.499850       0.499869       0.499886       0.499901       0.499914       0.499925       0.499935       0.499943       0.499951       0.499957       0.499963       0.499967       0.499972       0.499975       0.499978       0.499981       0.499983       0.499985       0.499987       0.499989       0.499990       0.499991       0.499992       0.499993       0.499993       0.499994       0.499994       0.499994       0.499994       0.499995       0.499994       0.499994       0.499994       0.499994       0.499993       0.499993       0.499992       0.499991       0.499990       0.499989       0.499987       0.499985       0.499983       0.499981       0.499978       0.499975       0.499972       0.499967       0.499963       0.499957       0.499951       0.499943       0.499935       0.499925       0.499914       0.499901       0.499886       0.499869       0.499850       0.499827       0.499801       0.499771       0.499736       0.499697       0.499651       0.499598       0.499537       0.499467       0.499387       0.499294       0.499187       0.499064       0.498923       0.498760       0.498573       0.498357       0.498110       0.497825       0.497498       0.497122       0.496692       0.496198       0.495633       0.494988       0.494253       0.493417       0.492471       0.491406       0.490213       0.488888       0.487435       0.485863       0.484198       0.482483       0.480789       0.479216       0.477897       0.476994       0.476666       0.477024       0.478060       0.479569       0.481124       0.482116       0.481900       0.479995       0.476323       0.471510       0.467315       0.467315
       0.467315       0.467315       0.471510       0.476323       0.479995       0.481900       0.482116       0.481124       0.479569       0.478060       0.477024       0.476666       0.476994       0.477897       0.479216       0.480789       0.482483       0.484198       0.485863       0.487435       0.488888       0.490212       0.491405       0.492471       0.493417       0.494253       0.494988       0.495633       0.496198       0.496691       0.497122       0.497498       0.497825       0.498109       0.498357       0.498573       0.498760       0.498923       0.499064       0.499187       0.499294       0.499386       0.499467       0.499537       0.499598       0.499650       0.499696       0.499736       0.499771       0.499801       0.499827       0.499849       0.499869       0.499886       0.499901       0.499914       0.499925       0.499935       0.499943       0.499951       0.499957       0.499962       0.499967       0.499971       0.499975       0.499978       0.499981       0.499983       0.499985       0.499987       0.499989       0.499990       0.499991       0.499992       0.499993       0.499993       0.499994       0.499994       0.499994       0.499994       0.499994       0.499994       0.499994       0.499994       0.499994       0.499993       0.499993       0.499992       0.499991       0.499990       0.499989       0.499987       0.499985       0.499983       0.499981       0.499978       0.499975       0.499971       0.499967       0.499962       0.499957       0.499951       0.499943       0.499935       0.499925       0.499914       0.499901       0.499886       0.499869       0.499849       0.499827       0.499801       0.499771       0.499736       0.499696       0.499650       0.499598       0.499537       0.499467       0.499386       0.499294       0.499187       0.499064       0.498923       0.498760       0.498573       0.498357       0.498109       0.497825       0.497498       0.497122       0.496691       0.496198       0.495633       0.494988       0.494253       0.493417       0.492471       0.491405       0.490212       0.488888       0.487435       0.485863       0.484198       0.482483       0.480789       0.479216       0.477897       0.476994       0.476666       0.477024       0.478060       0.479569       0.481124       0.482116       0.481900       0.479995       0.476323       0.471510       0.467315       0.467315
       0.467315       0.467315       0.471510       0.476323       0.479995       0.481900       0.482116       0.481124       0.479569       0.478060       0.477024       0.476666       0.476994       0.477897       0.479215       0.480789       0.482483       0.484198       0.485863       0.487435       0.488888       0.490212       0.491405       0.492471       0.493417       0.494252       0.494988       0.495633       0.496198       0.496691       0.497122       0.497497       0.497824       0.498109       0.498357       0.498572       0.498759       0.498922       0.499064       0.499187       0.499293       0.499386       0.499467       0.499537       0.499597       0.499650       0.499696       0.499736       0.499770       0.499800       0.499826       0.499849       0.499869       0.499886       0.499901       0.499914       0.499925       0.499935       0.499943       0.499950       0.499957       0.499962       0.499967       0.499971       0.499975       0.499978       0.499981       0.499983       0.499985       0.499987       0.499988       0.499990       0.499991       0.499992       0.499992       0.499993       0.499994       0.499994       0.499994       0.499994       0.499994       0.499994       0.499994       0.499994       0.499994       0.499993       0.499992       0.499992       0.499991       0.499990       0.499988       0.499987       0.499985       0.499983       0.499981       0.499978       0.499975       0.499971       0.499967       0.499962       0.499957       0.499950       0.499943       0.499935       0.499925       0.499914       0.499901       0.499886       0.499869       0.499849       0.499826       0.499800       0.499770       0.499736       0.499696       0.499650       0.499597       0.499537       0.499467       0.499386       0.499293       0.499187       0.499064       0.498922       0.498759       0.498572       0.498357       0.498109       0.497824       0.497497       0.497122       0.496691       0.496198       0.495633       0.494988       0.494252       0.493417       0.492471       0.491405       0.490212       0.488888       0.487435       0.485863       0.484198       0.482483       0.480789       0.479215       0.477897       0.476994       0.476666       0.477024       0.478060       0.479569       0.481124       0.482116       0.481900       0.479995       0.476323       0.471510       0.467315       0.467315
       0.467315       0.467315       0.471510       0.476323       0.479995       0.481900       0.482116       0.481124       0.479570       0.478060       0.477024       0.476666       0.476994       0.477897       0.479215       0.480789       0.482483       0.484198       0.485863       0.487434       0.488888       0.490212       0.491405       0.492471       0.493416       0.494252       0.494987       0.495632       0.496197       0.496691       0.497121       0.497497       0.497824       0.498109       0.498356       0.498572       0.498759       0.498922       0.499063       0.499186       0.499293       0.499386       0.499466       0.499536       0.499597       0.499650       0.499696       0.499735       0.499770       0.499800       0.499826       0.499849       0.499869       0.499886       0.499900       0.499913       0.499925       0.499934       0.499943       0.499950       0.499957       0.499962       0.499967       0.499971       0.499975       0.499978       0.499981       0.499983       0.499985       0.499987       0.499988       0.499990       0.499991       0.499992       0.499992       0.499993       0.499993       0.499994       0.499994       0.499994       0.499994       0.499994       0.499994       0.499994       0.499993       0.499993       0.499992       0.499992       0.499991       0.499990       0.499988       0.499987       0.499985       0.499983       0.499981       0.499978       0.499975       0.499971       0.499967       0.499962       0.499957       0.499950       0.499943       0.499934       0.499925       0.499913       0.499900       0.499886       0.499869       0.499849       0.499826       0.499800       0.499770       0.499735       0.499696       0.499650       0.499597       0.499536       0.499466       0.499386       0.499293       0.499186       0.499063       0.498922       0.498759       0.498572       0.498356       0.498109       0.497824       0.497497       0.497121       0.496691       0.496197       0.495632       0.494987       0.494252       0.493416       0.492471       0.491405       0.490212       0.488888       0.487434       0.485863       0.484198       0.482483       0.480789       0.479215       0.477897       0.476994       0.476666       0.477024       0.478060       0.479570       0.481124       0.482116       0.481900       0.479995       0.476323       0.471510       0.467315       0.467315
       0.467315       0.467315       0.471510       0.476323       0.479995       0.481900       0.482116       0.481124       0.479570       0.478060       0.477024       0.476666       0.476994       0.477897       0.479215       0.480788       0.482483       0.484197       0.485863       0.487434       0.488888       0.490212       0.491405       0.492470       0.493416       0.494252       0.494987       0.495632       0.496197       0.496690       0.497121       0.497496       0.497824       0.498108       0.498356       0.498571       0.498759       0.498921       0.499063       0.499186       0.499292       0.499385       0.499466       0.499536       0.499597       0.499649       0.499695       0.499735       0.499770       0.499800       0.499826       0.499848       0.499868       0.499885       0.499900       0.499913       0.499924       0.499934       0.499943       0.499950       0.499956       0.499962       0.499967       0.499971       0.499975       0.499978       0.499980       0.499983       0.499985       0.499987       0.499988       0.499989       0.499991       0.499991       0.499992       0.499993       0.499993       0.499994       0.499994       0.499994       0.499994       0.499994       0.499994       0.499994       0.499993       0.499993       0.499992       0.499991       0.499991       0.499989       0.499988       0.499987       0.499985       0.499983       0.499980       0.499978       0.499975       0.499971       0.499967       0.499962       0.499956       0.499950       0.499943       0.499934       0.499924       0.499913       0.499900       0.499885       0.499868       0.499848       0.499826       0.499800       0.499770       0.499735       0.499695       0.499649       0.499597       0.499536       0.499466       0.499385       0.499292       0.499186       0.499063       0.498921       0.498759       0.498571       0.498356       0.498108       0.497824       0.497496       0.497121       0.496690       0.496197       0.495632       0.494987       0.494252       0.493416       0.492470       0.491405       0.490212       0.488888       0.487434       0.485863       0.484197       0.482483       0.480788       0.479215       0.477897       0.476994       0.476666       0.477024       0.478060       0.479570       0.481124       0.482116       0.481900       0.479995       0.476323       0.471510       0.467315       0.467315
       0.467315       0.467315       0.471510       0.476323       0.479995       0.481901       0.482116       0.481124       0.479570       0.478060       0.477024       0.476666       0.476994       0.477897       0.479215       0.480788       0.482483       0.484197       0.485862       0.487434       0.488887       0.490211       0.491404       0.492470       0.493416       0.494251       0.494986       0.495631       0.496196       0.496690       0.497120       0.497496       0.497823       0.498108       0.498355       0.498571       0.498758       0.498921       0.499062       0.499185       0.499292       0.499385       0.499465       0.499535       0.499596       0.499649       0.499695       0.499735       0.499769       0.499799       0.499825       0.499848       0.499868       0.499885       0.499900       0.499913       0.499924       0.499934       0.499942       0.499950       0.499956       0.499962       0.499966       0.499971       0.499974       0.499977       0.499980       0.499983       0.499985       0.499986       0.499988       0.499989       0.499990       0.499991       0.499992       0.499993       0.499993       0.499994       0.499994       0.499994       0.499994       0.499994       0.499994       0.499994       0.499993       0.499993       0.499992       0.499991       0.499990       0.499989       0.499988       0.499986       0.499985       0.499983       0.499980       0.499977       0.499974       0.499971       0.499966       0.499962       0.499956       0.499950       0.499942       0.499934       0.499924       0.499913       0.499900       0.499885       0.499868       0.499848       0.499825       0.499799       0.499769       0.499735       0.499695       0.499649       0.499596       0.499535       0.499465       0.499385       0.499292       0.499185       0.499062       0.498921       0.498758       0.498571       0.498355       0.498108       0.497823       0.497496       0.497120       0.496690       0.496196       0.495631       0.494986       0.494251       0.493416       0.492470       0.491404       0.490211       0.488887       0.487434       0.485862       0.484197       0.482483       0.480788       0.479215       0.477897       0.476994       0.476666       0.477024       0.478060       0.479570       0.481124       0.482116       0.481901       0.479995       0.476323       0.471510       0.467315       0.467315
       0.467315       0.467315       0.471510       0.476323       0.479995       0.481901       0.482116       0.481124       0.479570       0.478060       0.477024       0.476666       0.476994       0.477897       0.479215       0.480788       0.482482       0.484197       0.485862       0.487434       0.488887       0.490211       0.491404       0.492469       0.493415       0.494251       0.494986       0.495631       0.496196       0.496689       0.497120       0.497495       0.497822       0.498107       0.498355       0.498570       0.498757       0.498920       0.499062       0.499184       0.499291       0.499384       0.499465       0.499535       0.499595       0.499648       0.499694       0.499734       0.499769       0.499799       0.499825       0.499848       0.499867       0.499884       0.499899       0.499912       0.499924       0.499933       0.499942       0.499949       0.499956       0.499961       0.499966       0.499970       0.499974       0.499977       0.499980       0.499982       0.499984       0.499986       0.499988       0.499989       0.499990       0.499991       0.499992       0.499993       0.499993       0.499993       0.499994       0.499994       0.499994       0.499994       0.499994       0.499993       0.499993       0.499993       0.499992       0.499991       0.499990       0.499989       0.499988       0.499986       0.499984       0.499982       0.499980       0.499977       0.499974       0.499970       0.499966       0.499961       0.499956       0.499949       0.499942       0.499933       0.499924       0.499912       0.499899       0.499884       0.499867       0.499848       0.499825       0.499799       0.499769       0.499734       0.499694       0.499648       0.499595       0.499535       0.499465       0.499384       0.499291       0.499184       0.499062       0.498920       0.498757       0.498570       0.498355       0.498107       0.497822       0.497495       0.497120       0.496689       0.496196       0.495631       0.494986       0.494251       0.493415       0.492469       0.491404       0.490211       0.488887       0.487434       0.485862       0.484197       0.482482       0.480788       0.479215       0.477897       0.476994       0.476666       0.477024       0.478060       0.479570       0.481124       0.482116       0.481901       0.479995       0.476323       0.471510       0.467315       0.467315
       0.467315       0.467315       0.471510       0.476323       0.479996       0.481901       0.482116       0.481124       0.479570       0.478060       0.477024       0.476666       0.476994       0.477897       0.479215       0.480788       0.482482       0.484197       0.485862       0.487433       0.488886       0.490210       0.491403       0.492469       0.493415       0.494250       0.494985       0.495630       0.496195       0.496688       0.497119       0.497495       0.497822       0.498106       0.498354       0.498569       0.498757       0.498919       0.499061       0.499184       0.499290       0.499383       0.499464       0.499534       0.499595       0.499648       0.499693       0.499733       0.499768       0.499798       0.499824       0.499847       0.499867       0.499884       0.499899       0.499912       0.499923       0.499933       0.499941       0.499949       0.499955       0.499961       0.499966       0.499970       0.499974       0.499977       0.499980       0.499982       0.499984       0.499986       0.499988       0.499989       0.499990       0.499991       0.499992       0.499992       0.499993       0.499993       0.499993       0.499994       0.499994       0.499994       0.499993       0.499993       0.499993       0.499992       0.499992       0.499991       0.499990       0.499989       0.499988       0.499986       0.499984       0.499982       0.499980       0.499977       0.499974       0.499970       0.499966       0.499961       0.499955       0.499949       0.499941       0.499933       0.499923       0.499912       0.499899       0.499884       0.499867       0.499847       0.499824       0.499798       0.499768       0.499733       0.499693       0.499648       0.499595       0.499534       0.499464       0.499383       0.499290       0.499184       0.499061       0.498919       0.498757       0.498569       0.498354       0.498106       0.497822       0.497495       0.497119       0.496688       0.496195       0.495630       0.494985       0.494250       0.493415       0.492469       0.491403       0.490210       0.488886       0.487433       0.485862       0.484197       0.482482       0.480788       0.479215       0.477897       0.476994       0.476666       0.477024       0.478060       0.479570       0.481124       0.482116       0.481901       0.479996       0.476323       0.471510       0.467315       0.467315
       0.467316       0.467316       0.471511       0.476324       0.479996       0.481901       0.482116       0.481124       0.479570       0.478060       0.477024       0.476666       0.476994       0.477897       0.479215       0.480788       0.482482       0.484196       0.485861       0.487433       0.488886       0.490210       0.491403       0.492468       0.493414       0.494249       0.494984       0.495629       0.496194       0.496688       0.497118       0.497494       0.497821       0.498105       0.498353       0.498568       0.498756       0.498918       0.499060       0.499183       0.499290       0.499382       0.499463       0.499533       0.499594       0.499647       0.499693       0.499733       0.499767       0.499797       0.499824       0.499846       0.499866       0.499883       0.499898       0.499911       0.499923       0.499932       0.499941       0.499948       0.499955       0.499961       0.499965       0.499970       0.499973       0.499977       0.499979       0.499982       0.499984       0.499986       0.499987       0.499989       0.499990       0.499991       0.499991       0.499992       0.499993       0.499993       0.499993       0.499993       0.499994       0.499993       0.499993       0.499993       0.499993       0.499992       0.499991       0.499991       0.499990       0.499989       0.499987       0.499986       0.499984       0.499982       0.499979       0.499977       0.499973       0.499970       0.499965       0.499961       0.499955       0.499948       0.499941       0.499932       0.499923       0.499911       0.499898       0.499883       0.499866       0.499846       0.499824       0.499797       0.499767       0.499733       0.499693       0.499647       0.499594       0.499533       0.499463       0.499382       0.499290       0.499183       0.499060       0.498918       0.498756       0.498568       0.498353       0.498105       0.497821       0.497494       0.497118       0.496688       0.496194       0.495629       0.494984       0.494249       0.493414       0.492468       0.491403       0.490210       0.488886       0.487433       0.485861       0.484196       0.482482       0.480788       0.479215       0.477897       0.476994       0.476666       0.477024       0.478060       0.479570       0.481124       0.482116       0.481901       0.479996       0.476324       0.471511       0.467316       0.467316
       0.467316       0.467316       0.471511       0.476324       0.479996       0.481901       0.482116       0.481124       0.479570       0.478060       0.477024       0.476665       0.476994       0.477897       0.479214       0.480787       0.482481       0.484196       0.485861       0.487432       0.488885       0.490209       0.491402       0.492467       0.493413       0.494248       0.494983       0.495628       0.496193       0.496687       0.497117       0.497493       0.497820       0.498104       0.498352       0.498567       0.498755       0.498917       0.499059       0.499182       0.499289       0.499381       0.499462       0.499532       0.499593       0.499646       0.499692       0.499732       0.499766       0.499797       0.499823       0.499846       0.499865       0.499883       0.499898       0.499911       0.499922       0.499932       0.499940       0.499948       0.499954       0.499960       0.499965       0.499969       0.499973       0.499976       0.499979       0.499981       0.499984       0.499985       0.499987       0.499988       0.499989       0.499990       0.499991       0.499992       0.499992       0.499993       0.499993       0.499993       0.499993       0.499993       0.499993       0.499993       0.499992       0.499992       0.499991       0.499990       0.499989       0.499988       0.499987       0.499985       0.499984       0.499981       0.499979       0.499976       0.499973       0.499969       0.499965       0.499960       0.499954       0.499948       0.499940       0.499932       0.499922       0.499911       0.499898       0.499883       0.499865       0.499846       0.499823       0.499797       0.499766       0.499732       0.499692       0.499646       0.499593       0.499532       0.499462       0.499381       0.499289       0.499182       0.499059       0.498917       0.498755       0.498567       0.498352       0.498104       0.497820       0.497493       0.497117       0.496687       0.496193       0.495628       0.494983       0.494248       0.493413       0.492467       0.491402       0.490209       0.488885       0.487432       0.485861       0.484196       0.482481       0.480787       0.479214       0.477897       0.476994       0.476665       0.477024       0.478060       0.479570       0.481124       0.482116       0.481901       0.479996       0.476324       0.471511       0.467316       0.467316
       0.467316       0.467316       0.471511       0.476324       0.479996       0.481901       0.482117       0.481124       0.479570       0.478060       0.477024       0.476665       0.476993       0.477896       0.479214       0.480787       0.482481       0.484195       0.485860       0.487431       0.488885       0.490208       0.491401       0.492466       0.493412       0.494247       0.494982       0.495627       0.496192       0.496685       0.497116       0.497491       0.497818       0.498103       0.498351       0.498566       0.498753       0.498916       0.499058       0.499180       0.499287       0.499380       0.499461       0.499531       0.499592       0.499645       0.499691       0.499731       0.499765       0.499796       0.499822       0.499845       0.499865       0.499882       0.499897       0.499910       0.499921       0.499931       0.499940       0.499947       0.499954       0.499960       0.499964       0.499969       0.499973       0.499976       0.499979       0.499981       0.499983       0.499985       0.499987       0.499988       0.499989       0.499990       0.499991       0.499992       0.499992       0.499993       0.499993       0.499993       0.499993       0.499993       0.499993       0.499993       0.499992       0.499992       0.499991       0.499990       0.499989       0.499988       0.499987       0.499985       0.499983       0.499981       0.499979       0.499976       0.499973       0.499969       0.499964       0.499960       0.499954       0.499947       0.499940       0.499931       0.499921       0.499910       0.499897       0.499882       0.499865       0.499845       0.499822       0.499796       0.499765       0.499731       0.499691       0.499645       0.499592       0.499531       0.499461       0.499380       0.499287       0.499180       0.499058       0.498916       0.498753       0.498566       0.498351       0.498103       0.497818       0.497491       0.497116       0.496685       0.496192       0.495627       0.494982       0.494247       0.493412       0.492466       0.491401       0.490208       0.488885       0.487431       0.485860       0.484195       0.482481       0.480787       0.479214       0.477896       0.476993       0.476665       0.477024       0.478060       0.479570       0.481124       0.482117       0.481901       0.479996       0.476324       0.471511       0.467316       0.467316
       0.467316       0.467316       0.471511       0.476324       0.479996       0.481901       0.482117       0.481124       0.479570       0.478060       0.477024       0.476665       0.476993       0.477896       0.479214       0.480787       0.482480       0.484195       0.485859       0.487431       0.488884       0.490207       0.491400       0.492465       0.493411       0.494246       0.494981       0.495626       0.496191       0.496684       0.497115       0.497490       0.497817       0.498102       0.498349       0.498565       0.498752       0.498915       0.499056       0.499179       0.499286       0.499379       0.499459       0.499530       0.499590       0.499643       0.499689       0.499729       0.499764       0.499794       0.499821       0.499844       0.499864       0.499881       0.499896       0.499909       0.499920       0.499930       0.499939       0.499947       0.499953       0.499959       0.499964       0.499968       0.499972       0.499975       0.499978       0.499981       0.499983       0.499985       0.499986       0.499988       0.499989       0.499990       0.499991       0.499991       0.499992       0.499992       0.499993       0.499993       0.499993       0.499993       0.499993       0.499992       0.499992       0.499991       0.499991       0.499990       0.499989       0.499988       0.499986       0.499985       0.499983       0.499981       0.499978       0.499975       0.499972       0.499968       0.499964       0.499959       0.499953       0.499947       0.499939       0.499930       0.499920       0.499909       0.499896       0.499881       0.499864       0.499844       0.499821       0.499794       0.499764       0.499729       0.499689       0.499643       0.499590       0.499530       0.499459       0.499379       0.499286       0.499179       0.499056       0.498915       0.498752       0.498565       0.498349       0.498102       0.497817       0.497490       0.497115       0.496684       0.496191       0.495626       0.494981       0.494246       0.493411       0.492465       0.491400       0.490207       0.488884       0.487431       0.485859       0.484195       0.482480       0.480787       0.479214       0.477896       0.476993       0.476665       0.477024       0.478060       0.479570       0.481124       0.482117       0.481901       0.479996       0.476324       0.471511       0.467316       0.467316
       0.467316       0.467316       0.471511       0.476324       0.479996       0.481901       0.482117       0.481124       0.479570       0.478060       0.477024       0.476665       0.476993       0.477896       0.479213       0.480786       0.482480       0.484194       0.485859       0.487430       0.488883       0.490206       0.491399       0.492464       0.493410       0.494245       0.494980       0.495625       0.496189       0.496682       0.497113       0.497488       0.497815       0.498100       0.498347       0.498563       0.498750       0.498913       0.499054       0.499177       0.499284       0.499377       0.499458       0.499528       0.499589       0.499642       0.499688       0.499728       0.499763       0.499793       0.499820       0.499842       0.499862       0.499880       0.499895       0.499908       0.499919       0.499929       0.499938       0.499946       0.499952       0.499958       0.499963       0.499968       0.499971       0.499975       0.499978       0.499980       0.499982       0.499984       0.499986       0.499987       0.499988       0.499989       0.499990       0.499991       0.499991       0.499992       0.499992       0.499992       0.499992       0.499992       0.499992       0.499992       0.499991       0.499991       0.499990       0.499989       0.499988       0.499987       0.499986       0.499984       0.499982       0.499980       0.499978       0.499975       0.499971       0.499968       0.499963       0.499958       0.499952       0.499946       0.499938       0.499929       0.499919       0.499908       0.499895       0.499880       0.499862       0.499842       0.499820       0.499793       0.499763       0.499728       0.499688       0.499642       0.499589       0.499528       0.499458       0.499377       0.499284       0.499177       0.499054       0.498913       0.498750       0.498563       0.498347       0.498100       0.497815       0.497488       0.497113       0.496682       0.496189       0.495625       0.494980       0.494245       0.493410       0.492464       0.491399       0.490206       0.488883       0.487430       0.485859       0.484194       0.482480       0.480786       0.479213       0.477896       0.476993       0.476665       0.477024       0.478060       0.479570       0.481124       0.482117       0.481901       0.479996       0.476324       0.471511       0.467316       0.467316
       0.467317       0.467317       0.471512       0.476324       0.479997       0.481902       0.482117       0.481125       0.479570       0.478060       0.477024       0.476665       0.476993       0.477895       0.479213       0.480785       0.482479       0.484193       0.485858       0.487429       0.488882       0.490205       0.491397       0.492462       0.493408       0.494243       0.494978       0.495623       0.496187       0.496681       0.497111       0.497486       0.497813       0.498098       0.498345       0.498561       0.498748       0.498911       0.499052       0.499175       0.499282       0.499375       0.499456       0.499526       0.499587       0.499640       0.499686       0.499726       0.499761       0.499792       0.499818       0.499841       0.499861       0.499878       0.499894       0.499907       0.499918       0.499928       0.499937       0.499945       0.499951       0.499957       0.499962       0.499967       0.499971       0.499974       0.499977       0.499979       0.499982       0.499984       0.499985       0.499987       0.499988       0.499989       0.499990       0.499991       0.499991       0.499992       0.499992       0.499992       0.499992       0.499992       0.499992       0.499992       0.499991       0.499991       0.499990       0.499989       0.499988       0.499987       0.499985       0.499984       0.499982       0.499979       0.499977       0.499974       0.499971       0.499967       0.499962       0.499957       0.499951       0.499945       0.499937       0.499928       0.499918       0.499907       0.499894       0.499878       0.499861       0.499841       0.499818       0.499792       0.499761       0.499726       0.499686       0.499640       0.499587       0.499526       0.499456       0.499375       0.499282       0.499175       0.499052       0.498911       0.498748       0.498561       0.498345       0.498098       0.497813       0.497486       0.497111       0.496681       0.496187       0.495623       0.494978       0.494243       0.493408       0.492462       0.491397       0.490205       0.488882       0.487429       0.485858       0.484193       0.482479       0.480785       0.479213       0.477895       0.476993       0.476665       0.477024       0.478060       0.479570       0.481125       0.482117       0.481902       0.479997       0.476324       0.471512       0.467317       0.467317
       0.467317       0.467317       0.471512       0.476325       0.479997       0.481902       0.482117       0.481125       0.479570       0.478060       0.477023       0.476665       0.476992       0.477895       0.479212       0.480785       0.482478       0.484192       0.485856       0.487427       0.488880       0.490203       0.491396       0.492461       0.493406       0.494241       0.494976       0.495621       0.496185       0.496678       0.497109       0.497484       0.497811       0.498095       0.498343       0.498558       0.498746       0.498909       0.499050       0.499173       0.499280       0.499373       0.499454       0.499524       0.499585       0.499638       0.499684       0.499725       0.499759       0.499790       0.499816       0.499839       0.499859       0.499877       0.499892       0.499905       0.499917       0.499927       0.499936       0.499944       0.499950       0.499956       0.499961       0.499966       0.499970       0.499973       0.499976       0.499979       0.499981       0.499983       0.499985       0.499986       0.499987       0.499988       0.499989       0.499990       0.499991       0.499991       0.499991       0.499992       0.499992       0.499992       0.499991       0.499991       0.499991       0.499990       0.499989       0.499988       0.499987       0.499986       0.499985       0.499983       0.499981       0.499979       0.499976       0.499973       0.499970       0.499966       0.499961       0.499956       0.499950       0.499944       0.499936       0.499927       0.499917       0.499905       0.499892       0.499877       0.499859       0.499839       0.499816       0.499790       0.499759       0.499725       0.499684       0.499638       0.499585       0.499524       0.499454       0.499373       0.499280       0.499173       0.499050       0.498909       0.498746       0.498558       0.498343       0.498095       0.497811       0.497484       0.497109       0.496678       0.496185       0.495621       0.494976       0.494241       0.493406       0.492461       0.491396       0.490203       0.488880       0.487427       0.485856       0.484192       0.482478       0.480785       0.479212       0.477895       0.476992       0.476665       0.477023       0.478060       0.479570       0.481125       0.482117       0.481902       0.479997       0.476325       0.471512       0.467317       0.467317
       0.467317       0.467317       0.471512       0.476325       0.479997       0.481902       0.482117       0.481125       0.479570       0.478059       0.477023       0.476664       0.476992       0.477894       0.479211       0.480784       0.482477       0.484191       0.485855       0.487426       0.488878       0.490202       0.491394       0.492459       0.493404       0.494239       0.494974       0.495618       0.496182       0.496676       0.497106       0.497481       0.497808       0.498093       0.498340       0.498556       0.498743       0.498906       0.499047       0.499170       0.499277       0.499370       0.499451       0.499522       0.499583       0.499636       0.499682       0.499722       0.499757       0.499788       0.499814       0.499838       0.499858       0.499875       0.499891       0.499904       0.499916       0.499926       0.499935       0.499942       0.499949       0.499955       0.499960       0.499965       0.499969       0.499972       0.499975       0.499978       0.499980       0.499982       0.499984       0.499986       0.499987       0.499988       0.499989       0.499990       0.499990       0.499991       0.499991       0.499991       0.499991       0.499991       0.499991       0.499991       0.499990       0.499990       0.499989       0.499988       0.499987       0.499986       0.499984       0.499982       0.499980       0.499978       0.499975       0.499972       0.499969       0.499965       0.499960       0.499955       0.499949       0.499942       0.499935       0.499926       0.499916       0.499904       0.499891       0.499875       0.499858       0.499838       0.499814       0.499788       0.499757       0.499722       0.499682       0.499636       0.499583       0.499522       0.499451       0.499370       0.499277       0.499170       0.499047       0.498906       0.498743       0.498556       0.498340       0.498093       0.497808       0.497481       0.497106       0.496676       0.496182       0.495618       0.494974       0.494239       0.493404       0.492459       0.491394       0.490202       0.488878       0.487426       0.485855       0.484191       0.482477       0.480784       0.479211       0.477894       0.476992       0.476664       0.477023       0.478059       0.479570       0.481125       0.482117       0.481902       0.479997       0.476325       0.471512       0.467317       0.467317
       0.467318       0.467318       0.471513       0.476325       0.479997       0.481902       0.482117       0.481125       0.479570       0.478059       0.477023       0.476664       0.476991       0.477894       0.479211       0.480783       0.482476       0.484189       0.485853       0.487424       0.488876       0.490200       0.491391       0.492456       0.493401       0.494236       0.494971       0.495615       0.496180       0.496673       0.497103       0.497478       0.497805       0.498090       0.498337       0.498552       0.498740       0.498903       0.499044       0.499167       0.499274       0.499367       0.499448       0.499519       0.499580       0.499633       0.499679       0.499720       0.499755       0.499785       0.499812       0.499835       0.499856       0.499873       0.499889       0.499902       0.499914       0.499924       0.499933       0.499941       0.499948       0.499954       0.499959       0.499964       0.499968       0.499971       0.499974       0.499977       0.499979       0.499982       0.499983       0.499985       0.499986       0.499987       0.499988       0.499989       0.499990       0.499990       0.499990       0.499991       0.499991       0.499991       0.499990       0.499990       0.499990       0.499989       0.499988       0.499987       0.499986       0.499985       0.499983       0.499982       0.499979       0.499977       0.499974       0.499971       0.499968       0.499964       0.499959       0.499954       0.499948       0.499941       0.499933       0.499924       0.499914       0.499902       0.499889       0.499873       0.499856       0.499835       0.499812       0.499785       0.499755       0.499720       0.499679       0.499633       0.499580       0.499519       0.499448       0.499367       0.499274       0.499167       0.499044       0.498903       0.498740       0.498552       0.498337       0.498090       0.497805       0.497478       0.497103       0.496673       0.496180       0.495615       0.494971       0.494236       0.493401       0.492456       0.491391       0.490200       0.488876       0.487424       0.485853       0.484189       0.482476       0.480783       0.479211       0.477894       0.476991       0.476664       0.477023       0.478059       0.479570       0.481125       0.482117       0.481902       0.479997       0.476325       0.471513       0.467318       0.467318
       0.467318       0.467318       0.471513       0.476326       0.479998       0.481902       0.482117       0.481125       0.479570       0.478059       0.477023       0.476663       0.476991       0.477893       0.479210       0.480781       0.482474       0.484188       0.485852       0.487422       0.488874       0.490197       0.491389       0.492453       0.493398       0.494233       0.494967       0.495612       0.496176       0.496669       0.497099       0.497474       0.497801       0.498086       0.498333       0.498549       0.498736       0.498899       0.499041       0.499164       0.499271       0.499364       0.499445       0.499515       0.499577       0.499630       0.499676       0.499717       0.499752       0.499783       0.499809       0.499833       0.499853       0.499871       0.499886       0.499900       0.499912       0.499922       0.499931       0.499939       0.499946       0.499952       0.499958       0.499962       0.499967       0.499970       0.499973       0.499976       0.499978       0.499981       0.499982       0.499984       0.499985       0.499986       0.499987       0.499988       0.499989       0.499989       0.499990       0.499990       0.499990       0.499990       0.499990       0.499989       0.499989       0.499988       0.499987       0.499986       0.499985       0.499984       0.499982       0.499981       0.499978       0.499976       0.499973       0.499970       0.499967       0.499962       0.499958       0.499952       0.499946       0.499939       0.499931       0.499922       0.499912       0.499900       0.499886       0.499871       0.499853       0.499833       0.499809       0.499783       0.499752       0.499717       0.499676       0.499630       0.499577       0.499515       0.499445       0.499364       0.499271       0.499164       0.499041       0.498899       0.498736       0.498549       0.498333       0.498086       0.497801       0.497474       0.497099       0.496669       0.496176       0.495612       0.494967       0.494233       0.493398       0.492453       0.491389       0.490197       0.488874       0.487422       0.485852       0.484188       0.482474       0.480781       0.479210       0.477893       0.476991       0.476663       0.477023       0.478059       0.479570       0.481125       0.482117       0.481902       0.479998       0.476326       0.471513       0.467318       0.467318
       0.467318       0.467318       0.471513       0.476326       0.479998       0.481903       0.482118       0.481125       0.479570       0.478059       0.477022       0.476663       0.476990       0.477892       0.479208       0.480780       0.482473       0.484186       0.485849       0.487419       0.488871       0.490194       0.491386       0.492450       0.493395       0.494229       0.494964       0.495608       0.496172       0.496665       0.497095       0.497470       0.497797       0.498081       0.498329       0.498544       0.498732       0.498894       0.499036       0.499159       0.499267       0.499360       0.499441       0.499511       0.499573       0.499626       0.499673       0.499713       0.499749       0.499779       0.499806       0.499830       0.499850       0.499868       0.499884       0.499898       0.499910       0.499920       0.499929       0.499937       0.499944       0.499951       0.499956       0.499961       0.499965       0.499969       0.499972       0.499975       0.499977       0.499980       0.499981       0.499983       0.499984       0.499986       0.499987       0.499987       0.499988       0.499989       0.499989       0.499989       0.499989       0.499989       0.499989       0.499989       0.499988       0.499987       0.499987       0.499986       0.499984       0.499983       0.499981       0.499980       0.499977       0.499975       0.499972       0.499969       0.499965       0.499961       0.499956       0.499951       0.499944       0.499937       0.499929       0.499920       0.499910       0.499898       0.499884       0.499868       0.499850       0.499830       0.499806       0.499779       0.499749       0.499713       0.499673       0.499626       0.499573       0.499511       0.499441       0.499360       0.499267       0.499159       0.499036       0.498894       0.498732       0.498544       0.498329       0.498081       0.497797       0.497470       0.497095       0.496665       0.496172       0.495608       0.494964       0.494229       0.493395       0.492450       0.491386       0.490194       0.488871       0.487419       0.485849       0.484186       0.482473       0.480780       0.479208       0.477892       0.476990       0.476663       0.477022       0.478059       0.479570       0.481125       0.482118       0.481903       0.479998       0.476326       0.471513       0.467318       0.467318
       0.467319       0.467319       0.471514       0.476326       0.479998       0.481903       0.482118       0.481125       0.479570       0.478059       0.477022       0.476662       0.476989       0.477891       0.479207       0.480778       0.482471       0.484183       0.485847       0.487417       0.488868       0.490191       0.491382       0.492446       0.493391       0.494225       0.494959       0.495603       0.496167       0.496660       0.497090       0.497465       0.497792       0.498076       0.498324       0.498539       0.498726       0.498889       0.499031       0.499154       0.499262       0.499355       0.499436       0.499507       0.499568       0.499622       0.499668       0.499709       0.499745       0.499776       0.499803       0.499826       0.499847       0.499865       0.499881       0.499895       0.499907       0.499917       0.499927       0.499935       0.499942       0.499949       0.499954       0.499959       0.499963       0.499967       0.499971       0.499973       0.499976       0.499978       0.499980       0.499982       0.499983       0.499985       0.499986       0.499987       0.499987       0.499988       0.499988       0.499988       0.499988       0.499988       0.499988       0.499988       0.499987       0.499987       0.499986       0.499985       0.499983       0.499982       0.499980       0.499978       0.499976       0.499973       0.499971       0.499967       0.499963       0.499959       0.499954       0.499949       0.499942       0.499935       0.499927       0.499917       0.499907       0.499895       0.499881       0.499865       0.499847       0.499826       0.499803       0.499776       0.499745       0.499709       0.499668       0.499622       0.499568       0.499507       0.499436       0.499355       0.499262       0.499154       0.499031       0.498889       0.498726       0.498539       0.498324       0.498076       0.497792       0.497465       0.497090       0.496660       0.496167       0.495603       0.494959       0.494225       0.493391       0.492446       0.491382       0.490191       0.488868       0.487417       0.485847       0.484183       0.482471       0.480778       0.479207       0.477891       0.476989       0.476662       0.477022       0.478059       0.479570       0.481125       0.482118       0.481903       0.479998       0.476326       0.471514       0.467319       0.467319
       0.467319       0.467319       0.471514       0.476327       0.479999       0.481903       0.482118       0.481125       0.479569       0.478058       0.477021       0.476661       0.476988       0.477889       0.479205       0.480776       0.482468       0.484181       0.485844       0.487413       0.488864       0.490187       0.491378       0.492441       0.493386       0.494220       0.494954       0.495598       0.496161       0.496654       0.497084       0.497459       0.497786       0.498070       0.498318       0.498533       0.498720       0.498883       0.499025       0.499149       0.499256       0.499349       0.499431       0.499501       0.499563       0.499617       0.499664       0.499704       0.499740       0.499771       0.499798       0.499822       0.499843       0.499861       0.499877       0.499891       0.499904       0.499915       0.499924       0.499932       0.499940       0.499946       0.499952       0.499957       0.499962       0.499965       0.499969       0.499972       0.499975       0.499977       0.499979       0.499981       0.499982       0.499984       0.499985       0.499986       0.499986       0.499987       0.499987       0.499987       0.499988       0.499987       0.499987       0.499987       0.499986       0.499986       0.499985       0.499984       0.499982       0.499981       0.499979       0.499977       0.499975       0.499972       0.499969       0.499965       0.499962       0.499957       0.499952       0.499946       0.499940       0.499932       0.499924       0.499915       0.499904       0.499891       0.499877       0.499861       0.499843       0.499822       0.499798       0.499771       0.499740       0.499704       0.499664       0.499617       0.499563       0.499501       0.499431       0.499349       0.499256       0.499149       0.499025       0.498883       0.498720       0.498533       0.498318       0.498070       0.497786       0.497459       0.497084       0.496654       0.496161       0.495598       0.494954       0.494220       0.493386       0.492441       0.491378       0.490187       0.488864       0.487413       0.485844       0.484181       0.482468       0.480776       0.479205       0.477889       0.476988       0.476661       0.477021       0.478058       0.479569       0.481125       0.482118       0.481903       0.479999       0.476327       0.471514       0.467319       0.467319
       0.467320       0.467320       0.471515       0.476327       0.479999       0.481903       0.482118       0.481125       0.479569       0.478058       0.477021       0.476660       0.476987       0.477888       0.479203       0.480774       0.482465       0.484177       0.485840       0.487409       0.488860       0.490182       0.491372       0.492436       0.493380       0.494214       0.494948       0.495591       0.496155       0.496647       0.497077       0.497452       0.497779       0.498063       0.498311       0.498526       0.498713       0.498876       0.499018       0.499142       0.499249       0.499343       0.499424       0.499495       0.499557       0.499611       0.499658       0.499699       0.499735       0.499766       0.499794       0.499818       0.499839       0.499857       0.499873       0.499888       0.499900       0.499911       0.499921       0.499929       0.499937       0.499944       0.499950       0.499955       0.499959       0.499963       0.499967       0.499970       0.499973       0.499975       0.499977       0.499979       0.499981       0.499982       0.499983       0.499984       0.499985       0.499986       0.499986       0.499986       0.499986       0.499986       0.499986       0.499986       0.499985       0.499984       0.499983       0.499982       0.499981       0.499979       0.499977       0.499975       0.499973       0.499970       0.499967       0.499963       0.499959       0.499955       0.499950       0.499944       0.499937       0.499929       0.499921       0.499911       0.499900       0.499888       0.499873       0.499857       0.499839       0.499818       0.499794       0.499766       0.499735       0.499699       0.499658       0.499611       0.499557       0.499495       0.499424       0.499343       0.499249       0.499142       0.499018       0.498876       0.498713       0.498526       0.498311       0.498063       0.497779       0.497452       0.497077       0.496647       0.496155       0.495591       0.494948       0.494214       0.493380       0.492436       0.491372       0.490182       0.488860       0.487409       0.485840       0.484177       0.482465       0.480774       0.479203       0.477888       0.476987       0.476660       0.477021       0.478058       0.479569       0.481125       0.482118       0.481903       0.479999       0.476327       0.471515       0.467320       0.467320
       0.467321       0.467321       0.471515       0.476328       0.479999       0.481904       0.482118       0.481125       0.479569       0.478057       0.477020       0.476659       0.476985       0.477886       0.479201       0.480771       0.482462       0.484174       0.485836       0.487404       0.488855       0.490176       0.491366       0.492430       0.493373       0.494207       0.494940       0.495584       0.496147       0.496639       0.497069       0.497444       0.497770       0.498055       0.498302       0.498518       0.498705       0.498868       0.499010       0.499134       0.499241       0.499335       0.499417       0.499488       0.499550       0.499604       0.499651       0.499693       0.499729       0.499760       0.499788       0.499812       0.499834       0.499852       0.499869       0.499883       0.499896       0.499907       0.499917       0.499926       0.499934       0.499941       0.499947       0.499952       0.499957       0.499961       0.499965       0.499968       0.499971       0.499974       0.499976       0.499978       0.499979       0.499981       0.499982       0.499983       0.499984       0.499985       0.499985       0.499985       0.499985       0.499985       0.499985       0.499985       0.499984       0.499983       0.499982       0.499981       0.499979       0.499978       0.499976       0.499974       0.499971       0.499968       0.499965       0.499961       0.499957       0.499952       0.499947       0.499941       0.499934       0.499926       0.499917       0.499907       0.499896       0.499883       0.499869       0.499852       0.499834       0.499812       0.499788       0.499760       0.499729       0.499693       0.499651       0.499604       0.499550       0.499488       0.499417       0.499335       0.499241       0.499134       0.499010       0.498868       0.498705       0.498518       0.498302       0.498055       0.497770       0.497444       0.497069       0.496639       0.496147       0.495584       0.494940       0.494207       0.493373       0.492430       0.491366       0.490176       0.488855       0.487404       0.485836       0.484174       0.482462       0.480771       0.479201       0.477886       0.476985       0.476659       0.477020       0.478057       0.479569       0.481125       0.482118       0.481904       0.479999       0.476328       0.471515       0.467321       0.467321
       0.467321       0.467321       0.471516       0.476328       0.480000       0.481904       0.482118       0.481125       0.479569       0.478057       0.477019       0.476658       0.476983       0.477883       0.479198       0.480767       0.482458       0.484169       0.485831       0.487399       0.488849       0.490170       0.491359       0.492422       0.493366       0.494199       0.494932       0.495575       0.496138       0.496630       0.497060       0.497434       0.497761       0.498045       0.498292       0.498508       0.498695       0.498859       0.499001       0.499124       0.499232       0.499326       0.499408       0.499479       0.499541       0.499596       0.499643       0.499685       0.499721       0.499753       0.499781       0.499806       0.499828       0.499847       0.499863       0.499878       0.499891       0.499903       0.499913       0.499922       0.499930       0.499937       0.499943       0.499949       0.499954       0.499958       0.499962       0.499966       0.499969       0.499971       0.499974       0.499976       0.499978       0.499979       0.499981       0.499982       0.499982       0.499983       0.499984       0.499984       0.499984       0.499984       0.499984       0.499983       0.499982       0.499982       0.499981       0.499979       0.499978       0.499976       0.499974       0.499971       0.499969       0.499966       0.499962       0.499958       0.499954       0.499949       0.499943       0.499937       0.499930       0.499922       0.499913       0.499903       0.499891       0.499878       0.499863       0.499847       0.499828       0.499806       0.499781       0.499753       0.499721       0.499685       0.499643       0.499596       0.499541       0.499479       0.499408       0.499326       0.499232       0.499124       0.499001       0.498859       0.498695       0.498508       0.498292       0.498045       0.497761       0.497434       0.497060       0.496630       0.496138       0.495575       0.494932       0.494199       0.493366       0.492422       0.491359       0.490170       0.488849       0.487399       0.485831       0.484169       0.482458       0.480767       0.479198       0.477883       0.476983       0.476658       0.477019       0.478057       0.479569       0.481125       0.482118       0.481904       0.480000       0.476328       0.471516       0.467321       0.467321
       0.467322       0.467322       0.471517       0.476329       0.480000       0.481904       0.482118       0.481124       0.479568       0.478056       0.477018       0.476656       0.476981       0.477880       0.479194       0.480763       0.482454       0.484164       0.485825       0.487392       0.488842       0.490162       0.491351       0.492413       0.493356       0.494189       0.494922       0.495565       0.496127       0.496619       0.497049       0.497423       0.497749       0.498034       0.498281       0.498497       0.498684       0.498847       0.498990       0.499113       0.499221       0.499316       0.499398       0.499469       0.499532       0.499587       0.499634       0.499676       0.499713       0.499745       0.499774       0.499799       0.499821       0.499840       0.499857       0.499872       0.499886       0.499897       0.499908       0.499917       0.499926       0.499933       0.499940       0.499945       0.499951       0.499955       0.499959       0.499963       0.499966       0.499969       0.499972       0.499974       0.499976       0.499977       0.499979       0.499980       0.499981       0.499982       0.499982       0.499982       0.499982       0.499982       0.499982       0.499982       0.499981       0.499980       0.499979       0.499977       0.499976       0.499974       0.499972       0.499969       0.499966       0.499963       0.499959       0.499955       0.499951       0.499945       0.499940       0.499933       0.499926       0.499917       0.499908       0.499897       0.499886       0.499872       0.499857       0.499840       0.499821       0.499799       0.499774       0.499745       0.499713       0.499676       0.499634       0.499587       0.499532       0.499469       0.499398       0.499316       0.499221       0.499113       0.498990       0.498847       0.498684       0.498497       0.498281       0.498034       0.497749       0.497423       0.497049       0.496619       0.496127       0.495565       0.494922       0.494189       0.493356       0.492413       0.491351       0.490162       0.488842       0.487392       0.485825       0.484164       0.482454       0.480763       0.479194       0.477880       0.476981       0.476656       0.477018       0.478056       0.479568       0.481124       0.482118       0.481904       0.480000       0.476329       0.471517       0.467322       0.467322
       0.467323       0.467323       0.471517       0.476329       0.480001       0.481904       0.482118       0.481124       0.479568       0.478055       0.477016       0.476654       0.476978       0.477877       0.479191       0.480759       0.482448       0.484158       0.485818       0.487385       0.488833       0.490153       0.491342       0.492403       0.493346       0.494178       0.494910       0.495553       0.496115       0.496607       0.497036       0.497410       0.497736       0.498020       0.498268       0.498483       0.498671       0.498834       0.498977       0.499101       0.499209       0.499303       0.499386       0.499458       0.499521       0.499576       0.499624       0.499666       0.499703       0.499736       0.499765       0.499790       0.499813       0.499832       0.499850       0.499865       0.499879       0.499891       0.499902       0.499912       0.499921       0.499928       0.499935       0.499941       0.499947       0.499952       0.499956       0.499960       0.499963       0.499966       0.499969       0.499972       0.499974       0.499975       0.499977       0.499978       0.499979       0.499980       0.499980       0.499981       0.499981       0.499981       0.499980       0.499980       0.499979       0.499978       0.499977       0.499975       0.499974       0.499972       0.499969       0.499966       0.499963       0.499960       0.499956       0.499952       0.499947       0.499941       0.499935       0.499928       0.499921       0.499912       0.499902       0.499891       0.499879       0.499865       0.499850       0.499832       0.499813       0.499790       0.499765       0.499736       0.499703       0.499666       0.499624       0.499576       0.499521       0.499458       0.499386       0.499303       0.499209       0.499101       0.498977       0.498834       0.498671       0.498483       0.498268       0.498020       0.497736       0.497410       0.497036       0.496607       0.496115       0.495553       0.494910       0.494178       0.493346       0.492403       0.491342       0.490153       0.488833       0.487385       0.485818       0.484158       0.482448       0.480759       0.479191       0.477877       0.476978       0.476654       0.477016       0.478055       0.479568       0.481124       0.482118       0.481904       0.480001       0.476329       0.471517       0.467323       0.467323
       0.467324       0.467324       0.471518       0.476330       0.480001       0.481905       0.482118       0.481124       0.479567       0.478054       0.477014       0.476652       0.476975       0.477873       0.479186       0.480753       0.482442       0.484150       0.485810       0.487376       0.488824       0.490142       0.491330       0.492391       0.493333       0.494165       0.494896       0.495538       0.496100       0.496592       0.497021       0.497395       0.497721       0.498005       0.498252       0.498468       0.498655       0.498819       0.498962       0.499086       0.499194       0.499289       0.499372       0.499444       0.499507       0.499563       0.499612       0.499654       0.499692       0.499725       0.499755       0.499780       0.499803       0.499823       0.499841       0.499857       0.499872       0.499884       0.499896       0.499906       0.499915       0.499923       0.499930       0.499937       0.499943       0.499948       0.499952       0.499956       0.499960       0.499963       0.499966       0.499969       0.499971       0.499973       0.499975       0.499976       0.499977       0.499978       0.499978       0.499979       0.499979       0.499979       0.499978       0.499978       0.499977       0.499976       0.499975       0.499973       0.499971       0.499969       0.499966       0.499963       0.499960       0.499956       0.499952       0.499948       0.499943       0.499937       0.499930       0.499923       0.499915       0.499906       0.499896       0.499884       0.499872       0.499857       0.499841       0.499823       0.499803       0.499780       0.499755       0.499725       0.499692       0.499654       0.499612       0.499563       0.499507       0.499444       0.499372       0.499289       0.499194       0.499086       0.498962       0.498819       0.498655       0.498468       0.498252       0.498005       0.497721       0.497395       0.497021       0.496592       0.496100       0.495538       0.494896       0.494165       0.493333       0.492391       0.491330       0.490142       0.488824       0.487376       0.485810       0.484150       0.482442       0.480753       0.479186       0.477873       0.476975       0.476652       0.477014       0.478054       0.479567       0.481124       0.482118       0.481905       0.480001       0.476330       0.471518       0.467324       0.467324
       0.467324       0.467324       0.471519       0.476331       0.480001       0.481905       0.482118       0.481123       0.479566       0.478052       0.477012       0.476649       0.476972       0.477869       0.479180       0.480747       0.482434       0.484142       0.485800       0.487365       0.488812       0.490130       0.491317       0.492377       0.493318       0.494149       0.494880       0.495522       0.496083       0.496574       0.497003       0.497377       0.497703       0.497987       0.498234       0.498450       0.498637       0.498801       0.498944       0.499068       0.499177       0.499272       0.499356       0.499428       0.499492       0.499548       0.499597       0.499641       0.499679       0.499713       0.499743       0.499769       0.499792       0.499813       0.499832       0.499848       0.499863       0.499876       0.499888       0.499899       0.499908       0.499917       0.499924       0.499931       0.499938       0.499943       0.499948       0.499953       0.499956       0.499960       0.499963       0.499966       0.499968       0.499970       0.499972       0.499973       0.499975       0.499976       0.499976       0.499977       0.499977       0.499977       0.499976       0.499976       0.499975       0.499973       0.499972       0.499970       0.499968       0.499966       0.499963       0.499960       0.499956       0.499953       0.499948       0.499943       0.499938       0.499931       0.499924       0.499917       0.499908       0.499899       0.499888       0.499876       0.499863       0.499848       0.499832       0.499813       0.499792       0.499769       0.499743       0.499713       0.499679       0.499641       0.499597       0.499548       0.499492       0.499428       0.499356       0.499272       0.499177       0.499068       0.498944       0.498801       0.498637       0.498450       0.498234       0.497987       0.497703       0.497377       0.497003       0.496574       0.496083       0.495522       0.494880       0.494149       0.493318       0.492377       0.491317       0.490130       0.488812       0.487365       0.485800       0.484142       0.482434       0.480747       0.479180       0.477869       0.476972       0.476649       0.477012       0.478052       0.479566       0.481123       0.482118       0.481905       0.480001       0.476331       0.471519       0.467324       0.467324
       0.467325       0.467325       0.471520       0.476331       0.480002       0.481905       0.482118       0.481123       0.479565       0.478051       0.477010       0.476646       0.476967       0.477864       0.479174       0.480739       0.482425       0.484132       0.485789       0.487353       0.488799       0.490115       0.491301       0.492361       0.493301       0.494131       0.494861       0.495502       0.496063       0.496554       0.496982       0.497356       0.497681       0.497965       0.498213       0.498428       0.498616       0.498780       0.498923       0.499048       0.499157       0.499253       0.499337       0.499410       0.499474       0.499531       0.499581       0.499625       0.499664       0.499698       0.499729       0.499756       0.499780       0.499801       0.499821       0.499838       0.499853       0.499867       0.499880       0.499891       0.499901       0.499910       0.499918       0.499925       0.499932       0.499938       0.499943       0.499948       0.499952       0.499956       0.499959       0.499962       0.499965       0.499967       0.499969       0.499971       0.499972       0.499973       0.499974       0.499974       0.499974       0.499974       0.499974       0.499973       0.499972       0.499971       0.499969       0.499967       0.499965       0.499962       0.499959       0.499956       0.499952       0.499948       0.499943       0.499938       0.499932       0.499925       0.499918       0.499910       0.499901       0.499891       0.499880       0.499867       0.499853       0.499838       0.499821       0.499801       0.499780       0.499756       0.499729       0.499698       0.499664       0.499625       0.499581       0.499531       0.499474       0.499410       0.499337       0.499253       0.499157       0.499048       0.498923       0.498780       0.498616       0.498428       0.498213       0.497965       0.497681       0.497356       0.496982       0.496554       0.496063       0.495502       0.494861       0.494131       0.493301       0.492361       0.491301       0.490115       0.488799       0.487353       0.485789       0.484132       0.482425       0.480739       0.479174       0.477864       0.476967       0.476646       0.477010       0.478051       0.479565       0.481123       0.482118       0.481905       0.480002       0.476331       0.471520       0.467325       0.467325
       0.467326       0.467326       0.471521       0.476332       0.480003       0.481905       0.482118       0.481122       0.479564       0.478049       0.477007       0.476642       0.476962       0.477857       0.479166       0.480730       0.482415       0.484120       0.485776       0.487338       0.488783       0.490098       0.491283       0.492341       0.493280       0.494110       0.494839       0.495479       0.496040       0.496530       0.496958       0.497331       0.497656       0.497940       0.498188       0.498403       0.498591       0.498756       0.498899       0.499024       0.499134       0.499230       0.499314       0.499389       0.499454       0.499511       0.499562       0.499606       0.499646       0.499681       0.499713       0.499741       0.499765       0.499788       0.499808       0.499826       0.499842       0.499856       0.499870       0.499881       0.499892       0.499902       0.499910       0.499918       0.499925       0.499932       0.499938       0.499943       0.499947       0.499952       0.499955       0.499959       0.499961       0.499964       0.499966       0.499968       0.499969       0.499970       0.499971       0.499971       0.499972       0.499971       0.499971       0.499970       0.499969       0.499968       0.499966       0.499964       0.499961       0.499959       0.499955       0.499952       0.499947       0.499943       0.499938       0.499932       0.499925       0.499918       0.499910       0.499902       0.499892       0.499881       0.499870       0.499856       0.499842       0.499826       0.499808       0.499788       0.499765       0.499741       0.499713       0.499681       0.499646       0.499606       0.499562       0.499511       0.499454       0.499389       0.499314       0.499230       0.499134       0.499024       0.498899       0.498756       0.498591       0.498403       0.498188       0.497940       0.497656       0.497331       0.496958       0.496530       0.496040       0.495479       0.494839       0.494110       0.493280       0.492341       0.491283       0.490098       0.488783       0.487338       0.485776       0.484120       0.482415       0.480730       0.479166       0.477857       0.476962       0.476642       0.477007       0.478049       0.479564       0.481122       0.482118       0.481905       0.480003       0.476332       0.471521       0.467326       0.467326
       0.467328       0.467328       0.471522       0.476333       0.480003       0.481905       0.482118       0.481121       0.479562       0.478046       0.477004       0.476637       0.476957       0.477850       0.479158       0.480720       0.482403       0.484106       0.485760       0.487321       0.488764       0.490078       0.491262       0.492319       0.493257       0.494085       0.494813       0.495453       0.496013       0.496502       0.496929       0.497302       0.497627       0.497911       0.498158       0.498374       0.498563       0.498727       0.498871       0.498997       0.499107       0.499204       0.499289       0.499364       0.499429       0.499488       0.499539       0.499585       0.499626       0.499662       0.499694       0.499723       0.499749       0.499772       0.499793       0.499812       0.499829       0.499844       0.499858       0.499871       0.499882       0.499892       0.499902       0.499910       0.499918       0.499925       0.499931       0.499937       0.499942       0.499947       0.499951       0.499954       0.499957       0.499960       0.499962       0.499964       0.499966       0.499967       0.499968       0.499968       0.499968       0.499968       0.499968       0.499967       0.499966       0.499964       0.499962       0.499960       0.499957       0.499954       0.499951       0.499947       0.499942       0.499937       0.499931       0.499925       0.499918       0.499910       0.499902       0.499892       0.499882       0.499871       0.499858       0.499844       0.499829       0.499812       0.499793       0.499772       0.499749       0.499723       0.499694       0.499662       0.499626       0.499585       0.499539       0.499488       0.499429       0.499364       0.499289       0.499204       0.499107       0.498997       0.498871       0.498727       0.498563       0.498374       0.498158       0.497911       0.497627       0.497302       0.496929       0.496502       0.496013       0.495453       0.494813       0.494085       0.493257       0.492319       0.491262       0.490078       0.488764       0.487321       0.485760       0.484106       0.482403       0.480720       0.479158       0.477850       0.476957       0.476637       0.477004       0.478046       0.479562       0.481121       0.482118       0.481905       0.480003       0.476333       0.471522       0.467328       0.467328
       0.467329       0.467329       0.471523       0.476334       0.480004       0.481906       0.482117       0.481120       0.479560       0.478043       0.477000       0.476632       0.476950       0.477841       0.479147       0.480708       0.482389       0.484090       0.485742       0.487301       0.488743       0.490055       0.491237       0.492292       0.493229       0.494056       0.494783       0.495421       0.495980       0.496469       0.496896       0.497268       0.497593       0.497877       0.498124       0.498340       0.498529       0.498694       0.498838       0.498964       0.499075       0.499173       0.499259       0.499334       0.499401       0.499461       0.499513       0.499560       0.499602       0.499639       0.499672       0.499702       0.499729       0.499754       0.499776       0.499796       0.499814       0.499830       0.499845       0.499858       0.499871       0.499882       0.499892       0.499901       0.499910       0.499917       0.499924       0.499930       0.499936       0.499941       0.499945       0.499949       0.499953       0.499956       0.499958       0.499960       0.499962       0.499963       0.499964       0.499965       0.499965       0.499965       0.499964       0.499963       0.499962       0.499960       0.499958       0.499956       0.499953       0.499949       0.499945       0.499941       0.499936       0.499930       0.499924       0.499917       0.499910       0.499901       0.499892       0.499882       0.499871       0.499858       0.499845       0.499830       0.499814       0.499796       0.499776       0.499754       0.499729       0.499702       0.499672       0.499639       0.499602       0.499560       0.499513       0.499461       0.499401       0.499334       0.499259       0.499173       0.499075       0.498964       0.498838       0.498694       0.498529       0.498340       0.498124       0.497877       0.497593       0.497268       0.496896       0.496469       0.495980       0.495421       0.494783       0.494056       0.493229       0.492292       0.491237       0.490055       0.488743       0.487301       0.485742       0.484090       0.482389       0.480708       0.479147       0.477841       0.476950       0.476632       0.477000       0.478043       0.479560       0.481120       0.482117       0.481906       0.480004       0.476334       0.471523       0.467329       0.467329
       0.467330       0.467330       0.471524       0.476335       0.480004       0.481906       0.482117       0.481119       0.479558       0.478040       0.476995       0.476625       0.476941       0.477831       0.479135       0.480693       0.482372       0.484071       0.485721       0.487278       0.488717       0.490027       0.491207       0.492261       0.493196       0.494021       0.494748       0.495385       0.495943       0.496431       0.496857       0.497229       0.497553       0.497837       0.498084       0.498300       0.498489       0.498655       0.498799       0.498927       0.499038       0.499137       0.499224       0.499300       0.499369       0.499429       0.499483       0.499531       0.499574       0.499613       0.499647       0.499679       0.499707       0.499733       0.499756       0.499777       0.499796       0.499814       0.499830       0.499844       0.499858       0.499870       0.499881       0.499891       0.499900       0.499908       0.499916       0.499923       0.499929       0.499934       0.499939       0.499944       0.499947       0.499951       0.499954       0.499956       0.499958       0.499959       0.499960       0.499961       0.499961       0.499961       0.499960       0.499959       0.499958       0.499956       0.499954       0.499951       0.499947       0.499944       0.499939       0.499934       0.499929       0.499923       0.499916       0.499908       0.499900       0.499891       0.499881       0.499870       0.499858       0.499844       0.499830       0.499814       0.499796       0.499777       0.499756       0.499733       0.499707       0.499679       0.499647       0.499613       0.499574       0.499531       0.499483       0.499429       0.499369       0.499300       0.499224       0.499137       0.499038       0.498927       0.498799       0.498655       0.498489       0.498300       0.498084       0.497837       0.497553       0.497229       0.496857       0.496431       0.495943       0.495385       0.494748       0.494021       0.493196       0.492261       0.491207       0.490027       0.488717       0.487278       0.485721       0.484071       0.482372       0.480693       0.479135       0.477831       0.476941       0.476625       0.476995       0.478040       0.479558       0.481119       0.482117       0.481906       0.480004       0.476335       0.471524       0.467330       0.467330
       0.467332       0.467332       0.471525       0.476336       0.480005       0.481906       0.482116       0.481117       0.479555       0.478036       0.476989       0.476618       0.476932       0.477819       0.479121       0.480676       0.482353       0.484049       0.485696       0.487251       0.488687       0.489995       0.491173       0.492225       0.493158       0.493981       0.494706       0.495342       0.495899       0.496386       0.496811       0.497182       0.497507       0.497790       0.498037       0.498254       0.498443       0.498609       0.498754       0.498882       0.498995       0.499095       0.499183       0.499261       0.499330       0.499392       0.499448       0.499497       0.499542       0.499582       0.499618       0.499651       0.499681       0.499708       0.499733       0.499756       0.499776       0.499795       0.499812       0.499828       0.499843       0.499856       0.499868       0.499879       0.499889       0.499898       0.499907       0.499914       0.499921       0.499927       0.499932       0.499937       0.499942       0.499945       0.499948       0.499951       0.499953       0.499955       0.499956       0.499957       0.499957       0.499957       0.499956       0.499955       0.499953       0.499951       0.499948       0.499945       0.499942       0.499937       0.499932       0.499927       0.499921       0.499914       0.499907       0.499898       0.499889       0.499879       0.499868       0.499856       0.499843       0.499828       0.499812       0.499795       0.499776       0.499756       0.499733       0.499708       0.499681       0.499651       0.499618       0.499582       0.499542       0.499497       0.499448       0.499392       0.499330       0.499261       0.499183       0.499095       0.498995       0.498882       0.498754       0.498609       0.498443       0.498254       0.498037       0.497790       0.497507       0.497182       0.496811       0.496386       0.495899       0.495342       0.494706       0.493981       0.493158       0.492225       0.491173       0.489995       0.488687       0.487251       0.485696       0.484049       0.482353       0.480676       0.479121       0.477819       0.476932       0.476618       0.476989       0.478036       0.479555       0.481117       0.482116       0.481906       0.480005       0.476336       0.471525       0.467332       0.467332
       0.467333       0.467333       0.471527       0.476337       0.480005       0.481906       0.482115       0.481116       0.479552       0.478031       0.476982       0.476609       0.476921       0.477805       0.479104       0.480656       0.482330       0.484023       0.485667       0.487219       0.488652       0.489958       0.491133       0.492182       0.493113       0.493934       0.494657       0.495291       0.495847       0.496333       0.496757       0.497128       0.497452       0.497735       0.497982       0.498199       0.498389       0.498555       0.498702       0.498831       0.498945       0.499046       0.499135       0.499215       0.499286       0.499349       0.499407       0.499458       0.499504       0.499547       0.499585       0.499619       0.499651       0.499680       0.499707       0.499731       0.499753       0.499773       0.499792       0.499809       0.499825       0.499840       0.499853       0.499865       0.499876       0.499887       0.499896       0.499904       0.499912       0.499919       0.499925       0.499930       0.499935       0.499939       0.499943       0.499946       0.499948       0.499950       0.499951       0.499952       0.499952       0.499952       0.499951       0.499950       0.499948       0.499946       0.499943       0.499939       0.499935       0.499930       0.499925       0.499919       0.499912       0.499904       0.499896       0.499887       0.499876       0.499865       0.499853       0.499840       0.499825       0.499809       0.499792       0.499773       0.499753       0.499731       0.499707       0.499680       0.499651       0.499619       0.499585       0.499547       0.499504       0.499458       0.499407       0.499349       0.499286       0.499215       0.499135       0.499046       0.498945       0.498831       0.498702       0.498555       0.498389       0.498199       0.497982       0.497735       0.497452       0.497128       0.496757       0.496333       0.495847       0.495291       0.494657       0.493934       0.493113       0.492182       0.491133       0.489958       0.488652       0.487219       0.485667       0.484023       0.482330       0.480656       0.479104       0.477805       0.476921       0.476609       0.476982       0.478031       0.479552       0.481116       0.482115       0.481906       0.480005       0.476337       0.471527       0.467333       0.467333
       0.467335       0.467335       0.471528       0.476338       0.480006       0.481905       0.482114       0.481113       0.479548       0.478025       0.476975       0.476599       0.476907       0.477789       0.479084       0.480633       0.482303       0.483993       0.485633       0.487181       0.488611       0.489914       0.491086       0.492132       0.493060       0.493879       0.494600       0.495232       0.495786       0.496271       0.496694       0.497064       0.497388       0.497671       0.497918       0.498135       0.498325       0.498493       0.498640       0.498771       0.498886       0.498988       0.499080       0.499161       0.499234       0.499300       0.499359       0.499413       0.499461       0.499505       0.499546       0.499583       0.499616       0.499648       0.499676       0.499702       0.499726       0.499749       0.499769       0.499788       0.499806       0.499822       0.499836       0.499850       0.499862       0.499874       0.499884       0.499893       0.499902       0.499909       0.499916       0.499922       0.499927       0.499932       0.499936       0.499939       0.499942       0.499944       0.499946       0.499946       0.499947       0.499946       0.499946       0.499944       0.499942       0.499939       0.499936       0.499932       0.499927       0.499922       0.499916       0.499909       0.499902       0.499893       0.499884       0.499874       0.499862       0.499850       0.499836       0.499822       0.499806       0.499788       0.499769       0.499749       0.499726       0.499702       0.499676       0.499648       0.499616       0.499583       0.499546       0.499505       0.499461       0.499413       0.499359       0.499300       0.499234       0.499161       0.499080       0.498988       0.498886       0.498771       0.498640       0.498493       0.498325       0.498135       0.497918       0.497671       0.497388       0.497064       0.496694       0.496271       0.495786       0.495232       0.494600       0.493879       0.493060       0.492132       0.491086       0.489914       0.488611       0.487181       0.485633       0.483993       0.482303       0.480633       0.479084       0.477789       0.476907       0.476599       0.476975       0.478025       0.479548       0.481113       0.482114       0.481905       0.480006       0.476338       0.471528       0.467335       0.467335
       0.467337       0.467337       0.471530       0.476339       0.480007       0.481905       0.482113       0.481110       0.479544       0.478019       0.476965       0.476586       0.476892       0.477770       0.479061       0.480606       0.482271       0.483957       0.485594       0.487137       0.488564       0.489862       0.491030       0.492073       0.492998       0.493815       0.494533       0.495163       0.495715       0.496198       0.496621       0.496990       0.497313       0.497595       0.497843       0.498060       0.498251       0.498420       0.498568       0.498700       0.498817       0.498922       0.499015       0.499098       0.499174       0.499242       0.499304       0.499360       0.499411       0.499458       0.499501       0.499540       0.499577       0.499610       0.499641       0.499670       0.499696       0.499720       0.499743       0.499764       0.499783       0.499801       0.499817       0.499832       0.499846       0.499859       0.499870       0.499881       0.499890       0.499899       0.499906       0.499913       0.499919       0.499924       0.499929       0.499932       0.499935       0.499938       0.499939       0.499940       0.499941       0.499940       0.499939       0.499938       0.499935       0.499932       0.499929       0.499924       0.499919       0.499913       0.499906       0.499899       0.499890       0.499881       0.499870       0.499859       0.499846       0.499832       0.499817       0.499801       0.499783       0.499764       0.499743       0.499720       0.499696       0.499670       0.499641       0.499610       0.499577       0.499540       0.499501       0.499458       0.499411       0.499360       0.499304       0.499242       0.499174       0.499098       0.499015       0.498922       0.498817       0.498700       0.498568       0.498420       0.498251       0.498060       0.497843       0.497595       0.497313       0.496990       0.496621       0.496198       0.495715       0.495163       0.494533       0.493815       0.492998       0.492073       0.491030       0.489862       0.488564       0.487137       0.485594       0.483957       0.482271       0.480606       0.479061       0.477770       0.476892       0.476586       0.476965       0.478019       0.479544       0.481110       0.482113       0.481905       0.480007       0.476339       0.471530       0.467337       0.467337
       0.467339       0.467339       0.471532       0.476341       0.480007       0.481905       0.482111       0.481107       0.479538       0.478011       0.476954       0.476572       0.476873       0.477747       0.479034       0.480574       0.482235       0.483915       0.485547       0.487086       0.488507       0.489801       0.490965       0.492005       0.492926       0.493739       0.494455       0.495082       0.495632       0.496113       0.496534       0.496902       0.497225       0.497507       0.497755       0.497973       0.498165       0.498334       0.498484       0.498618       0.498737       0.498843       0.498939       0.499025       0.499104       0.499175       0.499239       0.499298       0.499353       0.499403       0.499449       0.499491       0.499530       0.499567       0.499601       0.499632       0.499661       0.499688       0.499713       0.499736       0.499757       0.499777       0.499795       0.499812       0.499828       0.499842       0.499855       0.499866       0.499877       0.499887       0.499895       0.499903       0.499910       0.499915       0.499920       0.499925       0.499928       0.499931       0.499932       0.499934       0.499934       0.499934       0.499932       0.499931       0.499928       0.499925       0.499920       0.499915       0.499910       0.499903       0.499895       0.499887       0.499877       0.499866       0.499855       0.499842       0.499828       0.499812       0.499795       0.499777       0.499757       0.499736       0.499713       0.499688       0.499661       0.499632       0.499601       0.499567       0.499530       0.499491       0.499449       0.499403       0.499353       0.499298       0.499239       0.499175       0.499104       0.499025       0.498939       0.498843       0.498737       0.498618       0.498484       0.498334       0.498165       0.497973       0.497755       0.497507       0.497225       0.496902       0.496534       0.496113       0.495632       0.495082       0.494455       0.493739       0.492926       0.492005       0.490965       0.489801       0.488507       0.487086       0.485547       0.483915       0.482235       0.480574       0.479034       0.477747       0.476873       0.476572       0.476954       0.478011       0.479538       0.481107       0.482111       0.481905       0.480007       0.476341       0.471532       0.467339       0.467339
       0.467341       0.467341       0.471534       0.476342       0.480008       0.481904       0.482109       0.481103       0.479532       0.478001       0.476942       0.476555       0.476852       0.477721       0.479002       0.480537       0.482192       0.483866       0.485492       0.487025       0.488442       0.489730       0.490890       0.491924       0.492841       0.493651       0.494362       0.494987       0.495534       0.496013       0.496433       0.496800       0.497121       0.497404       0.497652       0.497870       0.498063       0.498234       0.498386       0.498522       0.498643       0.498752       0.498851       0.498940       0.499022       0.499096       0.499164       0.499227       0.499285       0.499339       0.499388       0.499434       0.499477       0.499517       0.499554       0.499588       0.499621       0.499650       0.499678       0.499704       0.499728       0.499750       0.499771       0.499789       0.499807       0.499823       0.499837       0.499850       0.499862       0.499873       0.499883       0.499892       0.499899       0.499906       0.499911       0.499916       0.499920       0.499923       0.499925       0.499926       0.499927       0.499926       0.499925       0.499923       0.499920       0.499916       0.499911       0.499906       0.499899       0.499892       0.499883       0.499873       0.499862       0.499850       0.499837       0.499823       0.499807       0.499789       0.499771       0.499750       0.499728       0.499704       0.499678       0.499650       0.499621       0.499588       0.499554       0.499517       0.499477       0.499434       0.499388       0.499339       0.499285       0.499227       0.499164       0.499096       0.499022       0.498940       0.498851       0.498752       0.498643       0.498522       0.498386       0.498234       0.498063       0.497870       0.497652       0.497404       0.497121       0.496800       0.496433       0.496013       0.495534       0.494987       0.494362       0.493651       0.492841       0.491924       0.490890       0.489730       0.488442       0.487025       0.485492       0.483866       0.482192       0.480537       0.479002       0.477721       0.476852       0.476555       0.476942       0.478001       0.479532       0.481103       0.482109       0.481904       0.480008       0.476342       0.471534       0.467341       0.467341
       0.467344       0.467344       0.471536       0.476344       0.480008       0.481903       0.482106       0.481098       0.479524       0.477991       0.476927       0.476536       0.476827       0.477690       0.478965       0.480493       0.482141       0.483809       0.485428       0.486955       0.488365       0.489647       0.490801       0.491830       0.492742       0.493547       0.494254       0.494876       0.495420       0.495896       0.496314       0.496679       0.497000       0.497282       0.497530       0.497750       0.497944       0.498117       0.498271       0.498409       0.498533       0.498646       0.498748       0.498841       0.498927       0.499005       0.499077       0.499144       0.499207       0.499264       0.499318       0.499369       0.499416       0.499459       0.499500       0.499539       0.499574       0.499608       0.499639       0.499668       0.499694       0.499719       0.499742       0.499764       0.499783       0.499801       0.499817       0.499832       0.499846       0.499858       0.499869       0.499879       0.499887       0.499895       0.499901       0.499906       0.499911       0.499914       0.499916       0.499918       0.499918       0.499918       0.499916       0.499914       0.499911       0.499906       0.499901       0.499895       0.499887       0.499879       0.499869       0.499858       0.499846       0.499832       0.499817       0.499801       0.499783       0.499764       0.499742       0.499719       0.499694       0.499668       0.499639       0.499608       0.499574       0.499539       0.499500       0.499459       0.499416       0.499369       0.499318       0.499264       0.499207       0.499144       0.499077       0.499005       0.498927       0.498841       0.498748       0.498646       0.498533       0.498409       0.498271       0.498117       0.497944       0.497750       0.497530       0.497282       0.497000       0.496679       0.496314       0.495896       0.495420       0.494876       0.494254       0.493547       0.492742       0.491830       0.490801       0.489647       0.488365       0.486955       0.485428       0.483809       0.482141       0.480493       0.478965       0.477690       0.476827       0.476536       0.476927       0.477991       0.479524       0.481098       0.482106       0.481903       0.480008       0.476344       0.471536       0.467344       0.467344
       0.467347       0.467347       0.471538       0.476345       0.480009       0.481902       0.482103       0.481092       0.479515       0.477978       0.476909       0.476513       0.476798       0.477654       0.478921       0.480442       0.482082       0.483742       0.485353       0.486872       0.488274       0.489550       0.490696       0.491719       0.492625       0.493425       0.494128       0.494745       0.495285       0.495759       0.496174       0.496538       0.496858       0.497140       0.497389       0.497609       0.497805       0.497979       0.498136       0.498277       0.498405       0.498522       0.498628       0.498726       0.498816       0.498899       0.498976       0.499048       0.499116       0.499179       0.499238       0.499293       0.499345       0.499393       0.499439       0.499481       0.499521       0.499559       0.499594       0.499626       0.499656       0.499684       0.499710       0.499734       0.499756       0.499777       0.499795       0.499812       0.499827       0.499841       0.499853       0.499864       0.499874       0.499882       0.499890       0.499896       0.499900       0.499904       0.499907       0.499908       0.499909       0.499908       0.499907       0.499904       0.499900       0.499896       0.499890       0.499882       0.499874       0.499864       0.499853       0.499841       0.499827       0.499812       0.499795       0.499777       0.499756       0.499734       0.499710       0.499684       0.499656       0.499626       0.499594       0.499559       0.499521       0.499481       0.499439       0.499393       0.499345       0.499293       0.499238       0.499179       0.499116       0.499048       0.498976       0.498899       0.498816       0.498726       0.498628       0.498522       0.498405       0.498277       0.498136       0.497979       0.497805       0.497609       0.497389       0.497140       0.496858       0.496538       0.496174       0.495759       0.495285       0.494745       0.494128       0.493425       0.492625       0.491719       0.490696       0.489550       0.488274       0.486872       0.485353       0.483742       0.482082       0.480442       0.478921       0.477654       0.476798       0.476513       0.476909       0.477978       0.479515       0.481092       0.482103       0.481902       0.480009       0.476345       0.471538       0.467347       0.467347
       0.467350       0.467350       0.471541       0.476347       0.480009       0.481901       0.482099       0.481086       0.479505       0.477963       0.476888       0.476486       0.476764       0.477612       0.478871       0.480382       0.482013       0.483664       0.485266       0.486775       0.488169       0.489435       0.490574       0.491589       0.492488       0.493281       0.493979       0.494591       0.495128       0.495598       0.496010       0.496373       0.496692       0.496973       0.497222       0.497444       0.497641       0.497819       0.497979       0.498124       0.498256       0.498377       0.498488       0.498591       0.498687       0.498776       0.498859       0.498937       0.499010       0.499079       0.499144       0.499205       0.499263       0.499317       0.499368       0.499416       0.499461       0.499503       0.499542       0.499578       0.499613       0.499644       0.499674       0.499701       0.499726       0.499749       0.499770       0.499789       0.499806       0.499822       0.499836       0.499848       0.499859       0.499869       0.499877       0.499884       0.499889       0.499893       0.499896       0.499898       0.499899       0.499898       0.499896       0.499893       0.499889       0.499884       0.499877       0.499869       0.499859       0.499848       0.499836       0.499822       0.499806       0.499789       0.499770       0.499749       0.499726       0.499701       0.499674       0.499644       0.499613       0.499578       0.499542       0.499503       0.499461       0.499416       0.499368       0.499317       0.499263       0.499205       0.499144       0.499079       0.499010       0.498937       0.498859       0.498776       0.498687       0.498591       0.498488       0.498377       0.498256       0.498124       0.497979       0.497819       0.497641       0.497444       0.497222       0.496973       0.496692       0.496373       0.496010       0.495598       0.495128       0.494591       0.493979       0.493281       0.492488       0.491589       0.490574       0.489435       0.488169       0.486775       0.485266       0.483664       0.482013       0.480382       0.478871       0.477612       0.476764       0.476486       0.476888       0.477963       0.479505       0.481086       0.482099       0.481901       0.480009       0.476347       0.471541       0.467350       0.467350
       0.467353       0.467353       0.471544       0.476349       0.480009       0.481899       0.482095       0.481078       0.479492       0.477945       0.476864       0.476454       0.476723       0.477562       0.478811       0.480312       0.481932       0.483572       0.485163       0.486662       0.488045       0.489301       0.490430       0.491437       0.492328       0.493113       0.493804       0.494411       0.494942       0.495409       0.495818       0.496178       0.496496       0.496777       0.497027       0.497250       0.497450       0.497630       0.497794       0.497943       0.498080       0.498207       0.498324       0.498434       0.498536       0.498632       0.498723       0.498808       0.498888       0.498964       0.499036       0.499104       0.499168       0.499229       0.499286       0.499340       0.499391       0.499438       0.499483       0.499524       0.499563       0.499599       0.499632       0.499663       0.499691       0.499718       0.499741       0.499763       0.499783       0.499800       0.499816       0.499830       0.499843       0.499854       0.499863       0.499870       0.499877       0.499881       0.499885       0.499887       0.499888       0.499887       0.499885       0.499881       0.499877       0.499870       0.499863       0.499854       0.499843       0.499830       0.499816       0.499800       0.499783       0.499763       0.499741       0.499718       0.499691       0.499663       0.499632       0.499599       0.499563       0.499524       0.499483       0.499438       0.499391       0.499340       0.499286       0.499229       0.499168       0.499104       0.499036       0.498964       0.498888       0.498808       0.498723       0.498632       0.498536       0.498434       0.498324       0.498207       0.498080       0.497943       0.497794       0.497630       0.497450       0.497250       0.497027       0.496777       0.496496       0.496178       0.495818       0.495409       0.494942       0.494411       0.493804       0.493113       0.492328       0.491437       0.490430       0.489301       0.488045       0.486662       0.485163       0.483572       0.481932       0.480312       0.478811       0.477562       0.476723       0.476454       0.476864       0.477945       0.479492       0.481078       0.482095       0.481899       0.480009       0.476349       0.471544       0.467353       0.467353
       0.467357       0.467357       0.471547       0.476351       0.480009       0.481897       0.482089       0.481068       0.479478       0.477924       0.476836       0.476417       0.476676       0.477504       0.478741       0.480230       0.481837       0.483464       0.485042       0.486528       0.487899       0.489144       0.490262       0.491258       0.492139       0.492916       0.493599       0.494199       0.494725       0.495186       0.495592       0.495950       0.496266       0.496547       0.496797       0.497022       0.497225       0.497409       0.497578       0.497732       0.497876       0.498009       0.498134       0.498251       0.498361       0.498465       0.498564       0.498658       0.498747       0.498831       0.498911       0.498988       0.499060       0.499128       0.499193       0.499254       0.499311       0.499365       0.499415       0.499463       0.499507       0.499547       0.499585       0.499620       0.499653       0.499682       0.499709       0.499734       0.499756       0.499776       0.499794       0.499810       0.499824       0.499837       0.499847       0.499856       0.499863       0.499868       0.499872       0.499874       0.499875       0.499874       0.499872       0.499868       0.499863       0.499856       0.499847       0.499837       0.499824       0.499810       0.499794       0.499776       0.499756       0.499734       0.499709       0.499682       0.499653       0.499620       0.499585       0.499547       0.499507       0.499463       0.499415       0.499365       0.499311       0.499254       0.499193       0.499128       0.499060       0.498988       0.498911       0.498831       0.498747       0.498658       0.498564       0.498465       0.498361       0.498251       0.498134       0.498009       0.497876       0.497732       0.497578       0.497409       0.497225       0.497022       0.496797       0.496547       0.496266       0.495950       0.495592       0.495186       0.494725       0.494199       0.493599       0.492916       0.492139       0.491258       0.490262       0.489144       0.487899       0.486528       0.485042       0.483464       0.481837       0.480230       0.478741       0.477504       0.476676       0.476417       0.476836       0.477924       0.479478       0.481068       0.482089       0.481897       0.480009       0.476351       0.471547       0.467357       0.467357
       0.467362       0.467362       0.471551       0.476353       0.480010       0.481894       0.482083       0.481057       0.479461       0.477900       0.476803       0.476374       0.476622       0.477437       0.478660       0.480134       0.481727       0.483338       0.484901       0.486372       0.487729       0.488960       0.490064       0.491048       0.491918       0.492684       0.493358       0.493950       0.494469       0.494925       0.495326       0.495681       0.495996       0.496276       0.496528       0.496755       0.496961       0.497150       0.497324       0.497486       0.497636       0.497777       0.497911       0.498037       0.498157       0.498271       0.498380       0.498484       0.498583       0.498677       0.498767       0.498853       0.498935       0.499012       0.499085       0.499154       0.499220       0.499281       0.499339       0.499392       0.499442       0.499489       0.499532       0.499572       0.499609       0.499642       0.499673       0.499701       0.499727       0.499749       0.499770       0.499788       0.499804       0.499818       0.499829       0.499839       0.499847       0.499853       0.499858       0.499860       0.499861       0.499860       0.499858       0.499853       0.499847       0.499839       0.499829       0.499818       0.499804       0.499788       0.499770       0.499749       0.499727       0.499701       0.499673       0.499642       0.499609       0.499572       0.499532       0.499489       0.499442       0.499392       0.499339       0.499281       0.499220       0.499154       0.499085       0.499012       0.498935       0.498853       0.498767       0.498677       0.498583       0.498484       0.498380       0.498271       0.498157       0.498037       0.497911       0.497777       0.497636       0.497486       0.497324       0.497150       0.496961       0.496755       0.496528       0.496276       0.495996       0.495681       0.495326       0.494925       0.494469       0.493950       0.493358       0.492684       0.491918       0.491048       0.490064       0.488960       0.487729       0.486372       0.484901       0.483338       0.481727       0.480134       0.478660       0.477437       0.476622       0.476374       0.476803       0.477900       0.479461       0.481057       0.482083       0.481894       0.480010       0.476353       0.471551       0.467362       0.467362
       0.467367       0.467367       0.471555       0.476355       0.480010       0.481891       0.482075       0.481044       0.479441       0.477871       0.476764       0.476323       0.476557       0.477357       0.478565       0.480022       0.481597       0.483191       0.484736       0.486190       0.487529       0.488743       0.489833       0.490801       0.491658       0.492412       0.493075       0.493657       0.494168       0.494617       0.495014       0.495365       0.495678       0.495959       0.496211       0.496441       0.496652       0.496846       0.497027       0.497196       0.497356       0.497507       0.497651       0.497788       0.497919       0.498045       0.498166       0.498282       0.498393       0.498499       0.498601       0.498698       0.498791       0.498879       0.498962       0.499041       0.499115       0.499185       0.499251       0.499312       0.499370       0.499423       0.499472       0.499517       0.499559       0.499598       0.499633       0.499665       0.499693       0.499719       0.499743       0.499763       0.499781       0.499797       0.499810       0.499821       0.499830       0.499837       0.499842       0.499845       0.499846       0.499845       0.499842       0.499837       0.499830       0.499821       0.499810       0.499797       0.499781       0.499763       0.499743       0.499719       0.499693       0.499665       0.499633       0.499598       0.499559       0.499517       0.499472       0.499423       0.499370       0.499312       0.499251       0.499185       0.499115       0.499041       0.498962       0.498879       0.498791       0.498698       0.498601       0.498499       0.498393       0.498282       0.498166       0.498045       0.497919       0.497788       0.497651       0.497507       0.497356       0.497196       0.497027       0.496846       0.496652       0.496441       0.496211       0.495959       0.495678       0.495365       0.495014       0.494617       0.494168       0.493657       0.493075       0.492412       0.491658       0.490801       0.489833       0.488743       0.487529       0.486190       0.484736       0.483191       0.481597       0.480022       0.478565       0.477357       0.476557       0.476323       0.476764       0.477871       0.479441       0.481044       0.482075       0.481891       0.480010       0.476355       0.471555       0.467367       0.467367
       0.467372       0.467372       0.471559       0.476358       0.480009       0.481887       0.482067       0.481029       0.479418       0.477838       0.476719       0.476264       0.476482       0.477265       0.478453       0.479890       0.481445       0.483018       0.484542       0.485975       0.487294       0.488489       0.489560       0.490512       0.491352       0.492092       0.492742       0.493312       0.493813       0.494255       0.494646       0.494994       0.495304       0.495585       0.495839       0.496073       0.496289       0.496490       0.496679       0.496857       0.497028       0.497190       0.497347       0.497497       0.497642       0.497782       0.497917       0.498047       0.498173       0.498293       0.498409       0.498519       0.498625       0.498725       0.498821       0.498911       0.498996       0.499076       0.499151       0.499221       0.499287       0.499348       0.499404       0.499456       0.499504       0.499547       0.499587       0.499624       0.499656       0.499686       0.499712       0.499735       0.499756       0.499774       0.499789       0.499801       0.499812       0.499819       0.499825       0.499828       0.499829       0.499828       0.499825       0.499819       0.499812       0.499801       0.499789       0.499774       0.499756       0.499735       0.499712       0.499686       0.499656       0.499624       0.499587       0.499547       0.499504       0.499456       0.499404       0.499348       0.499287       0.499221       0.499151       0.499076       0.498996       0.498911       0.498821       0.498725       0.498625       0.498519       0.498409       0.498293       0.498173       0.498047       0.497917       0.497782       0.497642       0.497497       0.497347       0.497190       0.497028       0.496857       0.496679       0.496490       0.496289       0.496073       0.495839       0.495585       0.495304       0.494994       0.494646       0.494255       0.493813       0.493312       0.492742       0.492092       0.491352       0.490512       0.489560       0.488489       0.487294       0.485975       0.484542       0.483018       0.481445       0.479890       0.478453       0.477265       0.476482       0.476264       0.476719       0.477838       0.479418       0.481029       0.482067       0.481887       0.480009       0.476358       0.471559       0.467372       0.467372
       0.467379       0.467379       0.471565       0.476361       0.480009       0.481882       0.482056       0.481011       0.479391       0.477799       0.476666       0.476195       0.476395       0.477157       0.478323       0.479737       0.481267       0.482815       0.484315       0.485724       0.487019       0.488191       0.489240       0.490171       0.490993       0.491715       0.492350       0.492907       0.493397       0.493829       0.494213       0.494556       0.494864       0.495145       0.495402       0.495639       0.495861       0.496071       0.496270       0.496460       0.496643       0.496820       0.496991       0.497158       0.497319       0.497476       0.497628       0.497775       0.497918       0.498055       0.498187       0.498313       0.498434       0.498549       0.498659       0.498762       0.498860       0.498952       0.499038       0.499118       0.499193       0.499263       0.499327       0.499386       0.499441       0.499491       0.499536       0.499578       0.499615       0.499648       0.499678       0.499705       0.499728       0.499748       0.499765       0.499779       0.499791       0.499800       0.499806       0.499810       0.499811       0.499810       0.499806       0.499800       0.499791       0.499779       0.499765       0.499748       0.499728       0.499705       0.499678       0.499648       0.499615       0.499578       0.499536       0.499491       0.499441       0.499386       0.499327       0.499263       0.499193       0.499118       0.499038       0.498952       0.498860       0.498762       0.498659       0.498549       0.498434       0.498313       0.498187       0.498055       0.497918       0.497775       0.497628       0.497476       0.497319       0.497158       0.496991       0.496820       0.496643       0.496460       0.496270       0.496071       0.495861       0.495639       0.495402       0.495145       0.494864       0.494556       0.494213       0.493829       0.493397       0.492907       0.492350       0.491715       0.490993       0.490171       0.489240       0.488191       0.487019       0.485724       0.484315       0.482815       0.481267       0.479737       0.478323       0.477157       0.476395       0.476195       0.476666       0.477799       0.479391       0.481011       0.482056       0.481882       0.480009       0.476361       0.471565       0.467379       0.467379
       0.467386       0.467386       0.471570       0.476364       0.480009       0.481877       0.482044       0.480990       0.479359       0.477754       0.476605       0.476114       0.476292       0.477030       0.478170       0.479557       0.481058       0.482578       0.484049       0.485429       0.486696       0.487841       0.488864       0.489771       0.490570       0.491272       0.491888       0.492429       0.492905       0.493327       0.493703       0.494040       0.494346       0.494627       0.494886       0.495129       0.495359       0.495579       0.495790       0.495994       0.496193       0.496387       0.496577       0.496762       0.496943       0.497120       0.497293       0.497460       0.497623       0.497780       0.497931       0.498076       0.498215       0.498347       0.498473       0.498592       0.498704       0.498810       0.498909       0.499001       0.499087       0.499167       0.499241       0.499308       0.499371       0.499428       0.499479       0.499526       0.499569       0.499607       0.499641       0.499671       0.499697       0.499720       0.499739       0.499755       0.499768       0.499778       0.499785       0.499790       0.499791       0.499790       0.499785       0.499778       0.499768       0.499755       0.499739       0.499720       0.499697       0.499671       0.499641       0.499607       0.499569       0.499526       0.499479       0.499428       0.499371       0.499308       0.499241       0.499167       0.499087       0.499001       0.498909       0.498810       0.498704       0.498592       0.498473       0.498347       0.498215       0.498076       0.497931       0.497780       0.497623       0.497460       0.497293       0.497120       0.496943       0.496762       0.496577       0.496387       0.496193       0.495994       0.495790       0.495579       0.495359       0.495129       0.494886       0.494627       0.494346       0.494040       0.493703       0.493327       0.492905       0.492429       0.491888       0.491272       0.490570       0.489771       0.488864       0.487841       0.486696       0.485429       0.484049       0.482578       0.481058       0.479557       0.478170       0.477030       0.476292       0.476114       0.476605       0.477754       0.479359       0.480990       0.482044       0.481877       0.480009       0.476364       0.471570       0.467386       0.467386
       0.467394       0.467394       0.471577       0.476368       0.480008       0.481870       0.482030       0.480966       0.479322       0.477701       0.476533       0.476020       0.476173       0.476882       0.477992       0.479346       0.480815       0.482300       0.483736       0.485083       0.486317       0.487430       0.488423       0.489300       0.490073       0.490750       0.491344       0.491866       0.492327       0.492735       0.493101       0.493433       0.493736       0.494016       0.494279       0.494529       0.494769       0.495000       0.495226       0.495448       0.495666       0.495880       0.496092       0.496300       0.496505       0.496706       0.496903       0.497095       0.497281       0.497462       0.497636       0.497803       0.497963       0.498116       0.498261       0.498398       0.498527       0.498649       0.498763       0.498869       0.498967       0.499059       0.499143       0.499221       0.499292       0.499357       0.499416       0.499469       0.499517       0.499561       0.499599       0.499633       0.499663       0.499688       0.499710       0.499729       0.499743       0.499755       0.499763       0.499767       0.499769       0.499767       0.499763       0.499755       0.499743       0.499729       0.499710       0.499688       0.499663       0.499633       0.499599       0.499561       0.499517       0.499469       0.499416       0.499357       0.499292       0.499221       0.499143       0.499059       0.498967       0.498869       0.498763       0.498649       0.498527       0.498398       0.498261       0.498116       0.497963       0.497803       0.497636       0.497462       0.497281       0.497095       0.496903       0.496706       0.496505       0.496300       0.496092       0.495880       0.495666       0.495448       0.495226       0.495000       0.494769       0.494529       0.494279       0.494016       0.493736       0.493433       0.493101       0.492735       0.492327       0.491866       0.491344       0.490750       0.490073       0.489300       0.488423       0.487430       0.486317       0.485083       0.483736       0.482300       0.480815       0.479346       0.477992       0.476882       0.476173       0.476020       0.476533       0.477701       0.479322       0.480966       0.482030       0.481870       0.480008       0.476368       0.471577       0.467394       0.467394
       0.467403       0.467403       0.471585       0.476372       0.480007       0.481862       0.482013       0.480937       0.479278       0.477639       0.476449       0.475910       0.476033       0.476709       0.477783       0.479100       0.480529       0.481974       0.483370       0.484677       0.485871       0.486947       0.487903       0.488746       0.489487       0.490135       0.490703       0.491203       0.491644       0.492037       0.492392       0.492716       0.493015       0.493296       0.493564       0.493822       0.494073       0.494320       0.494564       0.494807       0.495047       0.495287       0.495525       0.495761       0.495994       0.496224       0.496450       0.496671       0.496886       0.497095       0.497296       0.497489       0.497674       0.497851       0.498018       0.498177       0.498326       0.498466       0.498597       0.498719       0.498832       0.498937       0.499033       0.499122       0.499203       0.499277       0.499345       0.499405       0.499460       0.499509       0.499553       0.499591       0.499625       0.499654       0.499679       0.499699       0.499716       0.499729       0.499738       0.499743       0.499745       0.499743       0.499738       0.499729       0.499716       0.499699       0.499679       0.499654       0.499625       0.499591       0.499553       0.499509       0.499460       0.499405       0.499345       0.499277       0.499203       0.499122       0.499033       0.498937       0.498832       0.498719       0.498597       0.498466       0.498326       0.498177       0.498018       0.497851       0.497674       0.497489       0.497296       0.497095       0.496886       0.496671       0.496450       0.496224       0.495994       0.495761       0.495525       0.495287       0.495047       0.494807       0.494564       0.494320       0.494073       0.493822       0.493564       0.493296       0.493015       0.492716       0.492392       0.492037       0.491644       0.491203       0.490703       0.490135       0.489487       0.488746       0.487903       0.486947       0.485871       0.484677       0.483370       0.481974       0.480529       0.479100       0.477783       0.476709       0.476033       0.475910       0.476449       0.477639       0.479278       0.480937       0.482013       0.481862       0.480007       0.476372       0.471585       0.467403       0.467403
       0.467414       0.467414       0.471593       0.476377       0.480006       0.481853       0.481993       0.480904       0.479228       0.477567       0.476351       0.475781       0.475869       0.476507       0.477539       0.478811       0.480194       0.481593       0.482941       0.484200       0.485348       0.486378       0.487291       0.488094       0.488797       0.489410       0.489947       0.490420       0.490838       0.491213       0.491555       0.491869       0.492165       0.492447       0.492721       0.492989       0.493255       0.493520       0.493786       0.494054       0.494322       0.494592       0.494862       0.495132       0.495399       0.495664       0.495925       0.496180       0.496429       0.496671       0.496904       0.497129       0.497343       0.497547       0.497741       0.497924       0.498097       0.498258       0.498409       0.498549       0.498679       0.498800       0.498910       0.499012       0.499104       0.499189       0.499265       0.499335       0.499397       0.499452       0.499502       0.499545       0.499583       0.499616       0.499644       0.499667       0.499686       0.499701       0.499711       0.499717       0.499719       0.499717       0.499711       0.499701       0.499686       0.499667       0.499644       0.499616       0.499583       0.499545       0.499502       0.499452       0.499397       0.499335       0.499265       0.499189       0.499104       0.499012       0.498910       0.498800       0.498679       0.498549       0.498409       0.498258       0.498097       0.497924       0.497741       0.497547       0.497343       0.497129       0.496904       0.496671       0.496429       0.496180       0.495925       0.495664       0.495399       0.495132       0.494862       0.494592       0.494322       0.494054       0.493786       0.493520       0.493255       0.492989       0.492721       0.492447       0.492165       0.491869       0.491555       0.491213       0.490838       0.490420       0.489947       0.489410       0.488797       0.488094       0.487291       0.486378       0.485348       0.484200       0.482941       0.481593       0.480194       0.478811       0.477539       0.476507       0.475869       0.475781       0.476351       0.477567       0.479228       0.480904       0.481993       0.481853       0.480006       0.476377       0.471593       0.467414       0.467414
       0.467426       0.467426       0.471603       0.476382       0.480004       0.481842       0.481970       0.480865       0.479169       0.477483       0.476237       0.475631       0.475679       0.476271       0.477254       0.478474       0.479803       0.481145       0.482437       0.483640       0.484734       0.485710       0.486572       0.487326       0.487984       0.488556       0.489056       0.489496       0.489887       0.490240       0.490565       0.490870       0.491161       0.491445       0.491726       0.492007       0.492290       0.492579       0.492872       0.493170       0.493472       0.493779       0.494088       0.494397       0.494706       0.495013       0.495315       0.495612       0.495901       0.496182       0.496454       0.496714       0.496963       0.497201       0.497425       0.497637       0.497836       0.498023       0.498197       0.498358       0.498507       0.498645       0.498772       0.498888       0.498994       0.499090       0.499177       0.499256       0.499327       0.499390       0.499446       0.499495       0.499538       0.499575       0.499606       0.499633       0.499654       0.499670       0.499681       0.499688       0.499690       0.499688       0.499681       0.499670       0.499654       0.499633       0.499606       0.499575       0.499538       0.499495       0.499446       0.499390       0.499327       0.499256       0.499177       0.499090       0.498994       0.498888       0.498772       0.498645       0.498507       0.498358       0.498197       0.498023       0.497836       0.497637       0.497425       0.497201       0.496963       0.496714       0.496454       0.496182       0.495901       0.495612       0.495315       0.495013       0.494706       0.494397       0.494088       0.493779       0.493472       0.493170       0.492872       0.492579       0.492290       0.492007       0.491726       0.491445       0.491161       0.490870       0.490565       0.490240       0.489887       0.489496       0.489056       0.488556       0.487984       0.487326       0.486572       0.485710       0.484734       0.483640       0.482437       0.481145       0.479803       0.478474       0.477254       0.476271       0.475679       0.475631       0.476237       0.477483       0.479169       0.480865       0.481970       0.481842       0.480004       0.476382       0.471603       0.467426       0.467426
       0.467440       0.467440       0.471614       0.476388       0.480002       0.481829       0.481943       0.480820       0.479100       0.477385       0.476103       0.475456       0.475456       0.475995       0.476921       0.478079       0.479344       0.480621       0.481847       0.482983       0.484011       0.484925       0.485725       0.486422       0.487025       0.487548       0.488003       0.488404       0.488763       0.489091       0.489397       0.489689       0.489976       0.490262       0.490551       0.490848       0.491154       0.491470       0.491796       0.492131       0.492476       0.492826       0.493182       0.493540       0.493899       0.494256       0.494608       0.494954       0.495291       0.495619       0.495935       0.496239       0.496529       0.496804       0.497065       0.497311       0.497541       0.497756       0.497957       0.498143       0.498314       0.498472       0.498617       0.498750       0.498871       0.498981       0.499080       0.499169       0.499249       0.499321       0.499384       0.499439       0.499488       0.499530       0.499565       0.499595       0.499618       0.499636       0.499649       0.499657       0.499659       0.499657       0.499649       0.499636       0.499618       0.499595       0.499565       0.499530       0.499488       0.499439       0.499384       0.499321       0.499249       0.499169       0.499080       0.498981       0.498871       0.498750       0.498617       0.498472       0.498314       0.498143       0.497957       0.497756       0.497541       0.497311       0.497065       0.496804       0.496529       0.496239       0.495935       0.495619       0.495291       0.494954       0.494608       0.494256       0.493899       0.493540       0.493182       0.492826       0.492476       0.492131       0.491796       0.491470       0.491154       0.490848       0.490551       0.490262       0.489976       0.489689       0.489397       0.489091       0.488763       0.488404       0.488003       0.487548       0.487025       0.486422       0.485725       0.484925       0.484011       0.482983       0.481847       0.480621       0.479344       0.478079       0.476921       0.475995       0.475456       0.475456       0.476103       0.477385       0.479100       0.480820       0.481943       0.481829       0.480002       0.476388       0.471614       0.467440       0.467440
       0.467456       0.467456       0.471627       0.476394       0.480000       0.481814       0.481912       0.480767       0.479020       0.477271       0.475948       0.475252       0.475196       0.475673       0.476531       0.477617       0.478807       0.480006       0.481154       0.482212       0.483163       0.484000       0.484728       0.485356       0.485894       0.486358       0.486760       0.487115       0.487435       0.487731       0.488014       0.488293       0.488574       0.488863       0.489164       0.489481       0.489814       0.490164       0.490530       0.490912       0.491306       0.491711       0.492123       0.492540       0.492959       0.493376       0.493788       0.494192       0.494587       0.494970       0.495340       0.495694       0.496032       0.496352       0.496655       0.496940       0.497206       0.497455       0.497686       0.497900       0.498097       0.498279       0.498445       0.498596       0.498734       0.498859       0.498971       0.499073       0.499164       0.499244       0.499316       0.499379       0.499433       0.499480       0.499520       0.499553       0.499580       0.499600       0.499615       0.499623       0.499626       0.499623       0.499615       0.499600       0.499580       0.499553       0.499520       0.499480       0.499433       0.499379       0.499316       0.499244       0.499164       0.499073       0.498971       0.498859       0.498734       0.498596       0.498445       0.498279       0.498097       0.497900       0.497686       0.497455       0.497206       0.496940       0.496655       0.496352       0.496032       0.495694       0.495340       0.494970       0.494587       0.494192       0.493788       0.493376       0.492959       0.492540       0.492123       0.491711       0.491306       0.490912       0.490530       0.490164       0.489814       0.489481       0.489164       0.488863       0.488574       0.488293       0.488014       0.487731       0.487435       0.487115       0.486760       0.486358       0.485894       0.485356       0.484728       0.484000       0.483163       0.482212       0.481154       0.480006       0.478807       0.477617       0.476531       0.475673       0.475196       0.475252       0.475948       0.477271       0.479020       0.480767       0.481912       0.481814       0.480000       0.476394       0.471627       0.467456       0.467456
       0.467474       0.467474       0.471641       0.476402       0.479996       0.481797       0.481875       0.480705       0.478926       0.477138       0.475766       0.475014       0.474892       0.475297       0.476075       0.477077       0.478178       0.479286       0.480341       0.481307       0.482165       0.482913       0.483555       0.484100       0.484561       0.484954       0.485292       0.485591       0.485864       0.486124       0.486379       0.486641       0.486916       0.487209       0.487525       0.487866       0.488233       0.488625       0.489041       0.489478       0.489934       0.490405       0.490886       0.491374       0.491864       0.492353       0.492837       0.493312       0.493775       0.494224       0.494656       0.495070       0.495464       0.495837       0.496189       0.496519       0.496828       0.497115       0.497382       0.497628       0.497854       0.498062       0.498252       0.498425       0.498582       0.498724       0.498852       0.498967       0.499069       0.499161       0.499241       0.499312       0.499373       0.499426       0.499471       0.499508       0.499538       0.499561       0.499577       0.499587       0.499590       0.499587       0.499577       0.499561       0.499538       0.499508       0.499471       0.499426       0.499373       0.499312       0.499241       0.499161       0.499069       0.498967       0.498852       0.498724       0.498582       0.498425       0.498252       0.498062       0.497854       0.497628       0.497382       0.497115       0.496828       0.496519       0.496189       0.495837       0.495464       0.495070       0.494656       0.494224       0.493775       0.493312       0.492837       0.492353       0.491864       0.491374       0.490886       0.490405       0.489934       0.489478       0.489041       0.488625       0.488233       0.487866       0.487525       0.487209       0.486916       0.486641       0.486379       0.486124       0.485864       0.485591       0.485292       0.484954       0.484561       0.484100       0.483555       0.482913       0.482165       0.481307       0.480341       0.479286       0.478178       0.477077       0.476075       0.475297       0.474892       0.475014       0.475766       0.477138       0.478926       0.480705       0.481875       0.481797       0.479996       0.476402       0.471641       0.467474       0.467474
       0.467495       0.467495       0.471658       0.476410       0.479992       0.481776       0.481832       0.480633       0.478817       0.476983       0.475555       0.474736       0.474538       0.474858       0.475543       0.476445       0.477442       0.478443       0.479388       0.480244       0.480994       0.481635       0.482173       0.482619       0.482988       0.483296       0.483558       0.483790       0.484007       0.484221       0.484445       0.484687       0.484955       0.485254       0.485588       0.485960       0.486368       0.486812       0.487288       0.487794       0.488325       0.488875       0.489440       0.490014       0.490591       0.491167       0.491736       0.492295       0.492839       0.493366       0.493872       0.494356       0.494816       0.495251       0.495660       0.496043       0.496400       0.496732       0.497039       0.497322       0.497582       0.497820       0.498037       0.498234       0.498413       0.498575       0.498720       0.498850       0.498966       0.499069       0.499160       0.499239       0.499308       0.499368       0.499418       0.499459       0.499493       0.499518       0.499537       0.499547       0.499551       0.499547       0.499537       0.499518       0.499493       0.499459       0.499418       0.499368       0.499308       0.499239       0.499160       0.499069       0.498966       0.498850       0.498720       0.498575       0.498413       0.498234       0.498037       0.497820       0.497582       0.497322       0.497039       0.496732       0.496400       0.496043       0.495660       0.495251       0.494816       0.494356       0.493872       0.493366       0.492839       0.492295       0.491736       0.491167       0.490591       0.490014       0.489440       0.488875       0.488325       0.487794       0.487288       0.486812       0.486368       0.485960       0.485588       0.485254       0.484955       0.484687       0.484445       0.484221       0.484007       0.483790       0.483558       0.483296       0.482988       0.482619       0.482173       0.481635       0.480994       0.480244       0.479388       0.478443       0.477442       0.476445       0.475543       0.474858       0.474538       0.474736       0.475555       0.476983       0.478817       0.480633       0.481832       0.481776       0.479992       0.476410       0.471658       0.467495       0.467495
       0.467519       0.467519       0.471676       0.476419       0.479987       0.481752       0.481782       0.480550       0.478691       0.476802       0.475309       0.474412       0.474126       0.474345       0.474921       0.475707       0.476581       0.477455       0.478271       0.478997       0.479617       0.480131       0.480546       0.480874       0.481133       0.481338       0.481508       0.481660       0.481809       0.481970       0.482155       0.482373       0.482634       0.482941       0.483299       0.483708       0.484167       0.484675       0.485226       0.485816       0.486438       0.487085       0.487751       0.488428       0.489110       0.489790       0.490462       0.491120       0.491761       0.492380       0.492974       0.493540       0.494077       0.494584       0.495060       0.495505       0.495918       0.496302       0.496655       0.496981       0.497279       0.497551       0.497799       0.498024       0.498227       0.498410       0.498574       0.498721       0.498852       0.498968       0.499071       0.499160       0.499238       0.499304       0.499360       0.499407       0.499444       0.499473       0.499493       0.499505       0.499509       0.499505       0.499493       0.499473       0.499444       0.499407       0.499360       0.499304       0.499238       0.499160       0.499071       0.498968       0.498852       0.498721       0.498574       0.498410       0.498227       0.498024       0.497799       0.497551       0.497279       0.496981       0.496655       0.496302       0.495918       0.495505       0.495060       0.494584       0.494077       0.493540       0.492974       0.492380       0.491761       0.491120       0.490462       0.489790       0.489110       0.488428       0.487751       0.487085       0.486438       0.485816       0.485226       0.484675       0.484167       0.483708       0.483299       0.482941       0.482634       0.482373       0.482155       0.481970       0.481809       0.481660       0.481508       0.481338       0.481133       0.480874       0.480546       0.480131       0.479617       0.478997       0.478271       0.477455       0.476581       0.475707       0.474921       0.474345       0.474126       0.474412       0.475309       0.476802       0.478691       0.480550       0.481782       0.481752       0.479987       0.476419       0.471676       0.467519       0.467519
       0.467545       0.467545       0.471697       0.476429       0.479981       0.481723       0.481723       0.480452       0.478543       0.476592       0.475022       0.474035       0.473645       0.473748       0.474196       0.474845       0.475575       0.476300       0.476963       0.477534       0.478001       0.478363       0.478631       0.478819       0.478945       0.479027       0.479087       0.479142       0.479210       0.479306       0.479444       0.479635       0.479887       0.480205       0.480592       0.481048       0.481571       0.482157       0.482800       0.483492       0.484225       0.484991       0.485779       0.486582       0.487390       0.488194       0.488989       0.489766       0.490522       0.491250       0.491947       0.492610       0.493238       0.493828       0.494382       0.494897       0.495376       0.495818       0.496225       0.496599       0.496941       0.497252       0.497534       0.497790       0.498021       0.498229       0.498415       0.498581       0.498728       0.498859       0.498974       0.499074       0.499161       0.499235       0.499298       0.499350       0.499392       0.499424       0.499446       0.499459       0.499464       0.499459       0.499446       0.499424       0.499392       0.499350       0.499298       0.499235       0.499161       0.499074       0.498974       0.498859       0.498728       0.498581       0.498415       0.498229       0.498021       0.497790       0.497534       0.497252       0.496941       0.496599       0.496225       0.495818       0.495376       0.494897       0.494382       0.493828       0.493238       0.492610       0.491947       0.491250       0.490522       0.489766       0.488989       0.488194       0.487390       0.486582       0.485779       0.484991       0.484225       0.483492       0.482800       0.482157       0.481571       0.481048       0.480592       0.480205       0.479887       0.479635       0.479444       0.479306       0.479210       0.479142       0.479087       0.479027       0.478945       0.478819       0.478631       0.478363       0.478001       0.477534       0.476963       0.476300       0.475575       0.474845       0.474196       0.473748       0.473645       0.474035       0.475022       0.476592       0.478543       0.480452       0.481723       0.481723       0.479981       0.476429       0.471697       0.467545       0.467545
       0.467575       0.467575       0.471721       0.476439       0.479973       0.481689       0.481654       0.480338       0.478371       0.476347       0.474689       0.473597       0.473085       0.473052       0.473351       0.473839       0.474400       0.474948       0.475432       0.475820       0.476105       0.476287       0.476379       0.476398       0.476365       0.476300       0.476227       0.476165       0.476135       0.476154       0.476236       0.476394       0.476637       0.476969       0.477393       0.477907       0.478509       0.479191       0.479946       0.480764       0.481633       0.482542       0.483479       0.484433       0.485392       0.486347       0.487288       0.488207       0.489098       0.489955       0.490774       0.491551       0.492284       0.492973       0.493616       0.494213       0.494767       0.495277       0.495745       0.496174       0.496565       0.496920       0.497242       0.497533       0.497795       0.498030       0.498240       0.498427       0.498593       0.498740       0.498868       0.498981       0.499078       0.499161       0.499231       0.499289       0.499336       0.499371       0.499396       0.499411       0.499416       0.499411       0.499396       0.499371       0.499336       0.499289       0.499231       0.499161       0.499078       0.498981       0.498868       0.498740       0.498593       0.498427       0.498240       0.498030       0.497795       0.497533       0.497242       0.496920       0.496565       0.496174       0.495745       0.495277       0.494767       0.494213       0.493616       0.492973       0.492284       0.491551       0.490774       0.489955       0.489098       0.488207       0.487288       0.486347       0.485392       0.484433       0.483479       0.482542       0.481633       0.480764       0.479946       0.479191       0.478509       0.477907       0.477393       0.476969       0.476637       0.476394       0.476236       0.476154       0.476135       0.476165       0.476227       0.476300       0.476365       0.476398       0.476379       0.476287       0.476105       0.475820       0.475432       0.474948       0.474400       0.473839       0.473351       0.473052       0.473085       0.473597       0.474689       0.476347       0.478371       0.480338       0.481654       0.481689       0.479973       0.476439       0.471721       0.467575       0.467575
       0.467609       0.467609       0.471747       0.476451       0.479962       0.481648       0.481574       0.480205       0.478171       0.476063       0.474302       0.473087       0.472434       0.472242       0.472366       0.472667       0.473029       0.473370       0.473641       0.473814       0.473882       0.473850       0.473733       0.473550       0.473326       0.473084       0.472850       0.472648       0.472499       0.472425       0.472441       0.472560       0.472792       0.473142       0.473612       0.474200       0.474898       0.475700       0.476592       0.477563       0.478598       0.479681       0.480798       0.481935       0.483076       0.484211       0.485327       0.486414       0.487466       0.488475       0.489437       0.490347       0.491203       0.492005       0.492752       0.493445       0.494084       0.494672       0.495210       0.495701       0.496148       0.496553       0.496920       0.497250       0.497546       0.497812       0.498048       0.498259       0.498446       0.498610       0.498754       0.498880       0.498989       0.499081       0.499159       0.499224       0.499275       0.499315       0.499342       0.499359       0.499364       0.499359       0.499342       0.499315       0.499275       0.499224       0.499159       0.499081       0.498989       0.498880       0.498754       0.498610       0.498446       0.498259       0.498048       0.497812       0.497546       0.497250       0.496920       0.496553       0.496148       0.495701       0.495210       0.494672       0.494084       0.493445       0.492752       0.492005       0.491203       0.490347       0.489437       0.488475       0.487466       0.486414       0.485327       0.484211       0.483076       0.481935       0.480798       0.479681       0.478598       0.477563       0.476592       0.475700       0.474898       0.474200       0.473612       0.473142       0.472792       0.472560       0.472441       0.472425       0.472499       0.472648       0.472850       0.473084       0.473326       0.473550       0.473733       0.473850       0.473882       0.473814       0.473641       0.473370       0.473029       0.472667       0.472366       0.472242       0.472434       0.473087       0.474302       0.476063       0.478171       0.480205       0.481574       0.481648       0.479962       0.476451       0.471747       0.467609       0.467609
       0.467647       0.467647       0.471775       0.476462       0.479949       0.481600       0.481479       0.480050       0.477938       0.475732       0.473852       0.472495       0.471678       0.471300       0.471221       0.471302       0.471431       0.471530       0.471550       0.471468       0.471279       0.470993       0.470626       0.470202       0.469749       0.469294       0.468867       0.468495       0.468204       0.468017       0.467952       0.468026       0.468247       0.468621       0.469149       0.469827       0.470645       0.471593       0.472654       0.473812       0.475049       0.476344       0.477679       0.479035       0.480395       0.481744       0.483069       0.484357       0.485599       0.486787       0.487916       0.488981       0.489981       0.490915       0.491782       0.492583       0.493321       0.493997       0.494615       0.495177       0.495687       0.496149       0.496565       0.496939       0.497274       0.497573       0.497840       0.498077       0.498286       0.498470       0.498631       0.498771       0.498892       0.498996       0.499082       0.499154       0.499211       0.499255       0.499285       0.499304       0.499310       0.499304       0.499285       0.499255       0.499211       0.499154       0.499082       0.498996       0.498892       0.498771       0.498631       0.498470       0.498286       0.498077       0.497840       0.497573       0.497274       0.496939       0.496565       0.496149       0.495687       0.495177       0.494615       0.493997       0.493321       0.492583       0.491782       0.490915       0.489981       0.488981       0.487916       0.486787       0.485599       0.484357       0.483069       0.481744       0.480395       0.479035       0.477679       0.476344       0.475049       0.473812       0.472654       0.471593       0.470645       0.469827       0.469149       0.468621       0.468247       0.468026       0.467952       0.468017       0.468204       0.468495       0.468867       0.469294       0.469749       0.470202       0.470626       0.470993       0.471279       0.471468       0.471550       0.471530       0.471431       0.471302       0.471221       0.471300       0.471678       0.472495       0.473852       0.475732       0.477938       0.480050       0.481479       0.481600       0.479949       0.476462       0.471775       0.467647       0.467647
       0.467688       0.467688       0.471807       0.476474       0.479931       0.481543       0.481369       0.479870       0.477668       0.475349       0.473330       0.471809       0.470800       0.470208       0.469892       0.469716       0.469573       0.469386       0.469111       0.468728       0.468236       0.467647       0.466983       0.466271       0.465544       0.464833       0.464174       0.463598       0.463135       0.462812       0.462651       0.462669       0.462879       0.463284       0.463884       0.464673       0.465640       0.466767       0.468035       0.469422       0.470903       0.472455       0.474053       0.475674       0.477297       0.478903       0.480475       0.482000       0.483466       0.484864       0.486189       0.487436       0.488603       0.489688       0.490693       0.491620       0.492470       0.493247       0.493955       0.494598       0.495179       0.495704       0.496175       0.496598       0.496977       0.497314       0.497614       0.497879       0.498113       0.498319       0.498499       0.498655       0.498789       0.498904       0.499000       0.499079       0.499143       0.499191       0.499225       0.499245       0.499252       0.499245       0.499225       0.499191       0.499143       0.499079       0.499000       0.498904       0.498789       0.498655       0.498499       0.498319       0.498113       0.497879       0.497614       0.497314       0.496977       0.496598       0.496175       0.495704       0.495179       0.494598       0.493955       0.493247       0.492470       0.491620       0.490693       0.489688       0.488603       0.487436       0.486189       0.484864       0.483466       0.482000       0.480475       0.478903       0.477297       0.475674       0.474053       0.472455       0.470903       0.469422       0.468035       0.466767       0.465640       0.464673       0.463884       0.463284       0.462879       0.462669       0.462651       0.462812       0.463135       0.463598       0.464174       0.464833       0.465544       0.466271       0.466983       0.467647       0.468236       0.468728       0.469111       0.469386       0.469573       0.469716       0.469892       0.470208       0.470800       0.471809       0.473330       0.475349       0.477668       0.479870       0.481369       0.481543       0.479931       0.476474       0.471807       0.467688       0.467688
       0.467733       0.467733       0.471840       0.476485       0.479909       0.481474       0.481239       0.479659       0.477353       0.474904       0.472725       0.471014       0.469785       0.468942       0.468350       0.467876       0.467415       0.466894       0.466273       0.465536       0.464686       0.463738       0.462720       0.461665       0.460609       0.459592       0.458653       0.457831       0.457160       0.456674       0.456397       0.456351       0.456547       0.456992       0.457682       0.458610       0.459758       0.461105       0.462626       0.464292       0.466071       0.467933       0.469848       0.471787       0.473724       0.475635       0.477501       0.479306       0.481036       0.482681       0.484235       0.485692       0.487052       0.488312       0.489476       0.490545       0.491524       0.492416       0.493225       0.493959       0.494620       0.495215       0.495749       0.496227       0.496653       0.497032       0.497368       0.497665       0.497927       0.498156       0.498356       0.498530       0.498679       0.498806       0.498912       0.499000       0.499070       0.499123       0.499161       0.499183       0.499191       0.499183       0.499161       0.499123       0.499070       0.499000       0.498912       0.498806       0.498679       0.498530       0.498356       0.498156       0.497927       0.497665       0.497368       0.497032       0.496653       0.496227       0.495749       0.495215       0.494620       0.493959       0.493225       0.492416       0.491524       0.490545       0.489476       0.488312       0.487052       0.485692       0.484235       0.482681       0.481036       0.479306       0.477501       0.475635       0.473724       0.471787       0.469848       0.467933       0.466071       0.464292       0.462626       0.461105       0.459758       0.458610       0.457682       0.456992       0.456547       0.456351       0.456397       0.456674       0.457160       0.457831       0.458653       0.459592       0.460609       0.461665       0.462720       0.463738       0.464686       0.465536       0.466273       0.466894       0.467415       0.467876       0.468350       0.468942       0.469785       0.471014       0.472725       0.474904       0.477353       0.479659       0.481239       0.481474       0.479909       0.476485       0.471840       0.467733       0.467733
       0.467782       0.467782       0.471875       0.476494       0.479880       0.481393       0.481087       0.479414       0.476989       0.474390       0.472026       0.470095       0.468610       0.467480       0.466568       0.465747       0.464915       0.464005       0.462979       0.461825       0.460552       0.459181       0.457743       0.456279       0.454831       0.453447       0.452172       0.451054       0.450134       0.449450       0.449035       0.448911       0.449093       0.449588       0.450391       0.451488       0.452860       0.454477       0.456306       0.458310       0.460450       0.462687       0.464983       0.467302       0.469613       0.471888       0.474102       0.476236       0.478276       0.480209       0.482029       0.483730       0.485312       0.486774       0.488119       0.489351       0.490475       0.491497       0.492422       0.493256       0.494008       0.494682       0.495285       0.495823       0.496302       0.496727       0.497103       0.497435       0.497726       0.497982       0.498204       0.498396       0.498561       0.498702       0.498819       0.498916       0.498993       0.499052       0.499093       0.499118       0.499126       0.499118       0.499093       0.499052       0.498993       0.498916       0.498819       0.498702       0.498561       0.498396       0.498204       0.497982       0.497726       0.497435       0.497103       0.496727       0.496302       0.495823       0.495285       0.494682       0.494008       0.493256       0.492422       0.491497       0.490475       0.489351       0.488119       0.486774       0.485312       0.483730       0.482029       0.480209       0.478276       0.476236       0.474102       0.471888       0.469613       0.467302       0.464983       0.462687       0.460450       0.458310       0.456306       0.454477       0.452860       0.451488       0.450391       0.449588       0.449093       0.448911       0.449035       0.449450       0.450134       0.451054       0.452172       0.453447       0.454831       0.456279       0.457743       0.459181       0.460552       0.461825       0.462979       0.464005       0.464915       0.465747       0.466568       0.467480       0.468610       0.470095       0.472026       0.474390       0.476989       0.479414       0.481087       0.481393       0.479880       0.476494       0.471875       0.467782       0.467782
       0.467833       0.467833       0.471911       0.476501       0.479843       0.481295       0.480908       0.479129       0.476567       0.473795       0.471220       0.469035       0.467257       0.465793       0.464512       0.463289       0.462027       0.460663       0.459164       0.457524       0.455754       0.453883       0.451949       0.449999       0.448084       0.446261       0.444585       0.443111       0.441891       0.440970       0.440388       0.440172       0.440340       0.440898       0.441839       0.443146       0.444791       0.446737       0.448940       0.451354       0.453929       0.456617       0.459369       0.462143       0.464899       0.467603       0.470227       0.472748       0.475150       0.477418       0.479546       0.481529       0.483366       0.485059       0.486611       0.488028       0.489317       0.490485       0.491539       0.492487       0.493339       0.494100       0.494780       0.495385       0.495922       0.496398       0.496818       0.497187       0.497512       0.497795       0.498041       0.498254       0.498436       0.498591       0.498721       0.498827       0.498912       0.498977       0.499022       0.499049       0.499058       0.499049       0.499022       0.498977       0.498912       0.498827       0.498721       0.498591       0.498436       0.498254       0.498041       0.497795       0.497512       0.497187       0.496818       0.496398       0.495922       0.495385       0.494780       0.494100       0.493339       0.492487       0.491539       0.490485       0.489317       0.488028       0.486611       0.485059       0.483366       0.481529       0.479546       0.477418       0.475150       0.472748       0.470227       0.467603       0.464899       0.462143       0.459369       0.456617       0.453929       0.451354       0.448940       0.446737       0.444791       0.443146       0.441839       0.440898       0.440340       0.440172       0.440388       0.440970       0.441891       0.443111       0.444585       0.446261       0.448084       0.449999       0.451949       0.453883       0.455754       0.457524       0.459164       0.460663       0.462027       0.463289       0.464512       0.465793       0.467257       0.469035       0.471220       0.473795       0.476567       0.479129       0.480908       0.481295       0.479843       0.476501       0.471911       0.467833       0.467833
       0.467886       0.467886       0.471946       0.476502       0.479794       0.481177       0.480697       0.478797       0.476078       0.473109       0.470290       0.467816       0.465700       0.463853       0.462147       0.460461       0.458702       0.456812       0.454763       0.452554       0.450203       0.447745       0.445226       0.442701       0.440233       0.437887       0.435732       0.433833       0.432253       0.431049       0.430266       0.429941       0.430094       0.430731       0.431842       0.433405       0.435382       0.437727       0.440384       0.443292       0.446391       0.449618       0.452915       0.456228       0.459510       0.462721       0.465826       0.468800       0.471622       0.474279       0.476763       0.479069       0.481199       0.483154       0.484942       0.486568       0.488042       0.489374       0.490572       0.491648       0.492610       0.493469       0.494234       0.494912       0.495513       0.496044       0.496512       0.496923       0.497282       0.497596       0.497868       0.498103       0.498304       0.498475       0.498617       0.498734       0.498827       0.498898       0.498948       0.498977       0.498987       0.498977       0.498948       0.498898       0.498827       0.498734       0.498617       0.498475       0.498304       0.498103       0.497868       0.497596       0.497282       0.496923       0.496512       0.496044       0.495513       0.494912       0.494234       0.493469       0.492610       0.491648       0.490572       0.489374       0.488042       0.486568       0.484942       0.483154       0.481199       0.479069       0.476763       0.474279       0.471622       0.468800       0.465826       0.462721       0.459510       0.456228       0.452915       0.449618       0.446391       0.443292       0.440384       0.437727       0.435382       0.433405       0.431842       0.430731       0.430094       0.429941       0.430266       0.431049       0.432253       0.433833       0.435732       0.437887       0.440233       0.442701       0.445226       0.447745       0.450203       0.452554       0.454763       0.456812       0.458702       0.460461       0.462147       0.463853       0.465700       0.467816       0.470290       0.473109       0.476078       0.478797       0.480697       0.481177       0.479794       0.476502       0.471946       0.467886       0.467886
       0.467939       0.467939       0.471978       0.476496       0.479731       0.481035       0.480450       0.478411       0.475513       0.472318       0.469223       0.466416       0.463915       0.461630       0.459436       0.457218       0.454887       0.452390       0.449705       0.446836       0.443808       0.440663       0.437458       0.434258       0.431136       0.428171       0.425446       0.423040       0.421031       0.419487       0.418467       0.418012       0.418149       0.418883       0.420202       0.422076       0.424456       0.427282       0.430484       0.433987       0.437711       0.441580       0.445524       0.449475       0.453377       0.457181       0.460848       0.464348       0.467657       0.470762       0.473654       0.476331       0.478793       0.481047       0.483100       0.484962       0.486645       0.488160       0.489519       0.490735       0.491821       0.492787       0.493644       0.494403       0.495074       0.495666       0.496185       0.496641       0.497039       0.497385       0.497685       0.497944       0.498165       0.498352       0.498508       0.498636       0.498738       0.498815       0.498870       0.498902       0.498913       0.498902       0.498870       0.498815       0.498738       0.498636       0.498508       0.498352       0.498165       0.497944       0.497685       0.497385       0.497039       0.496641       0.496185       0.495666       0.495074       0.494403       0.493644       0.492787       0.491821       0.490735       0.489519       0.488160       0.486645       0.484962       0.483100       0.481047       0.478793       0.476331       0.473654       0.470762       0.467657       0.464348       0.460848       0.457181       0.453377       0.449475       0.445524       0.441580       0.437711       0.433987       0.430484       0.427282       0.424456       0.422076       0.420202       0.418883       0.418149       0.418012       0.418467       0.419487       0.421031       0.423040       0.425446       0.428171       0.431136       0.434258       0.437458       0.440663       0.443808       0.446836       0.449705       0.452390       0.454887       0.457218       0.459436       0.461630       0.463915       0.466416       0.469223       0.472318       0.475513       0.478411       0.480450       0.481035       0.479731       0.476496       0.471978       0.467939       0.467939
       0.467988       0.467988       0.472004       0.476478       0.479648       0.480863       0.480158       0.477961       0.474860       0.471409       0.467999       0.464816       0.461875       0.459090       0.456341       0.453515       0.450529       0.447335       0.443917       0.440286       0.436475       0.432533       0.428528       0.424537       0.420648       0.416955       0.413556       0.410550       0.408032       0.406085       0.404781       0.404173       0.404292       0.405146       0.406717       0.408965       0.411830       0.415234       0.419089       0.423298       0.427766       0.432396       0.437101       0.441802       0.446429       0.450925       0.455244       0.459351       0.463221       0.466840       0.470199       0.473296       0.476136       0.478726       0.481078       0.483204       0.485119       0.486838       0.488376       0.489747       0.490968       0.492052       0.493011       0.493858       0.494605       0.495262       0.495837       0.496341       0.496780       0.497162       0.497492       0.497776       0.498018       0.498223       0.498394       0.498534       0.498645       0.498729       0.498789       0.498824       0.498836       0.498824       0.498789       0.498729       0.498645       0.498534       0.498394       0.498223       0.498018       0.497776       0.497492       0.497162       0.496780       0.496341       0.495837       0.495262       0.494605       0.493858       0.493011       0.492052       0.490968       0.489747       0.488376       0.486838       0.485119       0.483204       0.481078       0.478726       0.476136       0.473296       0.470199       0.466840       0.463221       0.459351       0.455244       0.450925       0.446429       0.441802       0.437101       0.432396       0.427766       0.423298       0.419089       0.415234       0.411830       0.408965       0.406717       0.405146       0.404292       0.404173       0.404781       0.406085       0.408032       0.410550       0.413556       0.416955       0.420648       0.424537       0.428528       0.432533       0.436475       0.440286       0.443917       0.447335       0.450529       0.453515       0.456341       0.459090       0.461875       0.464816       0.467999       0.471409       0.474860       0.477961       0.480158       0.480863       0.479648       0.476478       0.472004       0.467988       0.467988
       0.468030       0.468030       0.472020       0.476445       0.479540       0.480654       0.479813       0.477439       0.474108       0.470366       0.466600       0.462990       0.459553       0.456202       0.452822       0.449305       0.445574       0.441585       0.437330       0.432826       0.428113       0.423253       0.418323       0.413415       0.408632       0.404088       0.399900       0.396189       0.393070       0.390647       0.389008       0.388220       0.388320       0.389318       0.391191       0.393887       0.397330       0.401421       0.406049       0.411095       0.416437       0.421961       0.427557       0.433131       0.438600       0.443896       0.448966       0.453771       0.458283       0.462487       0.466375       0.469948       0.473213       0.476181       0.478867       0.481288       0.483461       0.485405       0.487140       0.488683       0.490052       0.491263       0.492333       0.493276       0.494105       0.494833       0.495469       0.496025       0.496508       0.496927       0.497289       0.497600       0.497865       0.498089       0.498275       0.498427       0.498548       0.498640       0.498705       0.498743       0.498756       0.498743       0.498705       0.498640       0.498548       0.498427       0.498275       0.498089       0.497865       0.497600       0.497289       0.496927       0.496508       0.496025       0.495469       0.494833       0.494105       0.493276       0.492333       0.491263       0.490052       0.488683       0.487140       0.485405       0.483461       0.481288       0.478867       0.476181       0.473213       0.469948       0.466375       0.462487       0.458283       0.453771       0.448966       0.443896       0.438600       0.433131       0.427557       0.421961       0.416437       0.411095       0.406049       0.401421       0.397330       0.393887       0.391191       0.389318       0.388320       0.388220       0.389008       0.390647       0.393070       0.396189       0.399900       0.404088       0.408632       0.413415       0.418323       0.423253       0.428113       0.432826       0.437330       0.441585       0.445574       0.449305       0.452822       0.456202       0.459553       0.462990       0.466600       0.470366       0.474108       0.477439       0.479813       0.480654       0.479540       0.476445       0.472020       0.468030       0.468030
       0.468059       0.468059       0.472019       0.476387       0.479400       0.480398       0.479405       0.476830       0.473241       0.469173       0.465006       0.460917       0.456920       0.452933       0.448842       0.444545       0.439971       0.435083       0.429878       0.424381       0.418642       0.412732       0.406742       0.400780       0.394967       0.389438       0.384335       0.379803       0.375982       0.373002       0.370970       0.369970       0.370050       0.371219       0.373449       0.376676       0.380800       0.385700       0.391236       0.397260       0.403624       0.410186       0.416815       0.423397       0.429835       0.436048       0.441977       0.447577       0.452817       0.457683       0.462168       0.466275       0.470016       0.473406       0.476463       0.479209       0.481668       0.483860       0.485811       0.487540       0.489071       0.490422       0.491612       0.492658       0.493576       0.494379       0.495080       0.495691       0.496222       0.496681       0.497077       0.497416       0.497705       0.497949       0.498151       0.498317       0.498448       0.498548       0.498618       0.498660       0.498673       0.498660       0.498618       0.498548       0.498448       0.498317       0.498151       0.497949       0.497705       0.497416       0.497077       0.496681       0.496222       0.495691       0.495080       0.494379       0.493576       0.492658       0.491612       0.490422       0.489071       0.487540       0.485811       0.483860       0.481668       0.479209       0.476463       0.473406       0.470016       0.466275       0.462168       0.457683       0.452817       0.447577       0.441977       0.436048       0.429835       0.423397       0.416815       0.410186       0.403624       0.397260       0.391236       0.385700       0.380800       0.376676       0.373449       0.371219       0.370050       0.369970       0.370970       0.373002       0.375982       0.379803       0.384335       0.389438       0.394967       0.400780       0.406742       0.412732       0.418642       0.424381       0.429878       0.435083       0.439971       0.444545       0.448842       0.452933       0.456920       0.460917       0.465006       0.469173       0.473241       0.476830       0.479405       0.480398       0.479400       0.476387       0.472019       0.468059       0.468059
       0.468065       0.468065       0.471991       0.476296       0.479215       0.480085       0.478921       0.476121       0.472243       0.467811       0.463196       0.458571       0.453949       0.449249       0.444363       0.439194       0.433676       0.427778       0.421505       0.414891       0.407994       0.400897       0.393707       0.386547       0.379561       0.372908       0.366756       0.361279       0.356648       0.353021       0.350534       0.349287       0.349342       0.350712       0.353360       0.357205       0.362124       0.367965       0.374554       0.381709       0.389250       0.397005       0.404817       0.412551       0.420091       0.427347       0.434248       0.440744       0.446804       0.452412       0.457565       0.462269       0.466538       0.470395       0.473862       0.476967       0.479738       0.482203       0.484388       0.486321       0.488027       0.489529       0.490848       0.492005       0.493018       0.493902       0.494672       0.495342       0.495923       0.496424       0.496856       0.497225       0.497540       0.497804       0.498024       0.498203       0.498346       0.498454       0.498529       0.498574       0.498589       0.498574       0.498529       0.498454       0.498346       0.498203       0.498024       0.497804       0.497540       0.497225       0.496856       0.496424       0.495923       0.495342       0.494672       0.493902       0.493018       0.492005       0.490848       0.489529       0.488027       0.486321       0.484388       0.482203       0.479738       0.476967       0.473862       0.470395       0.466538       0.462269       0.457565       0.452412       0.446804       0.440744       0.434248       0.427347       0.420091       0.412551       0.404817       0.397005       0.389250       0.381709       0.374554       0.367965       0.362124       0.357205       0.353360       0.350712       0.349342       0.349287       0.350534       0.353021       0.356648       0.361279       0.366756       0.372908       0.379561       0.386547       0.393707       0.400897       0.407994       0.414891       0.421505       0.427778       0.433676       0.439194       0.444363       0.449249       0.453949       0.458571       0.463196       0.467811       0.472243       0.476121       0.478921       0.480085       0.479215       0.476296       0.471991       0.468065       0.468065
       0.468035       0.468035       0.471923       0.476157       0.478971       0.479699       0.478344       0.475295       0.471095       0.466259       0.461147       0.455928       0.450613       0.445123       0.439355       0.433217       0.426650       0.419631       0.412170       0.404312       0.396124       0.387705       0.379173       0.370674       0.362372       0.354453       0.347116       0.340568       0.335015       0.330649       0.327637       0.326106       0.326132       0.327731       0.330860       0.335416       0.341247       0.348165       0.355957       0.364401       0.373279       0.382386       0.391536       0.400568       0.409350       0.417775       0.425764       0.433263       0.440236       0.446670       0.452562       0.457925       0.462778       0.467148       0.471065       0.474563       0.477674       0.480434       0.482874       0.485027       0.486921       0.488585       0.490043       0.491318       0.492432       0.493402       0.494246       0.494978       0.495611       0.496158       0.496627       0.497028       0.497369       0.497655       0.497893       0.498087       0.498240       0.498357       0.498438       0.498486       0.498502       0.498486       0.498438       0.498357       0.498240       0.498087       0.497893       0.497655       0.497369       0.497028       0.496627       0.496158       0.495611       0.494978       0.494246       0.493402       0.492432       0.491318       0.490043       0.488585       0.486921       0.485027       0.482874       0.480434       0.477674       0.474563       0.471065       0.467148       0.462778       0.457925       0.452562       0.446670       0.440236       0.433263       0.425764       0.417775       0.409350       0.400568       0.391536       0.382386       0.373279       0.364401       0.355957       0.348165       0.341247       0.335416       0.330860       0.327731       0.326132       0.326106       0.327637       0.330649       0.335015       0.340568       0.347116       0.354453       0.362372       0.370674       0.379173       0.387705       0.396124       0.404312       0.412170       0.419631       0.426650       0.433217       0.439355       0.445123       0.450613       0.455928       0.461147       0.466259       0.471095       0.475295       0.478344       0.479699       0.478971       0.476157       0.471923       0.468035       0.468035
       0.467951       0.467951       0.471797       0.475951       0.478649       0.479219       0.477654       0.474330       0.469777       0.464495       0.458837       0.452964       0.446887       0.440529       0.433791       0.426589       0.418869       0.410616       0.401851       0.392626       0.383022       0.373150       0.363145       0.353173       0.343422       0.334106       0.325455       0.317715       0.311129       0.305930       0.302323       0.300466       0.300455       0.302312       0.305983       0.311342       0.318203       0.326333       0.335475       0.345362       0.355734       0.366347       0.376984       0.387459       0.397617       0.407337       0.416530       0.425135       0.433116       0.440458       0.447163       0.453248       0.458739       0.463669       0.468076       0.471999       0.475479       0.478557       0.481272       0.483660       0.485757       0.487593       0.489199       0.490600       0.491821       0.492882       0.493803       0.494600       0.495289       0.495882       0.496391       0.496825       0.497193       0.497502       0.497758       0.497967       0.498133       0.498258       0.498345       0.498397       0.498415       0.498397       0.498345       0.498258       0.498133       0.497967       0.497758       0.497502       0.497193       0.496825       0.496391       0.495882       0.495289       0.494600       0.493803       0.492882       0.491821       0.490600       0.489199       0.487593       0.485757       0.483660       0.481272       0.478557       0.475479       0.471999       0.468076       0.463669       0.458739       0.453248       0.447163       0.440458       0.433116       0.425135       0.416530       0.407337       0.397617       0.387459       0.376984       0.366347       0.355734       0.345362       0.335475       0.326333       0.318203       0.311342       0.305983       0.302312       0.300455       0.300466       0.302323       0.305930       0.311129       0.317715       0.325455       0.334106       0.343422       0.353173       0.363145       0.373150       0.383022       0.392626       0.401851       0.410616       0.418869       0.426589       0.433791       0.440529       0.446887       0.452964       0.458837       0.464495       0.469777       0.474330       0.477654       0.479219       0.478649       0.475951       0.471797       0.467951       0.467951
       0.467786       0.467786       0.471584       0.475650       0.478221       0.478617       0.476823       0.473199       0.468261       0.462495       0.456241       0.449656       0.442749       0.435447       0.427655       0.419295       0.410322       0.400732       0.390554       0.379850       0.368716       0.357277       0.345686       0.334129       0.322818       0.311993       0.301920       0.292879       0.285160       0.279040       0.274769       0.272542       0.272482       0.274620       0.278891       0.285140       0.293138       0.302605       0.313231       0.324700       0.336706       0.348965       0.361226       0.373274       0.384933       0.396066       0.406572       0.416383       0.425460       0.433791       0.441380       0.448250       0.454432       0.459968       0.464902       0.469283       0.473160       0.476579       0.479587       0.482227       0.484538       0.486558       0.488319       0.489853       0.491186       0.492343       0.493345       0.494211       0.494958       0.495599       0.496149       0.496617       0.497014       0.497346       0.497622       0.497846       0.498023       0.498158       0.498252       0.498307       0.498326       0.498307       0.498252       0.498158       0.498023       0.497846       0.497622       0.497346       0.497014       0.496617       0.496149       0.495599       0.494958       0.494211       0.493345       0.492343       0.491186       0.489853       0.488319       0.486558       0.484538       0.482227       0.479587       0.476579       0.473160       0.469283       0.464902       0.459968       0.454432       0.448250       0.441380       0.433791       0.425460       0.416383       0.406572       0.396066       0.384933       0.373274       0.361226       0.348965       0.336706       0.324700       0.313231       0.302605       0.293138       0.285140       0.278891       0.274620       0.272482       0.272542       0.274769       0.279040       0.285160       0.292879       0.301920       0.311993       0.322818       0.334129       0.345686       0.357277       0.368716       0.379850       0.390554       0.400732       0.410322       0.419295       0.427655       0.435447       0.442749       0.449656       0.456241       0.462495       0.468261       0.473199       0.476823       0.478617       0.478221       0.475650       0.471584       0.467786       0.467786
       0.467501       0.467501       0.471246       0.475217       0.477649       0.477859       0.475818       0.471871       0.466518       0.460229       0.453335       0.445984       0.438184       0.429865       0.420939       0.411335       0.401021       0.389999       0.378312       0.366037       0.353282       0.340190       0.326932       0.313713       0.300767       0.288360       0.276788       0.266368       0.257434       0.250315       0.245312       0.242671       0.242547       0.244982       0.249901       0.257114       0.266342       0.277248       0.289465       0.302626       0.316375       0.330390       0.344384       0.358113       0.371379       0.384025       0.395940       0.407047       0.417304       0.426698       0.435237       0.442949       0.449873       0.456058       0.461557       0.466428       0.470726       0.474509       0.477827       0.480733       0.483271       0.485483       0.487408       0.489081       0.490532       0.491789       0.492875       0.493812       0.494618       0.495310       0.495902       0.496406       0.496831       0.497188       0.497483       0.497723       0.497913       0.498057       0.498157       0.498216       0.498236       0.498216       0.498157       0.498057       0.497913       0.497723       0.497483       0.497188       0.496831       0.496406       0.495902       0.495310       0.494618       0.493812       0.492875       0.491789       0.490532       0.489081       0.487408       0.485483       0.483271       0.480733       0.477827       0.474509       0.470726       0.466428       0.461557       0.456058       0.449873       0.442949       0.435237       0.426698       0.417304       0.407047       0.395940       0.384025       0.371379       0.358113       0.344384       0.330390       0.316375       0.302626       0.289465       0.277248       0.266342       0.257114       0.249901       0.244982       0.242547       0.242671       0.245312       0.250315       0.257434       0.266368       0.276788       0.288360       0.300767       0.313713       0.326932       0.340190       0.353282       0.366037       0.378312       0.389999       0.401021       0.411335       0.420939       0.429865       0.438184       0.445984       0.453335       0.460229       0.466518       0.471871       0.475818       0.477859       0.477649       0.475217       0.471246       0.467501       0.467501
       0.467041       0.467041       0.470729       0.474597       0.476882       0.476894       0.474592       0.470304       0.464511       0.457669       0.450094       0.441928       0.433180       0.423781       0.413650       0.402729       0.390995       0.378465       0.365196       0.351282       0.336849       0.322057       0.307096       0.292188       0.277587       0.263578       0.250480       0.238644       0.228444       0.220265       0.214470       0.211367       0.211155       0.213898       0.219502       0.227734       0.238258       0.250670       0.264544       0.279458       0.295014       0.310849       0.326644       0.342127       0.357075       0.371313       0.384714       0.397191       0.408698       0.419220       0.428769       0.437375       0.445087       0.451960       0.458058       0.463446       0.468191       0.472356       0.476002       0.479186       0.481961       0.484375       0.486472       0.488289       0.489862       0.491222       0.492395       0.493405       0.494273       0.495017       0.495652       0.496192       0.496647       0.497029       0.497344       0.497600       0.497802       0.497955       0.498062       0.498126       0.498146       0.498126       0.498062       0.497955       0.497802       0.497600       0.497344       0.497029       0.496647       0.496192       0.495652       0.495017       0.494273       0.493405       0.492395       0.491222       0.489862       0.488289       0.486472       0.484375       0.481961       0.479186       0.476002       0.472356       0.468191       0.463446       0.458058       0.451960       0.445087       0.437375       0.428769       0.419220       0.408698       0.397191       0.384714       0.371313       0.357075       0.342127       0.326644       0.310849       0.295014       0.279458       0.264544       0.250670       0.238258       0.227734       0.219502       0.213898       0.211155       0.211367       0.214470       0.220265       0.228444       0.238644       0.250480       0.263578       0.277587       0.292188       0.307096       0.322057       0.336849       0.351282       0.365196       0.378465       0.390995       0.402729       0.413650       0.423781       0.433180       0.441928       0.450094       0.457669       0.464511       0.470304       0.474592       0.476894       0.476882       0.474597       0.470729       0.467041       0.467041
       0.466327       0.466327       0.469955       0.473714       0.475848       0.475656       0.473085       0.468446       0.462198       0.454779       0.446493       0.437475       0.427732       0.417202       0.405811       0.393514       0.380301       0.366209       0.351313       0.335726       0.319598       0.303108       0.286466       0.269908       0.253702       0.238142       0.223561       0.210328       0.198854       0.189577       0.182936       0.179318       0.178989       0.182038       0.188352       0.197641       0.209492       0.223428       0.238965       0.255631       0.272990       0.290649       0.308259       0.325521       0.342187       0.358062       0.372999       0.386900       0.399712       0.411415       0.422021       0.431567       0.440105       0.447702       0.454428       0.460359       0.465570       0.470135       0.474122       0.477597       0.480618       0.483241       0.485515       0.487481       0.489181       0.490646       0.491909       0.492994       0.493925       0.494721       0.495400       0.495977       0.496463       0.496869       0.497205       0.497477       0.497692       0.497854       0.497968       0.498035       0.498057       0.498035       0.497968       0.497854       0.497692       0.497477       0.497205       0.496869       0.496463       0.495977       0.495400       0.494721       0.493925       0.492994       0.491909       0.490646       0.489181       0.487481       0.485515       0.483241       0.480618       0.477597       0.474122       0.470135       0.465570       0.460359       0.454428       0.447702       0.440105       0.431567       0.422021       0.411415       0.399712       0.386900       0.372999       0.358062       0.342187       0.325521       0.308259       0.290649       0.272990       0.255631       0.238965       0.223428       0.209492       0.197641       0.188352       0.182038       0.178989       0.179318       0.182936       0.189577       0.198854       0.210328       0.223561       0.238142       0.253702       0.269908       0.286466       0.303108       0.319598       0.335726       0.351313       0.366209       0.380301       0.393514       0.405811       0.417202       0.427732       0.437475       0.446493       0.454779       0.462198       0.468446       0.473085       0.475656       0.475848       0.473714       0.469955       0.466327       0.466327
       0.465247       0.465247       0.468812       0.472463       0.474447       0.474056       0.471220       0.466230       0.459524       0.451520       0.442507       0.432615       0.421847       0.410149       0.397460       0.383747       0.369020       0.353338       0.336801       0.319548       0.301756       0.283627       0.265393       0.247302       0.229625       0.212655       0.196717       0.182182       0.169478       0.159094       0.151555       0.147359       0.146871       0.150222       0.157266       0.167628       0.180795       0.196214       0.213341       0.231674       0.250753       0.270164       0.289535       0.308543       0.326915       0.344432       0.360925       0.376280       0.390430       0.403351       0.415052       0.425571       0.434968       0.443316       0.450694       0.457189       0.462884       0.467862       0.472202       0.475977       0.479252       0.482090       0.484545       0.486664       0.488492       0.490066       0.491419       0.492581       0.493575       0.494425       0.495149       0.495762       0.496279       0.496710       0.497066       0.497355       0.497583       0.497755       0.497875       0.497946       0.497969       0.497946       0.497875       0.497755       0.497583       0.497355       0.497066       0.496710       0.496279       0.495762       0.495149       0.494425       0.493575       0.492581       0.491419       0.490066       0.488492       0.486664       0.484545       0.482090       0.479252       0.475977       0.472202       0.467862       0.462884       0.457189       0.450694       0.443316       0.434968       0.425571       0.415052       0.403351       0.390430       0.376280       0.360925       0.344432       0.326915       0.308543       0.289535       0.270164       0.250753       0.231674       0.213341       0.196214       0.180795       0.167628       0.157266       0.150222       0.146871       0.147359       0.151555       0.159094       0.169478       0.182182       0.196717       0.212655       0.229625       0.247302       0.265393       0.283627       0.301756       0.319548       0.336801       0.353338       0.369020       0.383747       0.397460       0.410149       0.421847       0.432615       0.442507       0.451520       0.459524       0.466230       0.471220       0.474056       0.474447       0.472463       0.468812       0.465247       0.465247
       0.463640       0.463640       0.467144       0.470695       0.472543       0.471972       0.468893       0.463573       0.456425       0.447847       0.438112       0.427341       0.415540       0.402659       0.388653       0.373507       0.357257       0.339987       0.321830       0.302959       0.283583       0.263936       0.244269       0.224842       0.205921       0.187780       0.170714       0.155062       0.141241       0.129772       0.121280       0.116420       0.115716       0.119369       0.127171       0.138609       0.153037       0.169817       0.188371       0.208188       0.228808       0.249811       0.270815       0.291474       0.311488       0.330610       0.348644       0.365454       0.380955       0.395111       0.407929       0.419445       0.429723       0.438842       0.446890       0.453963       0.460155       0.465557       0.470258       0.474339       0.477874       0.480931       0.483569       0.485844       0.487802       0.489486       0.490931       0.492169       0.493228       0.494131       0.494899       0.495549       0.496097       0.496553       0.496930       0.497234       0.497475       0.497656       0.497783       0.497858       0.497883       0.497858       0.497783       0.497656       0.497475       0.497234       0.496930       0.496553       0.496097       0.495549       0.494899       0.494131       0.493228       0.492169       0.490931       0.489486       0.487802       0.485844       0.483569       0.480931       0.477874       0.474339       0.470258       0.465557       0.460155       0.453963       0.446890       0.438842       0.429723       0.419445       0.407929       0.395111       0.380955       0.365454       0.348644       0.330610       0.311488       0.291474       0.270815       0.249811       0.228808       0.208188       0.188371       0.169817       0.153037       0.138609       0.127171       0.119369       0.115716       0.116420       0.121280       0.129772       0.141241       0.155062       0.170714       0.187780       0.205921       0.224842       0.244269       0.263936       0.283583       0.302959       0.321830       0.339987       0.357257       0.373507       0.388653       0.402659       0.415540       0.427341       0.438112       0.447847       0.456425       0.463573       0.468893       0.471972       0.472543       0.470695       0.467144       0.463640       0.463640
       0.461280       0.461280       0.464731       0.468203       0.469949       0.469241       0.465969       0.460369       0.452826       0.443713       0.433286       0.421659       0.408837       0.394783       0.379465       0.362896       0.345138       0.326312       0.306591       0.286190       0.265358       0.244367       0.223493       0.203005       0.183156       0.164184       0.146325       0.129851       0.115115       0.102631       0.093117       0.087459       0.086458       0.090437       0.099062       0.111575       0.127148       0.145073       0.164780       0.185789       0.207672       0.230024       0.252457       0.274608       0.296148       0.316795       0.336320       0.354556       0.371397       0.386789       0.400730       0.413253       0.424423       0.434324       0.443053       0.450713       0.457409       0.463242       0.468309       0.472700       0.476496       0.479774       0.482598       0.485029       0.487118       0.488910       0.490447       0.491762       0.492885       0.493841       0.494654       0.495341       0.495918       0.496399       0.496796       0.497117       0.497370       0.497561       0.497694       0.497773       0.497799       0.497773       0.497694       0.497561       0.497370       0.497117       0.496796       0.496399       0.495918       0.495341       0.494654       0.493841       0.492885       0.491762       0.490447       0.488910       0.487118       0.485029       0.482598       0.479774       0.476496       0.472700       0.468309       0.463242       0.457409       0.450713       0.443053       0.434324       0.424423       0.413253       0.400730       0.386789       0.371397       0.354556       0.336320       0.316795       0.296148       0.274608       0.252457       0.230024       0.207672       0.185789       0.164780       0.145073       0.127148       0.111575       0.099062       0.090437       0.086458       0.087459       0.093117       0.102631       0.115115       0.129851       0.146325       0.164184       0.183156       0.203005       0.223493       0.244367       0.265358       0.286190       0.306591       0.326312       0.345138       0.362896       0.379465       0.394783       0.408837       0.421659       0.433286       0.443713       0.452826       0.460369       0.465969       0.469241       0.469949       0.468203       0.464731       0.461280       0.461280
       0.457845       0.457845       0.461264       0.464700       0.466410       0.465649       0.462275       0.456488       0.448638       0.439067       0.428013       0.415581       0.401781       0.386588       0.369992       0.352032       0.332810       0.312489       0.291288       0.269476       0.247354       0.225237       0.203431       0.182216       0.161828       0.142453       0.124248       0.107368       0.092044       0.078694       0.068078       0.061390       0.059959       0.064367       0.073967       0.087544       0.104054       0.122783       0.143244       0.165046       0.187823       0.211202       0.234799       0.258232       0.281136       0.303190       0.324123       0.343731       0.361877       0.378486       0.393540       0.407066       0.419127       0.429812       0.439224       0.447474       0.454675       0.460940       0.466374       0.471075       0.475133       0.478630       0.481640       0.484225       0.486444       0.488345       0.489973       0.491363       0.492549       0.493558       0.494414       0.495137       0.495744       0.496250       0.496666       0.497003       0.497268       0.497468       0.497608       0.497690       0.497717       0.497690       0.497608       0.497468       0.497268       0.497003       0.496666       0.496250       0.495744       0.495137       0.494414       0.493558       0.492549       0.491363       0.489973       0.488345       0.486444       0.484225       0.481640       0.478630       0.475133       0.471075       0.466374       0.460940       0.454675       0.447474       0.439224       0.429812       0.419127       0.407066       0.393540       0.378486       0.361877       0.343731       0.324123       0.303190       0.281136       0.258232       0.234799       0.211202       0.187823       0.165046       0.143244       0.122783       0.104054       0.087544       0.073967       0.064367       0.059959       0.061390       0.068078       0.078694       0.092044       0.107368       0.124248       0.142453       0.161828       0.182216       0.203431       0.225237       0.247354       0.269476       0.291288       0.312489       0.332810       0.352032       0.369992       0.386588       0.401781       0.415581       0.428013       0.439067       0.448638       0.456488       0.462275       0.465649       0.466410       0.464700       0.461264       0.457845       0.457845
       0.452888       0.452888       0.456311       0.459790       0.461581       0.460910       0.457593       0.451776       0.443762       0.433859       0.422284       0.409136       0.394432       0.378162       0.360345       0.341055       0.320435       0.298701       0.276129       0.253049       0.229822       0.206816       0.184377       0.162799       0.142298       0.123009       0.104988       0.088248       0.072832       0.058941       0.047189       0.039057       0.036939       0.042079       0.052952       0.067506       0.084573       0.103604       0.124297       0.146402       0.169638       0.193674       0.218129       0.242597       0.266674       0.289988       0.312221       0.333123       0.352519       0.370307       0.386448       0.400959       0.413900       0.425360       0.435448       0.444282       0.451985       0.458677       0.464474       0.469481       0.473798       0.477513       0.480704       0.483442       0.485789       0.487796       0.489513       0.490977       0.492224       0.493285       0.494183       0.494941       0.495577       0.496106       0.496542       0.496894       0.497171       0.497379       0.497525       0.497611       0.497640       0.497611       0.497525       0.497379       0.497171       0.496894       0.496542       0.496106       0.495577       0.494941       0.494183       0.493285       0.492224       0.490977       0.489513       0.487796       0.485789       0.483442       0.480704       0.477513       0.473798       0.469481       0.464474       0.458677       0.451985       0.444282       0.435448       0.425360       0.413900       0.400959       0.386448       0.370307       0.352519       0.333123       0.312221       0.289988       0.266674       0.242597       0.218129       0.193674       0.169638       0.146402       0.124297       0.103604       0.084573       0.067506       0.052952       0.042079       0.036939       0.039057       0.047189       0.058941       0.072832       0.088248       0.104988       0.123009       0.142298       0.162799       0.184377       0.206816       0.229822       0.253049       0.276129       0.298701       0.320435       0.341055       0.360345       0.378162       0.394432       0.409136       0.422284       0.433859       0.443762       0.451776       0.457593       0.460910       0.461581       0.459790       0.456311       0.452888       0.452888
       0.445790       0.445790       0.449285       0.452941       0.455004       0.454661       0.451655       0.446055       0.438098       0.428050       0.416109       0.402372       0.386868       0.369613       0.350657       0.330117       0.308187       0.285139       0.261316       0.237118       0.212974       0.189314       0.166531       0.144939       0.124745       0.106031       0.088758       0.072796       0.057981       0.044202       0.031619       0.021409       0.017911       0.024704       0.037202       0.052303       0.069253       0.087909       0.108224       0.130102       0.153347       0.177661       0.202660       0.227906       0.252950       0.277364       0.300772       0.322873       0.343448       0.362359       0.379546       0.395012       0.408808       0.421024       0.431772       0.441177       0.449371       0.456481       0.462632       0.467939       0.472508       0.476434       0.479803       0.482689       0.485158       0.487269       0.489071       0.490607       0.491914       0.493023       0.493963       0.494754       0.495418       0.495970       0.496424       0.496790       0.497078       0.497295       0.497447       0.497536       0.497566       0.497536       0.497447       0.497295       0.497078       0.496790       0.496424       0.495970       0.495418       0.494754       0.493963       0.493023       0.491914       0.490607       0.489071       0.487269       0.485158       0.482689       0.479803       0.476434       0.472508       0.467939       0.462632       0.456481       0.449371       0.441177       0.431772       0.421024       0.408808       0.395012       0.379546       0.362359       0.343448       0.322873       0.300772       0.277364       0.252950       0.227906       0.202660       0.177661       0.153347       0.130102       0.108224       0.087909       0.069253       0.052303       0.037202       0.024704       0.017911       0.021409       0.031619       0.044202       0.057981       0.072796       0.088758       0.106031       0.124745       0.144939       0.166531       0.189314       0.212974       0.237118       0.261316       0.285139       0.308187       0.330117       0.350657       0.369613       0.386868       0.402372       0.416109       0.428050       0.438098       0.446055       0.451655       0.454661       0.455004       0.452941       0.449285       0.445790       0.445790
       0.435720       0.435720       0.439393       0.443440       0.446085       0.446443       0.444151       0.439143       0.431563       0.421628       0.409525       0.395362       0.379194       0.361069       0.341079       0.319389       0.296249       0.271996       0.247046       0.221871       0.196980       0.172869       0.149985       0.128673       0.109138       0.091421       0.075406       0.060850       0.047434       0.034820       0.022698       0.010872       0.003389       0.014626       0.027865       0.042284       0.058132       0.075650       0.094986       0.116150       0.139000       0.163255       0.188514       0.214303       0.240118       0.265469       0.289922       0.313116       0.334784       0.354752       0.372930       0.389306       0.403921       0.416863       0.428246       0.438201       0.446867       0.454380       0.460872       0.466467       0.471278       0.475407       0.478945       0.481973       0.484561       0.486770       0.488654       0.490257       0.491621       0.492777       0.493755       0.494579       0.495268       0.495842       0.496313       0.496693       0.496992       0.497217       0.497374       0.497467       0.497497       0.497467       0.497374       0.497217       0.496992       0.496693       0.496313       0.495842       0.495268       0.494579       0.493755       0.492777       0.491621       0.490257       0.488654       0.486770       0.484561       0.481973       0.478945       0.475407       0.471278       0.466467       0.460872       0.454380       0.446867       0.438201       0.428246       0.416863       0.403921       0.389306       0.372930       0.354752       0.334784       0.313116       0.289922       0.265469       0.240118       0.214303       0.188514       0.163255       0.139000       0.116150       0.094986       0.075650       0.058132       0.042284       0.027865       0.014626       0.003389       0.010872       0.022698       0.034820       0.047434       0.060850       0.075406       0.091421       0.109138       0.128673       0.149985       0.172869       0.196980       0.221871       0.247046       0.271996       0.296249       0.319389       0.341079       0.361069       0.379194       0.395362       0.409525       0.421628       0.431563       0.439143       0.444151       0.446443       0.446085       0.443440       0.439393       0.435720       0.435720
       0.421589       0.421589       0.425610       0.430371       0.434061       0.435699       0.434747       0.430886       0.424118       0.414627       0.402612       0.388219       0.371544       0.352682       0.331777       0.309049       0.284810       0.259465       0.233504       0.207478       0.181972       0.157559       0.134742       0.113908       0.095267       0.078837       0.064438       0.051748       0.040377       0.029959       0.020273       0.011641       0.007866       0.014311       0.024640       0.036721       0.050532       0.066303       0.084216       0.104317       0.126486       0.150434       0.175736       0.201874       0.228290       0.254431       0.279799       0.303976       0.326644       0.347589       0.366693       0.383921       0.399308       0.412935       0.424919       0.435395       0.444507       0.452401       0.459216       0.465084       0.470123       0.474444       0.478142       0.481303       0.484002       0.486304       0.488264       0.489932       0.491348       0.492548       0.493562       0.494416       0.495130       0.495723       0.496210       0.496603       0.496912       0.497144       0.497307       0.497402       0.497434       0.497402       0.497307       0.497144       0.496912       0.496603       0.496210       0.495723       0.495130       0.494416       0.493562       0.492548       0.491348       0.489932       0.488264       0.486304       0.484002       0.481303       0.478142       0.474444       0.470123       0.465084       0.459216       0.452401       0.444507       0.435395       0.424919       0.412935       0.399308       0.383921       0.366693       0.347589       0.326644       0.303976       0.279799       0.254431       0.228290       0.201874       0.175736       0.150434       0.126486       0.104317       0.084216       0.066303       0.050532       0.036721       0.024640       0.014311       0.007866       0.011641       0.020273       0.029959       0.040377       0.051748       0.064438       0.078837       0.095267       0.113908       0.134742       0.157559       0.181972       0.207478       0.233504       0.259465       0.284810       0.309049       0.331777       0.352682       0.371544       0.388219       0.402612       0.414627       0.424118       0.430886       0.434747       0.435699       0.434061       0.430371       0.425610       0.421589       0.421589
       0.402069       0.402069       0.406674       0.412603       0.417992       0.421768       0.423155       0.421229       0.415829       0.407164       0.395512       0.381094       0.364078       0.344623       0.322932       0.299287       0.274065       0.247740       0.220873       0.194095       0.168065       0.143428       0.120753       0.100472       0.082816       0.067787       0.055154       0.044521       0.035444       0.027585       0.020908       0.016025       0.014592       0.017797       0.024554       0.033764       0.045197       0.058991       0.075314       0.094218       0.115578       0.139094       0.164310       0.190667       0.217552       0.244357       0.270521       0.295571       0.319140       0.340973       0.360924       0.378938       0.395037       0.409299       0.421840       0.432799       0.442327       0.450575       0.457689       0.463809       0.469060       0.473558       0.477404       0.480689       0.483490       0.485877       0.487908       0.489634       0.491099       0.492339       0.493386       0.494267       0.495004       0.495615       0.496117       0.496521       0.496839       0.497079       0.497245       0.497344       0.497376       0.497344       0.497245       0.497079       0.496839       0.496521       0.496117       0.495615       0.495004       0.494267       0.493386       0.492339       0.491099       0.489634       0.487908       0.485877       0.483490       0.480689       0.477404       0.473558       0.469060       0.463809       0.457689       0.450575       0.442327       0.432799       0.421840       0.409299       0.395037       0.378938       0.360924       0.340973       0.319140       0.295571       0.270521       0.244357       0.217552       0.190667       0.164310       0.139094       0.115578       0.094218       0.075314       0.058991       0.045197       0.033764       0.024554       0.017797       0.014592       0.016025       0.020908       0.027585       0.035444       0.044521       0.055154       0.067787       0.082816       0.100472       0.120753       0.143428       0.168065       0.194095       0.220873       0.247740       0.274065       0.299287       0.322932       0.344623       0.364078       0.381094       0.395512       0.407164       0.415829       0.421229       0.423155       0.421768       0.417992       0.412603       0.406674       0.402069       0.402069
       0.375719       0.375719       0.381205       0.388843       0.396738       0.403849       0.409298       0.410364       0.406941       0.399476       0.388440       0.374189       0.356989       0.337081       0.314735       0.290298       0.264211       0.237014       0.209338       0.181880       0.155371       0.130523       0.107966       0.088187       0.071453       0.057766       0.046851       0.038217       0.031317       0.025743       0.021404       0.018620       0.018013       0.020013       0.024546       0.031444       0.040777       0.052773       0.067635       0.085427       0.106024       0.129108       0.154202       0.180710       0.207976       0.235341       0.262193       0.288009       0.312376       0.335002       0.355713       0.374434       0.391176       0.406012       0.419058       0.430455       0.440359       0.448927       0.456313       0.462661       0.468104       0.472762       0.476742       0.480137       0.483031       0.485495       0.487589       0.489368       0.490877       0.492153       0.493230       0.494135       0.494892       0.495519       0.496034       0.496449       0.496775       0.497020       0.497191       0.497292       0.497325       0.497292       0.497191       0.497020       0.496775       0.496449       0.496034       0.495519       0.494892       0.494135       0.493230       0.492153       0.490877       0.489368       0.487589       0.485495       0.483031       0.480137       0.476742       0.472762       0.468104       0.462661       0.456313       0.448927       0.440359       0.430455       0.419058       0.406012       0.391176       0.374434       0.355713       0.335002       0.312376       0.288009       0.262193       0.235341       0.207976       0.180710       0.154202       0.129108       0.106024       0.085427       0.067635       0.052773       0.040777       0.031444       0.024546       0.020013       0.018013       0.018620       0.021404       0.025743       0.031317       0.038217       0.046851       0.057766       0.071453       0.088187       0.107966       0.130523       0.155371       0.181880       0.209338       0.237014       0.264211       0.290298       0.314735       0.337081       0.356989       0.374189       0.388440       0.399476       0.406941       0.410364       0.409298       0.403849       0.396738       0.388843       0.381205       0.375719       0.375719
       0.341412       0.341412       0.348049       0.357854       0.368951       0.380691       0.393828       0.398967       0.397958       0.391937       0.381686       0.367743       0.350490       0.330255       0.307380       0.282276       0.255445       0.227485       0.199087       0.171007       0.144031       0.118928       0.096382       0.076938       0.060922       0.048373       0.038991       0.032170       0.027184       0.023451       0.020718       0.019066       0.018765       0.020089       0.023257       0.028538       0.036300       0.046922       0.060667       0.077612       0.097627       0.120386       0.145395       0.172039       0.199631       0.227475       0.254917       0.281393       0.306451       0.329767       0.351140       0.370481       0.387787       0.403127       0.416616       0.428399       0.438633       0.447483       0.455108       0.461657       0.467268       0.472067       0.476164       0.479657       0.482631       0.485162       0.487312       0.489137       0.490683       0.491991       0.493094       0.494020       0.494794       0.495436       0.495962       0.496386       0.496720       0.496970       0.497145       0.497248       0.497282       0.497248       0.497145       0.496970       0.496720       0.496386       0.495962       0.495436       0.494794       0.494020       0.493094       0.491991       0.490683       0.489137       0.487312       0.485162       0.482631       0.479657       0.476164       0.472067       0.467268       0.461657       0.455108       0.447483       0.438633       0.428399       0.416616       0.403127       0.387787       0.370481       0.351140       0.329767       0.306451       0.281393       0.254917       0.227475       0.199631       0.172039       0.145395       0.120386       0.097627       0.077612       0.060667       0.046922       0.036300       0.028538       0.023257       0.020089       0.018765       0.019066       0.020718       0.023451       0.027184       0.032170       0.038991       0.048373       0.060922       0.076938       0.096382       0.118928       0.144031       0.171007       0.199087       0.227485       0.255445       0.282276       0.307380       0.330255       0.350490       0.367743       0.381686       0.391937       0.397958       0.398967       0.393828       0.380691       0.368951       0.357854       0.348049       0.341412       0.341412
       0.313425       0.313425       0.321235       0.333191       0.347254       0.362691       0.380051       0.388423       0.389623       0.385017       0.375588       0.362018       0.344801       0.324344       0.301057       0.275409       0.247955       0.219345       0.190316       0.161668       0.134228       0.108797       0.086103       0.066741       0.051118       0.039373       0.031259       0.026064       0.022790       0.020574       0.018970       0.017925       0.017611       0.018320       0.020463       0.024594       0.031308       0.041075       0.054163       0.070624       0.090318       0.112915       0.137922       0.164717       0.192600       0.220852       0.248790       0.275819       0.301456       0.325351       0.347283       0.367145       0.384927       0.400693       0.414557       0.426665       0.437179       0.446268       0.454094       0.460812       0.466566       0.471483       0.475678       0.479253       0.482296       0.484883       0.487080       0.488944       0.490522       0.491856       0.492980       0.493924       0.494713       0.495367       0.495903       0.496334       0.496673       0.496928       0.497106       0.497210       0.497245       0.497210       0.497106       0.496928       0.496673       0.496334       0.495903       0.495367       0.494713       0.493924       0.492980       0.491856       0.490522       0.488944       0.487080       0.484883       0.482296       0.479253       0.475678       0.471483       0.466566       0.460812       0.454094       0.446268       0.437179       0.426665       0.414557       0.400693       0.384927       0.367145       0.347283       0.325351       0.301456       0.275819       0.248790       0.220852       0.192600       0.164717       0.137922       0.112915       0.090318       0.070624       0.054163       0.041075       0.031308       0.024594       0.020463       0.018320       0.017611       0.017925       0.018970       0.020574       0.022790       0.026064       0.031259       0.039373       0.051118       0.066741       0.086103       0.108797       0.134228       0.161668       0.190316       0.219345       0.247955       0.275409       0.301057       0.324344       0.344801       0.362018       0.375588       0.385017       0.389623       0.388423       0.380051       0.362691       0.347254       0.333191       0.321235       0.313425       0.313425
       0.291253       0.291253       0.300127       0.313987       0.330524       0.348745       0.368838       0.379581       0.382558       0.379161       0.370470       0.357268       0.340130       0.319530       0.295937       0.269867       0.241918       0.212780       0.183224       0.154078       0.126190       0.100374       0.077370       0.057799       0.042146       0.030729       0.023535       0.019856       0.018266       0.017432       0.016695       0.015943       0.015345       0.015277       0.016404       0.019644       0.025793       0.035263       0.048188       0.064548       0.084186       0.106786       0.131873       0.158836       0.186977       0.215566       0.243905       0.271376       0.297474       0.321831       0.344207       0.364485       0.382647       0.398753       0.412916       0.425284       0.436021       0.445300       0.453287       0.460141       0.466007       0.471019       0.475293       0.478933       0.482030       0.484662       0.486896       0.488790       0.490394       0.491749       0.492890       0.493849       0.494649       0.495312       0.495855       0.496293       0.496637       0.496895       0.497075       0.497181       0.497216       0.497181       0.497075       0.496895       0.496637       0.496293       0.495855       0.495312       0.494649       0.493849       0.492890       0.491749       0.490394       0.488790       0.486896       0.484662       0.482030       0.478933       0.475293       0.471019       0.466007       0.460141       0.453287       0.445300       0.436021       0.425284       0.412916       0.398753       0.382647       0.364485       0.344207       0.321831       0.297474       0.271376       0.243905       0.215566       0.186977       0.158836       0.131873       0.106786       0.084186       0.064548       0.048188       0.035263       0.025793       0.019644       0.016404       0.015277       0.015345       0.015943       0.016695       0.017432       0.018266       0.019856       0.023535       0.030729       0.042146       0.057799       0.077370       0.100374       0.126190       0.154078       0.183224       0.212780       0.241918       0.269867       0.295937       0.319530       0.340130       0.357268       0.370470       0.379161       0.382558       0.379581       0.368838       0.348745       0.330524       0.313987       0.300127       0.291253       0.291253
       0.274956       0.274956       0.284689       0.300047       0.318454       0.338653       0.360566       0.372947       0.377210       0.374723       0.366609       0.353709       0.336655       0.315971       0.292167       0.265795       0.237485       0.207954       0.177996       0.148453       0.120178       0.093978       0.070573       0.050559       0.034428       0.022665       0.015825       0.013674       0.013979       0.014530       0.014513       0.013856       0.012747       0.011611       0.011464       0.013977       0.020149       0.029922       0.043129       0.059687       0.079461       0.102174       0.127387       0.154512       0.182863       0.211709       0.240345       0.268140       0.294576       0.319268       0.341968       0.362548       0.380987       0.397341       0.411722       0.424279       0.435179       0.444596       0.452700       0.459653       0.465602       0.470682       0.475013       0.478701       0.481838       0.484502       0.486763       0.488679       0.490301       0.491671       0.492825       0.493794       0.494603       0.495273       0.495821       0.496263       0.496610       0.496871       0.497053       0.497160       0.497195       0.497160       0.497053       0.496871       0.496610       0.496263       0.495821       0.495273       0.494603       0.493794       0.492825       0.491671       0.490301       0.488679       0.486763       0.484502       0.481838       0.478701       0.475013       0.470682       0.465602       0.459653       0.452700       0.444596       0.435179       0.424279       0.411722       0.397341       0.380987       0.362548       0.341968       0.319268       0.294576       0.268140       0.240345       0.211709       0.182863       0.154512       0.127387       0.102174       0.079461       0.059687       0.043129       0.029922       0.020149       0.013977       0.011464       0.011611       0.012747       0.013856       0.014513       0.014530       0.013979       0.013674       0.015825       0.022665       0.034428       0.050559       0.070573       0.093978       0.120178       0.148453       0.177996       0.207954       0.237485       0.265795       0.292167       0.315971       0.336655       0.353709       0.366609       0.374723       0.377210       0.372947       0.360566       0.338653       0.318454       0.300047       0.284689       0.274956       0.274956
       0.264906       0.264906       0.275203       0.291527       0.311106       0.332505       0.355487       0.368841       0.373882       0.371958       0.364208       0.351506       0.334514       0.313786       0.289858       0.263305       0.234775       0.205001       0.174789       0.144987       0.116444       0.089953       0.066197       0.045706       0.028856       0.016004       0.008257       0.007878       0.010575       0.012432       0.012960       0.012295       0.010615       0.008162       0.006065       0.008174       0.015338       0.025921       0.039629       0.056487       0.076447       0.099290       0.124615       0.151861       0.180350       0.209359       0.238179       0.266172       0.292813       0.317710       0.340607       0.361372       0.379979       0.396483       0.410996       0.423668       0.434668       0.444169       0.452345       0.459357       0.465356       0.470478       0.474844       0.478561       0.481721       0.484405       0.486682       0.488612       0.490245       0.491625       0.492786       0.493761       0.494575       0.495249       0.495801       0.496245       0.496594       0.496857       0.497040       0.497147       0.497183       0.497147       0.497040       0.496857       0.496594       0.496245       0.495801       0.495249       0.494575       0.493761       0.492786       0.491625       0.490245       0.488612       0.486682       0.484405       0.481721       0.478561       0.474844       0.470478       0.465356       0.459357       0.452345       0.444169       0.434668       0.423668       0.410996       0.396483       0.379979       0.361372       0.340607       0.317710       0.292813       0.266172       0.238179       0.209359       0.180350       0.151861       0.124615       0.099290       0.076447       0.056487       0.039629       0.025921       0.015338       0.008174       0.006065       0.008162       0.010615       0.012295       0.012960       0.012432       0.010575       0.007878       0.008257       0.016004       0.028856       0.045706       0.066197       0.089953       0.116444       0.144987       0.174789       0.205001       0.234775       0.263305       0.289858       0.313786       0.334514       0.351506       0.364208       0.371958       0.373882       0.368841       0.355487       0.332505       0.311106       0.291527       0.275203       0.264906       0.264906
       0.261501       0.261501       0.271994       0.288653       0.308633       0.330436       0.353774       0.367451       0.372753       0.371019       0.363394       0.350760       0.333790       0.313050       0.289081       0.262467       0.233863       0.204007       0.173707       0.143815       0.115176       0.088575       0.064678       0.043975       0.026748       0.013053       0.002736       0.004527       0.009169       0.011654       0.012400       0.011717       0.009763       0.006524       0.001823       0.004645       0.013255       0.024388       0.038361       0.055363       0.075407       0.098306       0.123677       0.150966       0.179505       0.208570       0.237452       0.265512       0.292222       0.317188       0.340150       0.360977       0.379640       0.396195       0.410753       0.423464       0.434496       0.444026       0.452225       0.459257       0.465273       0.470409       0.474787       0.478514       0.481682       0.484372       0.486655       0.488590       0.490227       0.491609       0.492773       0.493750       0.494565       0.495241       0.495794       0.496239       0.496589       0.496852       0.497035       0.497143       0.497179       0.497143       0.497035       0.496852       0.496589       0.496239       0.495794       0.495241       0.494565       0.493750       0.492773       0.491609       0.490227       0.488590       0.486655       0.484372       0.481682       0.478514       0.474787       0.470409       0.465273       0.459257       0.452225       0.444026       0.434496       0.423464       0.410753       0.396195       0.379640       0.360977       0.340150       0.317188       0.292222       0.265512       0.237452       0.208570       0.179505       0.150966       0.123677       0.098306       0.075407       0.055363       0.038361       0.024388       0.013255       0.004645       0.001823       0.006524       0.009763       0.011717       0.012400       0.011654       0.009169       0.004527       0.002736       0.013053       0.026748       0.043975       0.064678       0.088575       0.115176       0.143815       0.173707       0.204007       0.233863       0.262467       0.289081       0.313050       0.333790       0.350760       0.363394       0.371019       0.372753       0.367451       0.353774       0.330436       0.308633       0.288653       0.271994       0.261501       0.261501
       0.264906       0.264906       0.275203       0.291527       0.311106       0.332505       0.355487       0.368841       0.373882       0.371958       0.364208       0.351506       0.334514       0.313786       0.289858       0.263305       0.234775       0.205001       0.174789       0.144987       0.116444       0.089953       0.066197       0.045706       0.028856       0.016004       0.008257       0.007878       0.010575       0.012432       0.012960       0.012295       0.010615       0.008162       0.006065       0.008174       0.015338       0.025921       0.039629       0.056487       0.076447       0.099290       0.124615       0.151861       0.180350       0.209359       0.238179       0.266172       0.292813       0.317710       0.340607       0.361372       0.379979       0.396483       0.410996       0.423668       0.434668       0.444169       0.452345       0.459357       0.465356       0.470478       0.474844       0.478561       0.481721       0.484405       0.486682       0.488612       0.490245       0.491625       0.492786       0.493761       0.494575       0.495249       0.495801       0.496245       0.496594       0.496857       0.497040       0.497147       0.497183       0.497147       0.497040       0.496857       0.496594       0.496245       0.495801       0.495249       0.494575       0.493761       0.492786       0.491625       0.490245       0.488612       0.486682       0.484405       0.481721       0.478561       0.474844       0.470478       0.465356       0.459357       0.452345       0.444169       0.434668       0.423668       0.410996       0.396483       0.379979       0.361372       0.340607       0.317710       0.292813       0.266172       0.238179       0.209359       0.180350       0.151861       0.124615       0.099290       0.076447       0.056487       0.039629       0.025921       0.015338       0.008174       0.006065       0.008162       0.010615       0.012295       0.012960       0.012432       0.010575       0.007878       0.008257       0.016004       0.028856       0.045706       0.066197       0.089953       0.116444       0.144987       0.174789       0.205001       0.234775       0.263305       0.289858       0.313786       0.334514       0.351506       0.364208       0.371958       0.373882       0.368841       0.355487       0.332505       0.311106       0.291527       0.275203       0.264906       0.264906
       0.274956       0.274956       0.284689       0.300047       0.318454       0.338653       0.360566       0.372947       0.377210       0.374723       0.366609       0.353709       0.336655       0.315971       0.292167       0.265795       0.237485       0.207954       0.177996       0.148453       0.120178       0.093978       0.070573       0.050559       0.034428       0.022665       0.015825       0.013674       0.013979       0.014530       0.014513       0.013856       0.012747       0.011611       0.011464       0.013977       0.020149       0.029922       0.043129       0.059687       0.079461       0.102174       0.127387       0.154512       0.182863       0.211709       0.240345       0.268140       0.294576       0.319268       0.341968       0.362548       0.380987       0.397341       0.411722       0.424279       0.435179       0.444596       0.452700       0.459653       0.465602       0.470682       0.475013       0.478701       0.481838       0.484502       0.486763       0.488679       0.490301       0.491671       0.492825       0.493794       0.494603       0.495273       0.495821       0.496263       0.496610       0.496871       0.497053       0.497160       0.497195       0.497160       0.497053       0.496871       0.496610       0.496263       0.495821       0.495273       0.494603       0.493794       0.492825       0.491671       0.490301       0.488679       0.486763       0.484502       0.481838       0.478701       0.475013       0.470682       0.465602       0.459653       0.452700       0.444596       0.435179       0.424279       0.411722       0.397341       0.380987       0.362548       0.341968       0.319268       0.294576       0.268140       0.240345       0.211709       0.182863       0.154512       0.127387       0.102174       0.079461       0.059687       0.043129       0.029922       0.020149       0.013977       0.011464       0.011611       0.012747       0.013856       0.014513       0.014530       0.013979       0.013674       0.015825       0.022665       0.034428       0.050559       0.070573       0.093978       0.120178       0.148453       0.177996       0.207954       0.237485       0.265795       0.292167       0.315971       0.336655       0.353709       0.366609       0.374723       0.377210       0.372947       0.360566       0.338653       0.318454       0.300047       0.284689       0.274956       0.274956
       0.291253       0.291253       0.300127       0.313987       0.330524       0.348745       0.368838       0.379581       0.382558       0.379161       0.370470       0.357268       0.340130       0.319530       0.295937       0.269867       0.241918       0.212780       0.183224       0.154078       0.126190       0.100374       0.077370       0.057799       0.042146       0.030729       0.023535       0.019856       0.018266       0.017432       0.016695       0.015943       0.015345       0.015277       0.016404       0.019644       0.025793       0.035263       0.048188       0.064548       0.084186       0.106786       0.131873       0.158836       0.186977       0.215566       0.243905       0.271376       0.297474       0.321831       0.344207       0.364485       0.382647       0.398753       0.412916       0.425284       0.436021       0.445300       0.453287       0.460141       0.466007       0.471019       0.475293       0.478933       0.482030       0.484662       0.486896       0.488790       0.490394       0.491749       0.492890       0.493849       0.494649       0.495312       0.495855       0.496293       0.496637       0.496895       0.497075       0.497181       0.497216       0.497181       0.497075       0.496895       0.496637       0.496293       0.495855       0.495312       0.494649       0.493849       0.492890       0.491749       0.490394       0.488790       0.486896       0.484662       0.482030       0.478933       0.475293       0.471019       0.466007       0.460141       0.453287       0.445300       0.436021       0.425284       0.412916       0.398753       0.382647       0.364485       0.344207       0.321831       0.297474       0.271376       0.243905       0.215566       0.186977       0.158836       0.131873       0.106786       0.084186       0.064548       0.048188       0.035263       0.025793       0.019644       0.016404       0.015277       0.015345       0.015943       0.016695       0.017432       0.018266       0.019856       0.023535       0.030729       0.042146       0.057799       0.077370       0.100374       0.126190       0.154078       0.183224       0.212780       0.241918       0.269867       0.295937       0.319530       0.340130       0.357268       0.370470       0.379161       0.382558       0.379581       0.368838       0.348745       0.330524       0.313987       0.300127       0.291253       0.291253
       0.313425       0.313425       0.321235       0.333191       0.347254       0.362691       0.380051       0.388423       0.389623       0.385017       0.375588       0.362018       0.344801       0.324344       0.301057       0.275409       0.247955       0.219345       0.190316       0.161668       0.134228       0.108797       0.086103       0.066741       0.051118       0.039373       0.031259       0.026064       0.022790       0.020574       0.018970       0.017925       0.017611       0.018320       0.020463       0.024594       0.031308       0.041075       0.054163       0.070624       0.090318       0.112915       0.137922       0.164717       0.192600       0.220852       0.248790       0.275819       0.301456       0.325351       0.347283       0.367145       0.384927       0.400693       0.414557       0.426665       0.437179       0.446268       0.454094       0.460812       0.466566       0.471483       0.475678       0.479253       0.482296       0.484883       0.487080       0.488944       0.490522       0.491856       0.492980       0.493924       0.494713       0.495367       0.495903       0.496334       0.496673       0.496928       0.497106       0.497210       0.497245       0.497210       0.497106       0.496928       0.496673       0.496334       0.495903       0.495367       0.494713       0.493924       0.492980       0.491856       0.490522       0.488944       0.487080       0.484883       0.482296       0.479253       0.475678       0.471483       0.466566       0.460812       0.454094       0.446268       0.437179       0.426665       0.414557       0.400693       0.384927       0.367145       0.347283       0.325351       0.301456       0.275819       0.248790       0.220852       0.192600       0.164717       0.137922       0.112915       0.090318       0.070624       0.054163       0.041075       0.031308       0.024594       0.020463       0.018320       0.017611       0.017925       0.018970       0.020574       0.022790       0.026064       0.031259       0.039373       0.051118       0.066741       0.086103       0.108797       0.134228       0.161668       0.190316       0.219345       0.247955       0.275409       0.301057       0.324344       0.344801       0.362018       0.375588       0.385017       0.389623       0.388423       0.380051       0.362691       0.347254       0.333191       0.321235       0.313425       0.313425
       0.341412       0.341412       0.348049       0.357854       0.368951       0.380691       0.393828       0.398967       0.397958       0.391937       0.381686       0.367743       0.350490       0.330255       0.307380       0.282276       0.255445       0.227485       0.199087       0.171007       0.144031       0.118928       0.096382       0.076938       0.060922       0.048373       0.038991       0.032170       0.027184       0.023451       0.020718       0.019066       0.018765       0.020089       0.023257       0.028538       0.036300       0.046922       0.060667       0.077612       0.097627       0.120386       0.145395       0.172039       0.199631       0.227475       0.254917       0.281393       0.306451       0.329767       0.351140       0.370481       0.387787       0.403127       0.416616       0.428399       0.438633       0.447483       0.455108       0.461657       0.467268       0.472067       0.476164       0.479657       0.482631       0.485162       0.487312       0.489137       0.490683       0.491991       0.493094       0.494020       0.494794       0.495436       0.495962       0.496386       0.496720       0.496970       0.497145       0.497248       0.497282       0.497248       0.497145       0.496970       0.496720       0.496386       0.495962       0.495436       0.494794       0.494020       0.493094       0.491991       0.490683       0.489137       0.487312       0.485162       0.482631       0.479657       0.476164       0.472067       0.467268       0.461657       0.455108       0.447483       0.438633       0.428399       0.416616       0.403127       0.387787       0.370481       0.351140       0.329767       0.306451       0.281393       0.254917       0.227475       0.199631       0.172039       0.145395       0.120386       0.097627       0.077612       0.060667       0.046922       0.036300       0.028538       0.023257       0.020089       0.018765       0.019066       0.020718       0.023451       0.027184       0.032170       0.038991       0.048373       0.060922       0.076938       0.096382       0.118928       0.144031       0.171007       0.199087       0.227485       0.255445       0.282276       0.307380       0.330255       0.350490       0.367743       0.381686       0.391937       0.397958       0.398967       0.393828       0.380691       0.368951       0.357854       0.348049       0.341412       0.341412
       0.375719       0.375719       0.381205       0.388843       0.396738       0.403849       0.409298       0.410364       0.406941       0.399476       0.388440       0.374189       0.356989       0.337081       0.314735       0.290298       0.264211       0.237014       0.209338       0.181880       0.155371       0.130523       0.107966       0.088187       0.071453       0.057766       0.046851       0.038217       0.031317       0.025743       0.021404       0.018620       0.018013       0.020013       0.024546       0.031444       0.040777       0.052773       0.067635       0.085427       0.106024       0.129108       0.154202       0.180710       0.207976       0.235341       0.262193       0.288009       0.312376       0.335002       0.355713       0.374434       0.391176       0.406012       0.419058       0.430455       0.440359       0.448927       0.456313       0.462661       0.468104       0.472762       0.476742       0.480137       0.483031       0.485495       0.487589       0.489368       0.490877       0.492153       0.493230       0.494135       0.494892       0.495519       0.496034       0.496449       0.496775       0.497020       0.497191       0.497292       0.497325       0.497292       0.497191       0.497020       0.496775       0.496449       0.496034       0.495519       0.494892       0.494135       0.493230       0.492153       0.490877       0.489368       0.487589       0.485495       0.483031       0.480137       0.476742       0.472762       0.468104       0.462661       0.456313       0.448927       0.440359       0.430455       0.419058       0.406012       0.391176       0.374434       0.355713       0.335002       0.312376       0.288009       0.262193       0.235341       0.207976       0.180710       0.154202       0.129108       0.106024       0.085427       0.067635       0.052773       0.040777       0.031444       0.024546       0.020013       0.018013       0.018620       0.021404       0.025743       0.031317       0.038217       0.046851       0.057766       0.071453       0.088187       0.107966       0.130523       0.155371       0.181880       0.209338       0.237014       0.264211       0.290298       0.314735       0.337081       0.356989       0.374189       0.388440       0.399476       0.406941       0.410364       0.409298       0.403849       0.396738       0.388843       0.381205       0.375719       0.375719
       0.402069       0.402069       0.406674       0.412603       0.417992       0.421768       0.423155       0.421229       0.415829       0.407164       0.395512       0.381094       0.364078       0.344623       0.322932       0.299287       0.274065       0.247740       0.220873       0.194095       0.168065       0.143428       0.120753       0.100472       0.082816       0.067787       0.055154       0.044521       0.035444       0.027585       0.020908       0.016025       0.014592       0.017797       0.024554       0.033764       0.045197       0.058991       0.075314       0.094218       0.115578       0.139094       0.164310       0.190667       0.217552       0.244357       0.270521       0.295571       0.319140       0.340973       0.360924       0.378938       0.395037       0.409299       0.421840       0.432799       0.442327       0.450575       0.457689       0.463809       0.469060       0.473558       0.477404       0.480689       0.483490       0.485877       0.487908       0.489634       0.491099       0.492339       0.493386       0.494267       0.495004       0.495615       0.496117       0.496521       0.496839       0.497079       0.497245       0.497344       0.497376       0.497344       0.497245       0.497079       0.496839       0.496521       0.496117       0.495615       0.495004       0.494267       0.493386       0.492339       0.491099       0.489634       0.487908       0.485877       0.483490       0.480689       0.477404       0.473558       0.469060       0.463809       0.457689       0.450575       0.442327       0.432799       0.421840       0.409299       0.395037       0.378938       0.360924       0.340973       0.319140       0.295571       0.270521       0.244357       0.217552       0.190667       0.164310       0.139094       0.115578       0.094218       0.075314       0.058991       0.045197       0.033764       0.024554       0.017797       0.014592       0.016025       0.020908       0.027585       0.035444       0.044521       0.055154       0.067787       0.082816       0.100472       0.120753       0.143428       0.168065       0.194095       0.220873       0.247740       0.274065       0.299287       0.322932       0.344623       0.364078       0.381094       0.395512       0.407164       0.415829       0.421229       0.423155       0.421768       0.417992       0.412603       0.406674       0.402069       0.402069
       0.421589       0.421589       0.425610       0.430371       0.434061       0.435699       0.434747       0.430886       0.424118       0.414627       0.402612       0.388219       0.371544       0.352682       0.331777       0.309049       0.284810       0.259465       0.233504       0.207478       0.181972       0.157559       0.134742       0.113908       0.095267       0.078837       0.064438       0.051748       0.040377       0.029959       0.020273       0.011641       0.007866       0.014311       0.024640       0.036721       0.050532       0.066303       0.084216       0.104317       0.126486       0.150434       0.175736       0.201874       0.228290       0.254431       0.279799       0.303976       0.326644       0.347589       0.366693       0.383921       0.399308       0.412935       0.424919       0.435395       0.444507       0.452401       0.459216       0.465084       0.470123       0.474444       0.478142       0.481303       0.484002       0.486304       0.488264       0.489932       0.491348       0.492548       0.493562       0.494416       0.495130       0.495723       0.496210       0.496603       0.496912       0.497144       0.497307       0.497402       0.497434       0.497402       0.497307       0.497144       0.496912       0.496603       0.496210       0.495723       0.495130       0.494416       0.493562       0.492548       0.491348       0.489932       0.488264       0.486304       0.484002       0.481303       0.478142       0.474444       0.470123       0.465084       0.459216       0.452401       0.444507       0.435395       0.424919       0.412935       0.399308       0.383921       0.366693       0.347589       0.326644       0.303976       0.279799       0.254431       0.228290       0.201874       0.175736       0.150434       0.126486       0.104317       0.084216       0.066303       0.050532       0.036721       0.024640       0.014311       0.007866       0.011641       0.020273       0.029959       0.040377       0.051748       0.064438       0.078837       0.095267       0.113908       0.134742       0.157559       0.181972       0.207478       0.233504       0.259465       0.284810       0.309049       0.331777       0.352682       0.371544       0.388219       0.402612       0.414627       0.424118       0.430886       0.434747       0.435699       0.434061       0.430371       0.425610       0.421589       0.421589
       0.435720       0.435720       0.439393       0.443440       0.446085       0.446443       0.444151       0.439143       0.431563       0.421628       0.409525       0.395362       0.379194       0.361069       0.341079       0.319389       0.296249       0.271996       0.247046       0.221871       0.196980       0.172869       0.149985       0.128673       0.109138       0.091421       0.075406       0.060850       0.047434       0.034820       0.022698       0.010872       0.003389       0.014626       0.027865       0.042284       0.058132       0.075650       0.094986       0.116150       0.139000       0.163255       0.188514       0.214303       0.240118       0.265469       0.289922       0.313116       0.334784       0.354752       0.372930       0.389306       0.403921       0.416863       0.428246       0.438201       0.446867       0.454380       0.460872       0.466467       0.471278       0.475407       0.478945       0.481973       0.484561       0.486770       0.488654       0.490257       0.491621       0.492777       0.493755       0.494579       0.495268       0.495842       0.496313       0.496693       0.496992       0.497217       0.497374       0.497467       0.497497       0.497467       0.497374       0.497217       0.496992       0.496693       0.496313       0.495842       0.495268       0.494579       0.493755       0.492777       0.491621       0.490257       0.488654       0.486770       0.484561       0.481973       0.478945       0.475407       0.471278       0.466467       0.460872       0.454380       0.446867       0.438201       0.428246       0.416863       0.403921       0.389306       0.372930       0.354752       0.334784       0.313116       0.289922       0.265469       0.240118       0.214303       0.188514       0.163255       0.139000       0.116150       0.094986       0.075650       0.058132       0.042284       0.027865       0.014626       0.003389       0.010872       0.022698       0.034820       0.047434       0.060850       0.075406       0.091421       0.109138       0.128673       0.149985       0.172869       0.196980       0.221871       0.247046       0.271996       0.296249       0.319389       0.341079       0.361069       0.379194       0.395362       0.409525       0.421628       0.431563       0.439143       0.444151       0.446443       0.446085       0.443440       0.439393       0.435720       0.435720
       0.445790       0.445790       0.449285       0.452941       0.455004       0.454661       0.451655       0.446055       0.438098       0.428050       0.416109       0.402372       0.386868       0.369613       0.350657       0.330117       0.308187       0.285139       0.261316       0.237118       0.212974       0.189314       0.166531       0.144939       0.124745       0.106031       0.088758       0.072796       0.057981       0.044202       0.031619       0.021409       0.017911       0.024704       0.037202       0.052303       0.069253       0.087909       0.108224       0.130102       0.153347       0.177661       0.202660       0.227906       0.252950       0.277364       0.300772       0.322873       0.343448       0.362359       0.379546       0.395012       0.408808       0.421024       0.431772       0.441177       0.449371       0.456481       0.462632       0.467939       0.472508       0.476434       0.479803       0.482689       0.485158       0.487269       0.489071       0.490607       0.491914       0.493023       0.493963       0.494754       0.495418       0.495970       0.496424       0.496790       0.497078       0.497295       0.497447       0.497536       0.497566       0.497536       0.497447       0.497295       0.497078       0.496790       0.496424       0.495970       0.495418       0.494754       0.493963       0.493023       0.491914       0.490607       0.489071       0.487269       0.485158       0.482689       0.479803       0.476434       0.472508       0.467939       0.462632       0.456481       0.449371       0.441177       0.431772       0.421024       0.408808       0.395012       0.379546       0.362359       0.343448       0.322873       0.300772       0.277364       0.252950       0.227906       0.202660       0.177661       0.153347       0.130102       0.108224       0.087909       0.069253       0.052303       0.037202       0.024704       0.017911       0.021409       0.031619       0.044202       0.057981       0.072796       0.088758       0.106031       0.124745       0.144939       0.166531       0.189314       0.212974       0.237118       0.261316       0.285139       0.308187       0.330117       0.350657       0.369613       0.386868       0.402372       0.416109       0.428050       0.438098       0.446055       0.451655       0.454661       0.455004       0.452941       0.449285       0.445790       0.445790
       0.452888       0.452888       0.456311       0.459790       0.461581       0.460910       0.457593       0.451776       0.443762       0.433859       0.422284       0.409136       0.394432       0.378162       0.360345       0.341055       0.320435       0.298701       0.276129       0.253049       0.229822       0.206816       0.184377       0.162799       0.142298       0.123009       0.104988       0.088248       0.072832       0.058941       0.047189       0.039057       0.036939       0.042079       0.052952       0.067506       0.084573       0.103604       0.124297       0.146402       0.169638       0.193674       0.218129       0.242597       0.266674       0.289988       0.312221       0.333123       0.352519       0.370307       0.386448       0.400959       0.413900       0.425360       0.435448       0.444282       0.451985       0.458677       0.464474       0.469481       0.473798       0.477513       0.480704       0.483442       0.485789       0.487796       0.489513       0.490977       0.492224       0.493285       0.494183       0.494941       0.495577       0.496106       0.496542       0.496894       0.497171       0.497379       0.497525       0.497611       0.497640       0.497611       0.497525       0.497379       0.497171       0.496894       0.496542       0.496106       0.495577       0.494941       0.494183       0.493285       0.492224       0.490977       0.489513       0.487796       0.485789       0.483442       0.480704       0.477513       0.473798       0.469481       0.464474       0.458677       0.451985       0.444282       0.435448       0.425360       0.413900       0.400959       0.386448       0.370307       0.352519       0.333123       0.312221       0.289988       0.266674       0.242597       0.218129       0.193674       0.169638       0.146402       0.124297       0.103604       0.084573       0.067506       0.052952       0.042079       0.036939       0.039057       0.047189       0.058941       0.072832       0.088248       0.104988       0.123009       0.142298       0.162799       0.184377       0.206816       0.229822       0.253049       0.276129       0.298701       0.320435       0.341055       0.360345       0.378162       0.394432       0.409136       0.422284       0.433859       0.443762       0.451776       0.457593       0.460910       0.461581       0.459790       0.456311       0.452888       0.452888
       0.457845       0.457845       0.461264       0.464700       0.466410       0.465649       0.462275       0.456488       0.448638       0.439067       0.428013       0.415581       0.401781       0.386588       0.369992       0.352032       0.332810       0.312489       0.291288       0.269476       0.247354       0.225237       0.203431       0.182216       0.161828       0.142453       0.124248       0.107368       0.092044       0.078694       0.068078       0.061390       0.059959       0.064367       0.073967       0.087544       0.104054       0.122783       0.143244       0.165046       0.187823       0.211202       0.234799       0.258232       0.281136       0.303190       0.324123       0.343731       0.361877       0.378486       0.393540       0.407066       0.419127       0.429812       0.439224       0.447474       0.454675       0.460940       0.466374       0.471075       0.475133       0.478630       0.481640       0.484225       0.486444       0.488345       0.489973       0.491363       0.492549       0.493558       0.494414       0.495137       0.495744       0.496250       0.496666       0.497003       0.497268       0.497468       0.497608       0.497690       0.497717       0.497690       0.497608       0.497468       0.497268       0.497003       0.496666       0.496250       0.495744       0.495137       0.494414       0.493558       0.492549       0.491363       0.489973       0.488345       0.486444       0.484225       0.481640       0.478630       0.475133       0.471075       0.466374       0.460940       0.454675       0.447474       0.439224       0.429812       0.419127       0.407066       0.393540       0.378486       0.361877       0.343731       0.324123       0.303190       0.281136       0.258232       0.234799       0.211202       0.187823       0.165046       0.143244       0.122783       0.104054       0.087544       0.073967       0.064367       0.059959       0.061390       0.068078       0.078694       0.092044       0.107368       0.124248       0.142453       0.161828       0.182216       0.203431       0.225237       0.247354       0.269476       0.291288       0.312489       0.332810       0.352032       0.369992       0.386588       0.401781       0.415581       0.428013       0.439067       0.448638       0.456488       0.462275       0.465649       0.466410       0.464700       0.461264       0.457845       0.457845
       0.461280       0.461280       0.464731       0.468203       0.469949       0.469241       0.465969       0.460369       0.452826       0.443713       0.433286       0.421659       0.408837       0.394783       0.379465       0.362896       0.345138       0.326312       0.306591       0.286190       0.265358       0.244367       0.223493       0.203005       0.183156       0.164184       0.146325       0.129851       0.115115       0.102631       0.093117       0.087459       0.086458       0.090437       0.099062       0.111575       0.127148       0.145073       0.164780       0.185789       0.207672       0.230024       0.252457       0.274608       0.296148       0.316795       0.336320       0.354556       0.371397       0.386789       0.400730       0.413253       0.424423       0.434324       0.443053       0.450713       0.457409       0.463242       0.468309       0.472700       0.476496       0.479774       0.482598       0.485029       0.487118       0.488910       0.490447       0.491762       0.492885       0.493841       0.494654       0.495341       0.495918       0.496399       0.496796       0.497117       0.497370       0.497561       0.497694       0.497773       0.497799       0.497773       0.497694       0.497561       0.497370       0.497117       0.496796       0.496399       0.495918       0.495341       0.494654       0.493841       0.492885       0.491762       0.490447       0.488910       0.487118       0.485029       0.482598       0.479774       0.476496       0.472700       0.468309       0.463242       0.457409       0.450713       0.443053       0.434324       0.424423       0.413253       0.400730       0.386789       0.371397       0.354556       0.336320       0.316795       0.296148       0.274608       0.252457       0.230024       0.207672       0.185789       0.164780       0.145073       0.127148       0.111575       0.099062       0.090437       0.086458       0.087459       0.093117       0.102631       0.115115       0.129851       0.146325       0.164184       0.183156       0.203005       0.223493       0.244367       0.265358       0.286190       0.306591       0.326312       0.345138       0.362896       0.379465       0.394783       0.408837       0.421659       0.433286       0.443713       0.452826       0.460369       0.465969       0.469241       0.469949       0.468203       0.464731       0.461280       0.461280
       0.463640       0.463640       0.467144       0.470695       0.472543       0.471972       0.468893       0.463573       0.456425       0.447847       0.438112       0.427341       0.415540       0.402659       0.388653       0.373507       0.357257       0.339987       0.321830       0.302959       0.283583       0.263936       0.244269       0.224842       0.205921       0.187780       0.170714       0.155062       0.141241       0.129772       0.121280       0.116420       0.115716       0.119369       0.127171       0.138609       0.153037       0.169817       0.188371       0.208188       0.228808       0.249811       0.270815       0.291474       0.311488       0.330610       0.348644       0.365454       0.380955       0.395111       0.407929       0.419445       0.429723       0.438842       0.446890       0.453963       0.460155       0.465557       0.470258       0.474339       0.477874       0.480931       0.483569       0.485844       0.487802       0.489486       0.490931       0.492169       0.493228       0.494131       0.494899       0.495549       0.496097       0.496553       0.496930       0.497234       0.497475       0.497656       0.497783       0.497858       0.497883       0.497858       0.497783       0.497656       0.497475       0.497234       0.496930       0.496553       0.496097       0.495549       0.494899       0.494131       0.493228       0.492169       0.490931       0.489486       0.487802       0.485844       0.483569       0.480931       0.477874       0.474339       0.470258       0.465557       0.460155       0.453963       0.446890       0.438842       0.429723       0.419445       0.407929       0.395111       0.380955       0.365454       0.348644       0.330610       0.311488       0.291474       0.270815       0.249811       0.228808       0.208188       0.188371       0.169817       0.153037       0.138609       0.127171       0.119369       0.115716       0.116420       0.121280       0.129772       0.141241       0.155062       0.170714       0.187780       0.205921       0.224842       0.244269       0.263936       0.283583       0.302959       0.321830       0.339987       0.357257       0.373507       0.388653       0.402659       0.415540       0.427341       0.438112       0.447847       0.456425       0.463573       0.468893       0.471972       0.472543       0.470695       0.467144       0.463640       0.463640
       0.465247       0.465247       0.468812       0.472463       0.474447       0.474056       0.471220       0.466230       0.459524       0.451520       0.442507       0.432615       0.421847       0.410149       0.397460       0.383747       0.369020       0.353338       0.336801       0.319548       0.301756       0.283627       0.265393       0.247302       0.229625       0.212655       0.196717       0.182182       0.169478       0.159094       0.151555       0.147359       0.146871       0.150222       0.157266       0.167628       0.180795       0.196214       0.213341       0.231674       0.250753       0.270164       0.289535       0.308543       0.326915       0.344432       0.360925       0.376280       0.390430       0.403351       0.415052       0.425571       0.434968       0.443316       0.450694       0.457189       0.462884       0.467862       0.472202       0.475977       0.479252       0.482090       0.484545       0.486664       0.488492       0.490066       0.491419       0.492581       0.493575       0.494425       0.495149       0.495762       0.496279       0.496710       0.497066       0.497355       0.497583       0.497755       0.497875       0.497946       0.497969       0.497946       0.497875       0.497755       0.497583       0.497355       0.497066       0.496710       0.496279       0.495762       0.495149       0.494425       0.493575       0.492581       0.491419       0.490066       0.488492       0.486664       0.484545       0.482090       0.479252       0.475977       0.472202       0.467862       0.462884       0.457189       0.450694       0.443316       0.434968       0.425571       0.415052       0.403351       0.390430       0.376280       0.360925       0.344432       0.326915       0.308543       0.289535       0.270164       0.250753       0.231674       0.213341       0.196214       0.180795       0.167628       0.157266       0.150222       0.146871       0.147359       0.151555       0.159094       0.169478       0.182182       0.196717       0.212655       0.229625       0.247302       0.265393       0.283627       0.301756       0.319548       0.336801       0.353338       0.369020       0.383747       0.397460       0.410149       0.421847       0.432615       0.442507       0.451520       0.459524       0.466230       0.471220       0.474056       0.474447       0.472463       0.468812       0.465247       0.465247
       0.466327       0.466327       0.469955       0.473714       0.475848       0.475656       0.473085       0.468446       0.462198       0.454779       0.446493       0.437475       0.427732       0.417202       0.405811       0.393514       0.380301       0.366209       0.351313       0.335726       0.319598       0.303108       0.286466       0.269908       0.253702       0.238142       0.223561       0.210328       0.198854       0.189577       0.182936       0.179318       0.178989       0.182038       0.188352       0.197641       0.209492       0.223428       0.238965       0.255631       0.272990       0.290649       0.308259       0.325521       0.342187       0.358062       0.372999       0.386900       0.399712       0.411415       0.422021       0.431567       0.440105       0.447702       0.454428       0.460359       0.465570       0.470135       0.474122       0.477597       0.480618       0.483241       0.485515       0.487481       0.489181       0.490646       0.491909       0.492994       0.493925       0.494721       0.495400       0.495977       0.496463       0.496869       0.497205       0.497477       0.497692       0.497854       0.497968       0.498035       0.498057       0.498035       0.497968       0.497854       0.497692       0.497477       0.497205       0.496869       0.496463       0.495977       0.495400       0.494721       0.493925       0.492994       0.491909       0.490646       0.489181       0.487481       0.485515       0.483241       0.480618       0.477597       0.474122       0.470135       0.465570       0.460359       0.454428       0.447702       0.440105       0.431567       0.422021       0.411415       0.399712       0.386900       0.372999       0.358062       0.342187       0.325521       0.308259       0.290649       0.272990       0.255631       0.238965       0.223428       0.209492       0.197641       0.188352       0.182038       0.178989       0.179318       0.182936       0.189577       0.198854       0.210328       0.223561       0.238142       0.253702       0.269908       0.286466       0.303108       0.319598       0.335726       0.351313       0.366209       0.380301       0.393514       0.405811       0.417202       0.427732       0.437475       0.446493       0.454779       0.462198       0.468446       0.473085       0.475656       0.475848       0.473714       0.469955       0.466327       0.466327
       0.467041       0.467041       0.470729       0.474597       0.476882       0.476894       0.474592       0.470304       0.464511       0.457669       0.450094       0.441928       0.433180       0.423781       0.413650       0.402729       0.390995       0.378465       0.365196       0.351282       0.336849       0.322057       0.307096       0.292188       0.277587       0.263578       0.250480       0.238644       0.228444       0.220265       0.214470       0.211367       0.211155       0.213898       0.219502       0.227734       0.238258       0.250670       0.264544       0.279458       0.295014       0.310849       0.326644       0.342127       0.357075       0.371313       0.384714       0.397191       0.408698       0.419220       0.428769       0.437375       0.445087       0.451960       0.458058       0.463446       0.468191       0.472356       0.476002       0.479186       0.481961       0.484375       0.486472       0.488289       0.489862       0.491222       0.492395       0.493405       0.494273       0.495017       0.495652       0.496192       0.496647       0.497029       0.497344       0.497600       0.497802       0.497955       0.498062       0.498126       0.498146       0.498126       0.498062       0.497955       0.497802       0.497600       0.497344       0.497029       0.496647       0.496192       0.495652       0.495017       0.494273       0.493405       0.492395       0.491222       0.489862       0.488289       0.486472       0.484375       0.481961       0.479186       0.476002       0.472356       0.468191       0.463446       0.458058       0.451960       0.445087       0.437375       0.428769       0.419220       0.408698       0.397191       0.384714       0.371313       0.357075       0.342127       0.326644       0.310849       0.295014       0.279458       0.264544       0.250670       0.238258       0.227734       0.219502       0.213898       0.211155       0.211367       0.214470       0.220265       0.228444       0.238644       0.250480       0.263578       0.277587       0.292188       0.307096       0.322057       0.336849       0.351282       0.365196       0.378465       0.390995       0.402729       0.413650       0.423781       0.433180       0.441928       0.450094       0.457669       0.464511       0.470304       0.474592       0.476894       0.476882       0.474597       0.470729       0.467041       0.467041
       0.467501       0.467501       0.471246       0.475217       0.477649       0.477859       0.475818       0.471871       0.466518       0.460229       0.453335       0.445984       0.438184       0.429865       0.420939       0.411335       0.401021       0.389999       0.378312       0.366037       0.353282       0.340190       0.326932       0.313713       0.300767       0.288360       0.276788       0.266368       0.257434       0.250315       0.245312       0.242671       0.242547       0.244982       0.249901       0.257114       0.266342       0.277248       0.289465       0.302626       0.316375       0.330390       0.344384       0.358113       0.371379       0.384025       0.395940       0.407047       0.417304       0.426698       0.435237       0.442949       0.449873       0.456058       0.461557       0.466428       0.470726       0.474509       0.477827       0.480733       0.483271       0.485483       0.487408       0.489081       0.490532       0.491789       0.492875       0.493812       0.494618       0.495310       0.495902       0.496406       0.496831       0.497188       0.497483       0.497723       0.497913       0.498057       0.498157       0.498216       0.498236       0.498216       0.498157       0.498057       0.497913       0.497723       0.497483       0.497188       0.496831       0.496406       0.495902       0.495310       0.494618       0.493812       0.492875       0.491789       0.490532       0.489081       0.487408       0.485483       0.483271       0.480733       0.477827       0.474509       0.470726       0.466428       0.461557       0.456058       0.449873       0.442949       0.435237       0.426698       0.417304       0.407047       0.395940       0.384025       0.371379       0.358113       0.344384       0.330390       0.316375       0.302626       0.289465       0.277248       0.266342       0.257114       0.249901       0.244982       0.242547       0.242671       0.245312       0.250315       0.257434       0.266368       0.276788       0.288360       0.300767       0.313713       0.326932       0.340190       0.353282       0.366037       0.378312       0.389999       0.401021       0.411335       0.420939       0.429865       0.438184       0.445984       0.453335       0.460229       0.466518       0.471871       0.475818       0.477859       0.477649       0.475217       0.471246       0.467501       0.467501
       0.467786       0.467786       0.471584       0.475650       0.478221       0.478617       0.476823       0.473199       0.468261       0.462495       0.456241       0.449656       0.442749       0.435447       0.427655       0.419295       0.410322       0.400732       0.390554       0.379850       0.368716       0.357277       0.345686       0.334129       0.322818       0.311993       0.301920       0.292879       0.285160       0.279040       0.274769       0.272542       0.272482       0.274620       0.278891       0.285140       0.293138       0.302605       0.313231       0.324700       0.336706       0.348965       0.361226       0.373274       0.384933       0.396066       0.406572       0.416383       0.425460       0.433791       0.441380       0.448250       0.454432       0.459968       0.464902       0.469283       0.473160       0.476579       0.479587       0.482227       0.484538       0.486558       0.488319       0.489853       0.491186       0.492343       0.493345       0.494211       0.494958       0.495599       0.496149       0.496617       0.497014       0.497346       0.497622       0.497846       0.498023       0.498158       0.498252       0.498307       0.498326       0.498307       0.498252       0.498158       0.498023       0.497846       0.497622       0.497346       0.497014       0.496617       0.496149       0.495599       0.494958       0.494211       0.493345       0.492343       0.491186       0.489853       0.488319       0.486558       0.484538       0.482227       0.479587       0.476579       0.473160       0.469283       0.464902       0.459968       0.454432       0.448250       0.441380       0.433791       0.425460       0.416383       0.406572       0.396066       0.384933       0.373274       0.361226       0.348965       0.336706       0.324700       0.313231       0.302605       0.293138       0.285140       0.278891       0.274620       0.272482       0.272542       0.274769       0.279040       0.285160       0.292879       0.301920       0.311993       0.322818       0.334129       0.345686       0.357277       0.368716       0.379850       0.390554       0.400732       0.410322       0.419295       0.427655       0.435447       0.442749       0.449656       0.456241       0.462495       0.468261       0.473199       0.476823       0.478617       0.478221       0.475650       0.471584       0.467786       0.467786
       0.467951       0.467951       0.471797       0.475951       0.478649       0.479219       0.477654       0.474330       0.469777       0.464495       0.458837       0.452964       0.446887       0.440529       0.433791       0.426589       0.418869       0.410616       0.401851       0.392626       0.383022       0.373150       0.363145       0.353173       0.343422       0.334106       0.325455       0.317715       0.311129       0.305930       0.302323       0.300466       0.300455       0.302312       0.305983       0.311342       0.318203       0.326333       0.335475       0.345362       0.355734       0.366347       0.376984       0.387459       0.397617       0.407337       0.416530       0.425135       0.433116       0.440458       0.447163       0.453248       0.458739       0.463669       0.468076       0.471999       0.475479       0.478557       0.481272       0.483660       0.485757       0.487593       0.489199       0.490600       0.491821       0.492882       0.493803       0.494600       0.495289       0.495882       0.496391       0.496825       0.497193       0.497502       0.497758       0.497967       0.498133       0.498258       0.498345       0.498397       0.498415       0.498397       0.498345       0.498258       0.498133       0.497967       0.497758       0.497502       0.497193       0.496825       0.496391       0.495882       0.495289       0.494600       0.493803       0.492882       0.491821       0.490600       0.489199       0.487593       0.485757       0.483660       0.481272       0.478557       0.475479       0.471999       0.468076       0.463669       0.458739       0.453248       0.447163       0.440458       0.433116       0.425135       0.416530       0.407337       0.397617       0.387459       0.376984       0.366347       0.355734       0.345362       0.335475       0.326333       0.318203       0.311342       0.305983       0.302312       0.300455       0.300466       0.302323       0.305930       0.311129       0.317715       0.325455       0.334106       0.343422       0.353173       0.363145       0.373150       0.383022       0.392626       0.401851       0.410616       0.418869       0.426589       0.433791       0.440529       0.446887       0.452964       0.458837       0.464495       0.469777       0.474330       0.477654       0.479219       0.478649       0.475951       0.471797       0.467951       0.467951
       0.468035       0.468035       0.471923       0.476157       0.478971       0.479699       0.478344       0.475295       0.471095       0.466259       0.461147       0.455928       0.450613       0.445123       0.439355       0.433217       0.426650       0.419631       0.412170       0.404312       0.396124       0.387705       0.379173       0.370674       0.362372       0.354453       0.347116       0.340568       0.335015       0.330649       0.327637       0.326106       0.326132       0.327731       0.330860       0.335416       0.341247       0.348165       0.355957       0.364401       0.373279       0.382386       0.391536       0.400568       0.409350       0.417775       0.425764       0.433263       0.440236       0.446670       0.452562       0.457925       0.462778       0.467148       0.471065       0.474563       0.477674       0.480434       0.482874       0.485027       0.486921       0.488585       0.490043       0.491318       0.492432       0.493402       0.494246       0.494978       0.495611       0.496158       0.496627       0.497028       0.497369       0.497655       0.497893       0.498087       0.498240       0.498357       0.498438       0.498486       0.498502       0.498486       0.498438       0.498357       0.498240       0.498087       0.497893       0.497655       0.497369       0.497028       0.496627       0.496158       0.495611       0.494978       0.494246       0.493402       0.492432       0.491318       0.490043       0.488585       0.486921       0.485027       0.482874       0.480434       0.477674       0.474563       0.471065       0.467148       0.462778       0.457925       0.452562       0.446670       0.440236       0.433263       0.425764       0.417775       0.409350       0.400568       0.391536       0.382386       0.373279       0.364401       0.355957       0.348165       0.341247       0.335416       0.330860       0.327731       0.326132       0.326106       0.327637       0.330649       0.335015       0.340568       0.347116       0.354453       0.362372       0.370674       0.379173       0.387705       0.396124       0.404312       0.412170       0.419631       0.426650       0.433217       0.439355       0.445123       0.450613       0.455928       0.461147       0.466259       0.471095       0.475295       0.478344       0.479699       0.478971       0.476157       0.471923       0.468035       0.468035
       0.468065       0.468065       0.471991       0.476296       0.479215       0.480085       0.478921       0.476121       0.472243       0.467811       0.463196       0.458571       0.453949       0.449249       0.444363       0.439194       0.433676       0.427778       0.421505       0.414891       0.407994       0.400897       0.393707       0.386547       0.379561       0.372908       0.366756       0.361279       0.356648       0.353021       0.350534       0.349287       0.349342       0.350712       0.353360       0.357205       0.362124       0.367965       0.374554       0.381709       0.389250       0.397005       0.404817       0.412551       0.420091       0.427347       0.434248       0.440744       0.446804       0.452412       0.457565       0.462269       0.466538       0.470395       0.473862       0.476967       0.479738       0.482203       0.484388       0.486321       0.488027       0.489529       0.490848       0.492005       0.493018       0.493902       0.494672       0.495342       0.495923       0.496424       0.496856       0.497225       0.497540       0.497804       0.498024       0.498203       0.498346       0.498454       0.498529       0.498574       0.498589       0.498574       0.498529       0.498454       0.498346       0.498203       0.498024       0.497804       0.497540       0.497225       0.496856       0.496424       0.495923       0.495342       0.494672       0.493902       0.493018       0.492005       0.490848       0.489529       0.488027       0.486321       0.484388       0.482203       0.479738       0.476967       0.473862       0.470395       0.466538       0.462269       0.457565       0.452412       0.446804       0.440744       0.434248       0.427347       0.420091       0.412551       0.404817       0.397005       0.389250       0.381709       0.374554       0.367965       0.362124       0.357205       0.353360       0.350712       0.349342       0.349287       0.350534       0.353021       0.356648       0.361279       0.366756       0.372908       0.379561       0.386547       0.393707       0.400897       0.407994       0.414891       0.421505       0.427778       0.433676       0.439194       0.444363       0.449249       0.453949       0.458571       0.463196       0.467811       0.472243       0.476121       0.478921       0.480085       0.479215       0.476296       0.471991       0.468065       0.468065
       0.468059       0.468059       0.472019       0.476387       0.479400       0.480398       0.479405       0.476830       0.473241       0.469173       0.465006       0.460917       0.456920       0.452933       0.448842       0.444545       0.439971       0.435083       0.429878       0.424381       0.418642       0.412732       0.406742       0.400780       0.394967       0.389438       0.384335       0.379803       0.375982       0.373002       0.370970       0.369970       0.370050       0.371219       0.373449       0.376676       0.380800       0.385700       0.391236       0.397260       0.403624       0.410186       0.416815       0.423397       0.429835       0.436048       0.441977       0.447577       0.452817       0.457683       0.462168       0.466275       0.470016       0.473406       0.476463       0.479209       0.481668       0.483860       0.485811       0.487540       0.489071       0.490422       0.491612       0.492658       0.493576       0.494379       0.495080       0.495691       0.496222       0.496681       0.497077       0.497416       0.497705       0.497949       0.498151       0.498317       0.498448       0.498548       0.498618       0.498660       0.498673       0.498660       0.498618       0.498548       0.498448       0.498317       0.498151       0.497949       0.497705       0.497416       0.497077       0.496681       0.496222       0.495691       0.495080       0.494379       0.493576       0.492658       0.491612       0.490422       0.489071       0.487540       0.485811       0.483860       0.481668       0.479209       0.476463       0.473406       0.470016       0.466275       0.462168       0.457683       0.452817       0.447577       0.441977       0.436048       0.429835       0.423397       0.416815       0.410186       0.403624       0.397260       0.391236       0.385700       0.380800       0.376676       0.373449       0.371219       0.370050       0.369970       0.370970       0.373002       0.375982       0.379803       0.384335       0.389438       0.394967       0.400780       0.406742       0.412732       0.418642       0.424381       0.429878       0.435083       0.439971       0.444545       0.448842       0.452933       0.456920       0.460917       0.465006       0.469173       0.473241       0.476830       0.479405       0.480398       0.479400       0.476387       0.472019       0.468059       0.468059
       0.468030       0.468030       0.472020       0.476445       0.479540       0.480654       0.479813       0.477439       0.474108       0.470366       0.466600       0.462990       0.459553       0.456202       0.452822       0.449305       0.445574       0.441585       0.437330       0.432826       0.428113       0.423253       0.418323       0.413415       0.408632       0.404088       0.399900       0.396189       0.393070       0.390647       0.389008       0.388220       0.388320       0.389318       0.391191       0.393887       0.397330       0.401421       0.406049       0.411095       0.416437       0.421961       0.427557       0.433131       0.438600       0.443896       0.448966       0.453771       0.458283       0.462487       0.466375       0.469948       0.473213       0.476181       0.478867       0.481288       0.483461       0.485405       0.487140       0.488683       0.490052       0.491263       0.492333       0.493276       0.494105       0.494833       0.495469       0.496025       0.496508       0.496927       0.497289       0.497600       0.497865       0.498089       0.498275       0.498427       0.498548       0.498640       0.498705       0.498743       0.498756       0.498743       0.498705       0.498640       0.498548       0.498427       0.498275       0.498089       0.497865       0.497600       0.497289       0.496927       0.496508       0.496025       0.495469       0.494833       0.494105       0.493276       0.492333       0.491263       0.490052       0.488683       0.487140       0.485405       0.483461       0.481288       0.478867       0.476181       0.473213       0.469948       0.466375       0.462487       0.458283       0.453771       0.448966       0.443896       0.438600       0.433131       0.427557       0.421961       0.416437       0.411095       0.406049       0.401421       0.397330       0.393887       0.391191       0.389318       0.388320       0.388220       0.389008       0.390647       0.393070       0.396189       0.399900       0.404088       0.408632       0.413415       0.418323       0.423253       0.428113       0.432826       0.437330       0.441585       0.445574       0.449305       0.452822       0.456202       0.459553       0.462990       0.466600       0.470366       0.474108       0.477439       0.479813       0.480654       0.479540       0.476445       0.472020       0.468030       0.468030
       0.467988       0.467988       0.472004       0.476478       0.479648       0.480863       0.480158       0.477961       0.474860       0.471409       0.467999       0.464816       0.461875       0.459090       0.456341       0.453515       0.450529       0.447335       0.443917       0.440286       0.436475       0.432533       0.428528       0.424537       0.420648       0.416955       0.413556       0.410550       0.408032       0.406085       0.404781       0.404173       0.404292       0.405146       0.406717       0.408965       0.411830       0.415234       0.419089       0.423298       0.427766       0.432396       0.437101       0.441802       0.446429       0.450925       0.455244       0.459351       0.463221       0.466840       0.470199       0.473296       0.476136       0.478726       0.481078       0.483204       0.485119       0.486838       0.488376       0.489747       0.490968       0.492052       0.493011       0.493858       0.494605       0.495262       0.495837       0.496341       0.496780       0.497162       0.497492       0.497776       0.498018       0.498223       0.498394       0.498534       0.498645       0.498729       0.498789       0.498824       0.498836       0.498824       0.498789       0.498729       0.498645       0.498534       0.498394       0.498223       0.498018       0.497776       0.497492       0.497162       0.496780       0.496341       0.495837       0.495262       0.494605       0.493858       0.493011       0.492052       0.490968       0.489747       0.488376       0.486838       0.485119       0.483204       0.481078       0.478726       0.476136       0.473296       0.470199       0.466840       0.463221       0.459351       0.455244       0.450925       0.446429       0.441802       0.437101       0.432396       0.427766       0.423298       0.419089       0.415234       0.411830       0.408965       0.406717       0.405146       0.404292       0.404173       0.404781       0.406085       0.408032       0.410550       0.413556       0.416955       0.420648       0.424537       0.428528       0.432533       0.436475       0.440286       0.443917       0.447335       0.450529       0.453515       0.456341       0.459090       0.461875       0.464816       0.467999       0.471409       0.474860       0.477961       0.480158       0.480863       0.479648       0.476478       0.472004       0.467988       0.467988
       0.467939       0.467939       0.471978       0.476496       0.479731       0.481035       0.480450       0.478411       0.475513       0.472318       0.469223       0.466416       0.463915       0.461630       0.459436       0.457218       0.454887       0.452390       0.449705       0.446836       0.443808       0.440663       0.437458       0.434258       0.431136       0.428171       0.425446       0.423040       0.421031       0.419487       0.418467       0.418012       0.418149       0.418883       0.420202       0.422076       0.424456       0.427282       0.430484       0.433987       0.437711       0.441580       0.445524       0.449475       0.453377       0.457181       0.460848       0.464348       0.467657       0.470762       0.473654       0.476331       0.478793       0.481047       0.483100       0.484962       0.486645       0.488160       0.489519       0.490735       0.491821       0.492787       0.493644       0.494403       0.495074       0.495666       0.496185       0.496641       0.497039       0.497385       0.497685       0.497944       0.498165       0.498352       0.498508       0.498636       0.498738       0.498815       0.498870       0.498902       0.498913       0.498902       0.498870       0.498815       0.498738       0.498636       0.498508       0.498352       0.498165       0.497944       0.497685       0.497385       0.497039       0.496641       0.496185       0.495666       0.495074       0.494403       0.493644       0.492787       0.491821       0.490735       0.489519       0.488160       0.486645       0.484962       0.483100       0.481047       0.478793       0.476331       0.473654       0.470762       0.467657       0.464348       0.460848       0.457181       0.453377       0.449475       0.445524       0.441580       0.437711       0.433987       0.430484       0.427282       0.424456       0.422076       0.420202       0.418883       0.418149       0.418012       0.418467       0.419487       0.421031       0.423040       0.425446       0.428171       0.431136       0.434258       0.437458       0.440663       0.443808       0.446836       0.449705       0.452390       0.454887       0.457218       0.459436       0.461630       0.463915       0.466416       0.469223       0.472318       0.475513       0.478411       0.480450       0.481035       0.479731       0.476496       0.471978       0.467939       0.467939
       0.467886       0.467886       0.471946       0.476502       0.479794       0.481177       0.480697       0.478797       0.476078       0.473109       0.470290       0.467816       0.465700       0.463853       0.462147       0.460461       0.458702       0.456812       0.454763       0.452554       0.450203       0.447745       0.445226       0.442701       0.440233       0.437887       0.435732       0.433833       0.432253       0.431049       0.430266       0.429941       0.430094       0.430731       0.431842       0.433405       0.435382       0.437727       0.440384       0.443292       0.446391       0.449618       0.452915       0.456228       0.459510       0.462721       0.465826       0.468800       0.471622       0.474279       0.476763       0.479069       0.481199       0.483154       0.484942       0.486568       0.488042       0.489374       0.490572       0.491648       0.492610       0.493469       0.494234       0.494912       0.495513       0.496044       0.496512       0.496923       0.497282       0.497596       0.497868       0.498103       0.498304       0.498475       0.498617       0.498734       0.498827       0.498898       0.498948       0.498977       0.498987       0.498977       0.498948       0.498898       0.498827       0.498734       0.498617       0.498475       0.498304       0.498103       0.497868       0.497596       0.497282       0.496923       0.496512       0.496044       0.495513       0.494912       0.494234       0.493469       0.492610       0.491648       0.490572       0.489374       0.488042       0.486568       0.484942       0.483154       0.481199       0.479069       0.476763       0.474279       0.471622       0.468800       0.465826       0.462721       0.459510       0.456228       0.452915       0.449618       0.446391       0.443292       0.440384       0.437727       0.435382       0.433405       0.431842       0.430731       0.430094       0.429941       0.430266       0.431049       0.432253       0.433833       0.435732       0.437887       0.440233       0.442701       0.445226       0.447745       0.450203       0.452554       0.454763       0.456812       0.458702       0.460461       0.462147       0.463853       0.465700       0.467816       0.470290       0.473109       0.476078       0.478797       0.480697       0.481177       0.479794       0.476502       0.471946       0.467886       0.467886
       0.467833       0.467833       0.471911       0.476501       0.479843       0.481295       0.480908       0.479129       0.476567       0.473795       0.471220       0.469035       0.467257       0.465793       0.464512       0.463289       0.462027       0.460663       0.459164       0.457524       0.455754       0.453883       0.451949       0.449999       0.448084       0.446261       0.444585       0.443111       0.441891       0.440970       0.440388       0.440172       0.440340       0.440898       0.441839       0.443146       0.444791       0.446737       0.448940       0.451354       0.453929       0.456617       0.459369       0.462143       0.464899       0.467603       0.470227       0.472748       0.475150       0.477418       0.479546       0.481529       0.483366       0.485059       0.486611       0.488028       0.489317       0.490485       0.491539       0.492487       0.493339       0.494100       0.494780       0.495385       0.495922       0.496398       0.496818       0.497187       0.497512       0.497795       0.498041       0.498254       0.498436       0.498591       0.498721       0.498827       0.498912       0.498977       0.499022       0.499049       0.499058       0.499049       0.499022       0.498977       0.498912       0.498827       0.498721       0.498591       0.498436       0.498254       0.498041       0.497795       0.497512       0.497187       0.496818       0.496398       0.495922       0.495385       0.494780       0.494100       0.493339       0.492487       0.491539       0.490485       0.489317       0.488028       0.486611       0.485059       0.483366       0.481529       0.479546       0.477418       0.475150       0.472748       0.470227       0.467603       0.464899       0.462143       0.459369       0.456617       0.453929       0.451354       0.448940       0.446737       0.444791       0.443146       0.441839       0.440898       0.440340       0.440172       0.440388       0.440970       0.441891       0.443111       0.444585       0.446261       0.448084       0.449999       0.451949       0.453883       0.455754       0.457524       0.459164       0.460663       0.462027       0.463289       0.464512       0.465793       0.467257       0.469035       0.471220       0.473795       0.476567       0.479129       0.480908       0.481295       0.479843       0.476501       0.471911       0.467833       0.467833
       0.467782       0.467782       0.471875       0.476494       0.479880       0.481393       0.481087       0.479414       0.476989       0.474390       0.472026       0.470095       0.468610       0.467480       0.466568       0.465747       0.464915       0.464005       0.462979       0.461825       0.460552       0.459181       0.457743       0.456279       0.454831       0.453447       0.452172       0.451054       0.450134       0.449450       0.449035       0.448911       0.449093       0.449588       0.450391       0.451488       0.452860       0.454477       0.456306       0.458310       0.460450       0.462687       0.464983       0.467302       0.469613       0.471888       0.474102       0.476236       0.478276       0.480209       0.482029       0.483730       0.485312       0.486774       0.488119       0.489351       0.490475       0.491497       0.492422       0.493256       0.494008       0.494682       0.495285       0.495823       0.496302       0.496727       0.497103       0.497435       0.497726       0.497982       0.498204       0.498396       0.498561       0.498702       0.498819       0.498916       0.498993       0.499052       0.499093       0.499118       0.499126       0.499118       0.499093       0.499052       0.498993       0.498916       0.498819       0.498702       0.498561       0.498396       0.498204       0.497982       0.497726       0.497435       0.497103       0.496727       0.496302       0.495823       0.495285       0.494682       0.494008       0.493256       0.492422       0.491497       0.490475       0.489351       0.488119       0.486774       0.485312       0.483730       0.482029       0.480209       0.478276       0.476236       0.474102       0.471888       0.469613       0.467302       0.464983       0.462687       0.460450       0.458310       0.456306       0.454477       0.452860       0.451488       0.450391       0.449588       0.449093       0.448911       0.449035       0.449450       0.450134       0.451054       0.452172       0.453447       0.454831       0.456279       0.457743       0.459181       0.460552       0.461825       0.462979       0.464005       0.464915       0.465747       0.466568       0.467480       0.468610       0.470095       0.472026       0.474390       0.476989       0.479414       0.481087       0.481393       0.479880       0.476494       0.471875       0.467782       0.467782
       0.467733       0.467733       0.471840       0.476485       0.479909       0.481474       0.481239       0.479659       0.477353       0.474904       0.472725       0.471014       0.469785       0.468942       0.468350       0.467876       0.467415       0.466894       0.466273       0.465536       0.464686       0.463738       0.462720       0.461665       0.460609       0.459592       0.458653       0.457831       0.457160       0.456674       0.456397       0.456351       0.456547       0.456992       0.457682       0.458610       0.459758       0.461105       0.462626       0.464292       0.466071       0.467933       0.469848       0.471787       0.473724       0.475635       0.477501       0.479306       0.481036       0.482681       0.484235       0.485692       0.487052       0.488312       0.489476       0.490545       0.491524       0.492416       0.493225       0.493959       0.494620       0.495215       0.495749       0.496227       0.496653       0.497032       0.497368       0.497665       0.497927       0.498156       0.498356       0.498530       0.498679       0.498806       0.498912       0.499000       0.499070       0.499123       0.499161       0.499183       0.499191       0.499183       0.499161       0.499123       0.499070       0.499000       0.498912       0.498806       0.498679       0.498530       0.498356       0.498156       0.497927       0.497665       0.497368       0.497032       0.496653       0.496227       0.495749       0.495215       0.494620       0.493959       0.493225       0.492416       0.491524       0.490545       0.489476       0.488312       0.487052       0.485692       0.484235       0.482681       0.481036       0.479306       0.477501       0.475635       0.473724       0.471787       0.469848       0.467933       0.466071       0.464292       0.462626       0.461105       0.459758       0.458610       0.457682       0.456992       0.456547       0.456351       0.456397       0.456674       0.457160       0.457831       0.458653       0.459592       0.460609       0.461665       0.462720       0.463738       0.464686       0.465536       0.466273       0.466894       0.467415       0.467876       0.468350       0.468942       0.469785       0.471014       0.472725       0.474904       0.477353       0.479659       0.481239       0.481474       0.479909       0.476485       0.471840       0.467733       0.467733
       0.467688       0.467688       0.471807       0.476474       0.479931       0.481543       0.481369       0.479870       0.477668       0.475349       0.473330       0.471809       0.470800       0.470208       0.469892       0.469716       0.469573       0.469386       0.469111       0.468728       0.468236       0.467647       0.466983       0.466271       0.465544       0.464833       0.464174       0.463598       0.463135       0.462812       0.462651       0.462669       0.462879       0.463284       0.463884       0.464673       0.465640       0.466767       0.468035       0.469422       0.470903       0.472455       0.474053       0.475674       0.477297       0.478903       0.480475       0.482000       0.483466       0.484864       0.486189       0.487436       0.488603       0.489688       0.490693       0.491620       0.492470       0.493247       0.493955       0.494598       0.495179       0.495704       0.496175       0.496598       0.496977       0.497314       0.497614       0.497879       0.498113       0.498319       0.498499       0.498655       0.498789       0.498904       0.499000       0.499079       0.499143       0.499191       0.499225       0.499245       0.499252       0.499245       0.499225       0.499191       0.499143       0.499079       0.499000       0.498904       0.498789       0.498655       0.498499       0.498319       0.498113       0.497879       0.497614       0.497314       0.496977       0.496598       0.496175       0.495704       0.495179       0.494598       0.493955       0.493247       0.492470       0.491620       0.490693       0.489688       0.488603       0.487436       0.486189       0.484864       0.483466       0.482000       0.480475       0.478903       0.477297       0.475674       0.474053       0.472455       0.470903       0.469422       0.468035       0.466767       0.465640       0.464673       0.463884       0.463284       0.462879       0.462669       0.462651       0.462812       0.463135       0.463598       0.464174       0.464833       0.465544       0.466271       0.466983       0.467647       0.468236       0.468728       0.469111       0.469386       0.469573       0.469716       0.469892       0.470208       0.470800       0.471809       0.473330       0.475349       0.477668       0.479870       0.481369       0.481543       0.479931       0.476474       0.471807       0.467688       0.467688
       0.467647       0.467647       0.471775       0.476462       0.479949       0.481600       0.481479       0.480050       0.477938       0.475732       0.473852       0.472495       0.471678       0.471300       0.471221       0.471302       0.471431       0.471530       0.471550       0.471468       0.471279       0.470993       0.470626       0.470202       0.469749       0.469294       0.468867       0.468495       0.468204       0.468017       0.467952       0.468026       0.468247       0.468621       0.469149       0.469827       0.470645       0.471593       0.472654       0.473812       0.475049       0.476344       0.477679       0.479035       0.480395       0.481744       0.483069       0.484357       0.485599       0.486787       0.487916       0.488981       0.489981       0.490915       0.491782       0.492583       0.493321       0.493997       0.494615       0.495177       0.495687       0.496149       0.496565       0.496939       0.497274       0.497573       0.497840       0.498077       0.498286       0.498470       0.498631       0.498771       0.498892       0.498996       0.499082       0.499154       0.499211       0.499255       0.499285       0.499304       0.499310       0.499304       0.499285       0.499255       0.499211       0.499154       0.499082       0.498996       0.498892       0.498771       0.498631       0.498470       0.498286       0.498077       0.497840       0.497573       0.497274       0.496939       0.496565       0.496149       0.495687       0.495177       0.494615       0.493997       0.493321       0.492583       0.491782       0.490915       0.489981       0.488981       0.487916       0.486787       0.485599       0.484357       0.483069       0.481744       0.480395       0.479035       0.477679       0.476344       0.475049       0.473812       0.472654       0.471593       0.470645       0.469827       0.469149       0.468621       0.468247       0.468026       0.467952       0.468017       0.468204       0.468495       0.468867       0.469294       0.469749       0.470202       0.470626       0.470993       0.471279       0.471468       0.471550       0.471530       0.471431       0.471302       0.471221       0.471300       0.471678       0.472495       0.473852       0.475732       0.477938       0.480050       0.481479       0.481600       0.479949       0.476462       0.471775       0.467647       0.467647
       0.467609       0.467609       0.471747       0.476451       0.479962       0.481648       0.481574       0.480205       0.478171       0.476063       0.474302       0.473087       0.472434       0.472242       0.472366       0.472667       0.473029       0.473370       0.473641       0.473814       0.473882       0.473850       0.473733       0.473550       0.473326       0.473084       0.472850       0.472648       0.472499       0.472425       0.472441       0.472560       0.472792       0.473142       0.473612       0.474200       0.474898       0.475700       0.476592       0.477563       0.478598       0.479681       0.480798       0.481935       0.483076       0.484211       0.485327       0.486414       0.487466       0.488475       0.489437       0.490347       0.491203       0.492005       0.492752       0.493445       0.494084       0.494672       0.495210       0.495701       0.496148       0.496553       0.496920       0.497250       0.497546       0.497812       0.498048       0.498259       0.498446       0.498610       0.498754       0.498880       0.498989       0.499081       0.499159       0.499224       0.499275       0.499315       0.499342       0.499359       0.499364       0.499359       0.499342       0.499315       0.499275       0.499224       0.499159       0.499081       0.498989       0.498880       0.498754       0.498610       0.498446       0.498259       0.498048       0.497812       0.497546       0.497250       0.496920       0.496553       0.496148       0.495701       0.495210       0.494672       0.494084       0.493445       0.492752       0.492005       0.491203       0.490347       0.489437       0.488475       0.487466       0.486414       0.485327       0.484211       0.483076       0.481935       0.480798       0.479681       0.478598       0.477563       0.476592       0.475700       0.474898       0.474200       0.473612       0.473142       0.472792       0.472560       0.472441       0.472425       0.472499       0.472648       0.472850       0.473084       0.473326       0.473550       0.473733       0.473850       0.473882       0.473814       0.473641       0.473370       0.473029       0.472667       0.472366       0.472242       0.472434       0.473087       0.474302       0.476063       0.478171       0.480205       0.481574       0.481648       0.479962       0.476451       0.471747       0.467609       0.467609
       0.467575       0.467575       0.471721       0.476439       0.479973       0.481689       0.481654       0.480338       0.478371       0.476347       0.474689       0.473597       0.473085       0.473052       0.473351       0.473839       0.474400       0.474948       0.475432       0.475820       0.476105       0.476287       0.476379       0.476398       0.476365       0.476300       0.476227       0.476165       0.476135       0.476154       0.476236       0.476394       0.476637       0.476969       0.477393       0.477907       0.478509       0.479191       0.479946       0.480764       0.481633       0.482542       0.483479       0.484433       0.485392       0.486347       0.487288       0.488207       0.489098       0.489955       0.490774       0.491551       0.492284       0.492973       0.493616       0.494213       0.494767       0.495277       0.495745       0.496174       0.496565       0.496920       0.497242       0.497533       0.497795       0.498030       0.498240       0.498427       0.498593       0.498740       0.498868       0.498981       0.499078       0.499161       0.499231       0.499289       0.499336       0.499371       0.499396       0.499411       0.499416       0.499411       0.499396       0.499371       0.499336       0.499289       0.499231       0.499161       0.499078       0.498981       0.498868       0.498740       0.498593       0.498427       0.498240       0.498030       0.497795       0.497533       0.497242       0.496920       0.496565       0.496174       0.495745       0.495277       0.494767       0.494213       0.493616       0.492973       0.492284       0.491551       0.490774       0.489955       0.489098       0.488207       0.487288       0.486347       0.485392       0.484433       0.483479       0.482542       0.481633       0.480764       0.479946       0.479191       0.478509       0.477907       0.477393       0.476969       0.476637       0.476394       0.476236       0.476154       0.476135       0.476165       0.476227       0.476300       0.476365       0.476398       0.476379       0.476287       0.476105       0.475820       0.475432       0.474948       0.474400       0.473839       0.473351       0.473052       0.473085       0.473597       0.474689       0.476347       0.478371       0.480338       0.481654       0.481689       0.479973       0.476439       0.471721       0.467575       0.467575
       0.467545       0.467545       0.471697       0.476429       0.479981       0.481723       0.481723       0.480452       0.478543       0.476592       0.475022       0.474035       0.473645       0.473748       0.474196       0.474845       0.475575       0.476300       0.476963       0.477534       0.478001       0.478363       0.478631       0.478819       0.478945       0.479027       0.479087       0.479142       0.479210       0.479306       0.479444       0.479635       0.479887       0.480205       0.480592       0.481048       0.481571       0.482157       0.482800       0.483492       0.484225       0.484991       0.485779       0.486582       0.487390       0.488194       0.488989       0.489766       0.490522       0.491250       0.491947       0.492610       0.493238       0.493828       0.494382       0.494897       0.495376       0.495818       0.496225       0.496599       0.496941       0.497252       0.497534       0.497790       0.498021       0.498229       0.498415       0.498581       0.498728       0.498859       0.498974       0.499074       0.499161       0.499235       0.499298       0.499350       0.499392       0.499424       0.499446       0.499459       0.499464       0.499459       0.499446       0.499424       0.499392       0.499350       0.499298       0.499235       0.499161       0.499074       0.498974       0.498859       0.498728       0.498581       0.498415       0.498229       0.498021       0.497790       0.497534       0.497252       0.496941       0.496599       0.496225       0.495818       0.495376       0.494897       0.494382       0.493828       0.493238       0.492610       0.491947       0.491250       0.490522       0.489766       0.488989       0.488194       0.487390       0.486582       0.485779       0.484991       0.484225       0.483492       0.482800       0.482157       0.481571       0.481048       0.480592       0.480205       0.479887       0.479635       0.479444       0.479306       0.479210       0.479142       0.479087       0.479027       0.478945       0.478819       0.478631       0.478363       0.478001       0.477534       0.476963       0.476300       0.475575       0.474845       0.474196       0.473748       0.473645       0.474035       0.475022       0.476592       0.478543       0.480452       0.481723       0.481723       0.479981       0.476429       0.471697       0.467545       0.467545
       0.467519       0.467519       0.471676       0.476419       0.479987       0.481752       0.481782       0.480550       0.478691       0.476802       0.475309       0.474412       0.474126       0.474345       0.474921       0.475707       0.476581       0.477455       0.478271       0.478997       0.479617       0.480131       0.480546       0.480874       0.481133       0.481338       0.481508       0.481660       0.481809       0.481970       0.482155       0.482373       0.482634       0.482941       0.483299       0.483708       0.484167       0.484675       0.485226       0.485816       0.486438       0.487085       0.487751       0.488428       0.489110       0.489790       0.490462       0.491120       0.491761       0.492380       0.492974       0.493540       0.494077       0.494584       0.495060       0.495505       0.495918       0.496302       0.496655       0.496981       0.497279       0.497551       0.497799       0.498024       0.498227       0.498410       0.498574       0.498721       0.498852       0.498968       0.499071       0.499160       0.499238       0.499304       0.499360       0.499407       0.499444       0.499473       0.499493       0.499505       0.499509       0.499505       0.499493       0.499473       0.499444       0.499407       0.499360       0.499304       0.499238       0.499160       0.499071       0.498968       0.498852       0.498721       0.498574       0.498410       0.498227       0.498024       0.497799       0.497551       0.497279       0.496981       0.496655       0.496302       0.495918       0.495505       0.495060       0.494584       0.494077       0.493540       0.492974       0.492380       0.491761       0.491120       0.490462       0.489790       0.489110       0.488428       0.487751       0.487085       0.486438       0.485816       0.485226       0.484675       0.484167       0.483708       0.483299       0.482941       0.482634       0.482373       0.482155       0.481970       0.481809       0.481660       0.481508       0.481338       0.481133       0.480874       0.480546       0.480131       0.479617       0.478997       0.478271       0.477455       0.476581       0.475707       0.474921       0.474345       0.474126       0.474412       0.475309       0.476802       0.478691       0.480550       0.481782       0.481752       0.479987       0.476419       0.471676       0.467519       0.467519
       0.467495       0.467495       0.471658       0.476410       0.479992       0.481776       0.481832       0.480633       0.478817       0.476983       0.475555       0.474736       0.474538       0.474858       0.475543       0.476445       0.477442       0.478443       0.479388       0.480244       0.480994       0.481635       0.482173       0.482619       0.482988       0.483296       0.483558       0.483790       0.484007       0.484221       0.484445       0.484687       0.484955       0.485254       0.485588       0.485960       0.486368       0.486812       0.487288       0.487794       0.488325       0.488875       0.489440       0.490014       0.490591       0.491167       0.491736       0.492295       0.492839       0.493366       0.493872       0.494356       0.494816       0.495251       0.495660       0.496043       0.496400       0.496732       0.497039       0.497322       0.497582       0.497820       0.498037       0.498234       0.498413       0.498575       0.498720       0.498850       0.498966       0.499069       0.499160       0.499239       0.499308       0.499368       0.499418       0.499459       0.499493       0.499518       0.499537       0.499547       0.499551       0.499547       0.499537       0.499518       0.499493       0.499459       0.499418       0.499368       0.499308       0.499239       0.499160       0.499069       0.498966       0.498850       0.498720       0.498575       0.498413       0.498234       0.498037       0.497820       0.497582       0.497322       0.497039       0.496732       0.496400       0.496043       0.495660       0.495251       0.494816       0.494356       0.493872       0.493366       0.492839       0.492295       0.491736       0.491167       0.490591       0.490014       0.489440       0.488875       0.488325       0.487794       0.487288       0.486812       0.486368       0.485960       0.485588       0.485254       0.484955       0.484687       0.484445       0.484221       0.484007       0.483790       0.483558       0.483296       0.482988       0.482619       0.482173       0.481635       0.480994       0.480244       0.479388       0.478443       0.477442       0.476445       0.475543       0.474858       0.474538       0.474736       0.475555       0.476983       0.478817       0.480633       0.481832       0.481776       0.479992       0.476410       0.471658       0.467495       0.467495
       0.467474       0.467474       0.471641       0.476402       0.479996       0.481797       0.481875       0.480705       0.478926       0.477138       0.475766       0.475014       0.474892       0.475297       0.476075       0.477077       0.478178       0.479286       0.480341       0.481307       0.482165       0.482913       0.483555       0.484100       0.484561       0.484954       0.485292       0.485591       0.485864       0.486124       0.486379       0.486641       0.486916       0.487209       0.487525       0.487866       0.488233       0.488625       0.489041       0.489478       0.489934       0.490405       0.490886       0.491374       0.491864       0.492353       0.492837       0.493312       0.493775       0.494224       0.494656       0.495070       0.495464       0.495837       0.496189       0.496519       0.496828       0.497115       0.497382       0.497628       0.497854       0.498062       0.498252       0.498425       0.498582       0.498724       0.498852       0.498967       0.499069       0.499161       0.499241       0.499312       0.499373       0.499426       0.499471       0.499508       0.499538       0.499561       0.499577       0.499587       0.499590       0.499587       0.499577       0.499561       0.499538       0.499508       0.499471       0.499426       0.499373       0.499312       0.499241       0.499161       0.499069       0.498967       0.498852       0.498724       0.498582       0.498425       0.498252       0.498062       0.497854       0.497628       0.497382       0.497115       0.496828       0.496519       0.496189       0.495837       0.495464       0.495070       0.494656       0.494224       0.493775       0.493312       0.492837       0.492353       0.491864       0.491374       0.490886       0.490405       0.489934       0.489478       0.489041       0.488625       0.488233       0.487866       0.487525       0.487209       0.486916       0.486641       0.486379       0.486124       0.485864       0.485591       0.485292       0.484954       0.484561       0.484100       0.483555       0.482913       0.482165       0.481307       0.480341       0.479286       0.478178       0.477077       0.476075       0.475297       0.474892       0.475014       0.475766       0.477138       0.478926       0.480705       0.481875       0.481797       0.479996       0.476402       0.471641       0.467474       0.467474
       0.467456       0.467456       0.471627       0.476394       0.480000       0.481814       0.481912       0.480767       0.479020       0.477271       0.475948       0.475252       0.475196       0.475673       0.476531       0.477617       0.478807       0.480006       0.481154       0.482212       0.483163       0.484000       0.484728       0.485356       0.485894       0.486358       0.486760       0.487115       0.487435       0.487731       0.488014       0.488293       0.488574       0.488863       0.489164       0.489481       0.489814       0.490164       0.490530       0.490912       0.491306       0.491711       0.492123       0.492540       0.492959       0.493376       0.493788       0.494192       0.494587       0.494970       0.495340       0.495694       0.496032       0.496352       0.496655       0.496940       0.497206       0.497455       0.497686       0.497900       0.498097       0.498279       0.498445       0.498596       0.498734       0.498859       0.498971       0.499073       0.499164       0.499244       0.499316       0.499379       0.499433       0.499480       0.499520       0.499553       0.499580       0.499600       0.499615       0.499623       0.499626       0.499623       0.499615       0.499600       0.499580       0.499553       0.499520       0.499480       0.499433       0.499379       0.499316       0.499244       0.499164       0.499073       0.498971       0.498859       0.498734       0.498596       0.498445       0.498279       0.498097       0.497900       0.497686       0.497455       0.497206       0.496940       0.496655       0.496352       0.496032       0.495694       0.495340       0.494970       0.494587       0.494192       0.493788       0.493376       0.492959       0.492540       0.492123       0.491711       0.491306       0.490912       0.490530       0.490164       0.489814       0.489481       0.489164       0.488863       0.488574       0.488293       0.488014       0.487731       0.487435       0.487115       0.486760       0.486358       0.485894       0.485356       0.484728       0.484000       0.483163       0.482212       0.481154       0.480006       0.478807       0.477617       0.476531       0.475673       0.475196       0.475252       0.475948       0.477271       0.479020       0.480767       0.481912       0.481814       0.480000       0.476394       0.471627       0.467456       0.467456
       0.467440       0.467440       0.471614       0.476388       0.480002       0.481829       0.481943       0.480820       0.479100       0.477385       0.476103       0.475456       0.475456       0.475995       0.476921       0.478079       0.479344       0.480621       0.481847       0.482983       0.484011       0.484925       0.485725       0.486422       0.487025       0.487548       0.488003       0.488404       0.488763       0.489091       0.489397       0.489689       0.489976       0.490262       0.490551       0.490848       0.491154       0.491470       0.491796       0.492131       0.492476       0.492826       0.493182       0.493540       0.493899       0.494256       0.494608       0.494954       0.495291       0.495619       0.495935       0.496239       0.496529       0.496804       0.497065       0.497311       0.497541       0.497756       0.497957       0.498143       0.498314       0.498472       0.498617       0.498750       0.498871       0.498981       0.499080       0.499169       0.499249       0.499321       0.499384       0.499439       0.499488       0.499530       0.499565       0.499595       0.499618       0.499636       0.499649       0.499657       0.499659       0.499657       0.499649       0.499636       0.499618       0.499595       0.499565       0.499530       0.499488       0.499439       0.499384       0.499321       0.499249       0.499169       0.499080       0.498981       0.498871       0.498750       0.498617       0.498472       0.498314       0.498143       0.497957       0.497756       0.497541       0.497311       0.497065       0.496804       0.496529       0.496239       0.495935       0.495619       0.495291       0.494954       0.494608       0.494256       0.493899       0.493540       0.493182       0.492826       0.492476       0.492131       0.491796       0.491470       0.491154       0.490848       0.490551       0.490262       0.489976       0.489689       0.489397       0.489091       0.488763       0.488404       0.488003       0.487548       0.487025       0.486422       0.485725       0.484925       0.484011       0.482983       0.481847       0.480621       0.479344       0.478079       0.476921       0.475995       0.475456       0.475456       0.476103       0.477385       0.479100       0.480820       0.481943       0.481829       0.480002       0.476388       0.471614       0.467440       0.467440
       0.467426       0.467426       0.471603       0.476382       0.480004       0.481842       0.481970       0.480865       0.479169       0.477483       0.476237       0.475631       0.475679       0.476271       0.477254       0.478474       0.479803       0.481145       0.482437       0.483640       0.484734       0.485710       0.486572       0.487326       0.487984       0.488556       0.489056       0.489496       0.489887       0.490240       0.490565       0.490870       0.491161       0.491445       0.491726       0.492007       0.492290       0.492579       0.492872       0.493170       0.493472       0.493779       0.494088       0.494397       0.494706       0.495013       0.495315       0.495612       0.495901       0.496182       0.496454       0.496714       0.496963       0.497201       0.497425       0.497637       0.497836       0.498023       0.498197       0.498358       0.498507       0.498645       0.498772       0.498888       0.498994       0.499090       0.499177       0.499256       0.499327       0.499390       0.499446       0.499495       0.499538       0.499575       0.499606       0.499633       0.499654       0.499670       0.499681       0.499688       0.499690       0.499688       0.499681       0.499670       0.499654       0.499633       0.499606       0.499575       0.499538       0.499495       0.499446       0.499390       0.499327       0.499256       0.499177       0.499090       0.498994       0.498888       0.498772       0.498645       0.498507       0.498358       0.498197       0.498023       0.497836       0.497637       0.497425       0.497201       0.496963       0.496714       0.496454       0.496182       0.495901       0.495612       0.495315       0.495013       0.494706       0.494397       0.494088       0.493779       0.493472       0.493170       0.492872       0.492579       0.492290       0.492007       0.491726       0.491445       0.491161       0.490870       0.490565       0.490240       0.489887       0.489496       0.489056       0.488556       0.487984       0.487326       0.486572       0.485710       0.484734       0.483640       0.482437       0.481145       0.479803       0.478474       0.477254       0.476271       0.475679       0.475631       0.476237       0.477483       0.479169       0.480865       0.481970       0.481842       0.480004       0.476382       0.471603       0.467426       0.467426
       0.467414       0.467414       0.471593       0.476377       0.480006       0.481853       0.481993       0.480904       0.479228       0.477567       0.476351       0.475781       0.475869       0.476507       0.477539       0.478811       0.480194       0.481593       0.482941       0.484200       0.485348       0.486378       0.487291       0.488094       0.488797       0.489410       0.489947       0.490420       0.490838       0.491213       0.491555       0.491869       0.492165       0.492447       0.492721       0.492989       0.493255       0.493520       0.493786       0.494054       0.494322       0.494592       0.494862       0.495132       0.495399       0.495664       0.495925       0.496180       0.496429       0.496671       0.496904       0.497129       0.497343       0.497547       0.497741       0.497924       0.498097       0.498258       0.498409       0.498549       0.498679       0.498800       0.498910       0.499012       0.499104       0.499189       0.499265       0.499335       0.499397       0.499452       0.499502       0.499545       0.499583       0.499616       0.499644       0.499667       0.499686       0.499701       0.499711       0.499717       0.499719       0.499717       0.499711       0.499701       0.499686       0.499667       0.499644       0.499616       0.499583       0.499545       0.499502       0.499452       0.499397       0.499335       0.499265       0.499189       0.499104       0.499012       0.498910       0.498800       0.498679       0.498549       0.498409       0.498258       0.498097       0.497924       0.497741       0.497547       0.497343       0.497129       0.496904       0.496671       0.496429       0.496180       0.495925       0.495664       0.495399       0.495132       0.494862       0.494592       0.494322       0.494054       0.493786       0.493520       0.493255       0.492989       0.492721       0.492447       0.492165       0.491869       0.491555       0.491213       0.490838       0.490420       0.489947       0.489410       0.488797       0.488094       0.487291       0.486378       0.485348       0.484200       0.482941       0.481593       0.480194       0.478811       0.477539       0.476507       0.475869       0.475781       0.476351       0.477567       0.479228       0.480904       0.481993       0.481853       0.480006       0.476377       0.471593       0.467414       0.467414
       0.467403       0.467403       0.471585       0.476372       0.480007       0.481862       0.482013       0.480937       0.479278       0.477639       0.476449       0.475910       0.476033       0.476709       0.477783       0.479100       0.480529       0.481974       0.483370       0.484677       0.485871       0.486947       0.487903       0.488746       0.489487       0.490135       0.490703       0.491203       0.491644       0.492037       0.492392       0.492716       0.493015       0.493296       0.493564       0.493822       0.494073       0.494320       0.494564       0.494807       0.495047       0.495287       0.495525       0.495761       0.495994       0.496224       0.496450       0.496671       0.496886       0.497095       0.497296       0.497489       0.497674       0.497851       0.498018       0.498177       0.498326       0.498466       0.498597       0.498719       0.498832       0.498937       0.499033       0.499122       0.499203       0.499277       0.499345       0.499405       0.499460       0.499509       0.499553       0.499591       0.499625       0.499654       0.499679       0.499699       0.499716       0.499729       0.499738       0.499743       0.499745       0.499743       0.499738       0.499729       0.499716       0.499699       0.499679       0.499654       0.499625       0.499591       0.499553       0.499509       0.499460       0.499405       0.499345       0.499277       0.499203       0.499122       0.499033       0.498937       0.498832       0.498719       0.498597       0.498466       0.498326       0.498177       0.498018       0.497851       0.497674       0.497489       0.497296       0.497095       0.496886       0.496671       0.496450       0.496224       0.495994       0.495761       0.495525       0.495287       0.495047       0.494807       0.494564       0.494320       0.494073       0.493822       0.493564       0.493296       0.493015       0.492716       0.492392       0.492037       0.491644       0.491203       0.490703       0.490135       0.489487       0.488746       0.487903       0.486947       0.485871       0.484677       0.483370       0.481974       0.480529       0.479100       0.477783       0.476709       0.476033       0.475910       0.476449       0.477639       0.479278       0.480937       0.482013       0.481862       0.480007       0.476372       0.471585       0.467403       0.467403
       0.467394       0.467394       0.471577       0.476368       0.480008       0.481870       0.482030       0.480966       0.479322       0.477701       0.476533       0.476020       0.476173       0.476882       0.477992       0.479346       0.480815       0.482300       0.483736       0.485083       0.486317       0.487430       0.488423       0.489300       0.490073       0.490750       0.491344       0.491866       0.492327       0.492735       0.493101       0.493433       0.493736       0.494016       0.494279       0.494529       0.494769       0.495000       0.495226       0.495448       0.495666       0.495880       0.496092       0.496300       0.496505       0.496706       0.496903       0.497095       0.497281       0.497462       0.497636       0.497803       0.497963       0.498116       0.498261       0.498398       0.498527       0.498649       0.498763       0.498869       0.498967       0.499059       0.499143       0.499221       0.499292       0.499357       0.499416       0.499469       0.499517       0.499561       0.499599       0.499633       0.499663       0.499688       0.499710       0.499729       0.499743       0.499755       0.499763       0.499767       0.499769       0.499767       0.499763       0.499755       0.499743       0.499729       0.499710       0.499688       0.499663       0.499633       0.499599       0.499561       0.499517       0.499469       0.499416       0.499357       0.499292       0.499221       0.499143       0.499059       0.498967       0.498869       0.498763       0.498649       0.498527       0.498398       0.498261       0.498116       0.497963       0.497803       0.497636       0.497462       0.497281       0.497095       0.496903       0.496706       0.496505       0.496300       0.496092       0.495880       0.495666       0.495448       0.495226       0.495000       0.494769       0.494529       0.494279       0.494016       0.493736       0.493433       0.493101       0.492735       0.492327       0.491866       0.491344       0.490750       0.490073       0.489300       0.488423       0.487430       0.486317       0.485083       0.483736       0.482300       0.480815       0.479346       0.477992       0.476882       0.476173       0.476020       0.476533       0.477701       0.479322       0.480966       0.482030       0.481870       0.480008       0.476368       0.471577       0.467394       0.467394
       0.467386       0.467386       0.471570       0.476364       0.480009       0.481877       0.482044       0.480990       0.479359       0.477754       0.476605       0.476114       0.476292       0.477030       0.478170       0.479557       0.481058       0.482578       0.484049       0.485429       0.486696       0.487841       0.488864       0.489771       0.490570       0.491272       0.491888       0.492429       0.492905       0.493327       0.493703       0.494040       0.494346       0.494627       0.494886       0.495129       0.495359       0.495579       0.495790       0.495994       0.496193       0.496387       0.496577       0.496762       0.496943       0.497120       0.497293       0.497460       0.497623       0.497780       0.497931       0.498076       0.498215       0.498347       0.498473       0.498592       0.498704       0.498810       0.498909       0.499001       0.499087       0.499167       0.499241       0.499308       0.499371       0.499428       0.499479       0.499526       0.499569       0.499607       0.499641       0.499671       0.499697       0.499720       0.499739       0.499755       0.499768       0.499778       0.499785       0.499790       0.499791       0.499790       0.499785       0.499778       0.499768       0.499755       0.499739       0.499720       0.499697       0.499671       0.499641       0.499607       0.499569       0.499526       0.499479       0.499428       0.499371       0.499308       0.499241       0.499167       0.499087       0.499001       0.498909       0.498810       0.498704       0.498592       0.498473       0.498347       0.498215       0.498076       0.497931       0.497780       0.497623       0.497460       0.497293       0.497120       0.496943       0.496762       0.496577       0.496387       0.496193       0.495994       0.495790       0.495579       0.495359       0.495129       0.494886       0.494627       0.494346       0.494040       0.493703       0.493327       0.492905       0.492429       0.491888       0.491272       0.490570       0.489771       0.488864       0.487841       0.486696       0.485429       0.484049       0.482578       0.481058       0.479557       0.478170       0.477030       0.476292       0.476114       0.476605       0.477754       0.479359       0.480990       0.482044       0.481877       0.480009       0.476364       0.471570       0.467386       0.467386
       0.467379       0.467379       0.471565       0.476361       0.480009       0.481882       0.482056       0.481011       0.479391       0.477799       0.476666       0.476195       0.476395       0.477157       0.478323       0.479737       0.481267       0.482815       0.484315       0.485724       0.487019       0.488191       0.489240       0.490171       0.490993       0.491715       0.492350       0.492907       0.493397       0.493829       0.494213       0.494556       0.494864       0.495145       0.495402       0.495639       0.495861       0.496071       0.496270       0.496460       0.496643       0.496820       0.496991       0.497158       0.497319       0.497476       0.497628       0.497775       0.497918       0.498055       0.498187       0.498313       0.498434       0.498549       0.498659       0.498762       0.498860       0.498952       0.499038       0.499118       0.499193       0.499263       0.499327       0.499386       0.499441       0.499491       0.499536       0.499578       0.499615       0.499648       0.499678       0.499705       0.499728       0.499748       0.499765       0.499779       0.499791       0.499800       0.499806       0.499810       0.499811       0.499810       0.499806       0.499800       0.499791       0.499779       0.499765       0.499748       0.499728       0.499705       0.499678       0.499648       0.499615       0.499578       0.499536       0.499491       0.499441       0.499386       0.499327       0.499263       0.499193       0.499118       0.499038       0.498952       0.498860       0.498762       0.498659       0.498549       0.498434       0.498313       0.498187       0.498055       0.497918       0.497775       0.497628       0.497476       0.497319       0.497158       0.496991       0.496820       0.496643       0.496460       0.496270       0.496071       0.495861       0.495639       0.495402       0.495145       0.494864       0.494556       0.494213       0.493829       0.493397       0.492907       0.492350       0.491715       0.490993       0.490171       0.489240       0.488191       0.487019       0.485724       0.484315       0.482815       0.481267       0.479737       0.478323       0.477157       0.476395       0.476195       0.476666       0.477799       0.479391       0.481011       0.482056       0.481882       0.480009       0.476361       0.471565       0.467379       0.467379
       0.467372       0.467372       0.471559       0.476358       0.480009       0.481887       0.482067       0.481029       0.479418       0.477838       0.476719       0.476264       0.476482       0.477265       0.478453       0.479890       0.481445       0.483018       0.484542       0.485975       0.487294       0.488489       0.489560       0.490512       0.491352       0.492092       0.492742       0.493312       0.493813       0.494255       0.494646       0.494994       0.495304       0.495585       0.495839       0.496073       0.496289       0.496490       0.496679       0.496857       0.497028       0.497190       0.497347       0.497497       0.497642       0.497782       0.497917       0.498047       0.498173       0.498293       0.498409       0.498519       0.498625       0.498725       0.498821       0.498911       0.498996       0.499076       0.499151       0.499221       0.499287       0.499348       0.499404       0.499456       0.499504       0.499547       0.499587       0.499624       0.499656       0.499686       0.499712       0.499735       0.499756       0.499774       0.499789       0.499801       0.499812       0.499819       0.499825       0.499828       0.499829       0.499828       0.499825       0.499819       0.499812       0.499801       0.499789       0.499774       0.499756       0.499735       0.499712       0.499686       0.499656       0.499624       0.499587       0.499547       0.499504       0.499456       0.499404       0.499348       0.499287       0.499221       0.499151       0.499076       0.498996       0.498911       0.498821       0.498725       0.498625       0.498519       0.498409       0.498293       0.498173       0.498047       0.497917       0.497782       0.497642       0.497497       0.497347       0.497190       0.497028       0.496857       0.496679       0.496490       0.496289       0.496073       0.495839       0.495585       0.495304       0.494994       0.494646       0.494255       0.493813       0.493312       0.492742       0.492092       0.491352       0.490512       0.489560       0.488489       0.487294       0.485975       0.484542       0.483018       0.481445       0.479890       0.478453       0.477265       0.476482       0.476264       0.476719       0.477838       0.479418       0.481029       0.482067       0.481887       0.480009       0.476358       0.471559       0.467372       0.467372
       0.467367       0.467367       0.471555       0.476355       0.480010       0.481891       0.482075       0.481044       0.479441       0.477871       0.476764       0.476323       0.476557       0.477357       0.478565       0.480022       0.481597       0.483191       0.484736       0.486190       0.487529       0.488743       0.489833       0.490801       0.491658       0.492412       0.493075       0.493657       0.494168       0.494617       0.495014       0.495365       0.495678       0.495959       0.496211       0.496441       0.496652       0.496846       0.497027       0.497196       0.497356       0.497507       0.497651       0.497788       0.497919       0.498045       0.498166       0.498282       0.498393       0.498499       0.498601       0.498698       0.498791       0.498879       0.498962       0.499041       0.499115       0.499185       0.499251       0.499312       0.499370       0.499423       0.499472       0.499517       0.499559       0.499598       0.499633       0.499665       0.499693       0.499719       0.499743       0.499763       0.499781       0.499797       0.499810       0.499821       0.499830       0.499837       0.499842       0.499845       0.499846       0.499845       0.499842       0.499837       0.499830       0.499821       0.499810       0.499797       0.499781       0.499763       0.499743       0.499719       0.499693       0.499665       0.499633       0.499598       0.499559       0.499517       0.499472       0.499423       0.499370       0.499312       0.499251       0.499185       0.499115       0.499041       0.498962       0.498879       0.498791       0.498698       0.498601       0.498499       0.498393       0.498282       0.498166       0.498045       0.497919       0.497788       0.497651       0.497507       0.497356       0.497196       0.497027       0.496846       0.496652       0.496441       0.496211       0.495959       0.495678       0.495365       0.495014       0.494617       0.494168       0.493657       0.493075       0.492412       0.491658       0.490801       0.489833       0.488743       0.487529       0.486190       0.484736       0.483191       0.481597       0.480022       0.478565       0.477357       0.476557       0.476323       0.476764       0.477871       0.479441       0.481044       0.482075       0.481891       0.480010       0.476355       0.471555       0.467367       0.467367
       0.467362       0.467362       0.471551       0.476353       0.480010       0.481894       0.482083       0.481057       0.479461       0.477900       0.476803       0.476374       0.476622       0.477437       0.478660       0.480134       0.481727       0.483338       0.484901       0.486372       0.487729       0.488960       0.490064       0.491048       0.491918       0.492684       0.493358       0.493950       0.494469       0.494925       0.495326       0.495681       0.495996       0.496276       0.496528       0.496755       0.496961       0.497150       0.497324       0.497486       0.497636       0.497777       0.497911       0.498037       0.498157       0.498271       0.498380       0.498484       0.498583       0.498677       0.498767       0.498853       0.498935       0.499012       0.499085       0.499154       0.499220       0.499281       0.499339       0.499392       0.499442       0.499489       0.499532       0.499572       0.499609       0.499642       0.499673       0.499701       0.499727       0.499749       0.499770       0.499788       0.499804       0.499818       0.499829       0.499839       0.499847       0.499853       0.499858       0.499860       0.499861       0.499860       0.499858       0.499853       0.499847       0.499839       0.499829       0.499818       0.499804       0.499788       0.499770       0.499749       0.499727       0.499701       0.499673       0.499642       0.499609       0.499572       0.499532       0.499489       0.499442       0.499392       0.499339       0.499281       0.499220       0.499154       0.499085       0.499012       0.498935       0.498853       0.498767       0.498677       0.498583       0.498484       0.498380       0.498271       0.498157       0.498037       0.497911       0.497777       0.497636       0.497486       0.497324       0.497150       0.496961       0.496755       0.496528       0.496276       0.495996       0.495681       0.495326       0.494925       0.494469       0.493950       0.493358       0.492684       0.491918       0.491048       0.490064       0.488960       0.487729       0.486372       0.484901       0.483338       0.481727       0.480134       0.478660       0.477437       0.476622       0.476374       0.476803       0.477900       0.479461       0.481057       0.482083       0.481894       0.480010       0.476353       0.471551       0.467362       0.467362
       0.467357       0.467357       0.471547       0.476351       0.480009       0.481897       0.482089       0.481068       0.479478       0.477924       0.476836       0.476417       0.476676       0.477504       0.478741       0.480230       0.481837       0.483464       0.485042       0.486528       0.487899       0.489144       0.490262       0.491258       0.492139       0.492916       0.493599       0.494199       0.494725       0.495186       0.495592       0.495950       0.496266       0.496547       0.496797       0.497022       0.497225       0.497409       0.497578       0.497732       0.497876       0.498009       0.498134       0.498251       0.498361       0.498465       0.498564       0.498658       0.498747       0.498831       0.498911       0.498988       0.499060       0.499128       0.499193       0.499254       0.499311       0.499365       0.499415       0.499463       0.499507       0.499547       0.499585       0.499620       0.499653       0.499682       0.499709       0.499734       0.499756       0.499776       0.499794       0.499810       0.499824       0.499837       0.499847       0.499856       0.499863       0.499868       0.499872       0.499874       0.499875       0.499874       0.499872       0.499868       0.499863       0.499856       0.499847       0.499837       0.499824       0.499810       0.499794       0.499776       0.499756       0.499734       0.499709       0.499682       0.499653       0.499620       0.499585       0.499547       0.499507       0.499463       0.499415       0.499365       0.499311       0.499254       0.499193       0.499128       0.499060       0.498988       0.498911       0.498831       0.498747       0.498658       0.498564       0.498465       0.498361       0.498251       0.498134       0.498009       0.497876       0.497732       0.497578       0.497409       0.497225       0.497022       0.496797       0.496547       0.496266       0.495950       0.495592       0.495186       0.494725       0.494199       0.493599       0.492916       0.492139       0.491258       0.490262       0.489144       0.487899       0.486528       0.485042       0.483464       0.481837       0.480230       0.478741       0.477504       0.476676       0.476417       0.476836       0.477924       0.479478       0.481068       0.482089       0.481897       0.480009       0.476351       0.471547       0.467357       0.467357
       0.467353       0.467353       0.471544       0.476349       0.480009       0.481899       0.482095       0.481078       0.479492       0.477945       0.476864       0.476454       0.476723       0.477562       0.478811       0.480312       0.481932       0.483572       0.485163       0.486662       0.488045       0.489301       0.490430       0.491437       0.492328       0.493113       0.493804       0.494411       0.494942       0.495409       0.495818       0.496178       0.496496       0.496777       0.497027       0.497250       0.497450       0.497630       0.497794       0.497943       0.498080       0.498207       0.498324       0.498434       0.498536       0.498632       0.498723       0.498808       0.498888       0.498964       0.499036       0.499104       0.499168       0.499229       0.499286       0.499340       0.499391       0.499438       0.499483       0.499524       0.499563       0.499599       0.499632       0.499663       0.499691       0.499718       0.499741       0.499763       0.499783       0.499800       0.499816       0.499830       0.499843       0.499854       0.499863       0.499870       0.499877       0.499881       0.499885       0.499887       0.499888       0.499887       0.499885       0.499881       0.499877       0.499870       0.499863       0.499854       0.499843       0.499830       0.499816       0.499800       0.499783       0.499763       0.499741       0.499718       0.499691       0.499663       0.499632       0.499599       0.499563       0.499524       0.499483       0.499438       0.499391       0.499340       0.499286       0.499229       0.499168       0.499104       0.499036       0.498964       0.498888       0.498808       0.498723       0.498632       0.498536       0.498434       0.498324       0.498207       0.498080       0.497943       0.497794       0.497630       0.497450       0.497250       0.497027       0.496777       0.496496       0.496178       0.495818       0.495409       0.494942       0.494411       0.493804       0.493113       0.492328       0.491437       0.490430       0.489301       0.488045       0.486662       0.485163       0.483572       0.481932       0.480312       0.478811       0.477562       0.476723       0.476454       0.476864       0.477945       0.479492       0.481078       0.482095       0.481899       0.480009       0.476349       0.471544       0.467353       0.467353
       0.467350       0.467350       0.471541       0.476347       0.480009       0.481901       0.482099       0.481086       0.479505       0.477963       0.476888       0.476486       0.476764       0.477612       0.478871       0.480382       0.482013       0.483664       0.485266       0.486775       0.488169       0.489435       0.490574       0.491589       0.492488       0.493281       0.493979       0.494591       0.495128       0.495598       0.496010       0.496373       0.496692       0.496973       0.497222       0.497444       0.497641       0.497819       0.497979       0.498124       0.498256       0.498377       0.498488       0.498591       0.498687       0.498776       0.498859       0.498937       0.499010       0.499079       0.499144       0.499205       0.499263       0.499317       0.499368       0.499416       0.499461       0.499503       0.499542       0.499578       0.499613       0.499644       0.499674       0.499701       0.499726       0.499749       0.499770       0.499789       0.499806       0.499822       0.499836       0.499848       0.499859       0.499869       0.499877       0.499884       0.499889       0.499893       0.499896       0.499898       0.499899       0.499898       0.499896       0.499893       0.499889       0.499884       0.499877       0.499869       0.499859       0.499848       0.499836       0.499822       0.499806       0.499789       0.499770       0.499749       0.499726       0.499701       0.499674       0.499644       0.499613       0.499578       0.499542       0.499503       0.499461       0.499416       0.499368       0.499317       0.499263       0.499205       0.499144       0.499079       0.499010       0.498937       0.498859       0.498776       0.498687       0.498591       0.498488       0.498377       0.498256       0.498124       0.497979       0.497819       0.497641       0.497444       0.497222       0.496973       0.496692       0.496373       0.496010       0.495598       0.495128       0.494591       0.493979       0.493281       0.492488       0.491589       0.490574       0.489435       0.488169       0.486775       0.485266       0.483664       0.482013       0.480382       0.478871       0.477612       0.476764       0.476486       0.476888       0.477963       0.479505       0.481086       0.482099       0.481901       0.480009       0.476347       0.471541       0.467350       0.467350
       0.467347       0.467347       0.471538       0.476345       0.480009       0.481902       0.482103       0.481092       0.479515       0.477978       0.476909       0.476513       0.476798       0.477654       0.478921       0.480442       0.482082       0.483742       0.485353       0.486872       0.488274       0.489550       0.490696       0.491719       0.492625       0.493425       0.494128       0.494745       0.495285       0.495759       0.496174       0.496538       0.496858       0.497140       0.497389       0.497609       0.497805       0.497979       0.498136       0.498277       0.498405       0.498522       0.498628       0.498726       0.498816       0.498899       0.498976       0.499048       0.499116       0.499179       0.499238       0.499293       0.499345       0.499393       0.499439       0.499481       0.499521       0.499559       0.499594       0.499626       0.499656       0.499684       0.499710       0.499734       0.499756       0.499777       0.499795       0.499812       0.499827       0.499841       0.499853       0.499864       0.499874       0.499882       0.499890       0.499896       0.499900       0.499904       0.499907       0.499908       0.499909       0.499908       0.499907       0.499904       0.499900       0.499896       0.499890       0.499882       0.499874       0.499864       0.499853       0.499841       0.499827       0.499812       0.499795       0.499777       0.499756       0.499734       0.499710       0.499684       0.499656       0.499626       0.499594       0.499559       0.499521       0.499481       0.499439       0.499393       0.499345       0.499293       0.499238       0.499179       0.499116       0.499048       0.498976       0.498899       0.498816       0.498726       0.498628       0.498522       0.498405       0.498277       0.498136       0.497979       0.497805       0.497609       0.497389       0.497140       0.496858       0.496538       0.496174       0.495759       0.495285       0.494745       0.494128       0.493425       0.492625       0.491719       0.490696       0.489550       0.488274       0.486872       0.485353       0.483742       0.482082       0.480442       0.478921       0.477654       0.476798       0.476513       0.476909       0.477978       0.479515       0.481092       0.482103       0.481902       0.480009       0.476345       0.471538       0.467347       0.467347
       0.467344       0.467344       0.471536       0.476344       0.480008       0.481903       0.482106       0.481098       0.479524       0.477991       0.476927       0.476536       0.476827       0.477690       0.478965       0.480493       0.482141       0.483809       0.485428       0.486955       0.488365       0.489647       0.490801       0.491830       0.492742       0.493547       0.494254       0.494876       0.495420       0.495896       0.496314       0.496679       0.497000       0.497282       0.497530       0.497750       0.497944       0.498117       0.498271       0.498409       0.498533       0.498646       0.498748       0.498841       0.498927       0.499005       0.499077       0.499144       0.499207       0.499264       0.499318       0.499369       0.499416       0.499459       0.499500       0.499539       0.499574       0.499608       0.499639       0.499668       0.499694       0.499719       0.499742       0.499764       0.499783       0.499801       0.499817       0.499832       0.499846       0.499858       0.499869       0.499879       0.499887       0.499895       0.499901       0.499906       0.499911       0.499914       0.499916       0.499918       0.499918       0.499918       0.499916       0.499914       0.499911       0.499906       0.499901       0.499895       0.499887       0.499879       0.499869       0.499858       0.499846       0.499832       0.499817       0.499801       0.499783       0.499764       0.499742       0.499719       0.499694       0.499668       0.499639       0.499608       0.499574       0.499539       0.499500       0.499459       0.499416       0.499369       0.499318       0.499264       0.499207       0.499144       0.499077       0.499005       0.498927       0.498841       0.498748       0.498646       0.498533       0.498409       0.498271       0.498117       0.497944       0.497750       0.497530       0.497282       0.497000       0.496679       0.496314       0.495896       0.495420       0.494876       0.494254       0.493547       0.492742       0.491830       0.490801       0.489647       0.488365       0.486955       0.485428       0.483809       0.482141       0.480493       0.478965       0.477690       0.476827       0.476536       0.476927       0.477991       0.479524       0.481098       0.482106       0.481903       0.480008       0.476344       0.471536       0.467344       0.467344
       0.467341       0.467341       0.471534       0.476342       0.480008       0.481904       0.482109       0.481103       0.479532       0.478001       0.476942       0.476555       0.476852       0.477721       0.479002       0.480537       0.482192       0.483866       0.485492       0.487025       0.488442       0.489730       0.490890       0.491924       0.492841       0.493651       0.494362       0.494987       0.495534       0.496013       0.496433       0.496800       0.497121       0.497404       0.497652       0.497870       0.498063       0.498234       0.498386       0.498522       0.498643       0.498752       0.498851       0.498940       0.499022       0.499096       0.499164       0.499227       0.499285       0.499339       0.499388       0.499434       0.499477       0.499517       0.499554       0.499588       0.499621       0.499650       0.499678       0.499704       0.499728       0.499750       0.499771       0.499789       0.499807       0.499823       0.499837       0.499850       0.499862       0.499873       0.499883       0.499892       0.499899       0.499906       0.499911       0.499916       0.499920       0.499923       0.499925       0.499926       0.499927       0.499926       0.499925       0.499923       0.499920       0.499916       0.499911       0.499906       0.499899       0.499892       0.499883       0.499873       0.499862       0.499850       0.499837       0.499823       0.499807       0.499789       0.499771       0.499750       0.499728       0.499704       0.499678       0.499650       0.499621       0.499588       0.499554       0.499517       0.499477       0.499434       0.499388       0.499339       0.499285       0.499227       0.499164       0.499096       0.499022       0.498940       0.498851       0.498752       0.498643       0.498522       0.498386       0.498234       0.498063       0.497870       0.497652       0.497404       0.497121       0.496800       0.496433       0.496013       0.495534       0.494987       0.494362       0.493651       0.492841       0.491924       0.490890       0.489730       0.488442       0.487025       0.485492       0.483866       0.482192       0.480537       0.479002       0.477721       0.476852       0.476555       0.476942       0.478001       0.479532       0.481103       0.482109       0.481904       0.480008       0.476342       0.471534       0.467341       0.467341
       0.467339       0.467339       0.471532       0.476341       0.480007       0.481905       0.482111       0.481107       0.479538       0.478011       0.476954       0.476572       0.476873       0.477747       0.479034       0.480574       0.482235       0.483915       0.485547       0.487086       0.488507       0.489801       0.490965       0.492005       0.492926       0.493739       0.494455       0.495082       0.495632       0.496113       0.496534       0.496902       0.497225       0.497507       0.497755       0.497973       0.498165       0.498334       0.498484       0.498618       0.498737       0.498843       0.498939       0.499025       0.499104       0.499175       0.499239       0.499298       0.499353       0.499403       0.499449       0.499491       0.499530       0.499567       0.499601       0.499632       0.499661       0.499688       0.499713       0.499736       0.499757       0.499777       0.499795       0.499812       0.499828       0.499842       0.499855       0.499866       0.499877       0.499887       0.499895       0.499903       0.499910       0.499915       0.499920       0.499925       0.499928       0.499931       0.499932       0.499934       0.499934       0.499934       0.499932       0.499931       0.499928       0.499925       0.499920       0.499915       0.499910       0.499903       0.499895       0.499887       0.499877       0.499866       0.499855       0.499842       0.499828       0.499812       0.499795       0.499777       0.499757       0.499736       0.499713       0.499688       0.499661       0.499632       0.499601       0.499567       0.499530       0.499491       0.499449       0.499403       0.499353       0.499298       0.499239       0.499175       0.499104       0.499025       0.498939       0.498843       0.498737       0.498618       0.498484       0.498334       0.498165       0.497973       0.497755       0.497507       0.497225       0.496902       0.496534       0.496113       0.495632       0.495082       0.494455       0.493739       0.492926       0.492005       0.490965       0.489801       0.488507       0.487086       0.485547       0.483915       0.482235       0.480574       0.479034       0.477747       0.476873       0.476572       0.476954       0.478011       0.479538       0.481107       0.482111       0.481905       0.480007       0.476341       0.471532       0.467339       0.467339
       0.467337       0.467337       0.471530       0.476339       0.480007       0.481905       0.482113       0.481110       0.479544       0.478019       0.476965       0.476586       0.476892       0.477770       0.479061       0.480606       0.482271       0.483957       0.485594       0.487137       0.488564       0.489862       0.491030       0.492073       0.492998       0.493815       0.494533       0.495163       0.495715       0.496198       0.496621       0.496990       0.497313       0.497595       0.497843       0.498060       0.498251       0.498420       0.498568       0.498700       0.498817       0.498922       0.499015       0.499098       0.499174       0.499242       0.499304       0.499360       0.499411       0.499458       0.499501       0.499540       0.499577       0.499610       0.499641       0.499670       0.499696       0.499720       0.499743       0.499764       0.499783       0.499801       0.499817       0.499832       0.499846       0.499859       0.499870       0.499881       0.499890       0.499899       0.499906       0.499913       0.499919       0.499924       0.499929       0.499932       0.499935       0.499938       0.499939       0.499940       0.499941       0.499940       0.499939       0.499938       0.499935       0.499932       0.499929       0.499924       0.499919       0.499913       0.499906       0.499899       0.499890       0.499881       0.499870       0.499859       0.499846       0.499832       0.499817       0.499801       0.499783       0.499764       0.499743       0.499720       0.499696       0.499670       0.499641       0.499610       0.499577       0.499540       0.499501       0.499458       0.499411       0.499360       0.499304       0.499242       0.499174       0.499098       0.499015       0.498922       0.498817       0.498700       0.498568       0.498420       0.498251       0.498060       0.497843       0.497595       0.497313       0.496990       0.496621       0.496198       0.495715       0.495163       0.494533       0.493815       0.492998       0.492073       0.491030       0.489862       0.488564       0.487137       0.485594       0.483957       0.482271       0.480606       0.479061       0.477770       0.476892       0.476586       0.476965       0.478019       0.479544       0.481110       0.482113       0.481905       0.480007       0.476339       0.471530       0.467337       0.467337
       0.467335       0.467335       0.471528       0.476338       0.480006       0.481905       0.482114       0.481113       0.479548       0.478025       0.476975       0.476599       0.476907       0.477789       0.479084       0.480633       0.482303       0.483993       0.485633       0.487181       0.488611       0.489914       0.491086       0.492132       0.493060       0.493879       0.494600       0.495232       0.495786       0.496271       0.496694       0.497064       0.497388       0.497671       0.497918       0.498135       0.498325       0.498493       0.498640       0.498771       0.498886       0.498988       0.499080       0.499161       0.499234       0.499300       0.499359       0.499413       0.499461       0.499505       0.499546       0.499583       0.499616       0.499648       0.499676       0.499702       0.499726       0.499749       0.499769       0.499788       0.499806       0.499822       0.499836       0.499850       0.499862       0.499874       0.499884       0.499893       0.499902       0.499909       0.499916       0.499922       0.499927       0.499932       0.499936       0.499939       0.499942       0.499944       0.499946       0.499946       0.499947       0.499946       0.499946       0.499944       0.499942       0.499939       0.499936       0.499932       0.499927       0.499922       0.499916       0.499909       0.499902       0.499893       0.499884       0.499874       0.499862       0.499850       0.499836       0.499822       0.499806       0.499788       0.499769       0.499749       0.499726       0.499702       0.499676       0.499648       0.499616       0.499583       0.499546       0.499505       0.499461       0.499413       0.499359       0.499300       0.499234       0.499161       0.499080       0.498988       0.498886       0.498771       0.498640       0.498493       0.498325       0.498135       0.497918       0.497671       0.497388       0.497064       0.496694       0.496271       0.495786       0.495232       0.494600       0.493879       0.493060       0.492132       0.491086       0.489914       0.488611       0.487181       0.485633       0.483993       0.482303       0.480633       0.479084       0.477789       0.476907       0.476599       0.476975       0.478025       0.479548       0.481113       0.482114       0.481905       0.480006       0.476338       0.471528       0.467335       0.467335
       0.467333       0.467333       0.471527       0.476337       0.480005       0.481906       0.482115       0.481116       0.479552       0.478031       0.476982       0.476609       0.476921       0.477805       0.479104       0.480656       0.482330       0.484023       0.485667       0.487219       0.488652       0.489958       0.491133       0.492182       0.493113       0.493934       0.494657       0.495291       0.495847       0.496333       0.496757       0.497128       0.497452       0.497735       0.497982       0.498199       0.498389       0.498555       0.498702       0.498831       0.498945       0.499046       0.499135       0.499215       0.499286       0.499349       0.499407       0.499458       0.499504       0.499547       0.499585       0.499619       0.499651       0.499680       0.499707       0.499731       0.499753       0.499773       0.499792       0.499809       0.499825       0.499840       0.499853       0.499865       0.499876       0.499887       0.499896       0.499904       0.499912       0.499919       0.499925       0.499930       0.499935       0.499939       0.499943       0.499946       0.499948       0.499950       0.499951       0.499952       0.499952       0.499952       0.499951       0.499950       0.499948       0.499946       0.499943       0.499939       0.499935       0.499930       0.499925       0.499919       0.499912       0.499904       0.499896       0.499887       0.499876       0.499865       0.499853       0.499840       0.499825       0.499809       0.499792       0.499773       0.499753       0.499731       0.499707       0.499680       0.499651       0.499619       0.499585       0.499547       0.499504       0.499458       0.499407       0.499349       0.499286       0.499215       0.499135       0.499046       0.498945       0.498831       0.498702       0.498555       0.498389       0.498199       0.497982       0.497735       0.497452       0.497128       0.496757       0.496333       0.495847       0.495291       0.494657       0.493934       0.493113       0.492182       0.491133       0.489958       0.488652       0.487219       0.485667       0.484023       0.482330       0.480656       0.479104       0.477805       0.476921       0.476609       0.476982       0.478031       0.479552       0.481116       0.482115       0.481906       0.480005       0.476337       0.471527       0.467333       0.467333
       0.467332       0.467332       0.471525       0.476336       0.480005       0.481906       0.482116       0.481117       0.479555       0.478036       0.476989       0.476618       0.476932       0.477819       0.479121       0.480676       0.482353       0.484049       0.485696       0.487251       0.488687       0.489995       0.491173       0.492225       0.493158       0.493981       0.494706       0.495342       0.495899       0.496386       0.496811       0.497182       0.497507       0.497790       0.498037       0.498254       0.498443       0.498609       0.498754       0.498882       0.498995       0.499095       0.499183       0.499261       0.499330       0.499392       0.499448       0.499497       0.499542       0.499582       0.499618       0.499651       0.499681       0.499708       0.499733       0.499756       0.499776       0.499795       0.499812       0.499828       0.499843       0.499856       0.499868       0.499879       0.499889       0.499898       0.499907       0.499914       0.499921       0.499927       0.499932       0.499937       0.499942       0.499945       0.499948       0.499951       0.499953       0.499955       0.499956       0.499957       0.499957       0.499957       0.499956       0.499955       0.499953       0.499951       0.499948       0.499945       0.499942       0.499937       0.499932       0.499927       0.499921       0.499914       0.499907       0.499898       0.499889       0.499879       0.499868       0.499856       0.499843       0.499828       0.499812       0.499795       0.499776       0.499756       0.499733       0.499708       0.499681       0.499651       0.499618       0.499582       0.499542       0.499497       0.499448       0.499392       0.499330       0.499261       0.499183       0.499095       0.498995       0.498882       0.498754       0.498609       0.498443       0.498254       0.498037       0.497790       0.497507       0.497182       0.496811       0.496386       0.495899       0.495342       0.494706       0.493981       0.493158       0.492225       0.491173       0.489995       0.488687       0.487251       0.485696       0.484049       0.482353       0.480676       0.479121       0.477819       0.476932       0.476618       0.476989       0.478036       0.479555       0.481117       0.482116       0.481906       0.480005       0.476336       0.471525       0.467332       0.467332
       0.467330       0.467330       0.471524       0.476335       0.480004       0.481906       0.482117       0.481119       0.479558       0.478040       0.476995       0.476625       0.476941       0.477831       0.479135       0.480693       0.482372       0.484071       0.485721       0.487278       0.488717       0.490027       0.491207       0.492261       0.493196       0.494021       0.494748       0.495385       0.495943       0.496431       0.496857       0.497229       0.497553       0.497837       0.498084       0.498300       0.498489       0.498655       0.498799       0.498927       0.499038       0.499137       0.499224       0.499300       0.499369       0.499429       0.499483       0.499531       0.499574       0.499613       0.499647       0.499679       0.499707       0.499733       0.499756       0.499777       0.499796       0.499814       0.499830       0.499844       0.499858       0.499870       0.499881       0.499891       0.499900       0.499908       0.499916       0.499923       0.499929       0.499934       0.499939       0.499944       0.499947       0.499951       0.499954       0.499956       0.499958       0.499959       0.499960       0.499961       0.499961       0.499961       0.499960       0.499959       0.499958       0.499956       0.499954       0.499951       0.499947       0.499944       0.499939       0.499934       0.499929       0.499923       0.499916       0.499908       0.499900       0.499891       0.499881       0.499870       0.499858       0.499844       0.499830       0.499814       0.499796       0.499777       0.499756       0.499733       0.499707       0.499679       0.499647       0.499613       0.499574       0.499531       0.499483       0.499429       0.499369       0.499300       0.499224       0.499137       0.499038       0.498927       0.498799       0.498655       0.498489       0.498300       0.498084       0.497837       0.497553       0.497229       0.496857       0.496431       0.495943       0.495385       0.494748       0.494021       0.493196       0.492261       0.491207       0.490027       0.488717       0.487278       0.485721       0.484071       0.482372       0.480693       0.479135       0.477831       0.476941       0.476625       0.476995       0.478040       0.479558       0.481119       0.482117       0.481906       0.480004       0.476335       0.471524       0.467330       0.467330
       0.467329       0.467329       0.471523       0.476334       0.480004       0.481906       0.482117       0.481120       0.479560       0.478043       0.477000       0.476632       0.476950       0.477841       0.479147       0.480708       0.482389       0.484090       0.485742       0.487301       0.488743       0.490055       0.491237       0.492292       0.493229       0.494056       0.494783       0.495421       0.495980       0.496469       0.496896       0.497268       0.497593       0.497877       0.498124       0.498340       0.498529       0.498694       0.498838       0.498964       0.499075       0.499173       0.499259       0.499334       0.499401       0.499461       0.499513       0.499560       0.499602       0.499639       0.499672       0.499702       0.499729       0.499754       0.499776       0.499796       0.499814       0.499830       0.499845       0.499858       0.499871       0.499882       0.499892       0.499901       0.499910       0.499917       0.499924       0.499930       0.499936       0.499941       0.499945       0.499949       0.499953       0.499956       0.499958       0.499960       0.499962       0.499963       0.499964       0.499965       0.499965       0.499965       0.499964       0.499963       0.499962       0.499960       0.499958       0.499956       0.499953       0.499949       0.499945       0.499941       0.499936       0.499930       0.499924       0.499917       0.499910       0.499901       0.499892       0.499882       0.499871       0.499858       0.499845       0.499830       0.499814       0.499796       0.499776       0.499754       0.499729       0.499702       0.499672       0.499639       0.499602       0.499560       0.499513       0.499461       0.499401       0.499334       0.499259       0.499173       0.499075       0.498964       0.498838       0.498694       0.498529       0.498340       0.498124       0.497877       0.497593       0.497268       0.496896       0.496469       0.495980       0.495421       0.494783       0.494056       0.493229       0.492292       0.491237       0.490055       0.488743       0.487301       0.485742       0.484090       0.482389       0.480708       0.479147       0.477841       0.476950       0.476632       0.477000       0.478043       0.479560       0.481120       0.482117       0.481906       0.480004       0.476334       0.471523       0.467329       0.467329
       0.467328       0.467328       0.471522       0.476333       0.480003       0.481905       0.482118       0.481121       0.479562       0.478046       0.477004       0.476637       0.476957       0.477850       0.479158       0.480720       0.482403       0.484106       0.485760       0.487321       0.488764       0.490078       0.491262       0.492319       0.493257       0.494085       0.494813       0.495453       0.496013       0.496502       0.496929       0.497302       0.497627       0.497911       0.498158       0.498374       0.498563       0.498727       0.498871       0.498997       0.499107       0.499204       0.499289       0.499364       0.499429       0.499488       0.499539       0.499585       0.499626       0.499662       0.499694       0.499723       0.499749       0.499772       0.499793       0.499812       0.499829       0.499844       0.499858       0.499871       0.499882       0.499892       0.499902       0.499910       0.499918       0.499925       0.499931       0.499937       0.499942       0.499947       0.499951       0.499954       0.499957       0.499960       0.499962       0.499964       0.499966       0.499967       0.499968       0.499968       0.499968       0.499968       0.499968       0.499967       0.499966       0.499964       0.499962       0.499960       0.499957       0.499954       0.499951       0.499947       0.499942       0.499937       0.499931       0.499925       0.499918       0.499910       0.499902       0.499892       0.499882       0.499871       0.499858       0.499844       0.499829       0.499812       0.499793       0.499772       0.499749       0.499723       0.499694       0.499662       0.499626       0.499585       0.499539       0.499488       0.499429       0.499364       0.499289       0.499204       0.499107       0.498997       0.498871       0.498727       0.498563       0.498374       0.498158       0.497911       0.497627       0.497302       0.496929       0.496502       0.496013       0.495453       0.494813       0.494085       0.493257       0.492319       0.491262       0.490078       0.488764       0.487321       0.485760       0.484106       0.482403       0.480720       0.479158       0.477850       0.476957       0.476637       0.477004       0.478046       0.479562       0.481121       0.482118       0.481905       0.480003       0.476333       0.471522       0.467328       0.467328
       0.467326       0.467326       0.471521       0.476332       0.480003       0.481905       0.482118       0.481122       0.479564       0.478049       0.477007       0.476642       0.476962       0.477857       0.479166       0.480730       0.482415       0.484120       0.485776       0.487338       0.488783       0.490098       0.491283       0.492341       0.493280       0.494110       0.494839       0.495479       0.496040       0.496530       0.496958       0.497331       0.497656       0.497940       0.498188       0.498403       0.498591       0.498756       0.498899       0.499024       0.499134       0.499230       0.499314       0.499389       0.499454       0.499511       0.499562       0.499606       0.499646       0.499681       0.499713       0.499741       0.499765       0.499788       0.499808       0.499826       0.499842       0.499856       0.499870       0.499881       0.499892       0.499902       0.499910       0.499918       0.499925       0.499932       0.499938       0.499943       0.499947       0.499952       0.499955       0.499959       0.499961       0.499964       0.499966       0.499968       0.499969       0.499970       0.499971       0.499971       0.499972       0.499971       0.499971       0.499970       0.499969       0.499968       0.499966       0.499964       0.499961       0.499959       0.499955       0.499952       0.499947       0.499943       0.499938       0.499932       0.499925       0.499918       0.499910       0.499902       0.499892       0.499881       0.499870       0.499856       0.499842       0.499826       0.499808       0.499788       0.499765       0.499741       0.499713       0.499681       0.499646       0.499606       0.499562       0.499511       0.499454       0.499389       0.499314       0.499230       0.499134       0.499024       0.498899       0.498756       0.498591       0.498403       0.498188       0.497940       0.497656       0.497331       0.496958       0.496530       0.496040       0.495479       0.494839       0.494110       0.493280       0.492341       0.491283       0.490098       0.488783       0.487338       0.485776       0.484120       0.482415       0.480730       0.479166       0.477857       0.476962       0.476642       0.477007       0.478049       0.479564       0.481122       0.482118       0.481905       0.480003       0.476332       0.471521       0.467326       0.467326
       0.467325       0.467325       0.471520       0.476331       0.480002       0.481905       0.482118       0.481123       0.479565       0.478051       0.477010       0.476646       0.476967       0.477864       0.479174       0.480739       0.482425       0.484132       0.485789       0.487353       0.488799       0.490115       0.491301       0.492361       0.493301       0.494131       0.494861       0.495502       0.496063       0.496554       0.496982       0.497356       0.497681       0.497965       0.498213       0.498428       0.498616       0.498780       0.498923       0.499048       0.499157       0.499253       0.499337       0.499410       0.499474       0.499531       0.499581       0.499625       0.499664       0.499698       0.499729       0.499756       0.499780       0.499801       0.499821       0.499838       0.499853       0.499867       0.499880       0.499891       0.499901       0.499910       0.499918       0.499925       0.499932       0.499938       0.499943       0.499948       0.499952       0.499956       0.499959       0.499962       0.499965       0.499967       0.499969       0.499971       0.499972       0.499973       0.499974       0.499974       0.499974       0.499974       0.499974       0.499973       0.499972       0.499971       0.499969       0.499967       0.499965       0.499962       0.499959       0.499956       0.499952       0.499948       0.499943       0.499938       0.499932       0.499925       0.499918       0.499910       0.499901       0.499891       0.499880       0.499867       0.499853       0.499838       0.499821       0.499801       0.499780       0.499756       0.499729       0.499698       0.499664       0.499625       0.499581       0.499531       0.499474       0.499410       0.499337       0.499253       0.499157       0.499048       0.498923       0.498780       0.498616       0.498428       0.498213       0.497965       0.497681       0.497356       0.496982       0.496554       0.496063       0.495502       0.494861       0.494131       0.493301       0.492361       0.491301       0.490115       0.488799       0.487353       0.485789       0.484132       0.482425       0.480739       0.479174       0.477864       0.476967       0.476646       0.477010       0.478051       0.479565       0.481123       0.482118       0.481905       0.480002       0.476331       0.471520       0.467325       0.467325
       0.467324       0.467324       0.471519       0.476331       0.480001       0.481905       0.482118       0.481123       0.479566       0.478052       0.477012       0.476649       0.476972       0.477869       0.479180       0.480747       0.482434       0.484142       0.485800       0.487365       0.488812       0.490130       0.491317       0.492377       0.493318       0.494149       0.494880       0.495522       0.496083       0.496574       0.497003       0.497377       0.497703       0.497987       0.498234       0.498450       0.498637       0.498801       0.498944       0.499068       0.499177       0.499272       0.499356       0.499428       0.499492       0.499548       0.499597       0.499641       0.499679       0.499713       0.499743       0.499769       0.499792       0.499813       0.499832       0.499848       0.499863       0.499876       0.499888       0.499899       0.499908       0.499917       0.499924       0.499931       0.499938       0.499943       0.499948       0.499953       0.499956       0.499960       0.499963       0.499966       0.499968       0.499970       0.499972       0.499973       0.499975       0.499976       0.499976       0.499977       0.499977       0.499977       0.499976       0.499976       0.499975       0.499973       0.499972       0.499970       0.499968       0.499966       0.499963       0.499960       0.499956       0.499953       0.499948       0.499943       0.499938       0.499931       0.499924       0.499917       0.499908       0.499899       0.499888       0.499876       0.499863       0.499848       0.499832       0.499813       0.499792       0.499769       0.499743       0.499713       0.499679       0.499641       0.499597       0.499548       0.499492       0.499428       0.499356       0.499272       0.499177       0.499068       0.498944       0.498801       0.498637       0.498450       0.498234       0.497987       0.497703       0.497377       0.497003       0.496574       0.496083       0.495522       0.494880       0.494149       0.493318       0.492377       0.491317       0.490130       0.488812       0.487365       0.485800       0.484142       0.482434       0.480747       0.479180       0.477869       0.476972       0.476649       0.477012       0.478052       0.479566       0.481123       0.482118       0.481905       0.480001       0.476331       0.471519       0.467324       0.467324
       0.467324       0.467324       0.471518       0.476330       0.480001       0.481905       0.482118       0.481124       0.479567       0.478054       0.477014       0.476652       0.476975       0.477873       0.479186       0.480753       0.482442       0.484150       0.485810       0.487376       0.488824       0.490142       0.491330       0.492391       0.493333       0.494165       0.494896       0.495538       0.496100       0.496592       0.497021       0.497395       0.497721       0.498005       0.498252       0.498468       0.498655       0.498819       0.498962       0.499086       0.499194       0.499289       0.499372       0.499444       0.499507       0.499563       0.499612       0.499654       0.499692       0.499725       0.499755       0.499780       0.499803       0.499823       0.499841       0.499857       0.499872       0.499884       0.499896       0.499906       0.499915       0.499923       0.499930       0.499937       0.499943       0.499948       0.499952       0.499956       0.499960       0.499963       0.499966       0.499969       0.499971       0.499973       0.499975       0.499976       0.499977       0.499978       0.499978       0.499979       0.499979       0.499979       0.499978       0.499978       0.499977       0.499976       0.499975       0.499973       0.499971       0.499969       0.499966       0.499963       0.499960       0.499956       0.499952       0.499948       0.499943       0.499937       0.499930       0.499923       0.499915       0.499906       0.499896       0.499884       0.499872       0.499857       0.499841       0.499823       0.499803       0.499780       0.499755       0.499725       0.499692       0.499654       0.499612       0.499563       0.499507       0.499444       0.499372       0.499289       0.499194       0.499086       0.498962       0.498819       0.498655       0.498468       0.498252       0.498005       0.497721       0.497395       0.497021       0.496592       0.496100       0.495538       0.494896       0.494165       0.493333       0.492391       0.491330       0.490142       0.488824       0.487376       0.485810       0.484150       0.482442       0.480753       0.479186       0.477873       0.476975       0.476652       0.477014       0.478054       0.479567       0.481124       0.482118       0.481905       0.480001       0.476330       0.471518       0.467324       0.467324
       0.467323       0.467323       0.471517       0.476329       0.480001       0.481904       0.482118       0.481124       0.479568       0.478055       0.477016       0.476654       0.476978       0.477877       0.479191       0.480759       0.482448       0.484158       0.485818       0.487385       0.488833       0.490153       0.491342       0.492403       0.493346       0.494178       0.494910       0.495553       0.496115       0.496607       0.497036       0.497410       0.497736       0.498020       0.498268       0.498483       0.498671       0.498834       0.498977       0.499101       0.499209       0.499303       0.499386       0.499458       0.499521       0.499576       0.499624       0.499666       0.499703       0.499736       0.499765       0.499790       0.499813       0.499832       0.499850       0.499865       0.499879       0.499891       0.499902       0.499912       0.499921       0.499928       0.499935       0.499941       0.499947       0.499952       0.499956       0.499960       0.499963       0.499966       0.499969       0.499972       0.499974       0.499975       0.499977       0.499978       0.499979       0.499980       0.499980       0.499981       0.499981       0.499981       0.499980       0.499980       0.499979       0.499978       0.499977       0.499975       0.499974       0.499972       0.499969       0.499966       0.499963       0.499960       0.499956       0.499952       0.499947       0.499941       0.499935       0.499928       0.499921       0.499912       0.499902       0.499891       0.499879       0.499865       0.499850       0.499832       0.499813       0.499790       0.499765       0.499736       0.499703       0.499666       0.499624       0.499576       0.499521       0.499458       0.499386       0.499303       0.499209       0.499101       0.498977       0.498834       0.498671       0.498483       0.498268       0.498020       0.497736       0.497410       0.497036       0.496607       0.496115       0.495553       0.494910       0.494178       0.493346       0.492403       0.491342       0.490153       0.488833       0.487385       0.485818       0.484158       0.482448       0.480759       0.479191       0.477877       0.476978       0.476654       0.477016       0.478055       0.479568       0.481124       0.482118       0.481904       0.480001       0.476329       0.471517       0.467323       0.467323
       0.467322       0.467322       0.471517       0.476329       0.480000       0.481904       0.482118       0.481124       0.479568       0.478056       0.477018       0.476656       0.476981       0.477880       0.479194       0.480763       0.482454       0.484164       0.485825       0.487392       0.488842       0.490162       0.491351       0.492413       0.493356       0.494189       0.494922       0.495565       0.496127       0.496619       0.497049       0.497423       0.497749       0.498034       0.498281       0.498497       0.498684       0.498847       0.498990       0.499113       0.499221       0.499316       0.499398       0.499469       0.499532       0.499587       0.499634       0.499676       0.499713       0.499745       0.499774       0.499799       0.499821       0.499840       0.499857       0.499872       0.499886       0.499897       0.499908       0.499917       0.499926       0.499933       0.499940       0.499945       0.499951       0.499955       0.499959       0.499963       0.499966       0.499969       0.499972       0.499974       0.499976       0.499977       0.499979       0.499980       0.499981       0.499982       0.499982       0.499982       0.499982       0.499982       0.499982       0.499982       0.499981       0.499980       0.499979       0.499977       0.499976       0.499974       0.499972       0.499969       0.499966       0.499963       0.499959       0.499955       0.499951       0.499945       0.499940       0.499933       0.499926       0.499917       0.499908       0.499897       0.499886       0.499872       0.499857       0.499840       0.499821       0.499799       0.499774       0.499745       0.499713       0.499676       0.499634       0.499587       0.499532       0.499469       0.499398       0.499316       0.499221       0.499113       0.498990       0.498847       0.498684       0.498497       0.498281       0.498034       0.497749       0.497423       0.497049       0.496619       0.496127       0.495565       0.494922       0.494189       0.493356       0.492413       0.491351       0.490162       0.488842       0.487392       0.485825       0.484164       0.482454       0.480763       0.479194       0.477880       0.476981       0.476656       0.477018       0.478056       0.479568       0.481124       0.482118       0.481904       0.480000       0.476329       0.471517       0.467322       0.467322
       0.467321       0.467321       0.471516       0.476328       0.480000       0.481904       0.482118       0.481125       0.479569       0.478057       0.477019       0.476658       0.476983       0.477883       0.479198       0.480767       0.482458       0.484169       0.485831       0.487399       0.488849       0.490170       0.491359       0.492422       0.493366       0.494199       0.494932       0.495575       0.496138       0.496630       0.497060       0.497434       0.497761       0.498045       0.498292       0.498508       0.498695       0.498859       0.499001       0.499124       0.499232       0.499326       0.499408       0.499479       0.499541       0.499596       0.499643       0.499685       0.499721       0.499753       0.499781       0.499806       0.499828       0.499847       0.499863       0.499878       0.499891       0.499903       0.499913       0.499922       0.499930       0.499937       0.499943       0.499949       0.499954       0.499958       0.499962       0.499966       0.499969       0.499971       0.499974       0.499976       0.499978       0.499979       0.499981       0.499982       0.499982       0.499983       0.499984       0.499984       0.499984       0.499984       0.499984       0.499983       0.499982       0.499982       0.499981       0.499979       0.499978       0.499976       0.499974       0.499971       0.499969       0.499966       0.499962       0.499958       0.499954       0.499949       0.499943       0.499937       0.499930       0.499922       0.499913       0.499903       0.499891       0.499878       0.499863       0.499847       0.499828       0.499806       0.499781       0.499753       0.499721       0.499685       0.499643       0.499596       0.499541       0.499479       0.499408       0.499326       0.499232       0.499124       0.499001       0.498859       0.498695       0.498508       0.498292       0.498045       0.497761       0.497434       0.497060       0.496630       0.496138       0.495575       0.494932       0.494199       0.493366       0.492422       0.491359       0.490170       0.488849       0.487399       0.485831       0.484169       0.482458       0.480767       0.479198       0.477883       0.476983       0.476658       0.477019       0.478057       0.479569       0.481125       0.482118       0.481904       0.480000       0.476328       0.471516       0.467321       0.467321
       0.467321       0.467321       0.471515       0.476328       0.479999       0.481904       0.482118       0.481125       0.479569       0.478057       0.477020       0.476659       0.476985       0.477886       0.479201       0.480771       0.482462       0.484174       0.485836       0.487404       0.488855       0.490176       0.491366       0.492430       0.493373       0.494207       0.494940       0.495584       0.496147       0.496639       0.497069       0.497444       0.497770       0.498055       0.498302       0.498518       0.498705       0.498868       0.499010       0.499134       0.499241       0.499335       0.499417       0.499488       0.499550       0.499604       0.499651       0.499693       0.499729       0.499760       0.499788       0.499812       0.499834       0.499852       0.499869       0.499883       0.499896       0.499907       0.499917       0.499926       0.499934       0.499941       0.499947       0.499952       0.499957       0.499961       0.499965       0.499968       0.499971       0.499974       0.499976       0.499978       0.499979       0.499981       0.499982       0.499983       0.499984       0.499985       0.499985       0.499985       0.499985       0.499985       0.499985       0.499985       0.499984       0.499983       0.499982       0.499981       0.499979       0.499978       0.499976       0.499974       0.499971       0.499968       0.499965       0.499961       0.499957       0.499952       0.499947       0.499941       0.499934       0.499926       0.499917       0.499907       0.499896       0.499883       0.499869       0.499852       0.499834       0.499812       0.499788       0.499760       0.499729       0.499693       0.499651       0.499604       0.499550       0.499488       0.499417       0.499335       0.499241       0.499134       0.499010       0.498868       0.498705       0.498518       0.498302       0.498055       0.497770       0.497444       0.497069       0.496639       0.496147       0.495584       0.494940       0.494207       0.493373       0.492430       0.491366       0.490176       0.488855       0.487404       0.485836       0.484174       0.482462       0.480771       0.479201       0.477886       0.476985       0.476659       0.477020       0.478057       0.479569       0.481125       0.482118       0.481904       0.479999       0.476328       0.471515       0.467321       0.467321
       0.467320       0.467320       0.471515       0.476327       0.479999       0.481903       0.482118       0.481125       0.479569       0.478058       0.477021       0.476660       0.476987       0.477888       0.479203       0.480774       0.482465       0.484177       0.485840       0.487409       0.488860       0.490182       0.491372       0.492436       0.493380       0.494214       0.494948       0.495591       0.496155       0.496647       0.497077       0.497452       0.497779       0.498063       0.498311       0.498526       0.498713       0.498876       0.499018       0.499142       0.499249       0.499343       0.499424       0.499495       0.499557       0.499611       0.499658       0.499699       0.499735       0.499766       0.499794       0.499818       0.499839       0.499857       0.499873       0.499888       0.499900       0.499911       0.499921       0.499929       0.499937       0.499944       0.499950       0.499955       0.499959       0.499963       0.499967       0.499970       0.499973       0.499975       0.499977       0.499979       0.499981       0.499982       0.499983       0.499984       0.499985       0.499986       0.499986       0.499986       0.499986       0.499986       0.499986       0.499986       0.499985       0.499984       0.499983       0.499982       0.499981       0.499979       0.499977       0.499975       0.499973       0.499970       0.499967       0.499963       0.499959       0.499955       0.499950       0.499944       0.499937       0.499929       0.499921       0.499911       0.499900       0.499888       0.499873       0.499857       0.499839       0.499818       0.499794       0.499766       0.499735       0.499699       0.499658       0.499611       0.499557       0.499495       0.499424       0.499343       0.499249       0.499142       0.499018       0.498876       0.498713       0.498526       0.498311       0.498063       0.497779       0.497452       0.497077       0.496647       0.496155       0.495591       0.494948       0.494214       0.493380       0.492436       0.491372       0.490182       0.488860       0.487409       0.485840       0.484177       0.482465       0.480774       0.479203       0.477888       0.476987       0.476660       0.477021       0.478058       0.479569       0.481125       0.482118       0.481903       0.479999       0.476327       0.471515       0.467320       0.467320
       0.467319       0.467319       0.471514       0.476327       0.479999       0.481903       0.482118       0.481125       0.479569       0.478058       0.477021       0.476661       0.476988       0.477889       0.479205       0.480776       0.482468       0.484181       0.485844       0.487413       0.488864       0.490187       0.491378       0.492441       0.493386       0.494220       0.494954       0.495598       0.496161       0.496654       0.497084       0.497459       0.497786       0.498070       0.498318       0.498533       0.498720       0.498883       0.499025       0.499149       0.499256       0.499349       0.499431       0.499501       0.499563       0.499617       0.499664       0.499704       0.499740       0.499771       0.499798       0.499822       0.499843       0.499861       0.499877       0.499891       0.499904       0.499915       0.499924       0.499932       0.499940       0.499946       0.499952       0.499957       0.499962       0.499965       0.499969       0.499972       0.499975       0.499977       0.499979       0.499981       0.499982       0.499984       0.499985       0.499986       0.499986       0.499987       0.499987       0.499987       0.499988       0.499987       0.499987       0.499987       0.499986       0.499986       0.499985       0.499984       0.499982       0.499981       0.499979       0.499977       0.499975       0.499972       0.499969       0.499965       0.499962       0.499957       0.499952       0.499946       0.499940       0.499932       0.499924       0.499915       0.499904       0.499891       0.499877       0.499861       0.499843       0.499822       0.499798       0.499771       0.499740       0.499704       0.499664       0.499617       0.499563       0.499501       0.499431       0.499349       0.499256       0.499149       0.499025       0.498883       0.498720       0.498533       0.498318       0.498070       0.497786       0.497459       0.497084       0.496654       0.496161       0.495598       0.494954       0.494220       0.493386       0.492441       0.491378       0.490187       0.488864       0.487413       0.485844       0.484181       0.482468       0.480776       0.479205       0.477889       0.476988       0.476661       0.477021       0.478058       0.479569       0.481125       0.482118       0.481903       0.479999       0.476327       0.471514       0.467319       0.467319
       0.467319       0.467319       0.471514       0.476326       0.479998       0.481903       0.482118       0.481125       0.479570       0.478059       0.477022       0.476662       0.476989       0.477891       0.479207       0.480778       0.482471       0.484183       0.485847       0.487417       0.488868       0.490191       0.491382       0.492446       0.493391       0.494225       0.494959       0.495603       0.496167       0.496660       0.497090       0.497465       0.497792       0.498076       0.498324       0.498539       0.498726       0.498889       0.499031       0.499154       0.499262       0.499355       0.499436       0.499507       0.499568       0.499622       0.499668       0.499709       0.499745       0.499776       0.499803       0.499826       0.499847       0.499865       0.499881       0.499895       0.499907       0.499917       0.499927       0.499935       0.499942       0.499949       0.499954       0.499959       0.499963       0.499967       0.499971       0.499973       0.499976       0.499978       0.499980       0.499982       0.499983       0.499985       0.499986       0.499987       0.499987       0.499988       0.499988       0.499988       0.499988       0.499988       0.499988       0.499988       0.499987       0.499987       0.499986       0.499985       0.499983       0.499982       0.499980       0.499978       0.499976       0.499973       0.499971       0.499967       0.499963       0.499959       0.499954       0.499949       0.499942       0.499935       0.499927       0.499917       0.499907       0.499895       0.499881       0.499865       0.499847       0.499826       0.499803       0.499776       0.499745       0.499709       0.499668       0.499622       0.499568       0.499507       0.499436       0.499355       0.499262       0.499154       0.499031       0.498889       0.498726       0.498539       0.498324       0.498076       0.497792       0.497465       0.497090       0.496660       0.496167       0.495603       0.494959       0.494225       0.493391       0.492446       0.491382       0.490191       0.488868       0.487417       0.485847       0.484183       0.482471       0.480778       0.479207       0.477891       0.476989       0.476662       0.477022       0.478059       0.479570       0.481125       0.482118       0.481903       0.479998       0.476326       0.471514       0.467319       0.467319
       0.467318       0.467318       0.471513       0.476326       0.479998       0.481903       0.482118       0.481125       0.479570       0.478059       0.477022       0.476663       0.476990       0.477892       0.479208       0.480780       0.482473       0.484186       0.485849       0.487419       0.488871       0.490194       0.491386       0.492450       0.493395       0.494229       0.494964       0.495608       0.496172       0.496665       0.497095       0.497470       0.497797       0.498081       0.498329       0.498544       0.498732       0.498894       0.499036       0.499159       0.499267       0.499360       0.499441       0.499511       0.499573       0.499626       0.499673       0.499713       0.499749       0.499779       0.499806       0.499830       0.499850       0.499868       0.499884       0.499898       0.499910       0.499920       0.499929       0.499937       0.499944       0.499951       0.499956       0.499961       0.499965       0.499969       0.499972       0.499975       0.499977       0.499980       0.499981       0.499983       0.499984       0.499986       0.499987       0.499987       0.499988       0.499989       0.499989       0.499989       0.499989       0.499989       0.499989       0.499989       0.499988       0.499987       0.499987       0.499986       0.499984       0.499983       0.499981       0.499980       0.499977       0.499975       0.499972       0.499969       0.499965       0.499961       0.499956       0.499951       0.499944       0.499937       0.499929       0.499920       0.499910       0.499898       0.499884       0.499868       0.499850       0.499830       0.499806       0.499779       0.499749       0.499713       0.499673       0.499626       0.499573       0.499511       0.499441       0.499360       0.499267       0.499159       0.499036       0.498894       0.498732       0.498544       0.498329       0.498081       0.497797       0.497470       0.497095       0.496665       0.496172       0.495608       0.494964       0.494229       0.493395       0.492450       0.491386       0.490194       0.488871       0.487419       0.485849       0.484186       0.482473       0.480780       0.479208       0.477892       0.476990       0.476663       0.477022       0.478059       0.479570       0.481125       0.482118       0.481903       0.479998       0.476326       0.471513       0.467318       0.467318
       0.467318       0.467318       0.471513       0.476326       0.479998       0.481902       0.482117       0.481125       0.479570       0.478059       0.477023       0.476663       0.476991       0.477893       0.479210       0.480781       0.482474       0.484188       0.485852       0.487422       0.488874       0.490197       0.491389       0.492453       0.493398       0.494233       0.494967       0.495612       0.496176       0.496669       0.497099       0.497474       0.497801       0.498086       0.498333       0.498549       0.498736       0.498899       0.499041       0.499164       0.499271       0.499364       0.499445       0.499515       0.499577       0.499630       0.499676       0.499717       0.499752       0.499783       0.499809       0.499833       0.499853       0.499871       0.499886       0.499900       0.499912       0.499922       0.499931       0.499939       0.499946       0.499952       0.499958       0.499962       0.499967       0.499970       0.499973       0.499976       0.499978       0.499981       0.499982       0.499984       0.499985       0.499986       0.499987       0.499988       0.499989       0.499989       0.499990       0.499990       0.499990       0.499990       0.499990       0.499989       0.499989       0.499988       0.499987       0.499986       0.499985       0.499984       0.499982       0.499981       0.499978       0.499976       0.499973       0.499970       0.499967       0.499962       0.499958       0.499952       0.499946       0.499939       0.499931       0.499922       0.499912       0.499900       0.499886       0.499871       0.499853       0.499833       0.499809       0.499783       0.499752       0.499717       0.499676       0.499630       0.499577       0.499515       0.499445       0.499364       0.499271       0.499164       0.499041       0.498899       0.498736       0.498549       0.498333       0.498086       0.497801       0.497474       0.497099       0.496669       0.496176       0.495612       0.494967       0.494233       0.493398       0.492453       0.491389       0.490197       0.488874       0.487422       0.485852       0.484188       0.482474       0.480781       0.479210       0.477893       0.476991       0.476663       0.477023       0.478059       0.479570       0.481125       0.482117       0.481902       0.479998       0.476326       0.471513       0.467318       0.467318
       0.467318       0.467318       0.471513       0.476325       0.479997       0.481902       0.482117       0.481125       0.479570       0.478059       0.477023       0.476664       0.476991       0.477894       0.479211       0.480783       0.482476       0.484189       0.485853       0.487424       0.488876       0.490200       0.491391       0.492456       0.493401       0.494236       0.494971       0.495615       0.496180       0.496673       0.497103       0.497478       0.497805       0.498090       0.498337       0.498552       0.498740       0.498903       0.499044       0.499167       0.499274       0.499367       0.499448       0.499519       0.499580       0.499633       0.499679       0.499720       0.499755       0.499785       0.499812       0.499835       0.499856       0.499873       0.499889       0.499902       0.499914       0.499924       0.499933       0.499941       0.499948       0.499954       0.499959       0.499964       0.499968       0.499971       0.499974       0.499977       0.499979       0.499982       0.499983       0.499985       0.499986       0.499987       0.499988       0.499989       0.499990       0.499990       0.499990       0.499991       0.499991       0.499991       0.499990       0.499990       0.499990       0.499989       0.499988       0.499987       0.499986       0.499985       0.499983       0.499982       0.499979       0.499977       0.499974       0.499971       0.499968       0.499964       0.499959       0.499954       0.499948       0.499941       0.499933       0.499924       0.499914       0.499902       0.499889       0.499873       0.499856       0.499835       0.499812       0.499785       0.499755       0.499720       0.499679       0.499633       0.499580       0.499519       0.499448       0.499367       0.499274       0.499167       0.499044       0.498903       0.498740       0.498552       0.498337       0.498090       0.497805       0.497478       0.497103       0.496673       0.496180       0.495615       0.494971       0.494236       0.493401       0.492456       0.491391       0.490200       0.488876       0.487424       0.485853       0.484189       0.482476       0.480783       0.479211       0.477894       0.476991       0.476664       0.477023       0.478059       0.479570       0.481125       0.482117       0.481902       0.479997       0.476325       0.471513       0.467318       0.467318
       0.467317       0.467317       0.471512       0.476325       0.479997       0.481902       0.482117       0.481125       0.479570       0.478059       0.477023       0.476664       0.476992       0.477894       0.479211       0.480784       0.482477       0.484191       0.485855       0.487426       0.488878       0.490202       0.491394       0.492459       0.493404       0.494239       0.494974       0.495618       0.496182       0.496676       0.497106       0.497481       0.497808       0.498093       0.498340       0.498556       0.498743       0.498906       0.499047       0.499170       0.499277       0.499370       0.499451       0.499522       0.499583       0.499636       0.499682       0.499722       0.499757       0.499788       0.499814       0.499838       0.499858       0.499875       0.499891       0.499904       0.499916       0.499926       0.499935       0.499942       0.499949       0.499955       0.499960       0.499965       0.499969       0.499972       0.499975       0.499978       0.499980       0.499982       0.499984       0.499986       0.499987       0.499988       0.499989       0.499990       0.499990       0.499991       0.499991       0.499991       0.499991       0.499991       0.499991       0.499991       0.499990       0.499990       0.499989       0.499988       0.499987       0.499986       0.499984       0.499982       0.499980       0.499978       0.499975       0.499972       0.499969       0.499965       0.499960       0.499955       0.499949       0.499942       0.499935       0.499926       0.499916       0.499904       0.499891       0.499875       0.499858       0.499838       0.499814       0.499788       0.499757       0.499722       0.499682       0.499636       0.499583       0.499522       0.499451       0.499370       0.499277       0.499170       0.499047       0.498906       0.498743       0.498556       0.498340       0.498093       0.497808       0.497481       0.497106       0.496676       0.496182       0.495618       0.494974       0.494239       0.493404       0.492459       0.491394       0.490202       0.488878       0.487426       0.485855       0.484191       0.482477       0.480784       0.479211       0.477894       0.476992       0.476664       0.477023       0.478059       0.479570       0.481125       0.482117       0.481902       0.479997       0.476325       0.471512       0.467317       0.467317
       0.467317       0.467317       0.471512       0.476325       0.479997       0.481902       0.482117       0.481125       0.479570       0.478060       0.477023       0.476665       0.476992       0.477895       0.479212       0.480785       0.482478       0.484192       0.485856       0.487427       0.488880       0.490203       0.491396       0.492461       0.493406       0.494241       0.494976       0.495621       0.496185       0.496678       0.497109       0.497484       0.497811       0.498095       0.498343       0.498558       0.498746       0.498909       0.499050       0.499173       0.499280       0.499373       0.499454       0.499524       0.499585       0.499638       0.499684       0.499725       0.499759       0.499790       0.499816       0.499839       0.499859       0.499877       0.499892       0.499905       0.499917       0.499927       0.499936       0.499944       0.499950       0.499956       0.499961       0.499966       0.499970       0.499973       0.499976       0.499979       0.499981       0.499983       0.499985       0.499986       0.499987       0.499988       0.499989       0.499990       0.499991       0.499991       0.499991       0.499992       0.499992       0.499992       0.499991       0.499991       0.499991       0.499990       0.499989       0.499988       0.499987       0.499986       0.499985       0.499983       0.499981       0.499979       0.499976       0.499973       0.499970       0.499966       0.499961       0.499956       0.499950       0.499944       0.499936       0.499927       0.499917       0.499905       0.499892       0.499877       0.499859       0.499839       0.499816       0.499790       0.499759       0.499725       0.499684       0.499638       0.499585       0.499524       0.499454       0.499373       0.499280       0.499173       0.499050       0.498909       0.498746       0.498558       0.498343       0.498095       0.497811       0.497484       0.497109       0.496678       0.496185       0.495621       0.494976       0.494241       0.493406       0.492461       0.491396       0.490203       0.488880       0.487427       0.485856       0.484192       0.482478       0.480785       0.479212       0.477895       0.476992       0.476665       0.477023       0.478060       0.479570       0.481125       0.482117       0.481902       0.479997       0.476325       0.471512       0.467317       0.467317
       0.467317       0.467317       0.471512       0.476324       0.479997       0.481902       0.482117       0.481125       0.479570       0.478060       0.477024       0.476665       0.476993       0.477895       0.479213       0.480785       0.482479       0.484193       0.485858       0.487429       0.488882       0.490205       0.491397       0.492462       0.493408       0.494243       0.494978       0.495623       0.496187       0.496681       0.497111       0.497486       0.497813       0.498098       0.498345       0.498561       0.498748       0.498911       0.499052       0.499175       0.499282       0.499375       0.499456       0.499526       0.499587       0.499640       0.499686       0.499726       0.499761       0.499792       0.499818       0.499841       0.499861       0.499878       0.499894       0.499907       0.499918       0.499928       0.499937       0.499945       0.499951       0.499957       0.499962       0.499967       0.499971       0.499974       0.499977       0.499979       0.499982       0.499984       0.499985       0.499987       0.499988       0.499989       0.499990       0.499991       0.499991       0.499992       0.499992       0.499992       0.499992       0.499992       0.499992       0.499992       0.499991       0.499991       0.499990       0.499989       0.499988       0.499987       0.499985       0.499984       0.499982       0.499979       0.499977       0.499974       0.499971       0.499967       0.499962       0.499957       0.499951       0.499945       0.499937       0.499928       0.499918       0.499907       0.499894       0.499878       0.499861       0.499841       0.499818       0.499792       0.499761       0.499726       0.499686       0.499640       0.499587       0.499526       0.499456       0.499375       0.499282       0.499175       0.499052       0.498911       0.498748       0.498561       0.498345       0.498098       0.497813       0.497486       0.497111       0.496681       0.496187       0.495623       0.494978       0.494243       0.493408       0.492462       0.491397       0.490205       0.488882       0.487429       0.485858       0.484193       0.482479       0.480785       0.479213       0.477895       0.476993       0.476665       0.477024       0.478060       0.479570       0.481125       0.482117       0.481902       0.479997       0.476324       0.471512       0.467317       0.467317
       0.467316       0.467316       0.471511       0.476324       0.479996       0.481901       0.482117       0.481124       0.479570       0.478060       0.477024       0.476665       0.476993       0.477896       0.479213       0.480786       0.482480       0.484194       0.485859       0.487430       0.488883       0.490206       0.491399       0.492464       0.493410       0.494245       0.494980       0.495625       0.496189       0.496682       0.497113       0.497488       0.497815       0.498100       0.498347       0.498563       0.498750       0.498913       0.499054       0.499177       0.499284       0.499377       0.499458       0.499528       0.499589       0.499642       0.499688       0.499728       0.499763       0.499793       0.499820       0.499842       0.499862       0.499880       0.499895       0.499908       0.499919       0.499929       0.499938       0.499946       0.499952       0.499958       0.499963       0.499968       0.499971       0.499975       0.499978       0.499980       0.499982       0.499984       0.499986       0.499987       0.499988       0.499989       0.499990       0.499991       0.499991       0.499992       0.499992       0.499992       0.499992       0.499992       0.499992       0.499992       0.499991       0.499991       0.499990       0.499989       0.499988       0.499987       0.499986       0.499984       0.499982       0.499980       0.499978       0.499975       0.499971       0.499968       0.499963       0.499958       0.499952       0.499946       0.499938       0.499929       0.499919       0.499908       0.499895       0.499880       0.499862       0.499842       0.499820       0.499793       0.499763       0.499728       0.499688       0.499642       0.499589       0.499528       0.499458       0.499377       0.499284       0.499177       0.499054       0.498913       0.498750       0.498563       0.498347       0.498100       0.497815       0.497488       0.497113       0.496682       0.496189       0.495625       0.494980       0.494245       0.493410       0.492464       0.491399       0.490206       0.488883       0.487430       0.485859       0.484194       0.482480       0.480786       0.479213       0.477896       0.476993       0.476665       0.477024       0.478060       0.479570       0.481124       0.482117       0.481901       0.479996       0.476324       0.471511       0.467316       0.467316
       0.467316       0.467316       0.471511       0.476324       0.479996       0.481901       0.482117       0.481124       0.479570       0.478060       0.477024       0.476665       0.476993       0.477896       0.479214       0.480787       0.482480       0.484195       0.485859       0.487431       0.488884       0.490207       0.491400       0.492465       0.493411       0.494246       0.494981       0.495626       0.496191       0.496684       0.497115       0.497490       0.497817       0.498102       0.498349       0.498565       0.498752       0.498915       0.499056       0.499179       0.499286       0.499379       0.499459       0.499530       0.499590       0.499643       0.499689       0.499729       0.499764       0.499794       0.499821       0.499844       0.499864       0.499881       0.499896       0.499909       0.499920       0.499930       0.499939       0.499947       0.499953       0.499959       0.499964       0.499968       0.499972       0.499975       0.499978       0.499981       0.499983       0.499985       0.499986       0.499988       0.499989       0.499990       0.499991       0.499991       0.499992       0.499992       0.499993       0.499993       0.499993       0.499993       0.499993       0.499992       0.499992       0.499991       0.499991       0.499990       0.499989       0.499988       0.499986       0.499985       0.499983       0.499981       0.499978       0.499975       0.499972       0.499968       0.499964       0.499959       0.499953       0.499947       0.499939       0.499930       0.499920       0.499909       0.499896       0.499881       0.499864       0.499844       0.499821       0.499794       0.499764       0.499729       0.499689       0.499643       0.499590       0.499530       0.499459       0.499379       0.499286       0.499179       0.499056       0.498915       0.498752       0.498565       0.498349       0.498102       0.497817       0.497490       0.497115       0.496684       0.496191       0.495626       0.494981       0.494246       0.493411       0.492465       0.491400       0.490207       0.488884       0.487431       0.485859       0.484195       0.482480       0.480787       0.479214       0.477896       0.476993       0.476665       0.477024       0.478060       0.479570       0.481124       0.482117       0.481901       0.479996       0.476324       0.471511       0.467316       0.467316
       0.467316       0.467316       0.471511       0.476324       0.479996       0.481901       0.482117       0.481124       0.479570       0.478060       0.477024       0.476665       0.476993       0.477896       0.479214       0.480787       0.482481       0.484195       0.485860       0.487431       0.488885       0.490208       0.491401       0.492466       0.493412       0.494247       0.494982       0.495627       0.496192       0.496685       0.497116       0.497491       0.497818       0.498103       0.498351       0.498566       0.498753       0.498916       0.499058       0.499180       0.499287       0.499380       0.499461       0.499531       0.499592       0.499645       0.499691       0.499731       0.499765       0.499796       0.499822       0.499845       0.499865       0.499882       0.499897       0.499910       0.499921       0.499931       0.499940       0.499947       0.499954       0.499960       0.499964       0.499969       0.499973       0.499976       0.499979       0.499981       0.499983       0.499985       0.499987       0.499988       0.499989       0.499990       0.499991       0.499992       0.499992       0.499993       0.499993       0.499993       0.499993       0.499993       0.499993       0.499993       0.499992       0.499992       0.499991       0.499990       0.499989       0.499988       0.499987       0.499985       0.499983       0.499981       0.499979       0.499976       0.499973       0.499969       0.499964       0.499960       0.499954       0.499947       0.499940       0.499931       0.499921       0.499910       0.499897       0.499882       0.499865       0.499845       0.499822       0.499796       0.499765       0.499731       0.499691       0.499645       0.499592       0.499531       0.499461       0.499380       0.499287       0.499180       0.499058       0.498916       0.498753       0.498566       0.498351       0.498103       0.497818       0.497491       0.497116       0.496685       0.496192       0.495627       0.494982       0.494247       0.493412       0.492466       0.491401       0.490208       0.488885       0.487431       0.485860       0.484195       0.482481       0.480787       0.479214       0.477896       0.476993       0.476665       0.477024       0.478060       0.479570       0.481124       0.482117       0.481901       0.479996       0.476324       0.471511       0.467316       0.467316
       0.467316       0.467316       0.471511       0.476324       0.479996       0.481901       0.482116       0.481124       0.479570       0.478060       0.477024       0.476665       0.476994       0.477897       0.479214       0.480787       0.482481       0.484196       0.485861       0.487432       0.488885       0.490209       0.491402       0.492467       0.493413       0.494248       0.494983       0.495628       0.496193       0.496687       0.497117       0.497493       0.497820       0.498104       0.498352       0.498567       0.498755       0.498917       0.499059       0.499182       0.499289       0.499381       0.499462       0.499532       0.499593       0.499646       0.499692       0.499732       0.499766       0.499797       0.499823       0.499846       0.499865       0.499883       0.499898       0.499911       0.499922       0.499932       0.499940       0.499948       0.499954       0.499960       0.499965       0.499969       0.499973       0.499976       0.499979       0.499981       0.499984       0.499985       0.499987       0.499988       0.499989       0.499990       0.499991       0.499992       0.499992       0.499993       0.499993       0.499993       0.499993       0.499993       0.499993       0.499993       0.499992       0.499992       0.499991       0.499990       0.499989       0.499988       0.499987       0.499985       0.499984       0.499981       0.499979       0.499976       0.499973       0.499969       0.499965       0.499960       0.499954       0.499948       0.499940       0.499932       0.499922       0.499911       0.499898       0.499883       0.499865       0.499846       0.499823       0.499797       0.499766       0.499732       0.499692       0.499646       0.499593       0.499532       0.499462       0.499381       0.499289       0.499182       0.499059       0.498917       0.498755       0.498567       0.498352       0.498104       0.497820       0.497493       0.497117       0.496687       0.496193       0.495628       0.494983       0.494248       0.493413       0.492467       0.491402       0.490209       0.488885       0.487432       0.485861       0.484196       0.482481       0.480787       0.479214       0.477897       0.476994       0.476665       0.477024       0.478060       0.479570       0.481124       0.482116       0.481901       0.479996       0.476324       0.471511       0.467316       0.467316
       0.467316       0.467316       0.471511       0.476324       0.479996       0.481901       0.482116       0.481124       0.479570       0.478060       0.477024       0.476666       0.476994       0.477897       0.479215       0.480788       0.482482       0.484196       0.485861       0.487433       0.488886       0.490210       0.491403       0.492468       0.493414       0.494249       0.494984       0.495629       0.496194       0.496688       0.497118       0.497494       0.497821       0.498105       0.498353       0.498568       0.498756       0.498918       0.499060       0.499183       0.499290       0.499382       0.499463       0.499533       0.499594       0.499647       0.499693       0.499733       0.499767       0.499797       0.499824       0.499846       0.499866       0.499883       0.499898       0.499911       0.499923       0.499932       0.499941       0.499948       0.499955       0.499961       0.499965       0.499970       0.499973       0.499977       0.499979       0.499982       0.499984       0.499986       0.499987       0.499989       0.499990       0.499991       0.499991       0.499992       0.499993       0.499993       0.499993       0.499993       0.499994       0.499993       0.499993       0.499993       0.499993       0.499992       0.499991       0.499991       0.499990       0.499989       0.499987       0.499986       0.499984       0.499982       0.499979       0.499977       0.499973       0.499970       0.499965       0.499961       0.499955       0.499948       0.499941       0.499932       0.499923       0.499911       0.499898       0.499883       0.499866       0.499846       0.499824       0.499797       0.499767       0.499733       0.499693       0.499647       0.499594       0.499533       0.499463       0.499382       0.499290       0.499183       0.499060       0.498918       0.498756       0.498568       0.498353       0.498105       0.497821       0.497494       0.497118       0.496688       0.496194       0.495629       0.494984       0.494249       0.493414       0.492468       0.491403       0.490210       0.488886       0.487433       0.485861       0.484196       0.482482       0.480788       0.479215       0.477897       0.476994       0.476666       0.477024       0.478060       0.479570       0.481124       0.482116       0.481901       0.479996       0.476324       0.471511       0.467316       0.467316
       0.467315       0.467315       0.471510       0.476323       0.479996       0.481901       0.482116       0.481124       0.479570       0.478060       0.477024       0.476666       0.476994       0.477897       0.479215       0.480788       0.482482       0.484197       0.485862       0.487433       0.488886       0.490210       0.491403       0.492469       0.493415       0.494250       0.494985       0.495630       0.496195       0.496688       0.497119       0.497495       0.497822       0.498106       0.498354       0.498569       0.498757       0.498919       0.499061       0.499184       0.499290       0.499383       0.499464       0.499534       0.499595       0.499648       0.499693       0.499733       0.499768       0.499798       0.499824       0.499847       0.499867       0.499884       0.499899       0.499912       0.499923       0.499933       0.499941       0.499949       0.499955       0.499961       0.499966       0.499970       0.499974       0.499977       0.499980       0.499982       0.499984       0.499986       0.499988       0.499989       0.499990       0.499991       0.499992       0.499992       0.499993       0.499993       0.499993       0.499994       0.499994       0.499994       0.499993       0.499993       0.499993       0.499992       0.499992       0.499991       0.499990       0.499989       0.499988       0.499986       0.499984       0.499982       0.499980       0.499977       0.499974       0.499970       0.499966       0.499961       0.499955       0.499949       0.499941       0.499933       0.499923       0.499912       0.499899       0.499884       0.499867       0.499847       0.499824       0.499798       0.499768       0.499733       0.499693       0.499648       0.499595       0.499534       0.499464       0.499383       0.499290       0.499184       0.499061       0.498919       0.498757       0.498569       0.498354       0.498106       0.497822       0.497495       0.497119       0.496688       0.496195       0.495630       0.494985       0.494250       0.493415       0.492469       0.491403       0.490210       0.488886       0.487433       0.485862       0.484197       0.482482       0.480788       0.479215       0.477897       0.476994       0.476666       0.477024       0.478060       0.479570       0.481124       0.482116       0.481901       0.479996       0.476323       0.471510       0.467315       0.467315
       0.467315       0.467315       0.471510       0.476323       0.479995       0.481901       0.482116       0.481124       0.479570       0.478060       0.477024       0.476666       0.476994       0.477897       0.479215       0.480788       0.482482       0.484197       0.485862       0.487434       0.488887       0.490211       0.491404       0.492469       0.493415       0.494251       0.494986       0.495631       0.496196       0.496689       0.497120       0.497495       0.497822       0.498107       0.498355       0.498570       0.498757       0.498920       0.499062       0.499184       0.499291       0.499384       0.499465       0.499535       0.499595       0.499648       0.499694       0.499734       0.499769       0.499799       0.499825       0.499848       0.499867       0.499884       0.499899       0.499912       0.499924       0.499933       0.499942       0.499949       0.499956       0.499961       0.499966       0.499970       0.499974       0.499977       0.499980       0.499982       0.499984       0.499986       0.499988       0.499989       0.499990       0.499991       0.499992       0.499993       0.499993       0.499993       0.499994       0.499994       0.499994       0.499994       0.499994       0.499993       0.499993       0.499993       0.499992       0.499991       0.499990       0.499989       0.499988       0.499986       0.499984       0.499982       0.499980       0.499977       0.499974       0.499970       0.499966       0.499961       0.499956       0.499949       0.499942       0.499933       0.499924       0.499912       0.499899       0.499884       0.499867       0.499848       0.499825       0.499799       0.499769       0.499734       0.499694       0.499648       0.499595       0.499535       0.499465       0.499384       0.499291       0.499184       0.499062       0.498920       0.498757       0.498570       0.498355       0.498107       0.497822       0.497495       0.497120       0.496689       0.496196       0.495631       0.494986       0.494251       0.493415       0.492469       0.491404       0.490211       0.488887       0.487434       0.485862       0.484197       0.482482       0.480788       0.479215       0.477897       0.476994       0.476666       0.477024       0.478060       0.479570       0.481124       0.482116       0.481901       0.479995       0.476323       0.471510       0.467315       0.467315
       0.467315       0.467315       0.471510       0.476323       0.479995       0.481901       0.482116       0.481124       0.479570       0.478060       0.477024       0.476666       0.476994       0.477897       0.479215       0.480788       0.482483       0.484197       0.485862       0.487434       0.488887       0.490211       0.491404       0.492470       0.493416       0.494251       0.494986       0.495631       0.496196       0.496690       0.497120       0.497496       0.497823       0.498108       0.498355       0.498571       0.498758       0.498921       0.499062       0.499185       0.499292       0.499385       0.499465       0.499535       0.499596       0.499649       0.499695       0.499735       0.499769       0.499799       0.499825       0.499848       0.499868       0.499885       0.499900       0.499913       0.499924       0.499934       0.499942       0.499950       0.499956       0.499962       0.499966       0.499971       0.499974       0.499977       0.499980       0.499983       0.499985       0.499986       0.499988       0.499989       0.499990       0.499991       0.499992       0.499993       0.499993       0.499994       0.499994       0.499994       0.499994       0.499994       0.499994       0.499994       0.499993       0.499993       0.499992       0.499991       0.499990       0.499989       0.499988       0.499986       0.499985       0.499983       0.499980       0.499977       0.499974       0.499971       0.499966       0.499962       0.499956       0.499950       0.499942       0.499934       0.499924       0.499913       0.499900       0.499885       0.499868       0.499848       0.499825       0.499799       0.499769       0.499735       0.499695       0.499649       0.499596       0.499535       0.499465       0.499385       0.499292       0.499185       0.499062       0.498921       0.498758       0.498571       0.498355       0.498108       0.497823       0.497496       0.497120       0.496690       0.496196       0.495631       0.494986       0.494251       0.493416       0.492470       0.491404       0.490211       0.488887       0.487434       0.485862       0.484197       0.482483       0.480788       0.479215       0.477897       0.476994       0.476666       0.477024       0.478060       0.479570       0.481124       0.482116       0.481901       0.479995       0.476323       0.471510       0.467315       0.467315
       0.467315       0.467315       0.471510       0.476323       0.479995       0.481900       0.482116       0.481124       0.479570       0.478060       0.477024       0.476666       0.476994       0.477897       0.479215       0.480788       0.482483       0.484197       0.485863       0.487434       0.488888       0.490212       0.491405       0.492470       0.493416       0.494252       0.494987       0.495632       0.496197       0.496690       0.497121       0.497496       0.497824       0.498108       0.498356       0.498571       0.498759       0.498921       0.499063       0.499186       0.499292       0.499385       0.499466       0.499536       0.499597       0.499649       0.499695       0.499735       0.499770       0.499800       0.499826       0.499848       0.499868       0.499885       0.499900       0.499913       0.499924       0.499934       0.499943       0.499950       0.499956       0.499962       0.499967       0.499971       0.499975       0.499978       0.499980       0.499983       0.499985       0.499987       0.499988       0.499989       0.499991       0.499991       0.499992       0.499993       0.499993       0.499994       0.499994       0.499994       0.499994       0.499994       0.499994       0.499994       0.499993       0.499993       0.499992       0.499991       0.499991       0.499989       0.499988       0.499987       0.499985       0.499983       0.499980       0.499978       0.499975       0.499971       0.499967       0.499962       0.499956       0.499950       0.499943       0.499934       0.499924       0.499913       0.499900       0.499885       0.499868       0.499848       0.499826       0.499800       0.499770       0.499735       0.499695       0.499649       0.499597       0.499536       0.499466       0.499385       0.499292       0.499186       0.499063       0.498921       0.498759       0.498571       0.498356       0.498108       0.497824       0.497496       0.497121       0.496690       0.496197       0.495632       0.494987       0.494252       0.493416       0.492470       0.491405       0.490212       0.488888       0.487434       0.485863       0.484197       0.482483       0.480788       0.479215       0.477897       0.476994       0.476666       0.477024       0.478060       0.479570       0.481124       0.482116       0.481900       0.479995       0.476323       0.471510       0.467315       0.467315
       0.467315       0.467315       0.471510       0.476323       0.479995       0.481900       0.482116       0.481124       0.479570       0.478060       0.477024       0.476666       0.476994       0.477897       0.479215       0.480789       0.482483       0.484198       0.485863       0.487434       0.488888       0.490212       0.491405       0.492471       0.493416       0.494252       0.494987       0.495632       0.496197       0.496691       0.497121       0.497497       0.497824       0.498109       0.498356       0.498572       0.498759       0.498922       0.499063       0.499186       0.499293       0.499386       0.499466       0.499536       0.499597       0.499650       0.499696       0.499735       0.499770       0.499800       0.499826       0.499849       0.499869       0.499886       0.499900       0.499913       0.499925       0.499934       0.499943       0.499950       0.499957       0.499962       0.499967       0.499971       0.499975       0.499978       0.499981       0.499983       0.499985       0.499987       0.499988       0.499990       0.499991       0.499992       0.499992       0.499993       0.499993       0.499994       0.499994       0.499994       0.499994       0.499994       0.499994       0.499994       0.499993       0.499993       0.499992       0.499992       0.499991       0.499990       0.499988       0.499987       0.499985       0.499983       0.499981       0.499978       0.499975       0.499971       0.499967       0.499962       0.499957       0.499950       0.499943       0.499934       0.499925       0.499913       0.499900       0.499886       0.499869       0.499849       0.499826       0.499800       0.499770       0.499735       0.499696       0.499650       0.499597       0.499536       0.499466       0.499386       0.499293       0.499186       0.499063       0.498922       0.498759       0.498572       0.498356       0.498109       0.497824       0.497497       0.497121       0.496691       0.496197       0.495632       0.494987       0.494252       0.493416       0.492471       0.491405       0.490212       0.488888       0.487434       0.485863       0.484198       0.482483       0.480789       0.479215       0.477897       0.476994       0.476666       0.477024       0.478060       0.479570       0.481124       0.482116       0.481900       0.479995       0.476323       0.471510       0.467315       0.467315
       0.467315       0.467315       0.471510       0.476323       0.479995       0.481900       0.482116       0.481124       0.479569       0.478060       0.477024       0.476666       0.476994       0.477897       0.479215       0.480789       0.482483       0.484198       0.485863       0.487435       0.488888       0.490212       0.491405       0.492471       0.493417       0.494252       0.494988       0.495633       0.496198       0.496691       0.497122       0.497497       0.497824       0.498109       0.498357       0.498572       0.498759       0.498922       0.499064       0.499187       0.499293       0.499386       0.499467       0.499537       0.499597       0.499650       0.499696       0.499736       0.499770       0.499800       0.499826       0.499849       0.499869       0.499886       0.499901       0.499914       0.499925       0.499935       0.499943       0.499950       0.499957       0.499962       0.499967       0.499971       0.499975       0.499978       0.499981       0.499983       0.499985       0.499987       0.499988       0.499990       0.499991       0.499992       0.499992       0.499993       0.499994       0.499994       0.499994       0.499994       0.499994       0.499994       0.499994       0.499994       0.499994       0.499993       0.499992       0.499992       0.499991       0.499990       0.499988       0.499987       0.499985       0.499983       0.499981       0.499978       0.499975       0.499971       0.499967       0.499962       0.499957       0.499950       0.499943       0.499935       0.499925       0.499914       0.499901       0.499886       0.499869       0.499849       0.499826       0.499800       0.499770       0.499736       0.499696       0.499650       0.499597       0.499537       0.499467       0.499386       0.499293       0.499187       0.499064       0.498922       0.498759       0.498572       0.498357       0.498109       0.497824       0.497497       0.497122       0.496691       0.496198       0.495633       0.494988       0.494252       0.493417       0.492471       0.491405       0.490212       0.488888       0.487435       0.485863       0.484198       0.482483       0.480789       0.479215       0.477897       0.476994       0.476666       0.477024       0.478060       0.479569       0.481124       0.482116       0.481900       0.479995       0.476323       0.471510       0.467315       0.467315
       0.467315       0.467315       0.471510       0.476323       0.479995       0.481900       0.482116       0.481124       0.479569       0.478060       0.477024       0.476666       0.476994       0.477897       0.479216       0.480789       0.482483       0.484198       0.485863       0.487435       0.488888       0.490212       0.491405       0.492471       0.493417       0.494253       0.494988       0.495633       0.496198       0.496691       0.497122       0.497498       0.497825       0.498109       0.498357       0.498573       0.498760       0.498923       0.499064       0.499187       0.499294       0.499386       0.499467       0.499537       0.499598       0.499650       0.499696       0.499736       0.499771       0.499801       0.499827       0.499849       0.499869       0.499886       0.499901       0.499914       0.499925       0.499935       0.499943       0.499951       0.499957       0.499962       0.499967       0.499971       0.499975       0.499978       0.499981       0.499983       0.499985       0.499987       0.499989       0.499990       0.499991       0.499992       0.499993       0.499993       0.499994       0.499994       0.499994       0.499994       0.499994       0.499994       0.499994       0.499994       0.499994       0.499993       0.499993       0.499992       0.499991       0.499990       0.499989       0.499987       0.499985       0.499983       0.499981       0.499978       0.499975       0.499971       0.499967       0.499962       0.499957       0.499951       0.499943       0.499935       0.499925       0.499914       0.499901       0.499886       0.499869       0.499849       0.499827       0.499801       0.499771       0.499736       0.499696       0.499650       0.499598       0.499537       0.499467       0.499386       0.499294       0.499187       0.499064       0.498923       0.498760       0.498573       0.498357       0.498109       0.497825       0.497498       0.497122       0.496691       0.496198       0.495633       0.494988       0.494253       0.493417       0.492471       0.491405       0.490212       0.488888       0.487435       0.485863       0.484198       0.482483       0.480789       0.479216       0.477897       0.476994       0.476666       0.477024       0.478060       0.479569       0.481124       0.482116       0.481900       0.479995       0.476323       0.471510       0.467315       0.467315
       0.467315       0.467315       0.471510       0.476323       0.479995       0.481900       0.482116       0.481124       0.479569       0.478060       0.477024       0.476666       0.476994       0.477897       0.479216       0.480789       0.482483       0.484198       0.485863       0.487435       0.488888       0.490213       0.491406       0.492471       0.493417       0.494253       0.494988       0.495633       0.496198       0.496692       0.497122       0.497498       0.497825       0.498110       0.498357       0.498573       0.498760       0.498923       0.499064       0.499187       0.499294       0.499387       0.499467       0.499537       0.499598       0.499651       0.499697       0.499736       0.499771       0.499801       0.499827       0.499850       0.499869       0.499886       0.499901       0.499914       0.499925       0.499935       0.499943       0.499951       0.499957       0.499963       0.499967       0.499972       0.499975       0.499978       0.499981       0.499983       0.499985       0.499987       0.499989       0.499990       0.499991       0.499992       0.499993       0.499993       0.499994       0.499994       0.499994       0.499994       0.499995       0.499994       0.499994       0.499994       0.499994       0.499993       0.499993       0.499992       0.499991       0.499990       0.499989       0.499987       0.499985       0.499983       0.499981       0.499978       0.499975       0.499972       0.499967       0.499963       0.499957       0.499951       0.499943       0.499935       0.499925       0.499914       0.499901       0.499886       0.499869       0.499850       0.499827       0.499801       0.499771       0.499736       0.499697       0.499651       0.499598       0.499537       0.499467       0.499387       0.499294       0.499187       0.499064       0.498923       0.498760       0.498573       0.498357       0.498110       0.497825       0.497498       0.497122       0.496692       0.496198       0.495633       0.494988       0.494253       0.493417       0.492471       0.491406       0.490213       0.488888       0.487435       0.485863       0.484198       0.482483       0.480789       0.479216       0.477897       0.476994       0.476666       0.477024       0.478060       0.479569       0.481124       0.482116       0.481900       0.479995       0.476323       0.471510       0.467315       0.467315
       0.467314       0.467314       0.471510       0.476323       0.479995       0.481900       0.482116       0.481124       0.479569       0.478060       0.477024       0.476666       0.476994       0.477897       0.479216       0.480789       0.482483       0.484198       0.485863       0.487435       0.488889       0.490213       0.491406       0.492471       0.493417       0.494253       0.494988       0.495634       0.496198       0.496692       0.497123       0.497498       0.497825       0.498110       0.498358       0.498573       0.498760       0.498923       0.499065       0.499187       0.499294       0.499387       0.499467       0.499537       0.499598       0.499651       0.499697       0.499737       0.499771       0.499801       0.499827       0.499850       0.499869       0.499887       0.499901       0.499914       0.499925       0.499935       0.499944       0.499951       0.499957       0.499963       0.499968       0.499972       0.499975       0.499978       0.499981       0.499983       0.499985       0.499987       0.499989       0.499990       0.499991       0.499992       0.499993       0.499993       0.499994       0.499994       0.499994       0.499995       0.499995       0.499995       0.499994       0.499994       0.499994       0.499993       0.499993       0.499992       0.499991       0.499990       0.499989       0.499987       0.499985       0.499983       0.499981       0.499978       0.499975       0.499972       0.499968       0.499963       0.499957       0.499951       0.499944       0.499935       0.499925       0.499914       0.499901       0.499887       0.499869       0.499850       0.499827       0.499801       0.499771       0.499737       0.499697       0.499651       0.499598       0.499537       0.499467       0.499387       0.499294       0.499187       0.499065       0.498923       0.498760       0.498573       0.498358       0.498110       0.497825       0.497498       0.497123       0.496692       0.496198       0.495634       0.494988       0.494253       0.493417       0.492471       0.491406       0.490213       0.488889       0.487435       0.485863       0.484198       0.482483       0.480789       0.479216       0.477897       0.476994       0.476666       0.477024       0.478060       0.479569       0.481124       0.482116       0.481900       0.479995       0.476323       0.471510       0.467314       0.467314
       0.467314       0.467314       0.471509       0.476322       0.479995       0.481900       0.482116       0.481124       0.479569       0.478060       0.477024       0.476666       0.476994       0.477898       0.479216       0.480789       0.482483       0.484198       0.485863       0.487435       0.488889       0.490213       0.491406       0.492472       0.493418       0.494253       0.494989       0.495634       0.496199       0.496692       0.497123       0.497498       0.497825       0.498110       0.498358       0.498573       0.498761       0.498923       0.499065       0.499188       0.499294       0.499387       0.499468       0.499538       0.499598       0.499651       0.499697       0.499737       0.499771       0.499801       0.499827       0.499850       0.499870       0.499887       0.499902       0.499914       0.499926       0.499935       0.499944       0.499951       0.499957       0.499963       0.499968       0.499972       0.499975       0.499979       0.499981       0.499984       0.499986       0.499987       0.499989       0.499990       0.499991       0.499992       0.499993       0.499993       0.499994       0.499994       0.499994       0.499995       0.499995       0.499995       0.499994       0.499994       0.499994       0.499993       0.499993       0.499992       0.499991       0.499990       0.499989       0.499987       0.499986       0.499984       0.499981       0.499979       0.499975       0.499972       0.499968       0.499963       0.499957       0.499951       0.499944       0.499935       0.499926       0.499914       0.499902       0.499887       0.499870       0.499850       0.499827       0.499801       0.499771       0.499737       0.499697       0.499651       0.499598       0.499538       0.499468       0.499387       0.499294       0.499188       0.499065       0.498923       0.498761       0.498573       0.498358       0.498110       0.497825       0.497498       0.497123       0.496692       0.496199       0.495634       0.494989       0.494253       0.493418       0.492472       0.491406       0.490213       0.488889       0.487435       0.485863       0.484198       0.482483       0.480789       0.479216       0.477898       0.476994       0.476666       0.477024       0.478060       0.479569       0.481124       0.482116       0.481900       0.479995       0.476322       0.471509       0.467314       0.467314
       0.467314       0.467314       0.471509       0.476322       0.479995       0.481900       0.482116       0.481124       0.479569       0.478060       0.477024       0.476666       0.476994       0.477898       0.479216       0.480789       0.482483       0.484198       0.485863       0.487435       0.488889       0.490213       0.491406       0.492472       0.493418       0.494253       0.494989       0.495634       0.496199       0.496692       0.497123       0.497499       0.497826       0.498110       0.498358       0.498573       0.498761       0.498923       0.499065       0.499188       0.499295       0.499387       0.499468       0.499538       0.499599       0.499651       0.499697       0.499737       0.499771       0.499801       0.499827       0.499850       0.499870       0.499887       0.499902       0.499915       0.499926       0.499935       0.499944       0.499951       0.499957       0.499963       0.499968       0.499972       0.499975       0.499979       0.499981       0.499984       0.499986       0.499987       0.499989       0.499990       0.499991       0.499992       0.499993       0.499993       0.499994       0.499994       0.499995       0.499995       0.499995       0.499995       0.499995       0.499994       0.499994       0.499993       0.499993       0.499992       0.499991       0.499990       0.499989       0.499987       0.499986       0.499984       0.499981       0.499979       0.499975       0.499972       0.499968       0.499963       0.499957       0.499951       0.499944       0.499935       0.499926       0.499915       0.499902       0.499887       0.499870       0.499850       0.499827       0.499801       0.499771       0.499737       0.499697       0.499651       0.499599       0.499538       0.499468       0.499387       0.499295       0.499188       0.499065       0.498923       0.498761       0.498573       0.498358       0.498110       0.497826       0.497499       0.497123       0.496692       0.496199       0.495634       0.494989       0.494253       0.493418       0.492472       0.491406       0.490213       0.488889       0.487435       0.485863       0.484198       0.482483       0.480789       0.479216       0.477898       0.476994       0.476666       0.477024       0.478060       0.479569       0.481124       0.482116       0.481900       0.479995       0.476322       0.471509       0.467314       0.467314
       0.467314       0.467314       0.471509       0.476322       0.479995       0.481900       0.482116       0.481124       0.479569       0.478060       0.477024       0.476666       0.476994       0.477898       0.479216       0.480789       0.482484       0.484198       0.485864       0.487435       0.488889       0.490213       0.491406       0.492472       0.493418       0.494253       0.494989       0.495634       0.496199       0.496692       0.497123       0.497499       0.497826       0.498111       0.498358       0.498574       0.498761       0.498924       0.499065       0.499188       0.499295       0.499387       0.499468       0.499538       0.499599       0.499651       0.499697       0.499737       0.499772       0.499802       0.499828       0.499850       0.499870       0.499887       0.499902       0.499915       0.499926       0.499935       0.499944       0.499951       0.499958       0.499963       0.499968       0.499972       0.499976       0.499979       0.499981       0.499984       0.499986       0.499987       0.499989       0.499990       0.499991       0.499992       0.499993       0.499993       0.499994       0.499994       0.499995       0.499995       0.499995       0.499995       0.499995       0.499994       0.499994       0.499993       0.499993       0.499992       0.499991       0.499990       0.499989       0.499987       0.499986       0.499984       0.499981       0.499979       0.499976       0.499972       0.499968       0.499963       0.499958       0.499951       0.499944       0.499935       0.499926       0.499915       0.499902       0.499887       0.499870       0.499850       0.499828       0.499802       0.499772       0.499737       0.499697       0.499651       0.499599       0.499538       0.499468       0.499387       0.499295       0.499188       0.499065       0.498924       0.498761       0.498574       0.498358       0.498111       0.497826       0.497499       0.497123       0.496692       0.496199       0.495634       0.494989       0.494253       0.493418       0.492472       0.491406       0.490213       0.488889       0.487435       0.485864       0.484198       0.482484       0.480789       0.479216       0.477898       0.476994       0.476666       0.477024       0.478060       0.479569       0.481124       0.482116       0.481900       0.479995       0.476322       0.471509       0.467314       0.467314
       0.467314       0.467314       0.471509       0.476322       0.479995       0.481900       0.482116       0.481124       0.479569       0.478059       0.477024       0.476666       0.476994       0.477898       0.479216       0.480789       0.482484       0.484198       0.485864       0.487435       0.488889       0.490213       0.491406       0.492472       0.493418       0.494254       0.494989       0.495634       0.496199       0.496693       0.497123       0.497499       0.497826       0.498111       0.498358       0.498574       0.498761       0.498924       0.499065       0.499188       0.499295       0.499388       0.499468       0.499538       0.499599       0.499652       0.499697       0.499737       0.499772       0.499802       0.499828       0.499850       0.499870       0.499887       0.499902       0.499915       0.499926       0.499936       0.499944       0.499951       0.499958       0.499963       0.499968       0.499972       0.499976       0.499979       0.499981       0.499984       0.499986       0.499987       0.499989       0.499990       0.499991       0.499992       0.499993       0.499993       0.499994       0.499994       0.499995       0.499995       0.499995       0.499995       0.499995       0.499994       0.499994       0.499993       0.499993       0.499992       0.499991       0.499990       0.499989       0.499987       0.499986       0.499984       0.499981       0.499979       0.499976       0.499972       0.499968       0.499963       0.499958       0.499951       0.499944       0.499936       0.499926       0.499915       0.499902       0.499887       0.499870       0.499850       0.499828       0.499802       0.499772       0.499737       0.499697       0.499652       0.499599       0.499538       0.499468       0.499388       0.499295       0.499188       0.499065       0.498924       0.498761       0.498574       0.498358       0.498111       0.497826       0.497499       0.497123       0.496693       0.496199       0.495634       0.494989       0.494254       0.493418       0.492472       0.491406       0.490213       0.488889       0.487435       0.485864       0.484198       0.482484       0.480789       0.479216       0.477898       0.476994       0.476666       0.477024       0.478059       0.479569       0.481124       0.482116       0.481900       0.479995       0.476322       0.471509       0.467314       0.467314
       0.467314       0.467314       0.471509       0.476322       0.479995       0.481900       0.482116       0.481124       0.479569       0.478059       0.477024       0.476666       0.476994       0.477898       0.479216       0.480789       0.482484       0.484198       0.485864       0.487435       0.488889       0.490213       0.491406       0.492472       0.493418       0.494254       0.494989       0.495634       0.496199       0.496693       0.497123       0.497499       0.497826       0.498111       0.498358       0.498574       0.498761       0.498924       0.499065       0.499188       0.499295       0.499388       0.499468       0.499538       0.499599       0.499652       0.499697       0.499737       0.499772       0.499802       0.499828       0.499850       0.499870       0.499887       0.499902       0.499915       0.499926       0.499936       0.499944       0.499951       0.499958       0.499963       0.499968       0.499972       0.499976       0.499979       0.499981       0.499984       0.499986       0.499987       0.499989       0.499990       0.499991       0.499992       0.499993       0.499994       0.499994       0.499994       0.499995       0.499995       0.499995       0.499995       0.499995       0.499994       0.499994       0.499994       0.499993       0.499992       0.499991       0.499990       0.499989       0.499987       0.499986       0.499984       0.499981       0.499979       0.499976       0.499972       0.499968       0.499963       0.499958       0.499951       0.499944       0.499936       0.499926       0.499915       0.499902       0.499887       0.499870       0.499850       0.499828       0.499802       0.499772       0.499737       0.499697       0.499652       0.499599       0.499538       0.499468       0.499388       0.499295       0.499188       0.499065       0.498924       0.498761       0.498574       0.498358       0.498111       0.497826       0.497499       0.497123       0.496693       0.496199       0.495634       0.494989       0.494254       0.493418       0.492472       0.491406       0.490213       0.488889       0.487435       0.485864       0.484198       0.482484       0.480789       0.479216       0.477898       0.476994       0.476666       0.477024       0.478059       0.479569       0.481124       0.482116       0.481900       0.479995       0.476322       0.471509       0.467314       0.467314
       0.467314       0.467314       0.471509       0.476322       0.479995       0.481900       0.482116       0.481124       0.479569       0.478059       0.477024       0.476666       0.476994       0.477898       0.479216       0.480789       0.482484       0.484198       0.485864       0.487436       0.488889       0.490213       0.491406       0.492472       0.493418       0.494254       0.494989       0.495634       0.496199       0.496693       0.497124       0.497499       0.497826       0.498111       0.498359       0.498574       0.498761       0.498924       0.499065       0.499188       0.499295       0.499388       0.499468       0.499538       0.499599       0.499652       0.499698       0.499737       0.499772       0.499802       0.499828       0.499851       0.499870       0.499887       0.499902       0.499915       0.499926       0.499936       0.499944       0.499951       0.499958       0.499963       0.499968       0.499972       0.499976       0.499979       0.499981       0.499984       0.499986       0.499988       0.499989       0.499990       0.499991       0.499992       0.499993       0.499994       0.499994       0.499994       0.499995       0.499995       0.499995       0.499995       0.499995       0.499994       0.499994       0.499994       0.499993       0.499992       0.499991       0.499990       0.499989       0.499988       0.499986       0.499984       0.499981       0.499979       0.499976       0.499972       0.499968       0.499963       0.499958       0.499951       0.499944       0.499936       0.499926       0.499915       0.499902       0.499887       0.499870       0.499851       0.499828       0.499802       0.499772       0.499737       0.499698       0.499652       0.499599       0.499538       0.499468       0.499388       0.499295       0.499188       0.499065       0.498924       0.498761       0.498574       0.498359       0.498111       0.497826       0.497499       0.497124       0.496693       0.496199       0.495634       0.494989       0.494254       0.493418       0.492472       0.491406       0.490213       0.488889       0.487436       0.485864       0.484198       0.482484       0.480789       0.479216       0.477898       0.476994       0.476666       0.477024       0.478059       0.479569       0.481124       0.482116       0.481900       0.479995       0.476322       0.471509       0.467314       0.467314
       0.467314       0.467314       0.471509       0.476322       0.479995       0.481900       0.482116       0.481124       0.479569       0.478059       0.477024       0.476666       0.476994       0.477898       0.479216       0.480789       0.482484       0.484198       0.485864       0.487436       0.488889       0.490213       0.491406       0.492472       0.493418       0.494254       0.494989       0.495634       0.496199       0.496693       0.497124       0.497499       0.497826       0.498111       0.498359       0.498574       0.498761       0.498924       0.499066       0.499188       0.499295       0.499388       0.499468       0.499538       0.499599       0.499652       0.499698       0.499737       0.499772       0.499802       0.499828       0.499851       0.499870       0.499887       0.499902       0.499915       0.499926       0.499936       0.499944       0.499951       0.499958       0.499963       0.499968       0.499972       0.499976       0.499979       0.499982       0.499984       0.499986       0.499988       0.499989       0.499990       0.499991       0.499992       0.499993       0.499994       0.499994       0.499994       0.499995       0.499995       0.499995       0.499995       0.499995       0.499994       0.499994       0.499994       0.499993       0.499992       0.499991       0.499990       0.499989       0.499988       0.499986       0.499984       0.499982       0.499979       0.499976       0.499972       0.499968       0.499963       0.499958       0.499951       0.499944       0.499936       0.499926       0.499915       0.499902       0.499887       0.499870       0.499851       0.499828       0.499802       0.499772       0.499737       0.499698       0.499652       0.499599       0.499538       0.499468       0.499388       0.499295       0.499188       0.499066       0.498924       0.498761       0.498574       0.498359       0.498111       0.497826       0.497499       0.497124       0.496693       0.496199       0.495634       0.494989       0.494254       0.493418       0.492472       0.491406       0.490213       0.488889       0.487436       0.485864       0.484198       0.482484       0.480789       0.479216       0.477898       0.476994       0.476666       0.477024       0.478059       0.479569       0.481124       0.482116       0.481900       0.479995       0.476322       0.471509       0.467314       0.467314
       0.467314       0.467314       0.471509       0.476322       0.479995       0.481900       0.482115       0.481124       0.479569       0.478059       0.477024       0.476666       0.476994       0.477898       0.479216       0.480789       0.482484       0.484198       0.485864       0.487436       0.488889       0.490213       0.491406       0.492472       0.493418       0.494254       0.494989       0.495634       0.496199       0.496693       0.497124       0.497499       0.497826       0.498111       0.498359       0.498574       0.498761       0.498924       0.499066       0.499188       0.499295       0.499388       0.499468       0.499538       0.499599       0.499652       0.499698       0.499737       0.499772       0.499802       0.499828       0.499851       0.499870       0.499887       0.499902       0.499915       0.499926       0.499936       0.499944       0.499952       0.499958       0.499963       0.499968       0.499972       0.499976       0.499979       0.499982       0.499984       0.499986       0.499988       0.499989       0.499990       0.499991       0.499992       0.499993       0.499994       0.499994       0.499994       0.499995       0.499995       0.499995       0.499995       0.499995       0.499994       0.499994       0.499994       0.499993       0.499992       0.499991       0.499990       0.499989       0.499988       0.499986       0.499984       0.499982       0.499979       0.499976       0.499972       0.499968       0.499963       0.499958       0.499952       0.499944       0.499936       0.499926       0.499915       0.499902       0.499887       0.499870       0.499851       0.499828       0.499802       0.499772       0.499737       0.499698       0.499652       0.499599       0.499538       0.499468       0.499388       0.499295       0.499188       0.499066       0.498924       0.498761       0.498574       0.498359       0.498111       0.497826       0.497499       0.497124       0.496693       0.496199       0.495634       0.494989       0.494254       0.493418       0.492472       0.491406       0.490213       0.488889       0.487436       0.485864       0.484198       0.482484       0.480789       0.479216       0.477898       0.476994       0.476666       0.477024       0.478059       0.479569       0.481124       0.482115       0.481900       0.479995       0.476322       0.471509       0.467314       0.467314
       0.467314       0.467314       0.471509       0.476322       0.479995       0.481900       0.482115       0.481123       0.479569       0.478059       0.477024       0.476666       0.476994       0.477898       0.479216       0.480789       0.482484       0.484198       0.485864       0.487436       0.488889       0.490213       0.491406       0.492472       0.493418       0.494254       0.494989       0.495634       0.496199       0.496693       0.497124       0.497499       0.497826       0.498111       0.498359       0.498574       0.498761       0.498924       0.499066       0.499189       0.499295       0.499388       0.499469       0.499538       0.499599       0.499652       0.499698       0.499738       0.499772       0.499802       0.499828       0.499851       0.499870       0.499887       0.499902       0.499915       0.499926       0.499936       0.499944       0.499952       0.499958       0.499963       0.499968       0.499972       0.499976       0.499979       0.499982       0.499984       0.499986       0.499988       0.499989       0.499990       0.499991       0.499992       0.499993       0.499994       0.499994       0.499994       0.499995       0.499995       0.499995       0.499995       0.499995       0.499994       0.499994       0.499994       0.499993       0.499992       0.499991       0.499990       0.499989       0.499988       0.499986       0.499984       0.499982       0.499979       0.499976       0.499972       0.499968       0.499963       0.499958       0.499952       0.499944       0.499936       0.499926       0.499915       0.499902       0.499887       0.499870       0.499851       0.499828       0.499802       0.499772       0.499738       0.499698       0.499652       0.499599       0.499538       0.499469       0.499388       0.499295       0.499189       0.499066       0.498924       0.498761       0.498574       0.498359       0.498111       0.497826       0.497499       0.497124       0.496693       0.496199       0.495634       0.494989       0.494254       0.493418       0.492472       0.491406       0.490213       0.488889       0.487436       0.485864       0.484198       0.482484       0.480789       0.479216       0.477898       0.476994       0.476666       0.477024       0.478059       0.479569       0.481123       0.482115       0.481900       0.479995       0.476322       0.471509       0.467314       0.467314
       0.467314       0.467314       0.471509       0.476322       0.479995       0.481900       0.482115       0.481123       0.479569       0.478059       0.477024       0.476666       0.476994       0.477898       0.479216       0.480789       0.482484       0.484198       0.485864       0.487436       0.488889       0.490213       0.491406       0.492472       0.493418       0.494254       0.494989       0.495635       0.496199       0.496693       0.497124       0.497499       0.497826       0.498111       0.498359       0.498574       0.498762       0.498924       0.499066       0.499189       0.499295       0.499388       0.499469       0.499538       0.499599       0.499652       0.499698       0.499738       0.499772       0.499802       0.499828       0.499851       0.499870       0.499887       0.499902       0.499915       0.499926       0.499936       0.499944       0.499952       0.499958       0.499963       0.499968       0.499972       0.499976       0.499979       0.499982       0.499984       0.499986       0.499988       0.499989       0.499990       0.499991       0.499992       0.499993       0.499994       0.499994       0.499994       0.499995       0.499995       0.499995       0.499995       0.499995       0.499994       0.499994       0.499994       0.499993       0.499992       0.499991       0.499990       0.499989       0.499988       0.499986       0.499984       0.499982       0.499979       0.499976       0.499972       0.499968       0.499963       0.499958       0.499952       0.499944       0.499936       0.499926       0.499915       0.499902       0.499887       0.499870       0.499851       0.499828       0.499802       0.499772       0.499738       0.499698       0.499652       0.499599       0.499538       0.499469       0.499388       0.499295       0.499189       0.499066       0.498924       0.498762       0.498574       0.498359       0.498111       0.497826       0.497499       0.497124       0.496693       0.496199       0.495635       0.494989       0.494254       0.493418       0.492472       0.491406       0.490213       0.488889       0.487436       0.485864       0.484198       0.482484       0.480789       0.479216       0.477898       0.476994       0.476666       0.477024       0.478059       0.479569       0.481123       0.482115       0.481900       0.479995       0.476322       0.471509       0.467314       0.467314
       0.467314       0.467314       0.471509       0.476322       0.479994       0.481900       0.482115       0.481123       0.479569       0.478059       0.477024       0.476666       0.476994       0.477898       0.479216       0.480789       0.482484       0.484198       0.485864       0.487436       0.488889       0.490213       0.491406       0.492472       0.493418       0.494254       0.494989       0.495635       0.496199       0.496693       0.497124       0.497499       0.497826       0.498111       0.498359       0.498574       0.498762       0.498924       0.499066       0.499189       0.499295       0.499388       0.499469       0.499539       0.499599       0.499652       0.499698       0.499738       0.499772       0.499802       0.499828       0.499851       0.499870       0.499887       0.499902       0.499915       0.499926       0.499936       0.499944       0.499952       0.499958       0.499963       0.499968       0.499972       0.499976       0.499979       0.499982       0.499984       0.499986       0.499988       0.499989       0.499990       0.499991       0.499992       0.499993       0.499994       0.499994       0.499995       0.499995       0.499995       0.499995       0.499995       0.499995       0.499995       0.499994       0.499994       0.499993       0.499992       0.499991       0.499990       0.499989       0.499988       0.499986       0.499984       0.499982       0.499979       0.499976       0.499972       0.499968       0.499963       0.499958       0.499952       0.499944       0.499936       0.499926       0.499915       0.499902       0.499887       0.499870       0.499851       0.499828       0.499802       0.499772       0.499738       0.499698       0.499652       0.499599       0.499539       0.499469       0.499388       0.499295       0.499189       0.499066       0.498924       0.498762       0.498574       0.498359       0.498111       0.497826       0.497499       0.497124       0.496693       0.496199       0.495635       0.494989       0.494254       0.493418       0.492472       0.491406       0.490213       0.488889       0.487436       0.485864       0.484198       0.482484       0.480789       0.479216       0.477898       0.476994       0.476666       0.477024       0.478059       0.479569       0.481123       0.482115       0.481900       0.479994       0.476322       0.471509       0.467314       0.467314
       0.467314       0.467314       0.471509       0.476322       0.479994       0.481900       0.482115       0.481123       0.479569       0.478059       0.477024       0.476666       0.476994       0.477898       0.479216       0.480789       0.482484       0.484198       0.485864       0.487436       0.488889       0.490213       0.491407       0.492472       0.493418       0.494254       0.494989       0.495635       0.496199       0.496693       0.497124       0.497499       0.497826       0.498111       0.498359       0.498574       0.498762       0.498924       0.499066       0.499189       0.499295       0.499388       0.499469       0.499539       0.499599       0.499652       0.499698       0.499738       0.499772       0.499802       0.499828       0.499851       0.499870       0.499887       0.499902       0.499915       0.499926       0.499936       0.499944       0.499952       0.499958       0.499963       0.499968       0.499972       0.499976       0.499979       0.499982       0.499984       0.499986       0.499988       0.499989       0.499990       0.499991       0.499992       0.499993       0.499994       0.499994       0.499995       0.499995       0.499995       0.499995       0.499995       0.499995       0.499995       0.499994       0.499994       0.499993       0.499992       0.499991       0.499990       0.499989       0.499988       0.499986       0.499984       0.499982       0.499979       0.499976       0.499972       0.499968       0.499963       0.499958       0.499952       0.499944       0.499936       0.499926       0.499915       0.499902       0.499887       0.499870       0.499851       0.499828       0.499802       0.499772       0.499738       0.499698       0.499652       0.499599       0.499539       0.499469       0.499388       0.499295       0.499189       0.499066       0.498924       0.498762       0.498574       0.498359       0.498111       0.497826       0.497499       0.497124       0.496693       0.496199       0.495635       0.494989       0.494254       0.493418       0.492472       0.491407       0.490213       0.488889       0.487436       0.485864       0.484198       0.482484       0.480789       0.479216       0.477898       0.476994       0.476666       0.477024       0.478059       0.479569       0.481123       0.482115       0.481900       0.479994       0.476322       0.471509       0.467314       0.467314
       0.467314       0.467314       0.471509       0.476322       0.479994       0.481900       0.482115       0.481123       0.479569       0.478059       0.477024       0.476666       0.476994       0.477898       0.479216       0.480789       0.482484       0.484198       0.485864       0.487436       0.488889       0.490214       0.491407       0.492472       0.493418       0.494254       0.494989       0.495635       0.496199       0.496693       0.497124       0.497499       0.497827       0.498111       0.498359       0.498574       0.498762       0.498924       0.499066       0.499189       0.499295       0.499388       0.499469       0.499539       0.499599       0.499652       0.499698       0.499738       0.499772       0.499802       0.499828       0.499851       0.499870       0.499887       0.499902       0.499915       0.499926       0.499936       0.499944       0.499952       0.499958       0.499963       0.499968       0.499972       0.499976       0.499979       0.499982       0.499984       0.499986       0.499988       0.499989       0.499990       0.499991       0.499992       0.499993       0.499994       0.499994       0.499995       0.499995       0.499995       0.499995       0.499995       0.499995       0.499995       0.499994       0.499994       0.499993       0.499992       0.499991       0.499990       0.499989       0.499988       0.499986       0.499984       0.499982       0.499979       0.499976       0.499972       0.499968       0.499963       0.499958       0.499952       0.499944       0.499936       0.499926       0.499915       0.499902       0.499887       0.499870       0.499851       0.499828       0.499802       0.499772       0.499738       0.499698       0.499652       0.499599       0.499539       0.499469       0.499388       0.499295       0.499189       0.499066       0.498924       0.498762       0.498574       0.498359       0.498111       0.497827       0.497499       0.497124       0.496693       0.496199       0.495635       0.494989       0.494254       0.493418       0.492472       0.491407       0.490214       0.488889       0.487436       0.485864       0.484198       0.482484       0.480789       0.479216       0.477898       0.476994       0.476666       0.477024       0.478059       0.479569       0.481123       0.482115       0.481900       0.479994       0.476322       0.471509       0.467314       0.467314
       0.467314       0.467314       0.471509       0.476322       0.479994       0.481900       0.482115       0.481123       0.479569       0.478059       0.477024       0.476666       0.476994       0.477898       0.479216       0.480789       0.482484       0.484198       0.485864       0.487436       0.488889       0.490214       0.491407       0.492472       0.493418       0.494254       0.494989       0.495635       0.496200       0.496693       0.497124       0.497499       0.497827       0.498111       0.498359       0.498574       0.498762       0.498924       0.499066       0.499189       0.499295       0.499388       0.499469       0.499539       0.499599       0.499652       0.499698       0.499738       0.499772       0.499802       0.499828       0.499851       0.499870       0.499888       0.499902       0.499915       0.499926       0.499936       0.499944       0.499952       0.499958       0.499963       0.499968       0.499972       0.499976       0.499979       0.499982       0.499984       0.499986       0.499988       0.499989       0.499990       0.499991       0.499992       0.499993       0.499994       0.499994       0.499995       0.499995       0.499995       0.499995       0.499995       0.499995       0.499995       0.499994       0.499994       0.499993       0.499992       0.499991       0.499990       0.499989       0.499988       0.499986       0.499984       0.499982       0.499979       0.499976       0.499972       0.499968       0.499963       0.499958       0.499952       0.499944       0.499936       0.499926       0.499915       0.499902       0.499888       0.499870       0.499851       0.499828       0.499802       0.499772       0.499738       0.499698       0.499652       0.499599       0.499539       0.499469       0.499388       0.499295       0.499189       0.499066       0.498924       0.498762       0.498574       0.498359       0.498111       0.497827       0.497499       0.497124       0.496693       0.496200       0.495635       0.494989       0.494254       0.493418       0.492472       0.491407       0.490214       0.488889       0.487436       0.485864       0.484198       0.482484       0.480789       0.479216       0.477898       0.476994       0.476666       0.477024       0.478059       0.479569       0.481123       0.482115       0.481900       0.479994       0.476322       0.471509       0.467314       0.467314
       0.467314       0.467314       0.471509       0.476322       0.479994       0.481900       0.482115       0.481123       0.479569       0.478059       0.477024       0.476666       0.476994       0.477898       0.479216       0.480789       0.482484       0.484198       0.485864       0.487436       0.488889       0.490214       0.491407       0.492472       0.493418       0.494254       0.494989       0.495635       0.496200       0.496693       0.497124       0.497499       0.497827       0.498111       0.498359       0.498574       0.498762       0.498924       0.499066       0.499189       0.499295       0.499388       0.499469       0.499539       0.499599       0.499652       0.499698       0.499738       0.499772       0.499802       0.499828       0.499851       0.499870       0.499888       0.499902       0.499915       0.499926       0.499936       0.499944       0.499952       0.499958       0.499963       0.499968       0.499972       0.499976       0.499979       0.499982       0.499984       0.499986       0.499988       0.499989       0.499990       0.499991       0.499992       0.499993       0.499994       0.499994       0.499995       0.499995       0.499995       0.499995       0.499995       0.499995       0.499995       0.499994       0.499994       0.499993       0.499992       0.499991       0.499990       0.499989       0.499988       0.499986       0.499984       0.499982       0.499979       0.499976       0.499972       0.499968       0.499963       0.499958       0.499952       0.499944       0.499936       0.499926       0.499915       0.499902       0.499888       0.499870       0.499851       0.499828       0.499802       0.499772       0.499738       0.499698       0.499652       0.499599       0.499539       0.499469       0.499388       0.499295       0.499189       0.499066       0.498924       0.498762       0.498574       0.498359       0.498111       0.497827       0.497499       0.497124       0.496693       0.496200       0.495635       0.494989       0.494254       0.493418       0.492472       0.491407       0.490214       0.488889       0.487436       0.485864       0.484198       0.482484       0.480789       0.479216       0.477898       0.476994       0.476666       0.477024       0.478059       0.479569       0.481123       0.482115       0.481900       0.479994       0.476322       0.471509       0.467314       0.467314
       0.467314       0.467314       0.471509       0.476322       0.479994       0.481900       0.482115       0.481123       0.479569       0.478059       0.477024       0.476666       0.476994       0.477898       0.479216       0.480789       0.482484       0.484198       0.485864       0.487436       0.488889       0.490214       0.491407       0.492472       0.493418       0.494254       0.494989       0.495635       0.496200       0.496693       0.497124       0.497499       0.497827       0.498111       0.498359       0.498574       0.498762       0.498924       0.499066       0.499189       0.499295       0.499388       0.499469       0.499539       0.499599       0.499652       0.499698       0.499738       0.499772       0.499802       0.499828       0.499851       0.499870       0.499888       0.499902       0.499915       0.499926       0.499936       0.499944       0.499952       0.499958       0.499963       0.499968       0.499972       0.499976       0.499979       0.499982       0.499984       0.499986       0.499988       0.499989       0.499990       0.499991       0.499992       0.499993       0.499994       0.499994       0.499995       0.499995       0.499995       0.499995       0.499995       0.499995       0.499995       0.499994       0.499994       0.499993       0.499992       0.499991       0.499990       0.499989       0.499988       0.499986       0.499984       0.499982       0.499979       0.499976       0.499972       0.499968       0.499963       0.499958       0.499952       0.499944       0.499936       0.499926       0.499915       0.499902       0.499888       0.499870       0.499851       0.499828       0.499802       0.499772       0.499738       0.499698       0.499652       0.499599       0.499539       0.499469       0.499388       0.499295       0.499189       0.499066       0.498924       0.498762       0.498574       0.498359       0.498111       0.497827       0.497499       0.497124       0.496693       0.496200       0.495635       0.494989       0.494254       0.493418       0.492472       0.491407       0.490214       0.488889       0.487436       0.485864       0.484198       0.482484       0.480789       0.479216       0.477898       0.476994       0.476666       0.477024       0.478059       0.479569       0.481123       0.482115       0.481900       0.479994       0.476322       0.471509       0.467314       0.467314
       0.467314       0.467314       0.471509       0.476322       0.479994       0.481900       0.482115       0.481123       0.479569       0.478059       0.477024       0.476666       0.476994       0.477898       0.479216       0.480789       0.482484       0.484198       0.485864       0.487436       0.488889       0.490214       0.491407       0.492472       0.493418       0.494254       0.494989       0.495635       0.496200       0.496693       0.497124       0.497500       0.497827       0.498111       0.498359       0.498574       0.498762       0.498924       0.499066       0.499189       0.499296       0.499388       0.499469       0.499539       0.499599       0.499652       0.499698       0.499738       0.499772       0.499802       0.499828       0.499851       0.499871       0.499888       0.499902       0.499915       0.499926       0.499936       0.499944       0.499952       0.499958       0.499963       0.499968       0.499972       0.499976       0.499979       0.499982       0.499984       0.499986       0.499988       0.499989       0.499990       0.499991       0.499992       0.499993       0.499994       0.499994       0.499995       0.499995       0.499995       0.499995       0.499995       0.499995       0.499995       0.499994       0.499994       0.499993       0.499992       0.499991       0.499990       0.499989       0.499988       0.499986       0.499984       0.499982       0.499979       0.499976       0.499972       0.499968       0.499963       0.499958       0.499952       0.499944       0.499936       0.499926       0.499915       0.499902       0.499888       0.499871       0.499851       0.499828       0.499802       0.499772       0.499738       0.499698       0.499652       0.499599       0.499539       0.499469       0.499388       0.499296       0.499189       0.499066       0.498924       0.498762       0.498574       0.498359       0.498111       0.497827       0.497500       0.497124       0.496693       0.496200       0.495635       0.494989       0.494254       0.493418       0.492472       0.491407       0.490214       0.488889       0.487436       0.485864       0.484198       0.482484       0.480789       0.479216       0.477898       0.476994       0.476666       0.477024       0.478059       0.479569       0.481123       0.482115       0.481900       0.479994       0.476322       0.471509       0.467314       0.467314
       0.467314       0.467314       0.471509       0.476322       0.479994       0.481900       0.482115       0.481123       0.479569       0.478059       0.477024       0.476666       0.476994       0.477898       0.479216       0.480789       0.482484       0.484198       0.485864       0.487436       0.488889       0.490214       0.491407       0.492472       0.493418       0.494254       0.494989       0.495635       0.496200       0.496693       0.497124       0.497500       0.497827       0.498111       0.498359       0.498574       0.498762       0.498924       0.499066       0.499189       0.499296       0.499388       0.499469       0.499539       0.499599       0.499652       0.499698       0.499738       0.499772       0.499802       0.499828       0.499851       0.499871       0.499888       0.499902       0.499915       0.499926       0.499936       0.499944       0.499952       0.499958       0.499964       0.499968       0.499972       0.499976       0.499979       0.499982       0.499984       0.499986       0.499988       0.499989       0.499990       0.499991       0.499992       0.499993       0.499994       0.499994       0.499995       0.499995       0.499995       0.499995       0.499995       0.499995       0.499995       0.499994       0.499994       0.499993       0.499992       0.499991       0.499990       0.499989       0.499988       0.499986       0.499984       0.499982       0.499979       0.499976       0.499972       0.499968       0.499964       0.499958       0.499952       0.499944       0.499936       0.499926       0.499915       0.499902       0.499888       0.499871       0.499851       0.499828       0.499802       0.499772       0.499738       0.499698       0.499652       0.499599       0.499539       0.499469       0.499388       0.499296       0.499189       0.499066       0.498924       0.498762       0.498574       0.498359       0.498111       0.497827       0.497500       0.497124       0.496693       0.496200       0.495635       0.494989       0.494254       0.493418       0.492472       0.491407       0.490214       0.488889       0.487436       0.485864       0.484198       0.482484       0.480789       0.479216       0.477898       0.476994       0.476666       0.477024       0.478059       0.479569       0.481123       0.482115       0.481900       0.479994       0.476322       0.471509       0.467314       0.467314
       0.467314       0.467314       0.471509       0.476322       0.479994       0.481900       0.482115       0.481123       0.479569       0.478059       0.477024       0.476666       0.476994       0.477898       0.479216       0.480789       0.482484       0.484198       0.485864       0.487436       0.488889       0.490214       0.491407       0.492472       0.493418       0.494254       0.494989       0.495635       0.496200       0.496693       0.497124       0.497500       0.497827       0.498111       0.498359       0.498574       0.498762       0.498924       0.499066       0.499189       0.499296       0.499388       0.499469       0.499539       0.499599       0.499652       0.499698       0.499738       0.499772       0.499802       0.499828       0.499851       0.499871       0.499888       0.499902       0.499915       0.499926       0.499936       0.499944       0.499952       0.499958       0.499964       0.499968       0.499972       0.499976       0.499979       0.499982       0.499984       0.499986       0.499988       0.499989       0.499990       0.499991       0.499992       0.499993       0.499994       0.499994       0.499995       0.499995       0.499995       0.499995       0.499995       0.499995       0.499995       0.499994       0.499994       0.499993       0.499992       0.499991       0.499990       0.499989       0.499988       0.499986       0.499984       0.499982       0.499979       0.499976       0.499972       0.499968       0.499964       0.499958       0.499952       0.499944       0.499936       0.499926       0.499915       0.499902       0.499888       0.499871       0.499851       0.499828       0.499802       0.499772       0.499738       0.499698       0.499652       0.499599       0.499539       0.499469       0.499388       0.499296       0.499189       0.499066       0.498924       0.498762       0.498574       0.498359       0.498111       0.497827       0.497500       0.497124       0.496693       0.496200       0.495635       0.494989       0.494254       0.493418       0.492472       0.491407       0.490214       0.488889       0.487436       0.485864       0.484198       0.482484       0.480789       0.479216       0.477898       0.476994       0.476666       0.477024       0.478059       0.479569       0.481123       0.482115       0.481900       0.479994       0.476322       0.471509       0.467314       0.467314
       0.467314       0.467314       0.471509       0.476322       0.479994       0.481900       0.482115       0.481123       0.479569       0.478059       0.477024       0.476666       0.476994       0.477898       0.479216       0.480789       0.482484       0.484198       0.485864       0.487436       0.488889       0.490214       0.491407       0.492472       0.493418       0.494254       0.494989       0.495635       0.496200       0.496693       0.497124       0.497500       0.497827       0.498111       0.498359       0.498574       0.498762       0.498924       0.499066       0.499189       0.499296       0.499388       0.499469       0.499539       0.499599       0.499652       0.499698       0.499738       0.499772       0.499802       0.499828       0.499851       0.499871       0.499888       0.499902       0.499915       0.499926       0.499936       0.499944       0.499952       0.499958       0.499964       0.499968       0.499972       0.499976       0.499979       0.499982       0.499984       0.499986       0.499988       0.499989       0.499990       0.499992       0.499992       0.499993       0.499994       0.499994       0.499995       0.499995       0.499995       0.499995       0.499995       0.499995       0.499995       0.499994       0.499994       0.499993       0.499992       0.499992       0.499990       0.499989       0.499988       0.499986       0.499984       0.499982       0.499979       0.499976       0.499972       0.499968       0.499964       0.499958       0.499952       0.499944       0.499936       0.499926       0.499915       0.499902       0.499888       0.499871       0.499851       0.499828       0.499802       0.499772       0.499738       0.499698       0.499652       0.499599       0.499539       0.499469       0.499388       0.499296       0.499189       0.499066       0.498924       0.498762       0.498574       0.498359       0.498111       0.497827       0.497500       0.497124       0.496693       0.496200       0.495635       0.494989       0.494254       0.493418       0.492472       0.491407       0.490214       0.488889       0.487436       0.485864       0.484198       0.482484       0.480789       0.479216       0.477898       0.476994       0.476666       0.477024       0.478059       0.479569       0.481123       0.482115       0.481900       0.479994       0.476322       0.471509       0.467314       0.467314
       0.467314       0.467314       0.471509       0.476322       0.479994       0.481900       0.482115       0.481123       0.479569       0.478059       0.477024       0.476666       0.476994       0.477898       0.479216       0.480789       0.482484       0.484198       0.485864       0.487436       0.488889       0.490214       0.491407       0.492472       0.493418       0.494254       0.494989       0.495635       0.496200       0.496693       0.497124       0.497500       0.497827       0.498111       0.498359       0.498574       0.498762       0.498924       0.499066       0.499189       0.499296       0.499388       0.499469       0.499539       0.499599       0.499652       0.499698       0.499738       0.499772       0.499802       0.499828       0.499851       0.499871       0.499888       0.499902       0.499915       0.499926       0.499936       0.499944       0.499952       0.499958       0.499964       0.499968       0.499972       0.499976       0.499979       0.499982       0.499984       0.499986       0.499988       0.499989       0.499990       0.499992       0.499992       0.499993       0.499994       0.499994       0.499995       0.499995       0.499995       0.499995       0.499995       0.499995       0.499995       0.499994       0.499994       0.499993       0.499992       0.499992       0.499990       0.499989       0.499988       0.499986       0.499984       0.499982       0.499979       0.499976       0.499972       0.499968       0.499964       0.499958       0.499952       0.499944       0.499936       0.499926       0.499915       0.499902       0.499888       0.499871       0.499851       0.499828       0.499802       0.499772       0.499738       0.499698       0.499652       0.499599       0.499539       0.499469       0.499388       0.499296       0.499189       0.499066       0.498924       0.498762       0.498574       0.498359       0.498111       0.497827       0.497500       0.497124       0.496693       0.496200       0.495635       0.494989       0.494254       0.493418       0.492472       0.491407       0.490214       0.488889       0.487436       0.485864       0.484198       0.482484       0.480789       0.479216       0.477898       0.476994       0.476666       0.477024       0.478059       0.479569       0.481123       0.482115       0.481900       0.479994       0.476322       0.471509       0.467314       0.467314
       0.467314       0.467314       0.471509       0.476322       0.479994       0.481900       0.482115       0.481123       0.479569       0.478059       0.477024       0.476666       0.476994       0.477898       0.479216       0.480789       0.482484       0.484198       0.485864       0.487436       0.488889       0.490214       0.491407       0.492472       0.493418       0.494254       0.494989       0.495635       0.496200       0.496693       0.497124       0.497500       0.497827       0.498111       0.498359       0.498574       0.498762       0.498925       0.499066       0.499189       0.499296       0.499388       0.499469       0.499539       0.499599       0.499652       0.499698       0.499738       0.499772       0.499802       0.499828       0.499851       0.499871       0.499888       0.499902       0.499915       0.499926       0.499936       0.499944       0.499952       0.499958       0.499964       0.499968       0.499972       0.499976       0.499979       0.499982       0.499984       0.499986       0.499988       0.499989       0.499990       0.499992       0.499992       0.499993       0.499994       0.499994       0.499995       0.499995       0.499995       0.499995       0.499995       0.499995       0.499995       0.499994       0.499994       0.499993       0.499992       0.499992       0.499990       0.499989       0.499988       0.499986       0.499984       0.499982       0.499979       0.499976       0.499972       0.499968       0.499964       0.499958       0.499952       0.499944       0.499936       0.499926       0.499915       0.499902       0.499888       0.499871       0.499851       0.499828       0.499802       0.499772       0.499738       0.499698       0.499652       0.499599       0.499539       0.499469       0.499388       0.499296       0.499189       0.499066       0.498925       0.498762       0.498574       0.498359       0.498111       0.497827       0.497500       0.497124       0.496693       0.496200       0.495635       0.494989       0.494254       0.493418       0.492472       0.491407       0.490214       0.488889       0.487436       0.485864       0.484198       0.482484       0.480789       0.479216       0.477898       0.476994       0.476666       0.477024       0.478059       0.479569       0.481123       0.482115       0.481900       0.479994       0.476322       0.471509       0.467314       0.467314
       0.467314       0.467314       0.471509       0.476322       0.479994       0.481900       0.482115       0.481123       0.479569       0.478059       0.477024       0.476666       0.476994       0.477898       0.479216       0.480789       0.482484       0.484198       0.485864       0.487436       0.488889       0.490214       0.491407       0.492472       0.493418       0.494254       0.494989       0.495635       0.496200       0.496693       0.497124       0.497500       0.497827       0.498111       0.498359       0.498574       0.498762       0.498925       0.499066       0.499189       0.499296       0.499388       0.499469       0.499539       0.499599       0.499652       0.499698       0.499738       0.499772       0.499802       0.499828       0.499851       0.499871       0.499888       0.499902       0.499915       0.499926       0.499936       0.499944       0.499952       0.499958       0.499964       0.499968       0.499972       0.499976       0.499979       0.499982       0.499984       0.499986       0.499988       0.499989       0.499990       0.499992       0.499992       0.499993       0.499994       0.499994       0.499995       0.499995       0.499995       0.499995       0.499995       0.499995       0.499995       0.499994       0.499994       0.499993       0.499992       0.499992       0.499990       0.499989       0.499988       0.499986       0.499984       0.499982       0.499979       0.499976       0.499972       0.499968       0.499964       0.499958       0.499952       0.499944       0.499936       0.499926       0.499915       0.499902       0.499888       0.499871       0.499851       0.499828       0.499802       0.499772       0.499738       0.499698       0.499652       0.499599       0.499539       0.499469       0.499388       0.499296       0.499189       0.499066       0.498925       0.498762       0.498574       0.498359       0.498111       0.497827       0.497500       0.497124       0.496693       0.496200       0.495635       0.494989       0.494254       0.493418       0.492472       0.491407       0.490214       0.488889       0.487436       0.485864       0.484198       0.482484       0.480789       0.479216       0.477898       0.476994       0.476666       0.477024       0.478059       0.479569       0.481123       0.482115       0.481900       0.479994       0.476322       0.471509       0.467314       0.467314
       0.467314       0.467314       0.471509       0.476322       0.479994       0.481900       0.482115       0.481123       0.479569       0.478059       0.477024       0.476666       0.476994       0.477898       0.479216       0.480789       0.482484       0.484198       0.485864       0.487436       0.488889       0.490214       0.491407       0.492472       0.493418       0.494254       0.494989       0.495635       0.496200       0.496693       0.497124       0.497500       0.497827       0.498111       0.498359       0.498574       0.498762       0.498925       0.499066       0.499189       0.499296       0.499388       0.499469       0.499539       0.499599       0.499652       0.499698       0.499738       0.499772       0.499802       0.499828       0.499851       0.499871       0.499888       0.499902       0.499915       0.499926       0.499936       0.499944       0.499952       0.499958       0.499964       0.499968       0.499972       0.499976       0.499979       0.499982       0.499984       0.499986       0.499988       0.499989       0.499990       0.499992       0.499992       0.499993       0.499994       0.499994       0.499995       0.499995       0.499995       0.499995       0.499995       0.499995       0.499995       0.499994       0.499994       0.499993       0.499992       0.499992       0.499990       0.499989       0.499988       0.499986       0.499984       0.499982       0.499979       0.499976       0.499972       0.499968       0.499964       0.499958       0.499952       0.499944       0.499936       0.499926       0.499915       0.499902       0.499888       0.499871       0.499851       0.499828       0.499802       0.499772       0.499738       0.499698       0.499652       0.499599       0.499539       0.499469       0.499388       0.499296       0.499189       0.499066       0.498925       0.498762       0.498574       0.498359       0.498111       0.497827       0.497500       0.497124       0.496693       0.496200       0.495635       0.494989       0.494254       0.493418       0.492472       0.491407       0.490214       0.488889       0.487436       0.485864       0.484198       0.482484       0.480789       0.479216       0.477898       0.476994       0.476666       0.477024       0.478059       0.479569       0.481123       0.482115       0.481900       0.479994       0.476322       0.471509       0.467314       0.467314
       0.467314       0.467314       0.471509       0.476322       0.479994       0.481900       0.482115       0.481123       0.479569       0.478059       0.477024       0.476666       0.476994       0.477898       0.479216       0.480789       0.482484       0.484198       0.485864       0.487436       0.488889       0.490214       0.491407       0.492472       0.493418       0.494254       0.494989       0.495635       0.496200       0.496693       0.497124       0.497500       0.497827       0.498111       0.498359       0.498574       0.498762       0.498925       0.499066       0.499189       0.499296       0.499388       0.499469       0.499539       0.499599       0.499652       0.499698       0.499738       0.499772       0.499802       0.499828       0.499851       0.499871       0.499888       0.499902       0.499915       0.499926       0.499936       0.499944       0.499952       0.499958       0.499964       0.499968       0.499972       0.499976       0.499979       0.499982       0.499984       0.499986       0.499988       0.499989       0.499990       0.499992       0.499992       0.499993       0.499994       0.499994       0.499995       0.499995       0.499995       0.499995       0.499995       0.499995       0.499995       0.499994       0.499994       0.499993       0.499992       0.499992       0.499990       0.499989       0.499988       0.499986       0.499984       0.499982       0.499979       0.499976       0.499972       0.499968       0.499964       0.499958       0.499952       0.499944       0.499936       0.499926       0.499915       0.499902       0.499888       0.499871       0.499851       0.499828       0.499802       0.499772       0.499738       0.499698       0.499652       0.499599       0.499539       0.499469       0.499388       0.499296       0.499189       0.499066       0.498925       0.498762       0.498574       0.498359       0.498111       0.497827       0.497500       0.497124       0.496693       0.496200       0.495635       0.494989       0.494254       0.493418       0.492472       0.491407       0.490214       0.488889       0.487436       0.485864       0.484198       0.482484       0.480789       0.479216       0.477898       0.476994       0.476666       0.477024       0.478059       0.479569       0.481123       0.482115       0.481900       0.479994       0.476322       0.471509       0.467314       0.467314
       0.467314       0.467314       0.471509       0.476322       0.479994       0.481900       0.482115       0.481123       0.479569       0.478059       0.477024       0.476666       0.476994       0.477898       0.479216       0.480789       0.482484       0.484198       0.485864       0.487436       0.488889       0.490214       0.491407       0.492472       0.493418       0.494254       0.494989       0.495635       0.496200       0.496693       0.497124       0.497500       0.497827       0.498111       0.498359       0.498574       0.498762       0.498925       0.499066       0.499189       0.499296       0.499388       0.499469       0.499539       0.499599       0.499652       0.499698       0.499738       0.499772       0.499802       0.499828       0.499851       0.499871       0.499888       0.499902       0.499915       0.499926       0.499936       0.499944       0.499952       0.499958       0.499964       0.499968       0.499972       0.499976       0.499979       0.499982       0.499984       0.499986       0.499988       0.499989       0.499990       0.499992       0.499992       0.499993       0.499994       0.499994       0.499995       0.499995       0.499995       0.499995       0.499995       0.499995       0.499995       0.499994       0.499994       0.499993       0.499992       0.499992       0.499990       0.499989       0.499988       0.499986       0.499984       0.499982       0.499979       0.499976       0.499972       0.499968       0.499964       0.499958       0.499952       0.499944       0.499936       0.499926       0.499915       0.499902       0.499888       0.499871       0.499851       0.499828       0.499802       0.499772       0.499738       0.499698       0.499652       0.499599       0.499539       0.499469       0.499388       0.499296       0.499189       0.499066       0.498925       0.498762       0.498574       0.498359       0.498111       0.497827       0.497500       0.497124       0.496693       0.496200       0.495635       0.494989       0.494254       0.493418       0.492472       0.491407       0.490214       0.488889       0.487436       0.485864       0.484198       0.482484       0.480789       0.479216       0.477898       0.476994       0.476666       0.477024       0.478059       0.479569       0.481123       0.482115       0.481900       0.479994       0.476322       0.471509       0.467314       0.467314
