       0.467314       0.467314       0.471509       0.476322       0.479994       0.481900       0.482115       0.481123       0.479569       0.478059       0.477024       0.476666       0.476994       0.477897       0.479216       0.480789       0.482483       0.484198       0.485864       0.487435       0.488889       0.490213       0.491406       0.492472       0.493418       0.494254       0.494989       0.495634       0.496199       0.496693       0.497123       0.497499       0.497826       0.498111       0.498358       0.498574       0.498761       0.498924       0.499065       0.499188       0.499295       0.499388       0.499468       0.499538       0.499599       0.499652       0.499697       0.499737       0.499772       0.499802       0.499828       0.499850       0.499870       0.499887       0.499902       0.499915       0.499926       0.499935       0.499944       0.499951       0.499957       0.499963       0.499968       0.499972       0.499975       0.499978       0.499981       0.499983       0.499985       0.499987       0.499989       0.499990       0.499991       0.499992       0.499993       0.499993       0.499994       0.499994       0.499994       0.499994       0.499995       0.499994       0.499994       0.499994       0.499994       0.499993       0.499993       0.499992       0.499991       0.499990       0.499989       0.499987       0.499985       0.499983       0.499981       0.499978       0.499975       0.499972       0.499968       0.499963       0.499957       0.499951       0.499944       0.499935       0.499926       0.499915       0.499902       0.499887       0.499870       0.499850       0.499828       0.499802       0.499772       0.499737       0.499697       0.499652       0.499599       0.499538       0.499468       0.499388       0.499295       0.499188       0.499065       0.498924       0.498761       0.498574       0.498358       0.498111       0.497826       0.497499       0.497123       0.496693       0.496199       0.495634       0.494989       0.494254       0.493418       0.492472       0.491406       0.490213       0.488889       0.487435       0.485864       0.484198       0.482483       0.480789       0.479216       0.477897       0.476994       0.476666       0.477024       0.478059       0.479569       0.481123       0.482115       0.481900       0.479994       0.476322       0.471509       0.467314       0.467314
       0.467314       0.467314       0.471509       0.476322       0.479994       0.481900       0.482115       0.481123       0.479569       0.478059       0.477024       0.476666       0.476994       0.477897       0.479216       0.480789       0.482483       0.484198       0.485864       0.487435       0.488889       0.490213       0.491406       0.492472       0.493418       0.494254       0.494989       0.495634       0.496199       0.496693       0.497123       0.497499       0.497826       0.498111       0.498358       0.498574       0.498761       0.498924       0.499065       0.499188       0.499295       0.499388       0.499468       0.499538       0.499599       0.499652       0.499697       0.499737       0.499772       0.499802       0.499828       0.499850       0.499870       0.499887       0.499902       0.499915       0.499926       0.499935       0.499944       0.499951       0.499957       0.499963       0.499968       0.499972       0.499975       0.499978       0.499981       0.499983       0.499985       0.499987       0.499989       0.499990       0.499991       0.499992       0.499993       0.499993       0.499994       0.499994       0.499994       0.499994       0.499995       0.499994       0.499994       0.499994       0.499994       0.499993       0.499993       0.499992       0.499991       0.499990       0.499989       0.499987       0.499985       0.499983       0.499981       0.499978       0.499975       0.499972       0.499968       0.499963       0.499957       0.499951       0.499944       0.499935       0.499926       0.499915       0.499902       0.499887       0.499870       0.499850       0.499828       0.499802       0.499772       0.499737       0.499697       0.499652       0.499599       0.499538       0.499468       0.499388       0.499295       0.499188       0.499065       0.498924       0.498761       0.498574       0.498358       0.498111       0.497826       0.497499       0.497123       0.496693       0.496199       0.495634       0.494989       0.494254       0.493418       0.492472       0.491406       0.490213       0.488889       0.487435       0.485864       0.484198       0.482483       0.480789       0.479216       0.477897       0.476994       0.476666       0.477024       0.478059       0.479569       0.481123       0.482115       0.481900       0.479994       0.476322       0.471509       0.467314       0.467314
       0.467314       0.467314       0.471509       0.476322       0.479994       0.481900       0.482115       0.481123       0.479569       0.478059       0.477024       0.476666       0.476994       0.477897       0.479216       0.480789       0.482483       0.484198       0.485864       0.487435       0.488889       0.490213       0.491406       0.492472       0.493418       0.494254       0.494989       0.495634       0.496199       0.496693       0.497123       0.497499       0.497826       0.498111       0.498358       0.498574       0.498761       0.498924       0.499065       0.499188       0.499295       0.499388       0.499468       0.499538       0.499599       0.499652       0.499697       0.499737       0.499772       0.499802       0.499828       0.499850       0.499870       0.499887       0.499902       0.499915       0.499926       0.499935       0.499944       0.499951       0.499957       0.499963       0.499968       0.499972       0.499975       0.499978       0.499981       0.499983       0.499985       0.499987       0.499989       0.499990       0.499991       0.499992       0.499993       0.499993       0.499994       0.499994       0.499994       0.499994       0.499995       0.499994       0.499994       0.499994       0.499994       0.499993       0.499993       0.499992       0.499991       0.499990       0.499989       0.499987       0.499985       0.499983       0.499981       0.499978       0.499975       0.499972       0.499968       0.499963       0.499957       0.499951       0.499944       0.499935       0.499926       0.499915       0.499902       0.499887       0.499870       0.499850       0.499828       0.499802       0.499772       0.499737       0.499697       0.499652       0.499599       0.499538       0.499468       0.499388       0.499295       0.499188       0.499065       0.498924       0.498761       0.498574       0.498358       0.498111       0.497826       0.497499       0.497123       0.496693       0.496199       0.495634       0.494989       0.494254       0.493418       0.492472       0.491406       0.490213       0.488889       0.487435       0.485864       0.484198       0.482483       0.480789       0.479216       0.477897       0.476994       0.476666       0.477024       0.478059       0.479569       0.481123       0.482115       0.481900       0.479994       0.476322       0.471509       0.467314       0.467314
       0.467314       0.467314       0.471509       0.476322       0.479994       0.481900       0.482115       0.481123       0.479569       0.478059       0.477024       0.476666       0.476994       0.477897       0.479216       0.480789       0.482483       0.484198       0.485864       0.487435       0.488889       0.490213       0.491406       0.492472       0.493418       0.494254       0.494989       0.495634       0.496199       0.496693       0.497123       0.497499       0.497826       0.498111       0.498358       0.498574       0.498761       0.498924       0.499065       0.499188       0.499295       0.499388       0.499468       0.499538       0.499599       0.499652       0.499697       0.499737       0.499772       0.499802       0.499828       0.499850       0.499870       0.499887       0.499902       0.499915       0.499926       0.499935       0.499944       0.499951       0.499957       0.499963       0.499968       0.499972       0.499975       0.499978       0.499981       0.499983       0.499985       0.499987       0.499989       0.499990       0.499991       0.499992       0.499993       0.499993       0.499994       0.499994       0.499994       0.499994       0.499994       0.499994       0.499994       0.499994       0.499994       0.499993       0.499993       0.499992       0.499991       0.499990       0.499989       0.499987       0.499985       0.499983       0.499981       0.499978       0.499975       0.499972       0.499968       0.499963       0.499957       0.499951       0.499944       0.499935       0.499926       0.499915       0.499902       0.499887       0.499870       0.499850       0.499828       0.499802       0.499772       0.499737       0.499697       0.499652       0.499599       0.499538       0.499468       0.499388       0.499295       0.499188       0.499065       0.498924       0.498761       0.498574       0.498358       0.498111       0.497826       0.497499       0.497123       0.496693       0.496199       0.495634       0.494989       0.494254       0.493418       0.492472       0.491406       0.490213       0.488889       0.487435       0.485864       0.484198       0.482483       0.480789       0.479216       0.477897       0.476994       0.476666       0.477024       0.478059       0.479569       0.481123       0.482115       0.481900       0.479994       0.476322       0.471509       0.467314       0.467314
       0.467314       0.467314       0.471509       0.476322       0.479994       0.481900       0.482115       0.481123       0.479569       0.478059       0.477024       0.476666       0.476994       0.477897       0.479216       0.480789       0.482483       0.484198       0.485864       0.487435       0.488889       0.490213       0.491406       0.492472       0.493418       0.494254       0.494989       0.495634       0.496199       0.496693       0.497123       0.497499       0.497826       0.498111       0.498358       0.498574       0.498761       0.498924       0.499065       0.499188       0.499295       0.499388       0.499468       0.499538       0.499599       0.499651       0.499697       0.499737       0.499772       0.499802       0.499828       0.499850       0.499870       0.499887       0.499902       0.499915       0.499926       0.499935       0.499944       0.499951       0.499957       0.499963       0.499968       0.499972       0.499975       0.499978       0.499981       0.499983       0.499985       0.499987       0.499989       0.499990       0.499991       0.499992       0.499993       0.499993       0.499994       0.499994       0.499994       0.499994       0.499994       0.499994       0.499994       0.499994       0.499994       0.499993       0.499993       0.499992       0.499991       0.499990       0.499989       0.499987       0.499985       0.499983       0.499981       0.499978       0.499975       0.499972       0.499968       0.499963       0.499957       0.499951       0.499944       0.499935       0.499926       0.499915       0.499902       0.499887       0.499870       0.499850       0.499828       0.499802       0.499772       0.499737       0.499697       0.499651       0.499599       0.499538       0.499468       0.499388       0.499295       0.499188       0.499065       0.498924       0.498761       0.498574       0.498358       0.498111       0.497826       0.497499       0.497123       0.496693       0.496199       0.495634       0.494989       0.494254       0.493418       0.492472       0.491406       0.490213       0.488889       0.487435       0.485864       0.484198       0.482483       0.480789       0.479216       0.477897       0.476994       0.476666       0.477024       0.478059       0.479569       0.481123       0.482115       0.481900       0.479994       0.476322       0.471509       0.467314       0.467314
       0.467314       0.467314       0.471509       0.476322       0.479994       0.481900       0.482115       0.481123       0.479569       0.478059       0.477024       0.476666       0.476994       0.477897       0.479216       0.480789       0.482483       0.484198       0.485864       0.487435       0.488889       0.490213       0.491406       0.492472       0.493418       0.494254       0.494989       0.495634       0.496199       0.496693       0.497123       0.497499       0.497826       0.498111       0.498358       0.498574       0.498761       0.498924       0.499065       0.499188       0.499295       0.499387       0.499468       0.499538       0.499599       0.499651       0.499697       0.499737       0.499771       0.499801       0.499828       0.499850       0.499870       0.499887       0.499902       0.499914       0.499926       0.499935       0.499944       0.499951       0.499957       0.499963       0.499968       0.499972       0.499975       0.499978       0.499981       0.499983       0.499985       0.499987       0.499989       0.499990       0.499991       0.499992       0.499993       0.499993       0.499994       0.499994       0.499994       0.499994       0.499994       0.499994       0.499994       0.499994       0.499994       0.499993       0.499993       0.499992       0.499991       0.499990       0.499989       0.499987       0.499985       0.499983       0.499981       0.499978       0.499975       0.499972       0.499968       0.499963       0.499957       0.499951       0.499944       0.499935       0.499926       0.499914       0.499902       0.499887       0.499870       0.499850       0.499828       0.499801       0.499771       0.499737       0.499697       0.499651       0.499599       0.499538       0.499468       0.499387       0.499295       0.499188       0.499065       0.498924       0.498761       0.498574       0.498358       0.498111       0.497826       0.497499       0.497123       0.496693       0.496199       0.495634       0.494989       0.494254       0.493418       0.492472       0.491406       0.490213       0.488889       0.487435       0.485864       0.484198       0.482483       0.480789       0.479216       0.477897       0.476994       0.476666       0.477024       0.478059       0.479569       0.481123       0.482115       0.481900       0.479994       0.476322       0.471509       0.467314       0.467314
       0.467314       0.467314       0.471509       0.476322       0.479994       0.481900       0.482115       0.481123       0.479569       0.478059       0.477024       0.476666       0.476994       0.477897       0.479216       0.480789       0.482483       0.484198       0.485863       0.487435       0.488889       0.490213       0.491406       0.492472       0.493418       0.494254       0.494989       0.495634       0.496199       0.496693       0.497123       0.497499       0.497826       0.498111       0.498358       0.498574       0.498761       0.498924       0.499065       0.499188       0.499295       0.499387       0.499468       0.499538       0.499599       0.499651       0.499697       0.499737       0.499771       0.499801       0.499827       0.499850       0.499870       0.499887       0.499902       0.499914       0.499926       0.499935       0.499944       0.499951       0.499957       0.499963       0.499968       0.499972       0.499975       0.499978       0.499981       0.499983       0.499985       0.499987       0.499988       0.499990       0.499991       0.499992       0.499992       0.499993       0.499994       0.499994       0.499994       0.499994       0.499994       0.499994       0.499994       0.499994       0.499994       0.499993       0.499992       0.499992       0.499991       0.499990       0.499988       0.499987       0.499985       0.499983       0.499981       0.499978       0.499975       0.499972       0.499968       0.499963       0.499957       0.499951       0.499944       0.499935       0.499926       0.499914       0.499902       0.499887       0.499870       0.499850       0.499827       0.499801       0.499771       0.499737       0.499697       0.499651       0.499599       0.499538       0.499468       0.499387       0.499295       0.499188       0.499065       0.498924       0.498761       0.498574       0.498358       0.498111       0.497826       0.497499       0.497123       0.496693       0.496199       0.495634       0.494989       0.494254       0.493418       0.492472       0.491406       0.490213       0.488889       0.487435       0.485863       0.484198       0.482483       0.480789       0.479216       0.477897       0.476994       0.476666       0.477024       0.478059       0.479569       0.481123       0.482115       0.481900       0.479994       0.476322       0.471509       0.467314       0.467314
       0.467314       0.467314       0.471509       0.476322       0.479994       0.481900       0.482115       0.481123       0.479569       0.478059       0.477024       0.476666       0.476994       0.477897       0.479216       0.480789       0.482483       0.484198       0.485863       0.487435       0.488889       0.490213       0.491406       0.492472       0.493418       0.494253       0.494989       0.495634       0.496199       0.496692       0.497123       0.497499       0.497826       0.498110       0.498358       0.498574       0.498761       0.498924       0.499065       0.499188       0.499295       0.499387       0.499468       0.499538       0.499598       0.499651       0.499697       0.499737       0.499771       0.499801       0.499827       0.499850       0.499870       0.499887       0.499901       0.499914       0.499925       0.499935       0.499944       0.499951       0.499957       0.499963       0.499967       0.499972       0.499975       0.499978       0.499981       0.499983       0.499985       0.499987       0.499988       0.499990       0.499991       0.499992       0.499992       0.499993       0.499993       0.499994       0.499994       0.499994       0.499994       0.499994       0.499994       0.499994       0.499993       0.499993       0.499992       0.499992       0.499991       0.499990       0.499988       0.499987       0.499985       0.499983       0.499981       0.499978       0.499975       0.499972       0.499967       0.499963       0.499957       0.499951       0.499944       0.499935       0.499925       0.499914       0.499901       0.499887       0.499870       0.499850       0.499827       0.499801       0.499771       0.499737       0.499697       0.499651       0.499598       0.499538       0.499468       0.499387       0.499295       0.499188       0.499065       0.498924       0.498761       0.498574       0.498358       0.498110       0.497826       0.497499       0.497123       0.496692       0.496199       0.495634       0.494989       0.494253       0.493418       0.492472       0.491406       0.490213       0.488889       0.487435       0.485863       0.484198       0.482483       0.480789       0.479216       0.477897       0.476994       0.476666       0.477024       0.478059       0.479569       0.481123       0.482115       0.481900       0.479994       0.476322       0.471509       0.467314       0.467314
       0.467314       0.467314       0.471509       0.476322       0.479994       0.481900       0.482115       0.481123       0.479569       0.478059       0.477024       0.476666       0.476994       0.477897       0.479216       0.480789       0.482483       0.484198       0.485863       0.487435       0.488889       0.490213       0.491406       0.492472       0.493418       0.494253       0.494989       0.495634       0.496199       0.496692       0.497123       0.497499       0.497826       0.498110       0.498358       0.498573       0.498761       0.498923       0.499065       0.499188       0.499294       0.499387       0.499468       0.499538       0.499598       0.499651       0.499697       0.499737       0.499771       0.499801       0.499827       0.499850       0.499869       0.499887       0.499901       0.499914       0.499925       0.499935       0.499943       0.499951       0.499957       0.499963       0.499967       0.499971       0.499975       0.499978       0.499981       0.499983       0.499985       0.499987       0.499988       0.499990       0.499991       0.499992       0.499992       0.499993       0.499993       0.499994       0.499994       0.499994       0.499994       0.499994       0.499994       0.499994       0.499993       0.499993       0.499992       0.499992       0.499991       0.499990       0.499988       0.499987       0.499985       0.499983       0.499981       0.499978       0.499975       0.499971       0.499967       0.499963       0.499957       0.499951       0.499943       0.499935       0.499925       0.499914       0.499901       0.499887       0.499869       0.499850       0.499827       0.499801       0.499771       0.499737       0.499697       0.499651       0.499598       0.499538       0.499468       0.499387       0.499294       0.499188       0.499065       0.498923       0.498761       0.498573       0.498358       0.498110       0.497826       0.497499       0.497123       0.496692       0.496199       0.495634       0.494989       0.494253       0.493418       0.492472       0.491406       0.490213       0.488889       0.487435       0.485863       0.484198       0.482483       0.480789       0.479216       0.477897       0.476994       0.476666       0.477024       0.478059       0.479569       0.481123       0.482115       0.481900       0.479994       0.476322       0.471509       0.467314       0.467314
       0.467314       0.467314       0.471509       0.476322       0.479994       0.481900       0.482115       0.481123       0.479569       0.478059       0.477024       0.476665       0.476994       0.477897       0.479215       0.480789       0.482483       0.484198       0.485863       0.487435       0.488889       0.490213       0.491406       0.492472       0.493418       0.494253       0.494989       0.495634       0.496199       0.496692       0.497123       0.497498       0.497826       0.498110       0.498358       0.498573       0.498761       0.498923       0.499065       0.499188       0.499294       0.499387       0.499468       0.499537       0.499598       0.499651       0.499697       0.499737       0.499771       0.499801       0.499827       0.499850       0.499869       0.499886       0.499901       0.499914       0.499925       0.499935       0.499943       0.499951       0.499957       0.499962       0.499967       0.499971       0.499975       0.499978       0.499981       0.499983       0.499985       0.499987       0.499988       0.499989       0.499991       0.499991       0.499992       0.499993       0.499993       0.499994       0.499994       0.499994       0.499994       0.499994       0.499994       0.499994       0.499993       0.499993       0.499992       0.499991       0.499991       0.499989       0.499988       0.499987       0.499985       0.499983       0.499981       0.499978       0.499975       0.499971       0.499967       0.499962       0.499957       0.499951       0.499943       0.499935       0.499925       0.499914       0.499901       0.499886       0.499869       0.499850       0.499827       0.499801       0.499771       0.499737       0.499697       0.499651       0.499598       0.499537       0.499468       0.499387       0.499294       0.499188       0.499065       0.498923       0.498761       0.498573       0.498358       0.498110       0.497826       0.497498       0.497123       0.496692       0.496199       0.495634       0.494989       0.494253       0.493418       0.492472       0.491406       0.490213       0.488889       0.487435       0.485863       0.484198       0.482483       0.480789       0.479215       0.477897       0.476994       0.476665       0.477024       0.478059       0.479569       0.481123       0.482115       0.481900       0.479994       0.476322       0.471509       0.467314       0.467314
       0.467314       0.467314       0.471509       0.476322       0.479994       0.481900       0.482115       0.481123       0.479569       0.478059       0.477024       0.476665       0.476994       0.477897       0.479215       0.480789       0.482483       0.484198       0.485863       0.487435       0.488889       0.490213       0.491406       0.492472       0.493418       0.494253       0.494988       0.495634       0.496198       0.496692       0.497123       0.497498       0.497825       0.498110       0.498358       0.498573       0.498760       0.498923       0.499065       0.499187       0.499294       0.499387       0.499467       0.499537       0.499598       0.499651       0.499697       0.499736       0.499771       0.499801       0.499827       0.499850       0.499869       0.499886       0.499901       0.499914       0.499925       0.499935       0.499943       0.499950       0.499957       0.499962       0.499967       0.499971       0.499975       0.499978       0.499981       0.499983       0.499985       0.499987       0.499988       0.499989       0.499990       0.499991       0.499992       0.499993       0.499993       0.499994       0.499994       0.499994       0.499994       0.499994       0.499994       0.499994       0.499993       0.499993       0.499992       0.499991       0.499990       0.499989       0.499988       0.499987       0.499985       0.499983       0.499981       0.499978       0.499975       0.499971       0.499967       0.499962       0.499957       0.499950       0.499943       0.499935       0.499925       0.499914       0.499901       0.499886       0.499869       0.499850       0.499827       0.499801       0.499771       0.499736       0.499697       0.499651       0.499598       0.499537       0.499467       0.499387       0.499294       0.499187       0.499065       0.498923       0.498760       0.498573       0.498358       0.498110       0.497825       0.497498       0.497123       0.496692       0.496198       0.495634       0.494988       0.494253       0.493418       0.492472       0.491406       0.490213       0.488889       0.487435       0.485863       0.484198       0.482483       0.480789       0.479215       0.477897       0.476994       0.476665       0.477024       0.478059       0.479569       0.481123       0.482115       0.481900       0.479994       0.476322       0.471509       0.467314       0.467314
       0.467314       0.467314       0.471509       0.476322       0.479994       0.481900       0.482115       0.481123       0.479569       0.478059       0.477024       0.476665       0.476994       0.477897       0.479215       0.480789       0.482483       0.484198       0.485863       0.487435       0.488889       0.490213       0.491406       0.492471       0.493417       0.494253       0.494988       0.495633       0.496198       0.496692       0.497123       0.497498       0.497825       0.498110       0.498358       0.498573       0.498760       0.498923       0.499064       0.499187       0.499294       0.499387       0.499467       0.499537       0.499598       0.499651       0.499696       0.499736       0.499771       0.499801       0.499827       0.499849       0.499869       0.499886       0.499901       0.499914       0.499925       0.499935       0.499943       0.499950       0.499957       0.499962       0.499967       0.499971       0.499975       0.499978       0.499980       0.499983       0.499985       0.499986       0.499988       0.499989       0.499990       0.499991       0.499992       0.499993       0.499993       0.499993       0.499994       0.499994       0.499994       0.499994       0.499994       0.499993       0.499993       0.499993       0.499992       0.499991       0.499990       0.499989       0.499988       0.499986       0.499985       0.499983       0.499980       0.499978       0.499975       0.499971       0.499967       0.499962       0.499957       0.499950       0.499943       0.499935       0.499925       0.499914       0.499901       0.499886       0.499869       0.499849       0.499827       0.499801       0.499771       0.499736       0.499696       0.499651       0.499598       0.499537       0.499467       0.499387       0.499294       0.499187       0.499064       0.498923       0.498760       0.498573       0.498358       0.498110       0.497825       0.497498       0.497123       0.496692       0.496198       0.495633       0.494988       0.494253       0.493417       0.492471       0.491406       0.490213       0.488889       0.487435       0.485863       0.484198       0.482483       0.480789       0.479215       0.477897       0.476994       0.476665       0.477024       0.478059       0.479569       0.481123       0.482115       0.481900       0.479994       0.476322       0.471509       0.467314       0.467314
       0.467314       0.467314       0.471509       0.476322       0.479994       0.481900       0.482115       0.481123       0.479569       0.478059       0.477024       0.476665       0.476994       0.477897       0.479215       0.480789       0.482483       0.484198       0.485863       0.487435       0.488888       0.490213       0.491406       0.492471       0.493417       0.494253       0.494988       0.495633       0.496198       0.496692       0.497122       0.497498       0.497825       0.498110       0.498357       0.498573       0.498760       0.498923       0.499064       0.499187       0.499294       0.499386       0.499467       0.499537       0.499598       0.499650       0.499696       0.499736       0.499770       0.499800       0.499826       0.499849       0.499869       0.499886       0.499901       0.499913       0.499925       0.499934       0.499943       0.499950       0.499956       0.499962       0.499967       0.499971       0.499974       0.499978       0.499980       0.499983       0.499985       0.499986       0.499988       0.499989       0.499990       0.499991       0.499992       0.499992       0.499993       0.499993       0.499994       0.499994       0.499994       0.499994       0.499994       0.499993       0.499993       0.499992       0.499992       0.499991       0.499990       0.499989       0.499988       0.499986       0.499985       0.499983       0.499980       0.499978       0.499974       0.499971       0.499967       0.499962       0.499956       0.499950       0.499943       0.499934       0.499925       0.499913       0.499901       0.499886       0.499869       0.499849       0.499826       0.499800       0.499770       0.499736       0.499696       0.499650       0.499598       0.499537       0.499467       0.499386       0.499294       0.499187       0.499064       0.498923       0.498760       0.498573       0.498357       0.498110       0.497825       0.497498       0.497122       0.496692       0.496198       0.495633       0.494988       0.494253       0.493417       0.492471       0.491406       0.490213       0.488888       0.487435       0.485863       0.484198       0.482483       0.480789       0.479215       0.477897       0.476994       0.476665       0.477024       0.478059       0.479569       0.481123       0.482115       0.481900       0.479994       0.476322       0.471509       0.467314       0.467314
       0.467314       0.467314       0.471509       0.476322       0.479994       0.481900       0.482115       0.481123       0.479569       0.478059       0.477024       0.476665       0.476994       0.477897       0.479215       0.480789       0.482483       0.484198       0.485863       0.487435       0.488888       0.490212       0.491405       0.492471       0.493417       0.494253       0.494988       0.495633       0.496198       0.496691       0.497122       0.497498       0.497825       0.498109       0.498357       0.498572       0.498760       0.498922       0.499064       0.499187       0.499293       0.499386       0.499467       0.499537       0.499597       0.499650       0.499696       0.499736       0.499770       0.499800       0.499826       0.499849       0.499868       0.499886       0.499900       0.499913       0.499924       0.499934       0.499942       0.499950       0.499956       0.499962       0.499966       0.499971       0.499974       0.499977       0.499980       0.499982       0.499984       0.499986       0.499988       0.499989       0.499990       0.499991       0.499992       0.499992       0.499993       0.499993       0.499993       0.499993       0.499994       0.499993       0.499993       0.499993       0.499993       0.499992       0.499992       0.499991       0.499990       0.499989       0.499988       0.499986       0.499984       0.499982       0.499980       0.499977       0.499974       0.499971       0.499966       0.499962       0.499956       0.499950       0.499942       0.499934       0.499924       0.499913       0.499900       0.499886       0.499868       0.499849       0.499826       0.499800       0.499770       0.499736       0.499696       0.499650       0.499597       0.499537       0.499467       0.499386       0.499293       0.499187       0.499064       0.498922       0.498760       0.498572       0.498357       0.498109       0.497825       0.497498       0.497122       0.496691       0.496198       0.495633       0.494988       0.494253       0.493417       0.492471       0.491405       0.490212       0.488888       0.487435       0.485863       0.484198       0.482483       0.480789       0.479215       0.477897       0.476994       0.476665       0.477024       0.478059       0.479569       0.481123       0.482115       0.481900       0.479994       0.476322       0.471509       0.467314       0.467314
       0.467314       0.467314       0.471509       0.476322       0.479994       0.481900       0.482115       0.481123       0.479569       0.478059       0.477024       0.476665       0.476994       0.477897       0.479215       0.480788       0.482483       0.484198       0.485863       0.487435       0.488888       0.490212       0.491405       0.492471       0.493417       0.494252       0.494988       0.495633       0.496198       0.496691       0.497122       0.497497       0.497824       0.498109       0.498357       0.498572       0.498759       0.498922       0.499063       0.499186       0.499293       0.499386       0.499466       0.499536       0.499597       0.499650       0.499695       0.499735       0.499770       0.499800       0.499826       0.499848       0.499868       0.499885       0.499900       0.499913       0.499924       0.499934       0.499942       0.499950       0.499956       0.499961       0.499966       0.499970       0.499974       0.499977       0.499980       0.499982       0.499984       0.499986       0.499987       0.499989       0.499990       0.499991       0.499991       0.499992       0.499992       0.499993       0.499993       0.499993       0.499993       0.499993       0.499993       0.499993       0.499992       0.499992       0.499991       0.499991       0.499990       0.499989       0.499987       0.499986       0.499984       0.499982       0.499980       0.499977       0.499974       0.499970       0.499966       0.499961       0.499956       0.499950       0.499942       0.499934       0.499924       0.499913       0.499900       0.499885       0.499868       0.499848       0.499826       0.499800       0.499770       0.499735       0.499695       0.499650       0.499597       0.499536       0.499466       0.499386       0.499293       0.499186       0.499063       0.498922       0.498759       0.498572       0.498357       0.498109       0.497824       0.497497       0.497122       0.496691       0.496198       0.495633       0.494988       0.494252       0.493417       0.492471       0.491405       0.490212       0.488888       0.487435       0.485863       0.484198       0.482483       0.480788       0.479215       0.477897       0.476994       0.476665       0.477024       0.478059       0.479569       0.481123       0.482115       0.481900       0.479994       0.476322       0.471509       0.467314       0.467314
       0.467314       0.467314       0.471509       0.476322       0.479994       0.481900       0.482115       0.481123       0.479569       0.478059       0.477024       0.476665       0.476994       0.477897       0.479215       0.480788       0.482483       0.484197       0.485863       0.487434       0.488888       0.490212       0.491405       0.492471       0.493417       0.494252       0.494987       0.495633       0.496197       0.496691       0.497122       0.497497       0.497824       0.498109       0.498356       0.498572       0.498759       0.498922       0.499063       0.499186       0.499293       0.499385       0.499466       0.499536       0.499597       0.499649       0.499695       0.499735       0.499769       0.499799       0.499825       0.499848       0.499868       0.499885       0.499900       0.499913       0.499924       0.499933       0.499942       0.499949       0.499956       0.499961       0.499966       0.499970       0.499974       0.499977       0.499979       0.499982       0.499984       0.499986       0.499987       0.499988       0.499989       0.499990       0.499991       0.499992       0.499992       0.499993       0.499993       0.499993       0.499993       0.499993       0.499993       0.499993       0.499992       0.499992       0.499991       0.499990       0.499989       0.499988       0.499987       0.499986       0.499984       0.499982       0.499979       0.499977       0.499974       0.499970       0.499966       0.499961       0.499956       0.499949       0.499942       0.499933       0.499924       0.499913       0.499900       0.499885       0.499868       0.499848       0.499825       0.499799       0.499769       0.499735       0.499695       0.499649       0.499597       0.499536       0.499466       0.499385       0.499293       0.499186       0.499063       0.498922       0.498759       0.498572       0.498356       0.498109       0.497824       0.497497       0.497122       0.496691       0.496197       0.495633       0.494987       0.494252       0.493417       0.492471       0.491405       0.490212       0.488888       0.487434       0.485863       0.484197       0.482483       0.480788       0.479215       0.477897       0.476994       0.476665       0.477024       0.478059       0.479569       0.481123       0.482115       0.481900       0.479994       0.476322       0.471509       0.467314       0.467314
       0.467314       0.467314       0.471509       0.476322       0.479994       0.481900       0.482115       0.481123       0.479569       0.478059       0.477023       0.476665       0.476994       0.477897       0.479215       0.480788       0.482483       0.484197       0.485862       0.487434       0.488888       0.490212       0.491405       0.492470       0.493416       0.494252       0.494987       0.495632       0.496197       0.496690       0.497121       0.497497       0.497824       0.498108       0.498356       0.498571       0.498759       0.498921       0.499063       0.499185       0.499292       0.499385       0.499465       0.499535       0.499596       0.499649       0.499695       0.499734       0.499769       0.499799       0.499825       0.499848       0.499867       0.499884       0.499899       0.499912       0.499923       0.499933       0.499941       0.499949       0.499955       0.499961       0.499966       0.499970       0.499973       0.499976       0.499979       0.499982       0.499984       0.499985       0.499987       0.499988       0.499989       0.499990       0.499991       0.499991       0.499992       0.499992       0.499993       0.499993       0.499993       0.499993       0.499993       0.499992       0.499992       0.499991       0.499991       0.499990       0.499989       0.499988       0.499987       0.499985       0.499984       0.499982       0.499979       0.499976       0.499973       0.499970       0.499966       0.499961       0.499955       0.499949       0.499941       0.499933       0.499923       0.499912       0.499899       0.499884       0.499867       0.499848       0.499825       0.499799       0.499769       0.499734       0.499695       0.499649       0.499596       0.499535       0.499465       0.499385       0.499292       0.499185       0.499063       0.498921       0.498759       0.498571       0.498356       0.498108       0.497824       0.497497       0.497121       0.496690       0.496197       0.495632       0.494987       0.494252       0.493416       0.492470       0.491405       0.490212       0.488888       0.487434       0.485862       0.484197       0.482483       0.480788       0.479215       0.477897       0.476994       0.476665       0.477023       0.478059       0.479569       0.481123       0.482115       0.481900       0.479994       0.476322       0.471509       0.467314       0.467314
       0.467314       0.467314       0.471509       0.476322       0.479994       0.481900       0.482115       0.481123       0.479569       0.478059       0.477023       0.476665       0.476994       0.477897       0.479215       0.480788       0.482482       0.484197       0.485862       0.487434       0.488887       0.490211       0.491404       0.492470       0.493416       0.494251       0.494987       0.495632       0.496197       0.496690       0.497121       0.497496       0.497823       0.498108       0.498355       0.498571       0.498758       0.498921       0.499062       0.499185       0.499292       0.499384       0.499465       0.499535       0.499596       0.499648       0.499694       0.499734       0.499768       0.499798       0.499825       0.499847       0.499867       0.499884       0.499899       0.499912       0.499923       0.499933       0.499941       0.499948       0.499955       0.499960       0.499965       0.499969       0.499973       0.499976       0.499979       0.499981       0.499983       0.499985       0.499986       0.499988       0.499989       0.499990       0.499991       0.499991       0.499992       0.499992       0.499992       0.499992       0.499992       0.499992       0.499992       0.499992       0.499992       0.499991       0.499991       0.499990       0.499989       0.499988       0.499986       0.499985       0.499983       0.499981       0.499979       0.499976       0.499973       0.499969       0.499965       0.499960       0.499955       0.499948       0.499941       0.499933       0.499923       0.499912       0.499899       0.499884       0.499867       0.499847       0.499825       0.499798       0.499768       0.499734       0.499694       0.499648       0.499596       0.499535       0.499465       0.499384       0.499292       0.499185       0.499062       0.498921       0.498758       0.498571       0.498355       0.498108       0.497823       0.497496       0.497121       0.496690       0.496197       0.495632       0.494987       0.494251       0.493416       0.492470       0.491404       0.490211       0.488887       0.487434       0.485862       0.484197       0.482482       0.480788       0.479215       0.477897       0.476994       0.476665       0.477023       0.478059       0.479569       0.481123       0.482115       0.481900       0.479994       0.476322       0.471509       0.467314       0.467314
       0.467314       0.467314       0.471509       0.476322       0.479994       0.481900       0.482115       0.481123       0.479569       0.478059       0.477023       0.476665       0.476993       0.477897       0.479215       0.480788       0.482482       0.484197       0.485862       0.487434       0.488887       0.490211       0.491404       0.492470       0.493415       0.494251       0.494986       0.495631       0.496196       0.496690       0.497120       0.497496       0.497823       0.498107       0.498355       0.498570       0.498757       0.498920       0.499062       0.499184       0.499291       0.499384       0.499464       0.499534       0.499595       0.499648       0.499694       0.499733       0.499768       0.499798       0.499824       0.499847       0.499866       0.499883       0.499898       0.499911       0.499922       0.499932       0.499941       0.499948       0.499954       0.499960       0.499965       0.499969       0.499972       0.499976       0.499978       0.499981       0.499983       0.499985       0.499986       0.499987       0.499988       0.499989       0.499990       0.499991       0.499991       0.499992       0.499992       0.499992       0.499992       0.499992       0.499992       0.499992       0.499991       0.499991       0.499990       0.499989       0.499988       0.499987       0.499986       0.499985       0.499983       0.499981       0.499978       0.499976       0.499972       0.499969       0.499965       0.499960       0.499954       0.499948       0.499941       0.499932       0.499922       0.499911       0.499898       0.499883       0.499866       0.499847       0.499824       0.499798       0.499768       0.499733       0.499694       0.499648       0.499595       0.499534       0.499464       0.499384       0.499291       0.499184       0.499062       0.498920       0.498757       0.498570       0.498355       0.498107       0.497823       0.497496       0.497120       0.496690       0.496196       0.495631       0.494986       0.494251       0.493415       0.492470       0.491404       0.490211       0.488887       0.487434       0.485862       0.484197       0.482482       0.480788       0.479215       0.477897       0.476993       0.476665       0.477023       0.478059       0.479569       0.481123       0.482115       0.481900       0.479994       0.476322       0.471509       0.467314       0.467314
       0.467314       0.467314       0.471509       0.476322       0.479994       0.481900       0.482115       0.481123       0.479569       0.478059       0.477023       0.476665       0.476993       0.477897       0.479215       0.480788       0.482482       0.484197       0.485862       0.487433       0.488887       0.490211       0.491404       0.492469       0.493415       0.494250       0.494986       0.495631       0.496195       0.496689       0.497120       0.497495       0.497822       0.498107       0.498354       0.498570       0.498757       0.498919       0.499061       0.499184       0.499290       0.499383       0.499464       0.499533       0.499594       0.499647       0.499693       0.499733       0.499767       0.499797       0.499823       0.499846       0.499866       0.499883       0.499898       0.499910       0.499922       0.499931       0.499940       0.499947       0.499954       0.499959       0.499964       0.499968       0.499972       0.499975       0.499978       0.499980       0.499982       0.499984       0.499986       0.499987       0.499988       0.499989       0.499990       0.499990       0.499991       0.499991       0.499991       0.499992       0.499992       0.499992       0.499991       0.499991       0.499991       0.499990       0.499990       0.499989       0.499988       0.499987       0.499986       0.499984       0.499982       0.499980       0.499978       0.499975       0.499972       0.499968       0.499964       0.499959       0.499954       0.499947       0.499940       0.499931       0.499922       0.499910       0.499898       0.499883       0.499866       0.499846       0.499823       0.499797       0.499767       0.499733       0.499693       0.499647       0.499594       0.499533       0.499464       0.499383       0.499290       0.499184       0.499061       0.498919       0.498757       0.498570       0.498354       0.498107       0.497822       0.497495       0.497120       0.496689       0.496195       0.495631       0.494986       0.494250       0.493415       0.492469       0.491404       0.490211       0.488887       0.487433       0.485862       0.484197       0.482482       0.480788       0.479215       0.477897       0.476993       0.476665       0.477023       0.478059       0.479569       0.481123       0.482115       0.481900       0.479994       0.476322       0.471509       0.467314       0.467314
       0.467314       0.467314       0.471509       0.476322       0.479994       0.481900       0.482115       0.481123       0.479569       0.478059       0.477023       0.476665       0.476993       0.477896       0.479214       0.480787       0.482482       0.484196       0.485861       0.487433       0.488886       0.490210       0.491403       0.492469       0.493414       0.494250       0.494985       0.495630       0.496195       0.496688       0.497119       0.497494       0.497821       0.498106       0.498353       0.498569       0.498756       0.498919       0.499060       0.499183       0.499290       0.499382       0.499463       0.499533       0.499593       0.499646       0.499692       0.499732       0.499766       0.499796       0.499822       0.499845       0.499865       0.499882       0.499897       0.499910       0.499921       0.499931       0.499939       0.499947       0.499953       0.499959       0.499963       0.499968       0.499971       0.499975       0.499977       0.499980       0.499982       0.499984       0.499985       0.499986       0.499987       0.499988       0.499989       0.499990       0.499990       0.499991       0.499991       0.499991       0.499991       0.499991       0.499991       0.499991       0.499990       0.499990       0.499989       0.499988       0.499987       0.499986       0.499985       0.499984       0.499982       0.499980       0.499977       0.499975       0.499971       0.499968       0.499963       0.499959       0.499953       0.499947       0.499939       0.499931       0.499921       0.499910       0.499897       0.499882       0.499865       0.499845       0.499822       0.499796       0.499766       0.499732       0.499692       0.499646       0.499593       0.499533       0.499463       0.499382       0.499290       0.499183       0.499060       0.498919       0.498756       0.498569       0.498353       0.498106       0.497821       0.497494       0.497119       0.496688       0.496195       0.495630       0.494985       0.494250       0.493414       0.492469       0.491403       0.490210       0.488886       0.487433       0.485861       0.484196       0.482482       0.480787       0.479214       0.477896       0.476993       0.476665       0.477023       0.478059       0.479569       0.481123       0.482115       0.481900       0.479994       0.476322       0.471509       0.467314       0.467314
       0.467314       0.467314       0.471509       0.476322       0.479994       0.481900       0.482115       0.481123       0.479569       0.478059       0.477023       0.476665       0.476993       0.477896       0.479214       0.480787       0.482481       0.484196       0.485861       0.487433       0.488886       0.490210       0.491403       0.492468       0.493414       0.494249       0.494984       0.495629       0.496194       0.496687       0.497118       0.497493       0.497820       0.498105       0.498353       0.498568       0.498755       0.498918       0.499059       0.499182       0.499289       0.499381       0.499462       0.499532       0.499592       0.499645       0.499691       0.499731       0.499765       0.499795       0.499822       0.499844       0.499864       0.499881       0.499896       0.499909       0.499920       0.499930       0.499938       0.499946       0.499952       0.499958       0.499963       0.499967       0.499971       0.499974       0.499977       0.499979       0.499981       0.499983       0.499984       0.499986       0.499987       0.499988       0.499989       0.499989       0.499990       0.499990       0.499990       0.499991       0.499991       0.499991       0.499990       0.499990       0.499990       0.499989       0.499989       0.499988       0.499987       0.499986       0.499984       0.499983       0.499981       0.499979       0.499977       0.499974       0.499971       0.499967       0.499963       0.499958       0.499952       0.499946       0.499938       0.499930       0.499920       0.499909       0.499896       0.499881       0.499864       0.499844       0.499822       0.499795       0.499765       0.499731       0.499691       0.499645       0.499592       0.499532       0.499462       0.499381       0.499289       0.499182       0.499059       0.498918       0.498755       0.498568       0.498353       0.498105       0.497820       0.497493       0.497118       0.496687       0.496194       0.495629       0.494984       0.494249       0.493414       0.492468       0.491403       0.490210       0.488886       0.487433       0.485861       0.484196       0.482481       0.480787       0.479214       0.477896       0.476993       0.476665       0.477023       0.478059       0.479569       0.481123       0.482115       0.481900       0.479994       0.476322       0.471509       0.467314       0.467314
       0.467314       0.467314       0.471509       0.476322       0.479995       0.481900       0.482115       0.481123       0.479569       0.478059       0.477023       0.476665       0.476993       0.477896       0.479214       0.480787       0.482481       0.484196       0.485861       0.487432       0.488885       0.490209       0.491402       0.492467       0.493413       0.494248       0.494984       0.495629       0.496193       0.496687       0.497117       0.497492       0.497819       0.498104       0.498351       0.498567       0.498754       0.498917       0.499058       0.499181       0.499287       0.499380       0.499461       0.499531       0.499591       0.499644       0.499690       0.499730       0.499764       0.499794       0.499821       0.499843       0.499863       0.499880       0.499895       0.499908       0.499919       0.499929       0.499938       0.499945       0.499951       0.499957       0.499962       0.499966       0.499970       0.499973       0.499976       0.499978       0.499980       0.499982       0.499984       0.499985       0.499986       0.499987       0.499988       0.499989       0.499989       0.499990       0.499990       0.499990       0.499990       0.499990       0.499990       0.499990       0.499989       0.499989       0.499988       0.499987       0.499986       0.499985       0.499984       0.499982       0.499980       0.499978       0.499976       0.499973       0.499970       0.499966       0.499962       0.499957       0.499951       0.499945       0.499938       0.499929       0.499919       0.499908       0.499895       0.499880       0.499863       0.499843       0.499821       0.499794       0.499764       0.499730       0.499690       0.499644       0.499591       0.499531       0.499461       0.499380       0.499287       0.499181       0.499058       0.498917       0.498754       0.498567       0.498351       0.498104       0.497819       0.497492       0.497117       0.496687       0.496193       0.495629       0.494984       0.494248       0.493413       0.492467       0.491402       0.490209       0.488885       0.487432       0.485861       0.484196       0.482481       0.480787       0.479214       0.477896       0.476993       0.476665       0.477023       0.478059       0.479569       0.481123       0.482115       0.481900       0.479995       0.476322       0.471509       0.467314       0.467314
       0.467314       0.467314       0.471509       0.476322       0.479995       0.481900       0.482115       0.481123       0.479569       0.478059       0.477023       0.476664       0.476993       0.477896       0.479214       0.480787       0.482481       0.484195       0.485860       0.487431       0.488885       0.490208       0.491401       0.492467       0.493412       0.494248       0.494983       0.495628       0.496192       0.496685       0.497116       0.497491       0.497818       0.498103       0.498350       0.498566       0.498753       0.498915       0.499057       0.499179       0.499286       0.499379       0.499459       0.499529       0.499590       0.499643       0.499689       0.499728       0.499763       0.499793       0.499819       0.499842       0.499862       0.499879       0.499894       0.499907       0.499918       0.499928       0.499937       0.499944       0.499950       0.499956       0.499961       0.499965       0.499969       0.499972       0.499975       0.499977       0.499980       0.499981       0.499983       0.499984       0.499985       0.499986       0.499987       0.499988       0.499988       0.499989       0.499989       0.499989       0.499989       0.499989       0.499989       0.499989       0.499988       0.499988       0.499987       0.499986       0.499985       0.499984       0.499983       0.499981       0.499980       0.499977       0.499975       0.499972       0.499969       0.499965       0.499961       0.499956       0.499950       0.499944       0.499937       0.499928       0.499918       0.499907       0.499894       0.499879       0.499862       0.499842       0.499819       0.499793       0.499763       0.499728       0.499689       0.499643       0.499590       0.499529       0.499459       0.499379       0.499286       0.499179       0.499057       0.498915       0.498753       0.498566       0.498350       0.498103       0.497818       0.497491       0.497116       0.496685       0.496192       0.495628       0.494983       0.494248       0.493412       0.492467       0.491401       0.490208       0.488885       0.487431       0.485860       0.484195       0.482481       0.480787       0.479214       0.477896       0.476993       0.476664       0.477023       0.478059       0.479569       0.481123       0.482115       0.481900       0.479995       0.476322       0.471509       0.467314       0.467314
       0.467314       0.467314       0.471509       0.476322       0.479995       0.481900       0.482115       0.481123       0.479569       0.478059       0.477023       0.476664       0.476992       0.477895       0.479213       0.480786       0.482480       0.484194       0.485859       0.487431       0.488884       0.490208       0.491400       0.492466       0.493411       0.494246       0.494981       0.495626       0.496191       0.496684       0.497115       0.497490       0.497817       0.498101       0.498349       0.498564       0.498751       0.498914       0.499055       0.499178       0.499285       0.499377       0.499458       0.499528       0.499589       0.499641       0.499687       0.499727       0.499762       0.499792       0.499818       0.499841       0.499860       0.499878       0.499893       0.499906       0.499917       0.499927       0.499935       0.499943       0.499949       0.499955       0.499960       0.499964       0.499968       0.499971       0.499974       0.499976       0.499979       0.499980       0.499982       0.499983       0.499985       0.499986       0.499986       0.499987       0.499988       0.499988       0.499988       0.499988       0.499989       0.499988       0.499988       0.499988       0.499988       0.499987       0.499986       0.499986       0.499985       0.499983       0.499982       0.499980       0.499979       0.499976       0.499974       0.499971       0.499968       0.499964       0.499960       0.499955       0.499949       0.499943       0.499935       0.499927       0.499917       0.499906       0.499893       0.499878       0.499860       0.499841       0.499818       0.499792       0.499762       0.499727       0.499687       0.499641       0.499589       0.499528       0.499458       0.499377       0.499285       0.499178       0.499055       0.498914       0.498751       0.498564       0.498349       0.498101       0.497817       0.497490       0.497115       0.496684       0.496191       0.495626       0.494981       0.494246       0.493411       0.492466       0.491400       0.490208       0.488884       0.487431       0.485859       0.484194       0.482480       0.480786       0.479213       0.477895       0.476992       0.476664       0.477023       0.478059       0.479569       0.481123       0.482115       0.481900       0.479995       0.476322       0.471509       0.467314       0.467314
       0.467314       0.467314       0.471509       0.476322       0.479995       0.481900       0.482115       0.481123       0.479569       0.478058       0.477023       0.476664       0.476992       0.477895       0.479213       0.480786       0.482480       0.484194       0.485859       0.487430       0.488883       0.490207       0.491399       0.492464       0.493410       0.494245       0.494980       0.495625       0.496189       0.496683       0.497113       0.497488       0.497815       0.498100       0.498347       0.498562       0.498750       0.498912       0.499053       0.499176       0.499283       0.499376       0.499456       0.499526       0.499587       0.499640       0.499685       0.499725       0.499760       0.499790       0.499816       0.499839       0.499859       0.499876       0.499891       0.499904       0.499915       0.499925       0.499934       0.499941       0.499948       0.499954       0.499959       0.499963       0.499967       0.499970       0.499973       0.499975       0.499978       0.499979       0.499981       0.499982       0.499984       0.499985       0.499985       0.499986       0.499987       0.499987       0.499987       0.499988       0.499988       0.499988       0.499987       0.499987       0.499987       0.499986       0.499985       0.499985       0.499984       0.499982       0.499981       0.499979       0.499978       0.499975       0.499973       0.499970       0.499967       0.499963       0.499959       0.499954       0.499948       0.499941       0.499934       0.499925       0.499915       0.499904       0.499891       0.499876       0.499859       0.499839       0.499816       0.499790       0.499760       0.499725       0.499685       0.499640       0.499587       0.499526       0.499456       0.499376       0.499283       0.499176       0.499053       0.498912       0.498750       0.498562       0.498347       0.498100       0.497815       0.497488       0.497113       0.496683       0.496189       0.495625       0.494980       0.494245       0.493410       0.492464       0.491399       0.490207       0.488883       0.487430       0.485859       0.484194       0.482480       0.480786       0.479213       0.477895       0.476992       0.476664       0.477023       0.478058       0.479569       0.481123       0.482115       0.481900       0.479995       0.476322       0.471509       0.467314       0.467314
       0.467314       0.467314       0.471509       0.476322       0.479995       0.481900       0.482115       0.481123       0.479568       0.478058       0.477022       0.476664       0.476992       0.477895       0.479212       0.480785       0.482479       0.484193       0.485858       0.487429       0.488882       0.490206       0.491398       0.492463       0.493409       0.494244       0.494979       0.495623       0.496188       0.496681       0.497111       0.497487       0.497813       0.498098       0.498345       0.498560       0.498748       0.498910       0.499051       0.499174       0.499281       0.499374       0.499454       0.499524       0.499585       0.499638       0.499683       0.499723       0.499758       0.499788       0.499814       0.499837       0.499857       0.499874       0.499889       0.499902       0.499914       0.499924       0.499932       0.499940       0.499946       0.499952       0.499957       0.499962       0.499965       0.499969       0.499972       0.499974       0.499976       0.499978       0.499980       0.499981       0.499982       0.499983       0.499984       0.499985       0.499986       0.499986       0.499986       0.499986       0.499987       0.499986       0.499986       0.499986       0.499986       0.499985       0.499984       0.499983       0.499982       0.499981       0.499980       0.499978       0.499976       0.499974       0.499972       0.499969       0.499965       0.499962       0.499957       0.499952       0.499946       0.499940       0.499932       0.499924       0.499914       0.499902       0.499889       0.499874       0.499857       0.499837       0.499814       0.499788       0.499758       0.499723       0.499683       0.499638       0.499585       0.499524       0.499454       0.499374       0.499281       0.499174       0.499051       0.498910       0.498748       0.498560       0.498345       0.498098       0.497813       0.497487       0.497111       0.496681       0.496188       0.495623       0.494979       0.494244       0.493409       0.492463       0.491398       0.490206       0.488882       0.487429       0.485858       0.484193       0.482479       0.480785       0.479212       0.477895       0.476992       0.476664       0.477022       0.478058       0.479568       0.481123       0.482115       0.481900       0.479995       0.476322       0.471509       0.467314       0.467314
       0.467314       0.467314       0.471509       0.476322       0.479995       0.481900       0.482115       0.481123       0.479568       0.478058       0.477022       0.476663       0.476991       0.477894       0.479212       0.480784       0.482478       0.484192       0.485857       0.487428       0.488881       0.490204       0.491397       0.492462       0.493407       0.494242       0.494977       0.495622       0.496186       0.496679       0.497109       0.497485       0.497811       0.498096       0.498343       0.498558       0.498745       0.498908       0.499049       0.499172       0.499279       0.499371       0.499452       0.499522       0.499582       0.499635       0.499681       0.499721       0.499756       0.499786       0.499812       0.499835       0.499855       0.499872       0.499887       0.499900       0.499912       0.499922       0.499930       0.499938       0.499945       0.499950       0.499955       0.499960       0.499964       0.499967       0.499970       0.499973       0.499975       0.499977       0.499978       0.499980       0.499981       0.499982       0.499983       0.499984       0.499984       0.499985       0.499985       0.499985       0.499985       0.499985       0.499985       0.499985       0.499984       0.499984       0.499983       0.499982       0.499981       0.499980       0.499978       0.499977       0.499975       0.499973       0.499970       0.499967       0.499964       0.499960       0.499955       0.499950       0.499945       0.499938       0.499930       0.499922       0.499912       0.499900       0.499887       0.499872       0.499855       0.499835       0.499812       0.499786       0.499756       0.499721       0.499681       0.499635       0.499582       0.499522       0.499452       0.499371       0.499279       0.499172       0.499049       0.498908       0.498745       0.498558       0.498343       0.498096       0.497811       0.497485       0.497109       0.496679       0.496186       0.495622       0.494977       0.494242       0.493407       0.492462       0.491397       0.490204       0.488881       0.487428       0.485857       0.484192       0.482478       0.480784       0.479212       0.477894       0.476991       0.476663       0.477022       0.478058       0.479568       0.481123       0.482115       0.481900       0.479995       0.476322       0.471509       0.467314       0.467314
       0.467314       0.467314       0.471509       0.476322       0.479995       0.481900       0.482115       0.481123       0.479568       0.478058       0.477022       0.476663       0.476991       0.477894       0.479211       0.480784       0.482477       0.484191       0.485856       0.487427       0.488879       0.490203       0.491395       0.492460       0.493405       0.494240       0.494975       0.495620       0.496184       0.496677       0.497107       0.497482       0.497809       0.498093       0.498341       0.498556       0.498743       0.498905       0.499046       0.499169       0.499276       0.499369       0.499449       0.499519       0.499580       0.499633       0.499679       0.499718       0.499753       0.499783       0.499810       0.499833       0.499852       0.499870       0.499885       0.499898       0.499910       0.499920       0.499928       0.499936       0.499943       0.499948       0.499954       0.499958       0.499962       0.499965       0.499968       0.499971       0.499973       0.499975       0.499977       0.499978       0.499980       0.499981       0.499982       0.499982       0.499983       0.499983       0.499984       0.499984       0.499984       0.499984       0.499984       0.499983       0.499983       0.499982       0.499982       0.499981       0.499980       0.499978       0.499977       0.499975       0.499973       0.499971       0.499968       0.499965       0.499962       0.499958       0.499954       0.499948       0.499943       0.499936       0.499928       0.499920       0.499910       0.499898       0.499885       0.499870       0.499852       0.499833       0.499810       0.499783       0.499753       0.499718       0.499679       0.499633       0.499580       0.499519       0.499449       0.499369       0.499276       0.499169       0.499046       0.498905       0.498743       0.498556       0.498341       0.498093       0.497809       0.497482       0.497107       0.496677       0.496184       0.495620       0.494975       0.494240       0.493405       0.492460       0.491395       0.490203       0.488879       0.487427       0.485856       0.484191       0.482477       0.480784       0.479211       0.477894       0.476991       0.476663       0.477022       0.478058       0.479568       0.481123       0.482115       0.481900       0.479995       0.476322       0.471509       0.467314       0.467314
       0.467314       0.467314       0.471509       0.476322       0.479995       0.481900       0.482115       0.481123       0.479568       0.478058       0.477022       0.476663       0.476990       0.477893       0.479210       0.480783       0.482476       0.484190       0.485854       0.487425       0.488878       0.490201       0.491393       0.492458       0.493403       0.494238       0.494973       0.495617       0.496181       0.496674       0.497104       0.497479       0.497806       0.498090       0.498338       0.498553       0.498740       0.498902       0.499043       0.499166       0.499273       0.499365       0.499446       0.499516       0.499577       0.499630       0.499675       0.499715       0.499750       0.499780       0.499807       0.499830       0.499850       0.499867       0.499882       0.499895       0.499907       0.499917       0.499926       0.499934       0.499940       0.499946       0.499951       0.499956       0.499960       0.499963       0.499966       0.499969       0.499971       0.499973       0.499975       0.499977       0.499978       0.499979       0.499980       0.499981       0.499981       0.499982       0.499982       0.499982       0.499982       0.499982       0.499982       0.499982       0.499981       0.499981       0.499980       0.499979       0.499978       0.499977       0.499975       0.499973       0.499971       0.499969       0.499966       0.499963       0.499960       0.499956       0.499951       0.499946       0.499940       0.499934       0.499926       0.499917       0.499907       0.499895       0.499882       0.499867       0.499850       0.499830       0.499807       0.499780       0.499750       0.499715       0.499675       0.499630       0.499577       0.499516       0.499446       0.499365       0.499273       0.499166       0.499043       0.498902       0.498740       0.498553       0.498338       0.498090       0.497806       0.497479       0.497104       0.496674       0.496181       0.495617       0.494973       0.494238       0.493403       0.492458       0.491393       0.490201       0.488878       0.487425       0.485854       0.484190       0.482476       0.480783       0.479210       0.477893       0.476990       0.476663       0.477022       0.478058       0.479568       0.481123       0.482115       0.481900       0.479995       0.476322       0.471509       0.467314       0.467314
       0.467314       0.467314       0.471509       0.476322       0.479994       0.481900       0.482115       0.481123       0.479568       0.478057       0.477021       0.476662       0.476990       0.477892       0.479209       0.480782       0.482475       0.484189       0.485853       0.487423       0.488876       0.490199       0.491391       0.492456       0.493401       0.494235       0.494970       0.495614       0.496178       0.496671       0.497101       0.497476       0.497803       0.498087       0.498334       0.498549       0.498736       0.498899       0.499040       0.499162       0.499269       0.499362       0.499442       0.499512       0.499573       0.499626       0.499672       0.499712       0.499747       0.499777       0.499803       0.499826       0.499846       0.499864       0.499879       0.499892       0.499904       0.499914       0.499923       0.499931       0.499938       0.499944       0.499949       0.499953       0.499957       0.499961       0.499964       0.499967       0.499969       0.499971       0.499973       0.499975       0.499976       0.499977       0.499978       0.499979       0.499979       0.499980       0.499980       0.499980       0.499981       0.499980       0.499980       0.499980       0.499979       0.499979       0.499978       0.499977       0.499976       0.499975       0.499973       0.499971       0.499969       0.499967       0.499964       0.499961       0.499957       0.499953       0.499949       0.499944       0.499938       0.499931       0.499923       0.499914       0.499904       0.499892       0.499879       0.499864       0.499846       0.499826       0.499803       0.499777       0.499747       0.499712       0.499672       0.499626       0.499573       0.499512       0.499442       0.499362       0.499269       0.499162       0.499040       0.498899       0.498736       0.498549       0.498334       0.498087       0.497803       0.497476       0.497101       0.496671       0.496178       0.495614       0.494970       0.494235       0.493401       0.492456       0.491391       0.490199       0.488876       0.487423       0.485853       0.484189       0.482475       0.480782       0.479209       0.477892       0.476990       0.476662       0.477021       0.478057       0.479568       0.481123       0.482115       0.481900       0.479994       0.476322       0.471509       0.467314       0.467314
       0.467314       0.467314       0.471509       0.476322       0.479994       0.481899       0.482115       0.481122       0.479568       0.478057       0.477021       0.476662       0.476989       0.477891       0.479208       0.480780       0.482474       0.484187       0.485851       0.487421       0.488874       0.490197       0.491388       0.492453       0.493398       0.494232       0.494967       0.495611       0.496175       0.496668       0.497098       0.497472       0.497799       0.498083       0.498330       0.498545       0.498732       0.498894       0.499036       0.499158       0.499265       0.499358       0.499438       0.499508       0.499569       0.499622       0.499668       0.499708       0.499743       0.499773       0.499799       0.499823       0.499843       0.499860       0.499875       0.499889       0.499901       0.499911       0.499920       0.499928       0.499934       0.499941       0.499946       0.499951       0.499955       0.499958       0.499961       0.499964       0.499967       0.499969       0.499971       0.499972       0.499974       0.499975       0.499976       0.499977       0.499977       0.499978       0.499978       0.499978       0.499979       0.499978       0.499978       0.499978       0.499977       0.499977       0.499976       0.499975       0.499974       0.499972       0.499971       0.499969       0.499967       0.499964       0.499961       0.499958       0.499955       0.499951       0.499946       0.499941       0.499934       0.499928       0.499920       0.499911       0.499901       0.499889       0.499875       0.499860       0.499843       0.499823       0.499799       0.499773       0.499743       0.499708       0.499668       0.499622       0.499569       0.499508       0.499438       0.499358       0.499265       0.499158       0.499036       0.498894       0.498732       0.498545       0.498330       0.498083       0.497799       0.497472       0.497098       0.496668       0.496175       0.495611       0.494967       0.494232       0.493398       0.492453       0.491388       0.490197       0.488874       0.487421       0.485851       0.484187       0.482474       0.480780       0.479208       0.477891       0.476989       0.476662       0.477021       0.478057       0.479568       0.481122       0.482115       0.481899       0.479994       0.476322       0.471509       0.467314       0.467314
       0.467314       0.467314       0.471509       0.476322       0.479994       0.481899       0.482115       0.481122       0.479567       0.478057       0.477020       0.476661       0.476988       0.477890       0.479207       0.480779       0.482472       0.484185       0.485849       0.487419       0.488871       0.490194       0.491386       0.492450       0.493395       0.494229       0.494963       0.495607       0.496171       0.496664       0.497093       0.497468       0.497794       0.498078       0.498326       0.498540       0.498727       0.498890       0.499031       0.499153       0.499260       0.499353       0.499433       0.499503       0.499564       0.499617       0.499663       0.499703       0.499738       0.499768       0.499795       0.499818       0.499838       0.499856       0.499871       0.499885       0.499897       0.499907       0.499916       0.499924       0.499931       0.499937       0.499943       0.499947       0.499951       0.499955       0.499958       0.499961       0.499964       0.499966       0.499968       0.499970       0.499971       0.499972       0.499973       0.499974       0.499975       0.499976       0.499976       0.499976       0.499976       0.499976       0.499976       0.499976       0.499975       0.499974       0.499973       0.499972       0.499971       0.499970       0.499968       0.499966       0.499964       0.499961       0.499958       0.499955       0.499951       0.499947       0.499943       0.499937       0.499931       0.499924       0.499916       0.499907       0.499897       0.499885       0.499871       0.499856       0.499838       0.499818       0.499795       0.499768       0.499738       0.499703       0.499663       0.499617       0.499564       0.499503       0.499433       0.499353       0.499260       0.499153       0.499031       0.498890       0.498727       0.498540       0.498326       0.498078       0.497794       0.497468       0.497093       0.496664       0.496171       0.495607       0.494963       0.494229       0.493395       0.492450       0.491386       0.490194       0.488871       0.487419       0.485849       0.484185       0.482472       0.480779       0.479207       0.477890       0.476988       0.476661       0.477020       0.478057       0.479567       0.481122       0.482115       0.481899       0.479994       0.476322       0.471509       0.467314       0.467314
       0.467314       0.467314       0.471509       0.476322       0.479994       0.481899       0.482114       0.481122       0.479567       0.478056       0.477020       0.476660       0.476987       0.477889       0.479206       0.480777       0.482470       0.484183       0.485846       0.487417       0.488868       0.490191       0.491382       0.492446       0.493391       0.494225       0.494959       0.495603       0.496166       0.496659       0.497089       0.497463       0.497789       0.498073       0.498320       0.498535       0.498722       0.498884       0.499025       0.499148       0.499254       0.499347       0.499428       0.499498       0.499558       0.499611       0.499658       0.499698       0.499733       0.499763       0.499790       0.499813       0.499833       0.499851       0.499867       0.499880       0.499892       0.499902       0.499912       0.499920       0.499927       0.499933       0.499939       0.499944       0.499948       0.499952       0.499955       0.499958       0.499961       0.499963       0.499965       0.499967       0.499968       0.499970       0.499971       0.499972       0.499972       0.499973       0.499973       0.499973       0.499974       0.499973       0.499973       0.499973       0.499972       0.499972       0.499971       0.499970       0.499968       0.499967       0.499965       0.499963       0.499961       0.499958       0.499955       0.499952       0.499948       0.499944       0.499939       0.499933       0.499927       0.499920       0.499912       0.499902       0.499892       0.499880       0.499867       0.499851       0.499833       0.499813       0.499790       0.499763       0.499733       0.499698       0.499658       0.499611       0.499558       0.499498       0.499428       0.499347       0.499254       0.499148       0.499025       0.498884       0.498722       0.498535       0.498320       0.498073       0.497789       0.497463       0.497089       0.496659       0.496166       0.495603       0.494959       0.494225       0.493391       0.492446       0.491382       0.490191       0.488868       0.487417       0.485846       0.484183       0.482470       0.480777       0.479206       0.477889       0.476987       0.476660       0.477020       0.478056       0.479567       0.481122       0.482114       0.481899       0.479994       0.476322       0.471509       0.467314       0.467314
       0.467314       0.467314       0.471509       0.476322       0.479994       0.481899       0.482114       0.481122       0.479566       0.478056       0.477019       0.476659       0.476986       0.477888       0.479204       0.480775       0.482468       0.484180       0.485844       0.487413       0.488865       0.490187       0.491378       0.492442       0.493386       0.494220       0.494954       0.495598       0.496161       0.496653       0.497083       0.497457       0.497783       0.498067       0.498314       0.498529       0.498715       0.498878       0.499019       0.499141       0.499248       0.499340       0.499421       0.499491       0.499552       0.499605       0.499651       0.499691       0.499726       0.499757       0.499784       0.499807       0.499827       0.499845       0.499861       0.499875       0.499887       0.499897       0.499907       0.499915       0.499922       0.499929       0.499934       0.499939       0.499944       0.499948       0.499951       0.499954       0.499957       0.499959       0.499961       0.499963       0.499965       0.499966       0.499967       0.499968       0.499969       0.499970       0.499970       0.499970       0.499970       0.499970       0.499970       0.499970       0.499969       0.499968       0.499967       0.499966       0.499965       0.499963       0.499961       0.499959       0.499957       0.499954       0.499951       0.499948       0.499944       0.499939       0.499934       0.499929       0.499922       0.499915       0.499907       0.499897       0.499887       0.499875       0.499861       0.499845       0.499827       0.499807       0.499784       0.499757       0.499726       0.499691       0.499651       0.499605       0.499552       0.499491       0.499421       0.499340       0.499248       0.499141       0.499019       0.498878       0.498715       0.498529       0.498314       0.498067       0.497783       0.497457       0.497083       0.496653       0.496161       0.495598       0.494954       0.494220       0.493386       0.492442       0.491378       0.490187       0.488865       0.487413       0.485844       0.484180       0.482468       0.480775       0.479204       0.477888       0.476986       0.476659       0.477019       0.478056       0.479566       0.481122       0.482114       0.481899       0.479994       0.476322       0.471509       0.467314       0.467314
       0.467314       0.467314       0.471509       0.476322       0.479994       0.481899       0.482114       0.481121       0.479566       0.478055       0.477018       0.476658       0.476985       0.477886       0.479202       0.480773       0.482465       0.484178       0.485840       0.487410       0.488861       0.490183       0.491374       0.492437       0.493381       0.494215       0.494948       0.495592       0.496155       0.496647       0.497076       0.497450       0.497776       0.498060       0.498307       0.498521       0.498708       0.498870       0.499011       0.499134       0.499240       0.499333       0.499413       0.499483       0.499544       0.499598       0.499644       0.499684       0.499719       0.499750       0.499777       0.499800       0.499821       0.499839       0.499855       0.499868       0.499881       0.499891       0.499901       0.499909       0.499917       0.499923       0.499929       0.499934       0.499939       0.499943       0.499947       0.499950       0.499953       0.499955       0.499957       0.499959       0.499961       0.499963       0.499964       0.499965       0.499966       0.499966       0.499967       0.499967       0.499967       0.499967       0.499967       0.499966       0.499966       0.499965       0.499964       0.499963       0.499961       0.499959       0.499957       0.499955       0.499953       0.499950       0.499947       0.499943       0.499939       0.499934       0.499929       0.499923       0.499917       0.499909       0.499901       0.499891       0.499881       0.499868       0.499855       0.499839       0.499821       0.499800       0.499777       0.499750       0.499719       0.499684       0.499644       0.499598       0.499544       0.499483       0.499413       0.499333       0.499240       0.499134       0.499011       0.498870       0.498708       0.498521       0.498307       0.498060       0.497776       0.497450       0.497076       0.496647       0.496155       0.495592       0.494948       0.494215       0.493381       0.492437       0.491374       0.490183       0.488861       0.487410       0.485840       0.484178       0.482465       0.480773       0.479202       0.477886       0.476985       0.476658       0.477018       0.478055       0.479566       0.481121       0.482114       0.481899       0.479994       0.476322       0.471509       0.467314       0.467314
       0.467314       0.467314       0.471509       0.476322       0.479994       0.481899       0.482114       0.481121       0.479565       0.478054       0.477017       0.476657       0.476983       0.477884       0.479200       0.480771       0.482462       0.484174       0.485837       0.487406       0.488857       0.490178       0.491368       0.492432       0.493375       0.494209       0.494942       0.495585       0.496148       0.496640       0.497069       0.497443       0.497768       0.498052       0.498298       0.498513       0.498699       0.498861       0.499002       0.499125       0.499231       0.499324       0.499405       0.499475       0.499536       0.499589       0.499635       0.499676       0.499711       0.499742       0.499769       0.499792       0.499813       0.499831       0.499847       0.499861       0.499874       0.499885       0.499894       0.499903       0.499910       0.499917       0.499923       0.499929       0.499933       0.499938       0.499941       0.499945       0.499948       0.499951       0.499953       0.499955       0.499957       0.499958       0.499960       0.499961       0.499962       0.499962       0.499963       0.499963       0.499963       0.499963       0.499963       0.499962       0.499962       0.499961       0.499960       0.499958       0.499957       0.499955       0.499953       0.499951       0.499948       0.499945       0.499941       0.499938       0.499933       0.499929       0.499923       0.499917       0.499910       0.499903       0.499894       0.499885       0.499874       0.499861       0.499847       0.499831       0.499813       0.499792       0.499769       0.499742       0.499711       0.499676       0.499635       0.499589       0.499536       0.499475       0.499405       0.499324       0.499231       0.499125       0.499002       0.498861       0.498699       0.498513       0.498298       0.498052       0.497768       0.497443       0.497069       0.496640       0.496148       0.495585       0.494942       0.494209       0.493375       0.492432       0.491368       0.490178       0.488857       0.487406       0.485837       0.484174       0.482462       0.480771       0.479200       0.477884       0.476983       0.476657       0.477017       0.478054       0.479565       0.481121       0.482114       0.481899       0.479994       0.476322       0.471509       0.467314       0.467314
       0.467314       0.467314       0.471509       0.476322       0.479994       0.481899       0.482113       0.481120       0.479565       0.478053       0.477016       0.476656       0.476981       0.477882       0.479197       0.480768       0.482459       0.484170       0.485832       0.487401       0.488851       0.490172       0.491362       0.492425       0.493368       0.494201       0.494934       0.495577       0.496139       0.496631       0.497060       0.497434       0.497759       0.498042       0.498289       0.498503       0.498689       0.498851       0.498992       0.499115       0.499221       0.499314       0.499394       0.499465       0.499526       0.499579       0.499625       0.499666       0.499701       0.499732       0.499759       0.499783       0.499804       0.499822       0.499839       0.499853       0.499866       0.499877       0.499887       0.499895       0.499903       0.499910       0.499917       0.499922       0.499927       0.499932       0.499936       0.499939       0.499942       0.499945       0.499948       0.499950       0.499952       0.499953       0.499955       0.499956       0.499957       0.499958       0.499958       0.499959       0.499959       0.499959       0.499958       0.499958       0.499957       0.499956       0.499955       0.499953       0.499952       0.499950       0.499948       0.499945       0.499942       0.499939       0.499936       0.499932       0.499927       0.499922       0.499917       0.499910       0.499903       0.499895       0.499887       0.499877       0.499866       0.499853       0.499839       0.499822       0.499804       0.499783       0.499759       0.499732       0.499701       0.499666       0.499625       0.499579       0.499526       0.499465       0.499394       0.499314       0.499221       0.499115       0.498992       0.498851       0.498689       0.498503       0.498289       0.498042       0.497759       0.497434       0.497060       0.496631       0.496139       0.495577       0.494934       0.494201       0.493368       0.492425       0.491362       0.490172       0.488851       0.487401       0.485832       0.484170       0.482459       0.480768       0.479197       0.477882       0.476981       0.476656       0.477016       0.478053       0.479565       0.481120       0.482113       0.481899       0.479994       0.476322       0.471509       0.467314       0.467314
       0.467314       0.467314       0.471509       0.476322       0.479994       0.481898       0.482113       0.481120       0.479564       0.478052       0.477015       0.476654       0.476979       0.477880       0.479194       0.480764       0.482455       0.484166       0.485827       0.487395       0.488845       0.490166       0.491355       0.492418       0.493360       0.494193       0.494925       0.495568       0.496130       0.496621       0.497049       0.497423       0.497748       0.498031       0.498277       0.498492       0.498678       0.498840       0.498980       0.499103       0.499209       0.499302       0.499383       0.499453       0.499514       0.499567       0.499614       0.499655       0.499690       0.499721       0.499749       0.499773       0.499794       0.499812       0.499829       0.499843       0.499856       0.499868       0.499878       0.499887       0.499895       0.499902       0.499909       0.499915       0.499920       0.499925       0.499929       0.499933       0.499936       0.499939       0.499942       0.499944       0.499946       0.499948       0.499949       0.499951       0.499952       0.499952       0.499953       0.499953       0.499954       0.499953       0.499953       0.499952       0.499952       0.499951       0.499949       0.499948       0.499946       0.499944       0.499942       0.499939       0.499936       0.499933       0.499929       0.499925       0.499920       0.499915       0.499909       0.499902       0.499895       0.499887       0.499878       0.499868       0.499856       0.499843       0.499829       0.499812       0.499794       0.499773       0.499749       0.499721       0.499690       0.499655       0.499614       0.499567       0.499514       0.499453       0.499383       0.499302       0.499209       0.499103       0.498980       0.498840       0.498678       0.498492       0.498277       0.498031       0.497748       0.497423       0.497049       0.496621       0.496130       0.495568       0.494925       0.494193       0.493360       0.492418       0.491355       0.490166       0.488845       0.487395       0.485827       0.484166       0.482455       0.480764       0.479194       0.477880       0.476979       0.476654       0.477015       0.478052       0.479564       0.481120       0.482113       0.481898       0.479994       0.476322       0.471509       0.467314       0.467314
       0.467314       0.467314       0.471509       0.476322       0.479994       0.481898       0.482113       0.481119       0.479563       0.478051       0.477013       0.476652       0.476977       0.477877       0.479191       0.480760       0.482450       0.484161       0.485821       0.487389       0.488838       0.490158       0.491347       0.492409       0.493351       0.494183       0.494915       0.495557       0.496119       0.496609       0.497038       0.497411       0.497736       0.498018       0.498264       0.498478       0.498664       0.498826       0.498967       0.499089       0.499196       0.499288       0.499369       0.499439       0.499500       0.499554       0.499601       0.499641       0.499677       0.499709       0.499736       0.499760       0.499782       0.499801       0.499817       0.499832       0.499846       0.499857       0.499868       0.499877       0.499886       0.499893       0.499900       0.499906       0.499912       0.499917       0.499921       0.499925       0.499929       0.499932       0.499935       0.499937       0.499940       0.499942       0.499943       0.499945       0.499946       0.499947       0.499947       0.499948       0.499948       0.499948       0.499947       0.499947       0.499946       0.499945       0.499943       0.499942       0.499940       0.499937       0.499935       0.499932       0.499929       0.499925       0.499921       0.499917       0.499912       0.499906       0.499900       0.499893       0.499886       0.499877       0.499868       0.499857       0.499846       0.499832       0.499817       0.499801       0.499782       0.499760       0.499736       0.499709       0.499677       0.499641       0.499601       0.499554       0.499500       0.499439       0.499369       0.499288       0.499196       0.499089       0.498967       0.498826       0.498664       0.498478       0.498264       0.498018       0.497736       0.497411       0.497038       0.496609       0.496119       0.495557       0.494915       0.494183       0.493351       0.492409       0.491347       0.490158       0.488838       0.487389       0.485821       0.484161       0.482450       0.480760       0.479191       0.477877       0.476977       0.476652       0.477013       0.478051       0.479563       0.481119       0.482113       0.481898       0.479994       0.476322       0.471509       0.467314       0.467314
       0.467314       0.467314       0.471509       0.476322       0.479993       0.481898       0.482112       0.481119       0.479562       0.478050       0.477011       0.476650       0.476974       0.477873       0.479187       0.480755       0.482445       0.484155       0.485815       0.487381       0.488830       0.490149       0.491337       0.492399       0.493340       0.494172       0.494903       0.495544       0.496106       0.496596       0.497024       0.497396       0.497721       0.498003       0.498249       0.498463       0.498649       0.498810       0.498951       0.499073       0.499180       0.499272       0.499353       0.499423       0.499485       0.499538       0.499585       0.499626       0.499662       0.499694       0.499722       0.499746       0.499768       0.499787       0.499804       0.499820       0.499833       0.499845       0.499856       0.499866       0.499875       0.499883       0.499890       0.499896       0.499902       0.499907       0.499912       0.499917       0.499920       0.499924       0.499927       0.499930       0.499932       0.499934       0.499936       0.499938       0.499939       0.499940       0.499941       0.499941       0.499941       0.499941       0.499941       0.499940       0.499939       0.499938       0.499936       0.499934       0.499932       0.499930       0.499927       0.499924       0.499920       0.499917       0.499912       0.499907       0.499902       0.499896       0.499890       0.499883       0.499875       0.499866       0.499856       0.499845       0.499833       0.499820       0.499804       0.499787       0.499768       0.499746       0.499722       0.499694       0.499662       0.499626       0.499585       0.499538       0.499485       0.499423       0.499353       0.499272       0.499180       0.499073       0.498951       0.498810       0.498649       0.498463       0.498249       0.498003       0.497721       0.497396       0.497024       0.496596       0.496106       0.495544       0.494903       0.494172       0.493340       0.492399       0.491337       0.490149       0.488830       0.487381       0.485815       0.484155       0.482445       0.480755       0.479187       0.477873       0.476974       0.476650       0.477011       0.478050       0.479562       0.481119       0.482112       0.481898       0.479993       0.476322       0.471509       0.467314       0.467314
       0.467314       0.467314       0.471509       0.476321       0.479993       0.481897       0.482112       0.481118       0.479561       0.478048       0.477009       0.476647       0.476971       0.477870       0.479182       0.480750       0.482439       0.484148       0.485807       0.487373       0.488821       0.490139       0.491326       0.492387       0.493328       0.494158       0.494889       0.495530       0.496091       0.496580       0.497008       0.497380       0.497704       0.497986       0.498232       0.498445       0.498631       0.498792       0.498932       0.499055       0.499161       0.499254       0.499334       0.499405       0.499466       0.499520       0.499567       0.499609       0.499645       0.499677       0.499705       0.499730       0.499752       0.499772       0.499789       0.499805       0.499819       0.499831       0.499843       0.499853       0.499862       0.499870       0.499878       0.499885       0.499891       0.499897       0.499902       0.499907       0.499911       0.499915       0.499918       0.499921       0.499924       0.499926       0.499928       0.499930       0.499931       0.499932       0.499933       0.499933       0.499934       0.499933       0.499933       0.499932       0.499931       0.499930       0.499928       0.499926       0.499924       0.499921       0.499918       0.499915       0.499911       0.499907       0.499902       0.499897       0.499891       0.499885       0.499878       0.499870       0.499862       0.499853       0.499843       0.499831       0.499819       0.499805       0.499789       0.499772       0.499752       0.499730       0.499705       0.499677       0.499645       0.499609       0.499567       0.499520       0.499466       0.499405       0.499334       0.499254       0.499161       0.499055       0.498932       0.498792       0.498631       0.498445       0.498232       0.497986       0.497704       0.497380       0.497008       0.496580       0.496091       0.495530       0.494889       0.494158       0.493328       0.492387       0.491326       0.490139       0.488821       0.487373       0.485807       0.484148       0.482439       0.480750       0.479182       0.477870       0.476971       0.476647       0.477009       0.478048       0.479561       0.481118       0.482112       0.481897       0.479993       0.476321       0.471509       0.467314       0.467314
       0.467314       0.467314       0.471509       0.476321       0.479993       0.481897       0.482111       0.481117       0.479560       0.478047       0.477007       0.476644       0.476967       0.477865       0.479177       0.480744       0.482432       0.484139       0.485798       0.487363       0.488810       0.490127       0.491314       0.492373       0.493313       0.494143       0.494873       0.495513       0.496073       0.496562       0.496989       0.497361       0.497684       0.497966       0.498211       0.498424       0.498610       0.498771       0.498911       0.499033       0.499140       0.499232       0.499313       0.499384       0.499445       0.499499       0.499547       0.499588       0.499625       0.499657       0.499686       0.499711       0.499734       0.499754       0.499772       0.499788       0.499802       0.499815       0.499827       0.499838       0.499848       0.499857       0.499865       0.499872       0.499879       0.499885       0.499890       0.499895       0.499900       0.499904       0.499908       0.499911       0.499914       0.499917       0.499919       0.499921       0.499922       0.499924       0.499924       0.499925       0.499925       0.499925       0.499924       0.499924       0.499922       0.499921       0.499919       0.499917       0.499914       0.499911       0.499908       0.499904       0.499900       0.499895       0.499890       0.499885       0.499879       0.499872       0.499865       0.499857       0.499848       0.499838       0.499827       0.499815       0.499802       0.499788       0.499772       0.499754       0.499734       0.499711       0.499686       0.499657       0.499625       0.499588       0.499547       0.499499       0.499445       0.499384       0.499313       0.499232       0.499140       0.499033       0.498911       0.498771       0.498610       0.498424       0.498211       0.497966       0.497684       0.497361       0.496989       0.496562       0.496073       0.495513       0.494873       0.494143       0.493313       0.492373       0.491314       0.490127       0.488810       0.487363       0.485798       0.484139       0.482432       0.480744       0.479177       0.477865       0.476967       0.476644       0.477007       0.478047       0.479560       0.481117       0.482111       0.481897       0.479993       0.476321       0.471509       0.467314       0.467314
       0.467314       0.467314       0.471509       0.476321       0.479992       0.481896       0.482110       0.481116       0.479558       0.478045       0.477004       0.476641       0.476963       0.477860       0.479171       0.480737       0.482423       0.484130       0.485787       0.487351       0.488797       0.490113       0.491299       0.492357       0.493296       0.494125       0.494855       0.495494       0.496053       0.496541       0.496967       0.497339       0.497662       0.497943       0.498187       0.498400       0.498585       0.498746       0.498886       0.499008       0.499115       0.499207       0.499288       0.499359       0.499421       0.499475       0.499523       0.499565       0.499602       0.499635       0.499664       0.499689       0.499712       0.499733       0.499752       0.499768       0.499783       0.499797       0.499809       0.499821       0.499831       0.499841       0.499849       0.499857       0.499864       0.499871       0.499877       0.499883       0.499888       0.499892       0.499896       0.499900       0.499903       0.499906       0.499909       0.499911       0.499912       0.499914       0.499915       0.499915       0.499915       0.499915       0.499915       0.499914       0.499912       0.499911       0.499909       0.499906       0.499903       0.499900       0.499896       0.499892       0.499888       0.499883       0.499877       0.499871       0.499864       0.499857       0.499849       0.499841       0.499831       0.499821       0.499809       0.499797       0.499783       0.499768       0.499752       0.499733       0.499712       0.499689       0.499664       0.499635       0.499602       0.499565       0.499523       0.499475       0.499421       0.499359       0.499288       0.499207       0.499115       0.499008       0.498886       0.498746       0.498585       0.498400       0.498187       0.497943       0.497662       0.497339       0.496967       0.496541       0.496053       0.495494       0.494855       0.494125       0.493296       0.492357       0.491299       0.490113       0.488797       0.487351       0.485787       0.484130       0.482423       0.480737       0.479171       0.477860       0.476963       0.476641       0.477004       0.478045       0.479558       0.481116       0.482110       0.481896       0.479992       0.476321       0.471509       0.467314       0.467314
       0.467314       0.467314       0.471508       0.476321       0.479992       0.481896       0.482109       0.481114       0.479556       0.478042       0.477001       0.476637       0.476958       0.477854       0.479164       0.480728       0.482414       0.484119       0.485775       0.487338       0.488782       0.490097       0.491282       0.492339       0.493277       0.494105       0.494833       0.495471       0.496030       0.496517       0.496942       0.497313       0.497635       0.497916       0.498160       0.498372       0.498557       0.498718       0.498858       0.498979       0.499086       0.499178       0.499259       0.499330       0.499392       0.499447       0.499495       0.499537       0.499575       0.499608       0.499638       0.499664       0.499688       0.499709       0.499728       0.499746       0.499762       0.499776       0.499789       0.499801       0.499812       0.499822       0.499831       0.499840       0.499848       0.499855       0.499862       0.499868       0.499874       0.499879       0.499883       0.499887       0.499891       0.499894       0.499897       0.499899       0.499901       0.499903       0.499904       0.499904       0.499904       0.499904       0.499904       0.499903       0.499901       0.499899       0.499897       0.499894       0.499891       0.499887       0.499883       0.499879       0.499874       0.499868       0.499862       0.499855       0.499848       0.499840       0.499831       0.499822       0.499812       0.499801       0.499789       0.499776       0.499762       0.499746       0.499728       0.499709       0.499688       0.499664       0.499638       0.499608       0.499575       0.499537       0.499495       0.499447       0.499392       0.499330       0.499259       0.499178       0.499086       0.498979       0.498858       0.498718       0.498557       0.498372       0.498160       0.497916       0.497635       0.497313       0.496942       0.496517       0.496030       0.495471       0.494833       0.494105       0.493277       0.492339       0.491282       0.490097       0.488782       0.487338       0.485775       0.484119       0.482414       0.480728       0.479164       0.477854       0.476958       0.476637       0.477001       0.478042       0.479556       0.481114       0.482109       0.481896       0.479992       0.476321       0.471508       0.467314       0.467314
       0.467313       0.467313       0.471508       0.476320       0.479991       0.481895       0.482108       0.481113       0.479554       0.478039       0.476998       0.476632       0.476952       0.477847       0.479155       0.480719       0.482403       0.484107       0.485761       0.487322       0.488765       0.490079       0.491262       0.492318       0.493254       0.494081       0.494808       0.495445       0.496002       0.496489       0.496913       0.497283       0.497604       0.497884       0.498128       0.498340       0.498524       0.498684       0.498824       0.498946       0.499052       0.499145       0.499226       0.499297       0.499360       0.499414       0.499463       0.499506       0.499544       0.499578       0.499608       0.499635       0.499659       0.499682       0.499701       0.499720       0.499736       0.499751       0.499765       0.499778       0.499790       0.499801       0.499811       0.499820       0.499829       0.499837       0.499844       0.499851       0.499857       0.499863       0.499868       0.499873       0.499877       0.499880       0.499883       0.499886       0.499888       0.499890       0.499891       0.499892       0.499892       0.499892       0.499891       0.499890       0.499888       0.499886       0.499883       0.499880       0.499877       0.499873       0.499868       0.499863       0.499857       0.499851       0.499844       0.499837       0.499829       0.499820       0.499811       0.499801       0.499790       0.499778       0.499765       0.499751       0.499736       0.499720       0.499701       0.499682       0.499659       0.499635       0.499608       0.499578       0.499544       0.499506       0.499463       0.499414       0.499360       0.499297       0.499226       0.499145       0.499052       0.498946       0.498824       0.498684       0.498524       0.498340       0.498128       0.497884       0.497604       0.497283       0.496913       0.496489       0.496002       0.495445       0.494808       0.494081       0.493254       0.492318       0.491262       0.490079       0.488765       0.487322       0.485761       0.484107       0.482403       0.480719       0.479155       0.477847       0.476952       0.476632       0.476998       0.478039       0.479554       0.481113       0.482108       0.481895       0.479991       0.476320       0.471508       0.467313       0.467313
       0.467313       0.467313       0.471508       0.476320       0.479991       0.481894       0.482107       0.481111       0.479552       0.478036       0.476993       0.476627       0.476946       0.477839       0.479146       0.480707       0.482390       0.484092       0.485745       0.487304       0.488745       0.490058       0.491239       0.492293       0.493228       0.494054       0.494779       0.495415       0.495971       0.496456       0.496879       0.497248       0.497569       0.497848       0.498091       0.498302       0.498486       0.498646       0.498785       0.498907       0.499013       0.499106       0.499187       0.499259       0.499321       0.499377       0.499426       0.499469       0.499508       0.499542       0.499573       0.499601       0.499627       0.499650       0.499670       0.499690       0.499707       0.499723       0.499738       0.499752       0.499765       0.499777       0.499788       0.499798       0.499808       0.499816       0.499824       0.499832       0.499839       0.499845       0.499851       0.499856       0.499861       0.499865       0.499868       0.499871       0.499873       0.499875       0.499877       0.499877       0.499878       0.499877       0.499877       0.499875       0.499873       0.499871       0.499868       0.499865       0.499861       0.499856       0.499851       0.499845       0.499839       0.499832       0.499824       0.499816       0.499808       0.499798       0.499788       0.499777       0.499765       0.499752       0.499738       0.499723       0.499707       0.499690       0.499670       0.499650       0.499627       0.499601       0.499573       0.499542       0.499508       0.499469       0.499426       0.499377       0.499321       0.499259       0.499187       0.499106       0.499013       0.498907       0.498785       0.498646       0.498486       0.498302       0.498091       0.497848       0.497569       0.497248       0.496879       0.496456       0.495971       0.495415       0.494779       0.494054       0.493228       0.492293       0.491239       0.490058       0.488745       0.487304       0.485745       0.484092       0.482390       0.480707       0.479146       0.477839       0.476946       0.476627       0.476993       0.478036       0.479552       0.481111       0.482107       0.481894       0.479991       0.476320       0.471508       0.467313       0.467313
       0.467313       0.467313       0.471507       0.476319       0.479990       0.481893       0.482105       0.481109       0.479549       0.478032       0.476988       0.476621       0.476938       0.477830       0.479135       0.480694       0.482375       0.484075       0.485726       0.487283       0.488723       0.490033       0.491212       0.492265       0.493198       0.494021       0.494745       0.495380       0.495934       0.496418       0.496840       0.497208       0.497527       0.497806       0.498048       0.498258       0.498442       0.498601       0.498740       0.498862       0.498968       0.499061       0.499142       0.499214       0.499277       0.499333       0.499382       0.499427       0.499466       0.499501       0.499533       0.499562       0.499589       0.499613       0.499635       0.499655       0.499674       0.499691       0.499707       0.499722       0.499736       0.499749       0.499761       0.499772       0.499783       0.499793       0.499802       0.499810       0.499818       0.499825       0.499831       0.499837       0.499842       0.499847       0.499851       0.499854       0.499857       0.499859       0.499860       0.499861       0.499862       0.499861       0.499860       0.499859       0.499857       0.499854       0.499851       0.499847       0.499842       0.499837       0.499831       0.499825       0.499818       0.499810       0.499802       0.499793       0.499783       0.499772       0.499761       0.499749       0.499736       0.499722       0.499707       0.499691       0.499674       0.499655       0.499635       0.499613       0.499589       0.499562       0.499533       0.499501       0.499466       0.499427       0.499382       0.499333       0.499277       0.499214       0.499142       0.499061       0.498968       0.498862       0.498740       0.498601       0.498442       0.498258       0.498048       0.497806       0.497527       0.497208       0.496840       0.496418       0.495934       0.495380       0.494745       0.494021       0.493198       0.492265       0.491212       0.490033       0.488723       0.487283       0.485726       0.484075       0.482375       0.480694       0.479135       0.477830       0.476938       0.476621       0.476988       0.478032       0.479549       0.481109       0.482105       0.481893       0.479990       0.476319       0.471507       0.467313       0.467313
       0.467312       0.467312       0.471507       0.476318       0.479989       0.481891       0.482103       0.481106       0.479546       0.478028       0.476983       0.476614       0.476929       0.477819       0.479122       0.480680       0.482358       0.484056       0.485704       0.487259       0.488696       0.490004       0.491181       0.492232       0.493163       0.493984       0.494706       0.495339       0.495892       0.496374       0.496795       0.497161       0.497479       0.497757       0.497998       0.498207       0.498390       0.498549       0.498688       0.498809       0.498915       0.499008       0.499090       0.499162       0.499226       0.499282       0.499332       0.499377       0.499418       0.499454       0.499487       0.499517       0.499545       0.499570       0.499593       0.499615       0.499635       0.499654       0.499671       0.499687       0.499703       0.499717       0.499730       0.499743       0.499754       0.499765       0.499776       0.499785       0.499794       0.499802       0.499809       0.499815       0.499821       0.499826       0.499831       0.499835       0.499838       0.499840       0.499842       0.499843       0.499843       0.499843       0.499842       0.499840       0.499838       0.499835       0.499831       0.499826       0.499821       0.499815       0.499809       0.499802       0.499794       0.499785       0.499776       0.499765       0.499754       0.499743       0.499730       0.499717       0.499703       0.499687       0.499671       0.499654       0.499635       0.499615       0.499593       0.499570       0.499545       0.499517       0.499487       0.499454       0.499418       0.499377       0.499332       0.499282       0.499226       0.499162       0.499090       0.499008       0.498915       0.498809       0.498688       0.498549       0.498390       0.498207       0.497998       0.497757       0.497479       0.497161       0.496795       0.496374       0.495892       0.495339       0.494706       0.493984       0.493163       0.492232       0.491181       0.490004       0.488696       0.487259       0.485704       0.484056       0.482358       0.480680       0.479122       0.477819       0.476929       0.476614       0.476983       0.478028       0.479546       0.481106       0.482103       0.481891       0.479989       0.476318       0.471507       0.467312       0.467312
       0.467312       0.467312       0.471506       0.476318       0.479988       0.481890       0.482101       0.481103       0.479542       0.478023       0.476976       0.476605       0.476919       0.477806       0.479107       0.480662       0.482338       0.484033       0.485679       0.487231       0.488666       0.489971       0.491145       0.492193       0.493122       0.493941       0.494661       0.495291       0.495842       0.496323       0.496742       0.497106       0.497423       0.497699       0.497939       0.498148       0.498330       0.498489       0.498627       0.498748       0.498854       0.498947       0.499029       0.499102       0.499166       0.499223       0.499274       0.499320       0.499362       0.499399       0.499434       0.499465       0.499494       0.499521       0.499545       0.499569       0.499590       0.499610       0.499629       0.499647       0.499664       0.499680       0.499695       0.499709       0.499722       0.499734       0.499746       0.499756       0.499766       0.499775       0.499783       0.499791       0.499797       0.499803       0.499808       0.499813       0.499816       0.499819       0.499821       0.499822       0.499823       0.499822       0.499821       0.499819       0.499816       0.499813       0.499808       0.499803       0.499797       0.499791       0.499783       0.499775       0.499766       0.499756       0.499746       0.499734       0.499722       0.499709       0.499695       0.499680       0.499664       0.499647       0.499629       0.499610       0.499590       0.499569       0.499545       0.499521       0.499494       0.499465       0.499434       0.499399       0.499362       0.499320       0.499274       0.499223       0.499166       0.499102       0.499029       0.498947       0.498854       0.498748       0.498627       0.498489       0.498330       0.498148       0.497939       0.497699       0.497423       0.497106       0.496742       0.496323       0.495842       0.495291       0.494661       0.493941       0.493122       0.492193       0.491145       0.489971       0.488666       0.487231       0.485679       0.484033       0.482338       0.480662       0.479107       0.477806       0.476919       0.476605       0.476976       0.478023       0.479542       0.481103       0.482101       0.481890       0.479988       0.476318       0.471506       0.467312       0.467312
       0.467311       0.467311       0.471505       0.476317       0.479987       0.481888       0.482099       0.481100       0.479537       0.478017       0.476969       0.476596       0.476907       0.477792       0.479090       0.480642       0.482315       0.484007       0.485650       0.487199       0.488630       0.489932       0.491104       0.492149       0.493075       0.493891       0.494608       0.495236       0.495785       0.496263       0.496680       0.497043       0.497359       0.497633       0.497872       0.498080       0.498261       0.498419       0.498557       0.498677       0.498783       0.498877       0.498959       0.499032       0.499097       0.499155       0.499207       0.499254       0.499297       0.499336       0.499372       0.499405       0.499435       0.499464       0.499490       0.499515       0.499539       0.499561       0.499582       0.499601       0.499620       0.499638       0.499654       0.499670       0.499685       0.499699       0.499711       0.499724       0.499735       0.499745       0.499754       0.499763       0.499770       0.499777       0.499783       0.499788       0.499792       0.499795       0.499797       0.499799       0.499799       0.499799       0.499797       0.499795       0.499792       0.499788       0.499783       0.499777       0.499770       0.499763       0.499754       0.499745       0.499735       0.499724       0.499711       0.499699       0.499685       0.499670       0.499654       0.499638       0.499620       0.499601       0.499582       0.499561       0.499539       0.499515       0.499490       0.499464       0.499435       0.499405       0.499372       0.499336       0.499297       0.499254       0.499207       0.499155       0.499097       0.499032       0.498959       0.498877       0.498783       0.498677       0.498557       0.498419       0.498261       0.498080       0.497872       0.497633       0.497359       0.497043       0.496680       0.496263       0.495785       0.495236       0.494608       0.493891       0.493075       0.492149       0.491104       0.489932       0.488630       0.487199       0.485650       0.484007       0.482315       0.480642       0.479090       0.477792       0.476907       0.476596       0.476969       0.478017       0.479537       0.481100       0.482099       0.481888       0.479987       0.476317       0.471505       0.467311       0.467311
       0.467310       0.467310       0.471505       0.476316       0.479985       0.481886       0.482096       0.481096       0.479532       0.478010       0.476960       0.476585       0.476894       0.477776       0.479070       0.480619       0.482288       0.483977       0.485616       0.487162       0.488589       0.489888       0.491056       0.492098       0.493020       0.493834       0.494548       0.495173       0.495719       0.496194       0.496609       0.496970       0.497283       0.497556       0.497793       0.498000       0.498180       0.498337       0.498475       0.498595       0.498701       0.498794       0.498877       0.498951       0.499016       0.499075       0.499129       0.499177       0.499221       0.499262       0.499300       0.499335       0.499367       0.499398       0.499427       0.499454       0.499479       0.499504       0.499527       0.499549       0.499569       0.499589       0.499608       0.499625       0.499642       0.499658       0.499672       0.499686       0.499699       0.499710       0.499721       0.499731       0.499740       0.499747       0.499754       0.499759       0.499764       0.499768       0.499770       0.499772       0.499772       0.499772       0.499770       0.499768       0.499764       0.499759       0.499754       0.499747       0.499740       0.499731       0.499721       0.499710       0.499699       0.499686       0.499672       0.499658       0.499642       0.499625       0.499608       0.499589       0.499569       0.499549       0.499527       0.499504       0.499479       0.499454       0.499427       0.499398       0.499367       0.499335       0.499300       0.499262       0.499221       0.499177       0.499129       0.499075       0.499016       0.498951       0.498877       0.498794       0.498701       0.498595       0.498475       0.498337       0.498180       0.498000       0.497793       0.497556       0.497283       0.496970       0.496609       0.496194       0.495719       0.495173       0.494548       0.493834       0.493020       0.492098       0.491056       0.489888       0.488589       0.487162       0.485616       0.483977       0.482288       0.480619       0.479070       0.477776       0.476894       0.476585       0.476960       0.478010       0.479532       0.481096       0.482096       0.481886       0.479985       0.476316       0.471505       0.467310       0.467310
       0.467310       0.467310       0.471504       0.476314       0.479983       0.481884       0.482093       0.481092       0.479526       0.478003       0.476950       0.476572       0.476878       0.477756       0.479048       0.480593       0.482258       0.483942       0.485577       0.487118       0.488542       0.489836       0.491000       0.492038       0.492957       0.493766       0.494477       0.495099       0.495641       0.496114       0.496526       0.496884       0.497196       0.497466       0.497702       0.497907       0.498086       0.498242       0.498379       0.498499       0.498605       0.498699       0.498782       0.498856       0.498923       0.498983       0.499038       0.499088       0.499134       0.499177       0.499217       0.499254       0.499289       0.499322       0.499353       0.499383       0.499411       0.499438       0.499463       0.499488       0.499511       0.499533       0.499554       0.499574       0.499593       0.499611       0.499628       0.499643       0.499658       0.499671       0.499683       0.499694       0.499704       0.499713       0.499721       0.499727       0.499733       0.499737       0.499740       0.499741       0.499742       0.499741       0.499740       0.499737       0.499733       0.499727       0.499721       0.499713       0.499704       0.499694       0.499683       0.499671       0.499658       0.499643       0.499628       0.499611       0.499593       0.499574       0.499554       0.499533       0.499511       0.499488       0.499463       0.499438       0.499411       0.499383       0.499353       0.499322       0.499289       0.499254       0.499217       0.499177       0.499134       0.499088       0.499038       0.498983       0.498923       0.498856       0.498782       0.498699       0.498605       0.498499       0.498379       0.498242       0.498086       0.497907       0.497702       0.497466       0.497196       0.496884       0.496526       0.496114       0.495641       0.495099       0.494477       0.493766       0.492957       0.492038       0.491000       0.489836       0.488542       0.487118       0.485577       0.483942       0.482258       0.480593       0.479048       0.477756       0.476878       0.476572       0.476950       0.478003       0.479526       0.481092       0.482093       0.481884       0.479983       0.476314       0.471504       0.467310       0.467310
       0.467309       0.467309       0.471502       0.476313       0.479981       0.481881       0.482089       0.481087       0.479520       0.477994       0.476939       0.476557       0.476860       0.477734       0.479021       0.480562       0.482222       0.483902       0.485532       0.487068       0.488487       0.489777       0.490936       0.491969       0.492883       0.493689       0.494395       0.495013       0.495552       0.496021       0.496430       0.496785       0.497094       0.497362       0.497596       0.497799       0.497977       0.498132       0.498268       0.498388       0.498494       0.498588       0.498671       0.498747       0.498815       0.498876       0.498933       0.498985       0.499033       0.499078       0.499120       0.499160       0.499198       0.499234       0.499268       0.499301       0.499332       0.499362       0.499391       0.499418       0.499444       0.499469       0.499493       0.499516       0.499537       0.499558       0.499577       0.499595       0.499611       0.499626       0.499640       0.499653       0.499665       0.499675       0.499683       0.499691       0.499697       0.499702       0.499705       0.499707       0.499708       0.499707       0.499705       0.499702       0.499697       0.499691       0.499683       0.499675       0.499665       0.499653       0.499640       0.499626       0.499611       0.499595       0.499577       0.499558       0.499537       0.499516       0.499493       0.499469       0.499444       0.499418       0.499391       0.499362       0.499332       0.499301       0.499268       0.499234       0.499198       0.499160       0.499120       0.499078       0.499033       0.498985       0.498933       0.498876       0.498815       0.498747       0.498671       0.498588       0.498494       0.498388       0.498268       0.498132       0.497977       0.497799       0.497596       0.497362       0.497094       0.496785       0.496430       0.496021       0.495552       0.495013       0.494395       0.493689       0.492883       0.491969       0.490936       0.489777       0.488487       0.487068       0.485532       0.483902       0.482222       0.480562       0.479021       0.477734       0.476860       0.476557       0.476939       0.477994       0.479520       0.481087       0.482089       0.481881       0.479981       0.476313       0.471502       0.467309       0.467309
       0.467307       0.467307       0.471501       0.476311       0.479979       0.481878       0.482085       0.481081       0.479512       0.477983       0.476925       0.476541       0.476839       0.477709       0.478991       0.480526       0.482181       0.483855       0.485480       0.487010       0.488423       0.489707       0.490861       0.491889       0.492798       0.493598       0.494300       0.494913       0.495448       0.495913       0.496318       0.496670       0.496975       0.497241       0.497472       0.497674       0.497850       0.498004       0.498139       0.498258       0.498364       0.498458       0.498543       0.498619       0.498689       0.498752       0.498811       0.498865       0.498916       0.498964       0.499009       0.499052       0.499093       0.499132       0.499170       0.499206       0.499241       0.499275       0.499307       0.499338       0.499367       0.499396       0.499423       0.499449       0.499473       0.499497       0.499518       0.499539       0.499558       0.499575       0.499592       0.499606       0.499619       0.499631       0.499641       0.499649       0.499656       0.499662       0.499666       0.499668       0.499669       0.499668       0.499666       0.499662       0.499656       0.499649       0.499641       0.499631       0.499619       0.499606       0.499592       0.499575       0.499558       0.499539       0.499518       0.499497       0.499473       0.499449       0.499423       0.499396       0.499367       0.499338       0.499307       0.499275       0.499241       0.499206       0.499170       0.499132       0.499093       0.499052       0.499009       0.498964       0.498916       0.498865       0.498811       0.498752       0.498689       0.498619       0.498543       0.498458       0.498364       0.498258       0.498139       0.498004       0.497850       0.497674       0.497472       0.497241       0.496975       0.496670       0.496318       0.495913       0.495448       0.494913       0.494300       0.493598       0.492798       0.491889       0.490861       0.489707       0.488423       0.487010       0.485480       0.483855       0.482181       0.480526       0.478991       0.477709       0.476839       0.476541       0.476925       0.477983       0.479512       0.481081       0.482085       0.481878       0.479979       0.476311       0.471501       0.467307       0.467307
       0.467306       0.467306       0.471500       0.476309       0.479976       0.481874       0.482080       0.481075       0.479503       0.477972       0.476910       0.476521       0.476815       0.477680       0.478956       0.480485       0.482134       0.483802       0.485419       0.486944       0.488350       0.489627       0.490775       0.491796       0.492699       0.493493       0.494189       0.494797       0.495327       0.495787       0.496188       0.496536       0.496838       0.497100       0.497329       0.497528       0.497702       0.497854       0.497989       0.498108       0.498214       0.498308       0.498394       0.498471       0.498542       0.498608       0.498669       0.498726       0.498780       0.498831       0.498880       0.498927       0.498972       0.499015       0.499057       0.499097       0.499136       0.499174       0.499210       0.499245       0.499279       0.499312       0.499343       0.499372       0.499400       0.499427       0.499452       0.499475       0.499497       0.499517       0.499536       0.499553       0.499568       0.499581       0.499593       0.499603       0.499611       0.499617       0.499621       0.499624       0.499625       0.499624       0.499621       0.499617       0.499611       0.499603       0.499593       0.499581       0.499568       0.499553       0.499536       0.499517       0.499497       0.499475       0.499452       0.499427       0.499400       0.499372       0.499343       0.499312       0.499279       0.499245       0.499210       0.499174       0.499136       0.499097       0.499057       0.499015       0.498972       0.498927       0.498880       0.498831       0.498780       0.498726       0.498669       0.498608       0.498542       0.498471       0.498394       0.498308       0.498214       0.498108       0.497989       0.497854       0.497702       0.497528       0.497329       0.497100       0.496838       0.496536       0.496188       0.495787       0.495327       0.494797       0.494189       0.493493       0.492699       0.491796       0.490775       0.489627       0.488350       0.486944       0.485419       0.483802       0.482134       0.480485       0.478956       0.477680       0.476815       0.476521       0.476910       0.477972       0.479503       0.481075       0.482080       0.481874       0.479976       0.476309       0.471500       0.467306       0.467306
       0.467305       0.467305       0.471498       0.476307       0.479973       0.481870       0.482074       0.481067       0.479493       0.477958       0.476892       0.476499       0.476787       0.477646       0.478916       0.480438       0.482079       0.483739       0.485350       0.486866       0.488265       0.489535       0.490675       0.491689       0.492584       0.493372       0.494061       0.494663       0.495186       0.495642       0.496037       0.496380       0.496678       0.496936       0.497161       0.497358       0.497530       0.497681       0.497814       0.497932       0.498038       0.498134       0.498220       0.498299       0.498372       0.498441       0.498504       0.498565       0.498622       0.498678       0.498731       0.498782       0.498831       0.498879       0.498926       0.498971       0.499015       0.499058       0.499099       0.499139       0.499178       0.499215       0.499250       0.499284       0.499316       0.499347       0.499376       0.499403       0.499428       0.499451       0.499472       0.499492       0.499509       0.499525       0.499538       0.499549       0.499559       0.499566       0.499571       0.499574       0.499575       0.499574       0.499571       0.499566       0.499559       0.499549       0.499538       0.499525       0.499509       0.499492       0.499472       0.499451       0.499428       0.499403       0.499376       0.499347       0.499316       0.499284       0.499250       0.499215       0.499178       0.499139       0.499099       0.499058       0.499015       0.498971       0.498926       0.498879       0.498831       0.498782       0.498731       0.498678       0.498622       0.498565       0.498504       0.498441       0.498372       0.498299       0.498220       0.498134       0.498038       0.497932       0.497814       0.497681       0.497530       0.497358       0.497161       0.496936       0.496678       0.496380       0.496037       0.495642       0.495186       0.494663       0.494061       0.493372       0.492584       0.491689       0.490675       0.489535       0.488265       0.486866       0.485350       0.483739       0.482079       0.480438       0.478916       0.477646       0.476787       0.476499       0.476892       0.477958       0.479493       0.481067       0.482074       0.481870       0.479973       0.476307       0.471498       0.467305       0.467305
       0.467303       0.467303       0.471496       0.476304       0.479970       0.481866       0.482068       0.481058       0.479481       0.477942       0.476872       0.476473       0.476755       0.477607       0.478869       0.480383       0.482016       0.483668       0.485269       0.486777       0.488166       0.489427       0.490559       0.491564       0.492452       0.493231       0.493913       0.494507       0.495023       0.495472       0.495861       0.496198       0.496491       0.496746       0.496967       0.497160       0.497330       0.497479       0.497611       0.497729       0.497834       0.497930       0.498018       0.498099       0.498175       0.498246       0.498313       0.498378       0.498440       0.498499       0.498557       0.498614       0.498669       0.498722       0.498775       0.498826       0.498876       0.498924       0.498971       0.499017       0.499061       0.499104       0.499144       0.499183       0.499221       0.499256       0.499289       0.499320       0.499349       0.499376       0.499400       0.499423       0.499443       0.499461       0.499476       0.499489       0.499500       0.499508       0.499514       0.499518       0.499519       0.499518       0.499514       0.499508       0.499500       0.499489       0.499476       0.499461       0.499443       0.499423       0.499400       0.499376       0.499349       0.499320       0.499289       0.499256       0.499221       0.499183       0.499144       0.499104       0.499061       0.499017       0.498971       0.498924       0.498876       0.498826       0.498775       0.498722       0.498669       0.498614       0.498557       0.498499       0.498440       0.498378       0.498313       0.498246       0.498175       0.498099       0.498018       0.497930       0.497834       0.497729       0.497611       0.497479       0.497330       0.497160       0.496967       0.496746       0.496491       0.496198       0.495861       0.495472       0.495023       0.494507       0.493913       0.493231       0.492452       0.491564       0.490559       0.489427       0.488166       0.486777       0.485269       0.483668       0.482016       0.480383       0.478869       0.477607       0.476755       0.476473       0.476872       0.477942       0.479481       0.481058       0.482068       0.481866       0.479970       0.476304       0.471496       0.467303       0.467303
       0.467301       0.467301       0.471493       0.476301       0.479966       0.481860       0.482060       0.481048       0.479467       0.477924       0.476849       0.476443       0.476718       0.477562       0.478815       0.480320       0.481944       0.483585       0.485176       0.486673       0.488053       0.489303       0.490424       0.491420       0.492298       0.493067       0.493740       0.494325       0.494834       0.495275       0.495657       0.495988       0.496275       0.496524       0.496741       0.496930       0.497096       0.497243       0.497374       0.497491       0.497597       0.497694       0.497783       0.497867       0.497945       0.498020       0.498092       0.498161       0.498228       0.498293       0.498357       0.498420       0.498481       0.498541       0.498600       0.498658       0.498715       0.498771       0.498824       0.498877       0.498927       0.498976       0.499023       0.499068       0.499111       0.499151       0.499190       0.499226       0.499259       0.499290       0.499318       0.499344       0.499367       0.499388       0.499406       0.499421       0.499433       0.499443       0.499450       0.499454       0.499455       0.499454       0.499450       0.499443       0.499433       0.499421       0.499406       0.499388       0.499367       0.499344       0.499318       0.499290       0.499259       0.499226       0.499190       0.499151       0.499111       0.499068       0.499023       0.498976       0.498927       0.498877       0.498824       0.498771       0.498715       0.498658       0.498600       0.498541       0.498481       0.498420       0.498357       0.498293       0.498228       0.498161       0.498092       0.498020       0.497945       0.497867       0.497783       0.497694       0.497597       0.497491       0.497374       0.497243       0.497096       0.496930       0.496741       0.496524       0.496275       0.495988       0.495657       0.495275       0.494834       0.494325       0.493740       0.493067       0.492298       0.491420       0.490424       0.489303       0.488053       0.486673       0.485176       0.483585       0.481944       0.480320       0.478815       0.477562       0.476718       0.476443       0.476849       0.477924       0.479467       0.481048       0.482060       0.481860       0.479966       0.476301       0.471493       0.467301       0.467301
       0.467298       0.467298       0.471491       0.476298       0.479962       0.481854       0.482052       0.481036       0.479452       0.477904       0.476822       0.476409       0.476676       0.477510       0.478754       0.480248       0.481860       0.483490       0.485069       0.486554       0.487921       0.489160       0.490269       0.491252       0.492119       0.492878       0.493540       0.494115       0.494614       0.495045       0.495419       0.495742       0.496022       0.496265       0.496477       0.496662       0.496825       0.496969       0.497098       0.497215       0.497321       0.497419       0.497510       0.497597       0.497679       0.497758       0.497834       0.497909       0.497982       0.498054       0.498125       0.498195       0.498264       0.498332       0.498399       0.498465       0.498530       0.498593       0.498655       0.498715       0.498774       0.498830       0.498884       0.498936       0.498985       0.499032       0.499077       0.499118       0.499157       0.499192       0.499225       0.499255       0.499282       0.499306       0.499326       0.499344       0.499358       0.499369       0.499377       0.499382       0.499383       0.499382       0.499377       0.499369       0.499358       0.499344       0.499326       0.499306       0.499282       0.499255       0.499225       0.499192       0.499157       0.499118       0.499077       0.499032       0.498985       0.498936       0.498884       0.498830       0.498774       0.498715       0.498655       0.498593       0.498530       0.498465       0.498399       0.498332       0.498264       0.498195       0.498125       0.498054       0.497982       0.497909       0.497834       0.497758       0.497679       0.497597       0.497510       0.497419       0.497321       0.497215       0.497098       0.496969       0.496825       0.496662       0.496477       0.496265       0.496022       0.495742       0.495419       0.495045       0.494614       0.494115       0.493540       0.492878       0.492119       0.491252       0.490269       0.489160       0.487921       0.486554       0.485069       0.483490       0.481860       0.480248       0.478754       0.477510       0.476676       0.476409       0.476822       0.477904       0.479452       0.481036       0.482052       0.481854       0.479962       0.476298       0.471491       0.467298       0.467298
       0.467296       0.467296       0.471488       0.476294       0.479956       0.481847       0.482042       0.481023       0.479434       0.477880       0.476791       0.476370       0.476627       0.477451       0.478683       0.480164       0.481763       0.483379       0.484945       0.486416       0.487769       0.488994       0.490089       0.491059       0.491912       0.492658       0.493307       0.493870       0.494358       0.494779       0.495143       0.495457       0.495729       0.495965       0.496170       0.496350       0.496509       0.496650       0.496777       0.496893       0.496999       0.497099       0.497193       0.497282       0.497369       0.497453       0.497535       0.497616       0.497697       0.497777       0.497856       0.497935       0.498013       0.498090       0.498167       0.498242       0.498317       0.498390       0.498461       0.498530       0.498598       0.498663       0.498725       0.498785       0.498842       0.498896       0.498947       0.498995       0.499040       0.499081       0.499119       0.499154       0.499185       0.499212       0.499236       0.499256       0.499273       0.499285       0.499295       0.499300       0.499302       0.499300       0.499295       0.499285       0.499273       0.499256       0.499236       0.499212       0.499185       0.499154       0.499119       0.499081       0.499040       0.498995       0.498947       0.498896       0.498842       0.498785       0.498725       0.498663       0.498598       0.498530       0.498461       0.498390       0.498317       0.498242       0.498167       0.498090       0.498013       0.497935       0.497856       0.497777       0.497697       0.497616       0.497535       0.497453       0.497369       0.497282       0.497193       0.497099       0.496999       0.496893       0.496777       0.496650       0.496509       0.496350       0.496170       0.495965       0.495729       0.495457       0.495143       0.494779       0.494358       0.493870       0.493307       0.492658       0.491912       0.491059       0.490089       0.488994       0.487769       0.486416       0.484945       0.483379       0.481763       0.480164       0.478683       0.477451       0.476627       0.476370       0.476791       0.477880       0.479434       0.481023       0.482042       0.481847       0.479956       0.476294       0.471488       0.467296       0.467296
       0.467293       0.467293       0.471484       0.476290       0.479951       0.481839       0.482031       0.481008       0.479413       0.477853       0.476756       0.476325       0.476571       0.477382       0.478601       0.480068       0.481652       0.483252       0.484801       0.486256       0.487593       0.488801       0.489880       0.490834       0.491672       0.492402       0.493037       0.493586       0.494060       0.494469       0.494821       0.495125       0.495387       0.495614       0.495813       0.495987       0.496141       0.496278       0.496403       0.496518       0.496625       0.496726       0.496823       0.496916       0.497008       0.497098       0.497188       0.497277       0.497366       0.497455       0.497544       0.497634       0.497722       0.497811       0.497899       0.497985       0.498071       0.498155       0.498237       0.498317       0.498395       0.498470       0.498543       0.498612       0.498678       0.498741       0.498800       0.498856       0.498907       0.498955       0.498999       0.499039       0.499075       0.499106       0.499134       0.499157       0.499176       0.499191       0.499201       0.499208       0.499210       0.499208       0.499201       0.499191       0.499176       0.499157       0.499134       0.499106       0.499075       0.499039       0.498999       0.498955       0.498907       0.498856       0.498800       0.498741       0.498678       0.498612       0.498543       0.498470       0.498395       0.498317       0.498237       0.498155       0.498071       0.497985       0.497899       0.497811       0.497722       0.497634       0.497544       0.497455       0.497366       0.497277       0.497188       0.497098       0.497008       0.496916       0.496823       0.496726       0.496625       0.496518       0.496403       0.496278       0.496141       0.495987       0.495813       0.495614       0.495387       0.495125       0.494821       0.494469       0.494060       0.493586       0.493037       0.492402       0.491672       0.490834       0.489880       0.488801       0.487593       0.486256       0.484801       0.483252       0.481652       0.480068       0.478601       0.477382       0.476571       0.476325       0.476756       0.477853       0.479413       0.481008       0.482031       0.481839       0.479951       0.476290       0.471484       0.467293       0.467293
       0.467290       0.467290       0.471481       0.476285       0.479944       0.481830       0.482019       0.480991       0.479390       0.477822       0.476716       0.476274       0.476507       0.477304       0.478507       0.479957       0.481523       0.483106       0.484636       0.486072       0.487390       0.488579       0.489639       0.490574       0.491393       0.492106       0.492724       0.493256       0.493715       0.494109       0.494447       0.494738       0.494989       0.495207       0.495396       0.495563       0.495711       0.495845       0.495968       0.496081       0.496189       0.496292       0.496392       0.496491       0.496589       0.496686       0.496784       0.496883       0.496983       0.497083       0.497184       0.497285       0.497387       0.497488       0.497589       0.497689       0.497788       0.497885       0.497980       0.498073       0.498163       0.498250       0.498334       0.498415       0.498491       0.498564       0.498632       0.498697       0.498757       0.498812       0.498863       0.498909       0.498950       0.498986       0.499018       0.499045       0.499067       0.499084       0.499096       0.499104       0.499106       0.499104       0.499096       0.499084       0.499067       0.499045       0.499018       0.498986       0.498950       0.498909       0.498863       0.498812       0.498757       0.498697       0.498632       0.498564       0.498491       0.498415       0.498334       0.498250       0.498163       0.498073       0.497980       0.497885       0.497788       0.497689       0.497589       0.497488       0.497387       0.497285       0.497184       0.497083       0.496983       0.496883       0.496784       0.496686       0.496589       0.496491       0.496392       0.496292       0.496189       0.496081       0.495968       0.495845       0.495711       0.495563       0.495396       0.495207       0.494989       0.494738       0.494447       0.494109       0.493715       0.493256       0.492724       0.492106       0.491393       0.490574       0.489639       0.488579       0.487390       0.486072       0.484636       0.483106       0.481523       0.479957       0.478507       0.477304       0.476507       0.476274       0.476716       0.477822       0.479390       0.480991       0.482019       0.481830       0.479944       0.476285       0.471481       0.467290       0.467290
       0.467286       0.467286       0.471476       0.476280       0.479937       0.481820       0.482004       0.480971       0.479363       0.477787       0.476669       0.476215       0.476433       0.477214       0.478398       0.479830       0.481376       0.482937       0.484446       0.485860       0.487155       0.488322       0.489360       0.490273       0.491071       0.491763       0.492360       0.492873       0.493313       0.493690       0.494012       0.494288       0.494526       0.494732       0.494911       0.495069       0.495211       0.495340       0.495460       0.495573       0.495681       0.495787       0.495891       0.495996       0.496101       0.496207       0.496316       0.496426       0.496538       0.496651       0.496766       0.496882       0.496999       0.497116       0.497232       0.497348       0.497462       0.497575       0.497685       0.497793       0.497897       0.497998       0.498096       0.498189       0.498278       0.498362       0.498441       0.498516       0.498585       0.498649       0.498708       0.498761       0.498809       0.498851       0.498887       0.498918       0.498944       0.498963       0.498978       0.498986       0.498989       0.498986       0.498978       0.498963       0.498944       0.498918       0.498887       0.498851       0.498809       0.498761       0.498708       0.498649       0.498585       0.498516       0.498441       0.498362       0.498278       0.498189       0.498096       0.497998       0.497897       0.497793       0.497685       0.497575       0.497462       0.497348       0.497232       0.497116       0.496999       0.496882       0.496766       0.496651       0.496538       0.496426       0.496316       0.496207       0.496101       0.495996       0.495891       0.495787       0.495681       0.495573       0.495460       0.495340       0.495211       0.495069       0.494911       0.494732       0.494526       0.494288       0.494012       0.493690       0.493313       0.492873       0.492360       0.491763       0.491071       0.490273       0.489360       0.488322       0.487155       0.485860       0.484446       0.482937       0.481376       0.479830       0.478398       0.477214       0.476433       0.476215       0.476669       0.477787       0.479363       0.480971       0.482004       0.481820       0.479937       0.476280       0.471476       0.467286       0.467286
       0.467282       0.467282       0.471472       0.476273       0.479928       0.481808       0.481988       0.480949       0.479333       0.477746       0.476616       0.476147       0.476349       0.477110       0.478274       0.479683       0.481205       0.482742       0.484226       0.485614       0.486884       0.488025       0.489037       0.489925       0.490697       0.491364       0.491938       0.492428       0.492846       0.493203       0.493506       0.493764       0.493986       0.494178       0.494346       0.494494       0.494628       0.494752       0.494868       0.494980       0.495089       0.495198       0.495308       0.495420       0.495534       0.495651       0.495771       0.495895       0.496022       0.496151       0.496283       0.496416       0.496550       0.496685       0.496820       0.496954       0.497087       0.497218       0.497346       0.497471       0.497592       0.497710       0.497823       0.497931       0.498034       0.498132       0.498224       0.498310       0.498390       0.498464       0.498532       0.498593       0.498648       0.498697       0.498739       0.498775       0.498804       0.498827       0.498844       0.498853       0.498857       0.498853       0.498844       0.498827       0.498804       0.498775       0.498739       0.498697       0.498648       0.498593       0.498532       0.498464       0.498390       0.498310       0.498224       0.498132       0.498034       0.497931       0.497823       0.497710       0.497592       0.497471       0.497346       0.497218       0.497087       0.496954       0.496820       0.496685       0.496550       0.496416       0.496283       0.496151       0.496022       0.495895       0.495771       0.495651       0.495534       0.495420       0.495308       0.495198       0.495089       0.494980       0.494868       0.494752       0.494628       0.494494       0.494346       0.494178       0.493986       0.493764       0.493506       0.493203       0.492846       0.492428       0.491938       0.491364       0.490697       0.489925       0.489037       0.488025       0.486884       0.485614       0.484226       0.482742       0.481205       0.479683       0.478274       0.477110       0.476349       0.476147       0.476616       0.477746       0.479333       0.480949       0.481988       0.481808       0.479928       0.476273       0.471472       0.467282       0.467282
       0.467278       0.467278       0.471466       0.476267       0.479919       0.481795       0.481970       0.480923       0.479298       0.477700       0.476556       0.476070       0.476252       0.476991       0.478131       0.479515       0.481010       0.482518       0.483973       0.485331       0.486571       0.487681       0.488663       0.489521       0.490264       0.490902       0.491448       0.491911       0.492304       0.492636       0.492916       0.493155       0.493358       0.493533       0.493687       0.493824       0.493949       0.494066       0.494178       0.494289       0.494400       0.494513       0.494629       0.494749       0.494874       0.495004       0.495139       0.495279       0.495423       0.495572       0.495723       0.495877       0.496032       0.496189       0.496345       0.496501       0.496655       0.496807       0.496956       0.497102       0.497243       0.497379       0.497511       0.497636       0.497756       0.497869       0.497976       0.498075       0.498168       0.498254       0.498332       0.498403       0.498467       0.498523       0.498572       0.498613       0.498647       0.498674       0.498692       0.498704       0.498707       0.498704       0.498692       0.498674       0.498647       0.498613       0.498572       0.498523       0.498467       0.498403       0.498332       0.498254       0.498168       0.498075       0.497976       0.497869       0.497756       0.497636       0.497511       0.497379       0.497243       0.497102       0.496956       0.496807       0.496655       0.496501       0.496345       0.496189       0.496032       0.495877       0.495723       0.495572       0.495423       0.495279       0.495139       0.495004       0.494874       0.494749       0.494629       0.494513       0.494400       0.494289       0.494178       0.494066       0.493949       0.493824       0.493687       0.493533       0.493358       0.493155       0.492916       0.492636       0.492304       0.491911       0.491448       0.490902       0.490264       0.489521       0.488663       0.487681       0.486571       0.485331       0.483973       0.482518       0.481010       0.479515       0.478131       0.476991       0.476252       0.476070       0.476556       0.477700       0.479298       0.480923       0.481970       0.481795       0.479919       0.476267       0.471466       0.467278       0.467278
       0.467273       0.467273       0.471460       0.476259       0.479908       0.481780       0.481949       0.480894       0.479259       0.477647       0.476487       0.475981       0.476141       0.476855       0.477968       0.479321       0.480785       0.482261       0.483681       0.485005       0.486209       0.487285       0.488231       0.489054       0.489762       0.490367       0.490879       0.491311       0.491673       0.491977       0.492231       0.492444       0.492626       0.492782       0.492919       0.493042       0.493157       0.493266       0.493374       0.493484       0.493596       0.493714       0.493838       0.493969       0.494107       0.494253       0.494405       0.494564       0.494730       0.494900       0.495075       0.495253       0.495434       0.495616       0.495798       0.495979       0.496159       0.496336       0.496510       0.496679       0.496843       0.497002       0.497154       0.497300       0.497439       0.497570       0.497694       0.497809       0.497917       0.498016       0.498106       0.498189       0.498262       0.498327       0.498383       0.498431       0.498470       0.498500       0.498522       0.498535       0.498539       0.498535       0.498522       0.498500       0.498470       0.498431       0.498383       0.498327       0.498262       0.498189       0.498106       0.498016       0.497917       0.497809       0.497694       0.497570       0.497439       0.497300       0.497154       0.497002       0.496843       0.496679       0.496510       0.496336       0.496159       0.495979       0.495798       0.495616       0.495434       0.495253       0.495075       0.494900       0.494730       0.494564       0.494405       0.494253       0.494107       0.493969       0.493838       0.493714       0.493596       0.493484       0.493374       0.493266       0.493157       0.493042       0.492919       0.492782       0.492626       0.492444       0.492231       0.491977       0.491673       0.491311       0.490879       0.490367       0.489762       0.489054       0.488231       0.487285       0.486209       0.485005       0.483681       0.482261       0.480785       0.479321       0.477968       0.476855       0.476141       0.475981       0.476487       0.477647       0.479259       0.480894       0.481949       0.481780       0.479908       0.476259       0.471460       0.467273       0.467273
       0.467267       0.467267       0.471454       0.476250       0.479896       0.481763       0.481925       0.480861       0.479214       0.477587       0.476408       0.475880       0.476014       0.476699       0.477780       0.479099       0.480527       0.481964       0.483346       0.484629       0.485792       0.486827       0.487732       0.488513       0.489181       0.489746       0.490219       0.490614       0.490940       0.491210       0.491433       0.491618       0.491773       0.491906       0.492023       0.492131       0.492233       0.492334       0.492437       0.492545       0.492660       0.492784       0.492918       0.493061       0.493215       0.493379       0.493553       0.493735       0.493926       0.494123       0.494326       0.494533       0.494743       0.494955       0.495167       0.495379       0.495588       0.495795       0.495997       0.496194       0.496385       0.496570       0.496747       0.496917       0.497078       0.497230       0.497373       0.497507       0.497631       0.497746       0.497850       0.497945       0.498030       0.498105       0.498170       0.498225       0.498270       0.498305       0.498329       0.498344       0.498349       0.498344       0.498329       0.498305       0.498270       0.498225       0.498170       0.498105       0.498030       0.497945       0.497850       0.497746       0.497631       0.497507       0.497373       0.497230       0.497078       0.496917       0.496747       0.496570       0.496385       0.496194       0.495997       0.495795       0.495588       0.495379       0.495167       0.494955       0.494743       0.494533       0.494326       0.494123       0.493926       0.493735       0.493553       0.493379       0.493215       0.493061       0.492918       0.492784       0.492660       0.492545       0.492437       0.492334       0.492233       0.492131       0.492023       0.491906       0.491773       0.491618       0.491433       0.491210       0.490940       0.490614       0.490219       0.489746       0.489181       0.488513       0.487732       0.486827       0.485792       0.484629       0.483346       0.481964       0.480527       0.479099       0.477780       0.476699       0.476014       0.475880       0.476408       0.477587       0.479214       0.480861       0.481925       0.481763       0.479896       0.476250       0.471454       0.467267       0.467267
       0.467261       0.467261       0.471447       0.476241       0.479883       0.481744       0.481898       0.480824       0.479162       0.477518       0.476318       0.475764       0.475869       0.476521       0.477565       0.478845       0.480230       0.481624       0.482959       0.484196       0.485312       0.486298       0.487155       0.487888       0.488508       0.489026       0.489454       0.489804       0.490089       0.490319       0.490504       0.490655       0.490780       0.490886       0.490980       0.491068       0.491156       0.491247       0.491344       0.491451       0.491569       0.491701       0.491846       0.492005       0.492178       0.492364       0.492563       0.492773       0.492994       0.493223       0.493459       0.493700       0.493946       0.494193       0.494441       0.494688       0.494933       0.495173       0.495409       0.495639       0.495862       0.496077       0.496283       0.496479       0.496666       0.496843       0.497009       0.497164       0.497307       0.497440       0.497561       0.497670       0.497768       0.497854       0.497929       0.497992       0.498044       0.498084       0.498113       0.498130       0.498136       0.498130       0.498113       0.498084       0.498044       0.497992       0.497929       0.497854       0.497768       0.497670       0.497561       0.497440       0.497307       0.497164       0.497009       0.496843       0.496666       0.496479       0.496283       0.496077       0.495862       0.495639       0.495409       0.495173       0.494933       0.494688       0.494441       0.494193       0.493946       0.493700       0.493459       0.493223       0.492994       0.492773       0.492563       0.492364       0.492178       0.492005       0.491846       0.491701       0.491569       0.491451       0.491344       0.491247       0.491156       0.491068       0.490980       0.490886       0.490780       0.490655       0.490504       0.490319       0.490089       0.489804       0.489454       0.489026       0.488508       0.487888       0.487155       0.486298       0.485312       0.484196       0.482959       0.481624       0.480230       0.478845       0.477565       0.476521       0.475869       0.475764       0.476318       0.477518       0.479162       0.480824       0.481898       0.481744       0.479883       0.476241       0.471447       0.467261       0.467261
       0.467255       0.467255       0.471439       0.476230       0.479868       0.481722       0.481868       0.480781       0.479104       0.477440       0.476215       0.475633       0.475703       0.476317       0.477319       0.478553       0.479890       0.481233       0.482515       0.483698       0.484758       0.485688       0.486488       0.487165       0.487729       0.488192       0.488566       0.488865       0.489099       0.489282       0.489424       0.489534       0.489622       0.489697       0.489764       0.489830       0.489900       0.489979       0.490070       0.490176       0.490299       0.490439       0.490598       0.490776       0.490972       0.491185       0.491414       0.491658       0.491914       0.492181       0.492456       0.492739       0.493026       0.493315       0.493605       0.493894       0.494180       0.494461       0.494736       0.495004       0.495263       0.495513       0.495753       0.495981       0.496198       0.496403       0.496595       0.496774       0.496940       0.497093       0.497233       0.497359       0.497472       0.497571       0.497657       0.497730       0.497789       0.497836       0.497869       0.497888       0.497895       0.497888       0.497869       0.497836       0.497789       0.497730       0.497657       0.497571       0.497472       0.497359       0.497233       0.497093       0.496940       0.496774       0.496595       0.496403       0.496198       0.495981       0.495753       0.495513       0.495263       0.495004       0.494736       0.494461       0.494180       0.493894       0.493605       0.493315       0.493026       0.492739       0.492456       0.492181       0.491914       0.491658       0.491414       0.491185       0.490972       0.490776       0.490598       0.490439       0.490299       0.490176       0.490070       0.489979       0.489900       0.489830       0.489764       0.489697       0.489622       0.489534       0.489424       0.489282       0.489099       0.488865       0.488566       0.488192       0.487729       0.487165       0.486488       0.485688       0.484758       0.483698       0.482515       0.481233       0.479890       0.478553       0.477319       0.476317       0.475703       0.475633       0.476215       0.477440       0.479104       0.480781       0.481868       0.481722       0.479868       0.476230       0.471439       0.467255       0.467255
       0.467248       0.467248       0.471431       0.476218       0.479851       0.481698       0.481833       0.480733       0.479039       0.477351       0.476098       0.475482       0.475514       0.476084       0.477037       0.478219       0.479500       0.480784       0.482005       0.483125       0.484121       0.484985       0.485719       0.486330       0.486828       0.487227       0.487538       0.487774       0.487950       0.488077       0.488167       0.488230       0.488275       0.488311       0.488346       0.488386       0.488436       0.488501       0.488585       0.488690       0.488818       0.488970       0.489146       0.489347       0.489570       0.489816       0.490081       0.490365       0.490664       0.490976       0.491298       0.491629       0.491965       0.492304       0.492644       0.492982       0.493316       0.493644       0.493966       0.494278       0.494580       0.494871       0.495149       0.495414       0.495666       0.495903       0.496125       0.496332       0.496524       0.496701       0.496862       0.497008       0.497137       0.497252       0.497351       0.497435       0.497503       0.497556       0.497594       0.497616       0.497624       0.497616       0.497594       0.497556       0.497503       0.497435       0.497351       0.497252       0.497137       0.497008       0.496862       0.496701       0.496524       0.496332       0.496125       0.495903       0.495666       0.495414       0.495149       0.494871       0.494580       0.494278       0.493966       0.493644       0.493316       0.492982       0.492644       0.492304       0.491965       0.491629       0.491298       0.490976       0.490664       0.490365       0.490081       0.489816       0.489570       0.489347       0.489146       0.488970       0.488818       0.488690       0.488585       0.488501       0.488436       0.488386       0.488346       0.488311       0.488275       0.488230       0.488167       0.488077       0.487950       0.487774       0.487538       0.487227       0.486828       0.486330       0.485719       0.484985       0.484121       0.483125       0.482005       0.480784       0.479500       0.478219       0.477037       0.476084       0.475514       0.475482       0.476098       0.477351       0.479039       0.480733       0.481833       0.481698       0.479851       0.476218       0.471431       0.467248       0.467248
       0.467240       0.467240       0.471421       0.476206       0.479832       0.481671       0.481795       0.480679       0.478964       0.477251       0.475966       0.475312       0.475299       0.475819       0.476716       0.477837       0.479054       0.480269       0.481420       0.482466       0.483387       0.484175       0.484832       0.485366       0.485787       0.486109       0.486345       0.486510       0.486616       0.486677       0.486705       0.486711       0.486706       0.486697       0.486694       0.486702       0.486729       0.486778       0.486854       0.486958       0.487093       0.487259       0.487457       0.487685       0.487942       0.488226       0.488535       0.488866       0.489216       0.489582       0.489961       0.490349       0.490743       0.491141       0.491539       0.491934       0.492325       0.492709       0.493084       0.493448       0.493800       0.494138       0.494462       0.494770       0.495061       0.495336       0.495593       0.495832       0.496054       0.496258       0.496443       0.496611       0.496760       0.496892       0.497006       0.497102       0.497180       0.497241       0.497284       0.497311       0.497319       0.497311       0.497284       0.497241       0.497180       0.497102       0.497006       0.496892       0.496760       0.496611       0.496443       0.496258       0.496054       0.495832       0.495593       0.495336       0.495061       0.494770       0.494462       0.494138       0.493800       0.493448       0.493084       0.492709       0.492325       0.491934       0.491539       0.491141       0.490743       0.490349       0.489961       0.489582       0.489216       0.488866       0.488535       0.488226       0.487942       0.487685       0.487457       0.487259       0.487093       0.486958       0.486854       0.486778       0.486729       0.486702       0.486694       0.486697       0.486706       0.486711       0.486705       0.486677       0.486616       0.486510       0.486345       0.486109       0.485787       0.485366       0.484832       0.484175       0.483387       0.482466       0.481420       0.480269       0.479054       0.477837       0.476716       0.475819       0.475299       0.475312       0.475966       0.477251       0.478964       0.480679       0.481795       0.481671       0.479832       0.476206       0.471421       0.467240       0.467240
       0.467232       0.467232       0.471411       0.476192       0.479812       0.481641       0.481752       0.480618       0.478880       0.477137       0.475816       0.475118       0.475054       0.475516       0.476350       0.477401       0.478543       0.479680       0.480749       0.481710       0.482543       0.483242       0.483809       0.484252       0.484583       0.484816       0.484964       0.485043       0.485068       0.485051       0.485006       0.484945       0.484879       0.484817       0.484769       0.484741       0.484740       0.484771       0.484837       0.484941       0.485085       0.485269       0.485492       0.485754       0.486051       0.486382       0.486743       0.487131       0.487542       0.487972       0.488417       0.488873       0.489336       0.489803       0.490269       0.490733       0.491190       0.491639       0.492077       0.492501       0.492911       0.493304       0.493680       0.494037       0.494375       0.494692       0.494990       0.495266       0.495522       0.495756       0.495970       0.496163       0.496335       0.496486       0.496617       0.496727       0.496817       0.496887       0.496937       0.496966       0.496976       0.496966       0.496937       0.496887       0.496817       0.496727       0.496617       0.496486       0.496335       0.496163       0.495970       0.495756       0.495522       0.495266       0.494990       0.494692       0.494375       0.494037       0.493680       0.493304       0.492911       0.492501       0.492077       0.491639       0.491190       0.490733       0.490269       0.489803       0.489336       0.488873       0.488417       0.487972       0.487542       0.487131       0.486743       0.486382       0.486051       0.485754       0.485492       0.485269       0.485085       0.484941       0.484837       0.484771       0.484740       0.484741       0.484769       0.484817       0.484879       0.484945       0.485006       0.485051       0.485068       0.485043       0.484964       0.484816       0.484583       0.484252       0.483809       0.483242       0.482543       0.481710       0.480749       0.479680       0.478543       0.477401       0.476350       0.475516       0.475054       0.475118       0.475816       0.477137       0.478880       0.480618       0.481752       0.481641       0.479812       0.476192       0.471411       0.467232       0.467232
       0.467224       0.467224       0.471401       0.476176       0.479789       0.481608       0.481703       0.480550       0.478785       0.477008       0.475645       0.474897       0.474775       0.475172       0.475932       0.476904       0.477960       0.479007       0.479981       0.480843       0.481575       0.482170       0.482632       0.482969       0.483193       0.483320       0.483365       0.483344       0.483271       0.483162       0.483031       0.482891       0.482753       0.482629       0.482527       0.482456       0.482423       0.482432       0.482488       0.482593       0.482748       0.482953       0.483208       0.483510       0.483856       0.484243       0.484667       0.485123       0.485607       0.486113       0.486637       0.487173       0.487717       0.488265       0.488813       0.489356       0.489891       0.490416       0.490926       0.491421       0.491898       0.492355       0.492791       0.493205       0.493596       0.493964       0.494307       0.494626       0.494921       0.495191       0.495437       0.495658       0.495855       0.496029       0.496179       0.496305       0.496408       0.496488       0.496545       0.496580       0.496591       0.496580       0.496545       0.496488       0.496408       0.496305       0.496179       0.496029       0.495855       0.495658       0.495437       0.495191       0.494921       0.494626       0.494307       0.493964       0.493596       0.493205       0.492791       0.492355       0.491898       0.491421       0.490926       0.490416       0.489891       0.489356       0.488813       0.488265       0.487717       0.487173       0.486637       0.486113       0.485607       0.485123       0.484667       0.484243       0.483856       0.483510       0.483208       0.482953       0.482748       0.482593       0.482488       0.482432       0.482423       0.482456       0.482527       0.482629       0.482753       0.482891       0.483031       0.483162       0.483271       0.483344       0.483365       0.483320       0.483193       0.482969       0.482632       0.482170       0.481575       0.480843       0.479981       0.479007       0.477960       0.476904       0.475932       0.475172       0.474775       0.474897       0.475645       0.477008       0.478785       0.480550       0.481703       0.481608       0.479789       0.476176       0.471401       0.467224       0.467224
       0.467215       0.467215       0.471389       0.476159       0.479764       0.481570       0.481649       0.480473       0.478678       0.476863       0.475453       0.474648       0.474460       0.474780       0.475457       0.476337       0.477295       0.478237       0.479101       0.479850       0.480464       0.480938       0.481277       0.481490       0.481590       0.481593       0.481516       0.481376       0.481189       0.480971       0.480737       0.480503       0.480281       0.480082       0.479917       0.479796       0.479724       0.479708       0.479752       0.479859       0.480028       0.480261       0.480554       0.480905       0.481310       0.481765       0.482264       0.482802       0.483372       0.483968       0.484585       0.485217       0.485857       0.486501       0.487143       0.487780       0.488406       0.489019       0.489615       0.490191       0.490746       0.491277       0.491783       0.492262       0.492714       0.493139       0.493535       0.493903       0.494242       0.494553       0.494835       0.495089       0.495316       0.495515       0.495686       0.495831       0.495949       0.496041       0.496106       0.496145       0.496158       0.496145       0.496106       0.496041       0.495949       0.495831       0.495686       0.495515       0.495316       0.495089       0.494835       0.494553       0.494242       0.493903       0.493535       0.493139       0.492714       0.492262       0.491783       0.491277       0.490746       0.490191       0.489615       0.489019       0.488406       0.487780       0.487143       0.486501       0.485857       0.485217       0.484585       0.483968       0.483372       0.482802       0.482264       0.481765       0.481310       0.480905       0.480554       0.480261       0.480028       0.479859       0.479752       0.479708       0.479724       0.479796       0.479917       0.480082       0.480281       0.480503       0.480737       0.480971       0.481189       0.481376       0.481516       0.481593       0.481590       0.481490       0.481277       0.480938       0.480464       0.479850       0.479101       0.478237       0.477295       0.476337       0.475457       0.474780       0.474460       0.474648       0.475453       0.476863       0.478678       0.480473       0.481649       0.481570       0.479764       0.476159       0.471389       0.467215       0.467215
       0.467206       0.467206       0.471377       0.476141       0.479736       0.481529       0.481589       0.480386       0.478557       0.476699       0.475235       0.474366       0.474102       0.474337       0.474917       0.475693       0.476538       0.477360       0.478097       0.478713       0.479191       0.479525       0.479720       0.479788       0.479742       0.479600       0.479379       0.479099       0.478776       0.478429       0.478075       0.477729       0.477406       0.477120       0.476881       0.476699       0.476583       0.476539       0.476570       0.476679       0.476867       0.477132       0.477472       0.477883       0.478359       0.478895       0.479484       0.480119       0.480793       0.481497       0.482224       0.482968       0.483722       0.484478       0.485232       0.485978       0.486710       0.487426       0.488121       0.488792       0.489437       0.490053       0.490639       0.491194       0.491717       0.492206       0.492663       0.493086       0.493476       0.493833       0.494158       0.494449       0.494709       0.494936       0.495133       0.495298       0.495433       0.495538       0.495612       0.495657       0.495672       0.495657       0.495612       0.495538       0.495433       0.495298       0.495133       0.494936       0.494709       0.494449       0.494158       0.493833       0.493476       0.493086       0.492663       0.492206       0.491717       0.491194       0.490639       0.490053       0.489437       0.488792       0.488121       0.487426       0.486710       0.485978       0.485232       0.484478       0.483722       0.482968       0.482224       0.481497       0.480793       0.480119       0.479484       0.478895       0.478359       0.477883       0.477472       0.477132       0.476867       0.476679       0.476570       0.476539       0.476583       0.476699       0.476881       0.477120       0.477406       0.477729       0.478075       0.478429       0.478776       0.479099       0.479379       0.479600       0.479742       0.479788       0.479720       0.479525       0.479191       0.478713       0.478097       0.477360       0.476538       0.475693       0.474917       0.474337       0.474102       0.474366       0.475235       0.476699       0.478557       0.480386       0.481589       0.481529       0.479736       0.476141       0.471377       0.467206       0.467206
       0.467196       0.467196       0.471364       0.476121       0.479706       0.481483       0.481521       0.480290       0.478422       0.476515       0.474990       0.474047       0.473698       0.473834       0.474306       0.474961       0.475676       0.476360       0.476951       0.477415       0.477734       0.477905       0.477933       0.477831       0.477615       0.477302       0.476912       0.476466       0.475984       0.475485       0.474987       0.474509       0.474068       0.473677       0.473350       0.473098       0.472930       0.472853       0.472870       0.472984       0.473195       0.473500       0.473897       0.474380       0.474942       0.475576       0.476273       0.477024       0.477820       0.478652       0.479510       0.480387       0.481274       0.482162       0.483047       0.483920       0.484776       0.485612       0.486421       0.487202       0.487951       0.488665       0.489344       0.489986       0.490589       0.491154       0.491679       0.492166       0.492614       0.493024       0.493395       0.493729       0.494026       0.494286       0.494511       0.494700       0.494854       0.494973       0.495058       0.495109       0.495126       0.495109       0.495058       0.494973       0.494854       0.494700       0.494511       0.494286       0.494026       0.493729       0.493395       0.493024       0.492614       0.492166       0.491679       0.491154       0.490589       0.489986       0.489344       0.488665       0.487951       0.487202       0.486421       0.485612       0.484776       0.483920       0.483047       0.482162       0.481274       0.480387       0.479510       0.478652       0.477820       0.477024       0.476273       0.475576       0.474942       0.474380       0.473897       0.473500       0.473195       0.472984       0.472870       0.472853       0.472930       0.473098       0.473350       0.473677       0.474068       0.474509       0.474987       0.475485       0.475984       0.476466       0.476912       0.477302       0.477615       0.477831       0.477933       0.477905       0.477734       0.477415       0.476951       0.476360       0.475676       0.474961       0.474306       0.473834       0.473698       0.474047       0.474990       0.476515       0.478422       0.480290       0.481521       0.481483       0.479706       0.476121       0.471364       0.467196       0.467196
       0.467186       0.467186       0.471350       0.476100       0.479673       0.481432       0.481446       0.480182       0.478271       0.476308       0.474714       0.473689       0.473241       0.473267       0.473613       0.474131       0.474698       0.475223       0.475647       0.475934       0.476070       0.476051       0.475885       0.475585       0.475169       0.474656       0.474068       0.473427       0.472756       0.472076       0.471409       0.470775       0.470193       0.469680       0.469249       0.468915       0.468686       0.468570       0.468571       0.468693       0.468933       0.469289       0.469755       0.470325       0.470991       0.471741       0.472567       0.473456       0.474398       0.475381       0.476395       0.477428       0.478471       0.479515       0.480551       0.481573       0.482574       0.483548       0.484491       0.485398       0.486267       0.487095       0.487880       0.488620       0.489316       0.489966       0.490571       0.491130       0.491644       0.492113       0.492538       0.492920       0.493259       0.493557       0.493813       0.494028       0.494204       0.494340       0.494436       0.494494       0.494514       0.494494       0.494436       0.494340       0.494204       0.494028       0.493813       0.493557       0.493259       0.492920       0.492538       0.492113       0.491644       0.491130       0.490571       0.489966       0.489316       0.488620       0.487880       0.487095       0.486267       0.485398       0.484491       0.483548       0.482574       0.481573       0.480551       0.479515       0.478471       0.477428       0.476395       0.475381       0.474398       0.473456       0.472567       0.471741       0.470991       0.470325       0.469755       0.469289       0.468933       0.468693       0.468571       0.468570       0.468686       0.468915       0.469249       0.469680       0.470193       0.470775       0.471409       0.472076       0.472756       0.473427       0.474068       0.474656       0.475169       0.475585       0.475885       0.476051       0.476070       0.475934       0.475647       0.475223       0.474698       0.474131       0.473613       0.473267       0.473241       0.473689       0.474714       0.476308       0.478271       0.480182       0.481446       0.481432       0.479673       0.476100       0.471350       0.467186       0.467186
       0.467176       0.467176       0.471336       0.476077       0.479636       0.481376       0.481363       0.480061       0.478102       0.476076       0.474405       0.473285       0.472727       0.472626       0.472831       0.473193       0.473590       0.473933       0.474164       0.474249       0.474172       0.473934       0.473542       0.473011       0.472361       0.471613       0.470792       0.469922       0.469028       0.468136       0.467269       0.466451       0.465702       0.465043       0.464491       0.464059       0.463759       0.463600       0.463585       0.463716       0.463993       0.464410       0.464961       0.465637       0.466427       0.467318       0.468297       0.469351       0.470466       0.471628       0.472824       0.474041       0.475267       0.476492       0.477707       0.478902       0.480070       0.481205       0.482301       0.483355       0.484362       0.485320       0.486226       0.487081       0.487882       0.488629       0.489324       0.489965       0.490553       0.491090       0.491576       0.492012       0.492399       0.492738       0.493030       0.493275       0.493475       0.493629       0.493739       0.493805       0.493827       0.493805       0.493739       0.493629       0.493475       0.493275       0.493030       0.492738       0.492399       0.492012       0.491576       0.491090       0.490553       0.489965       0.489324       0.488629       0.487882       0.487081       0.486226       0.485320       0.484362       0.483355       0.482301       0.481205       0.480070       0.478902       0.477707       0.476492       0.475267       0.474041       0.472824       0.471628       0.470466       0.469351       0.468297       0.467318       0.466427       0.465637       0.464961       0.464410       0.463993       0.463716       0.463585       0.463600       0.463759       0.464059       0.464491       0.465043       0.465702       0.466451       0.467269       0.468136       0.469028       0.469922       0.470792       0.471613       0.472361       0.473011       0.473542       0.473934       0.474172       0.474249       0.474164       0.473933       0.473590       0.473193       0.472831       0.472626       0.472727       0.473285       0.474405       0.476076       0.478102       0.480061       0.481363       0.481376       0.479636       0.476077       0.471336       0.467176       0.467176
       0.467166       0.467166       0.471321       0.476053       0.479597       0.481315       0.481270       0.479927       0.477913       0.475817       0.474058       0.472832       0.472150       0.471905       0.471949       0.472133       0.472337       0.472472       0.472482       0.472333       0.472012       0.471520       0.470865       0.470066       0.469143       0.468121       0.467026       0.465886       0.464731       0.463588       0.462485       0.461448       0.460504       0.459673       0.458977       0.458432       0.458049       0.457840       0.457807       0.457954       0.458276       0.458769       0.459423       0.460226       0.461164       0.462223       0.463385       0.464635       0.465954       0.467327       0.468738       0.470171       0.471612       0.473049       0.474470       0.475867       0.477229       0.478549       0.479823       0.481044       0.482210       0.483316       0.484362       0.485346       0.486267       0.487126       0.487922       0.488656       0.489329       0.489943       0.490497       0.490994       0.491435       0.491821       0.492152       0.492431       0.492658       0.492834       0.492959       0.493033       0.493058       0.493033       0.492959       0.492834       0.492658       0.492431       0.492152       0.491821       0.491435       0.490994       0.490497       0.489943       0.489329       0.488656       0.487922       0.487126       0.486267       0.485346       0.484362       0.483316       0.482210       0.481044       0.479823       0.478549       0.477229       0.475867       0.474470       0.473049       0.471612       0.470171       0.468738       0.467327       0.465954       0.464635       0.463385       0.462223       0.461164       0.460226       0.459423       0.458769       0.458276       0.457954       0.457807       0.457840       0.458049       0.458432       0.458977       0.459673       0.460504       0.461448       0.462485       0.463588       0.464731       0.465886       0.467026       0.468121       0.469143       0.470066       0.470865       0.471520       0.472012       0.472333       0.472482       0.472472       0.472337       0.472133       0.471949       0.471905       0.472150       0.472832       0.474058       0.475817       0.477913       0.479927       0.481270       0.481315       0.479597       0.476053       0.471321       0.467166       0.467166
       0.467157       0.467157       0.471306       0.476027       0.479554       0.481247       0.481168       0.479779       0.477703       0.475528       0.473671       0.472325       0.471502       0.471096       0.470957       0.470940       0.470924       0.470822       0.470578       0.470162       0.469559       0.468773       0.467815       0.466703       0.465462       0.464119       0.462704       0.461249       0.459786       0.458347       0.456966       0.455672       0.454497       0.453465       0.452599       0.451921       0.451443       0.451176       0.451126       0.451293       0.451673       0.452257       0.453035       0.453991       0.455108       0.456367       0.457747       0.459228       0.460789       0.462410       0.464073       0.465758       0.467450       0.469133       0.470795       0.472424       0.474010       0.475545       0.477022       0.478437       0.479783       0.481060       0.482265       0.483396       0.484454       0.485438       0.486349       0.487189       0.487957       0.488657       0.489289       0.489854       0.490355       0.490794       0.491170       0.491487       0.491744       0.491943       0.492085       0.492169       0.492198       0.492169       0.492085       0.491943       0.491744       0.491487       0.491170       0.490794       0.490355       0.489854       0.489289       0.488657       0.487957       0.487189       0.486349       0.485438       0.484454       0.483396       0.482265       0.481060       0.479783       0.478437       0.477022       0.475545       0.474010       0.472424       0.470795       0.469133       0.467450       0.465758       0.464073       0.462410       0.460789       0.459228       0.457747       0.456367       0.455108       0.453991       0.453035       0.452257       0.451673       0.451293       0.451126       0.451176       0.451443       0.451921       0.452599       0.453465       0.454497       0.455672       0.456966       0.458347       0.459786       0.461249       0.462704       0.464119       0.465462       0.466703       0.467815       0.468773       0.469559       0.470162       0.470578       0.470822       0.470924       0.470940       0.470957       0.471096       0.471502       0.472325       0.473671       0.475528       0.477703       0.479779       0.481168       0.481247       0.479554       0.476027       0.471306       0.467157       0.467157
       0.467147       0.467147       0.471290       0.475999       0.479507       0.481173       0.481056       0.479614       0.477469       0.475207       0.473238       0.471759       0.470778       0.470189       0.469845       0.469599       0.469333       0.468962       0.468429       0.467706       0.466780       0.465656       0.464347       0.462873       0.461263       0.459546       0.457757       0.455931       0.454106       0.452321       0.450612       0.449017       0.447569       0.446300       0.445237       0.444403       0.443815       0.443484       0.443416       0.443610       0.444061       0.444758       0.445686       0.446826       0.448156       0.449652       0.451290       0.453044       0.454889       0.456802       0.458759       0.460739       0.462722       0.464691       0.466631       0.468529       0.470373       0.472154       0.473865       0.475499       0.477053       0.478524       0.479909       0.481208       0.482420       0.483546       0.484588       0.485545       0.486422       0.487218       0.487936       0.488579       0.489148       0.489645       0.490072       0.490430       0.490722       0.490947       0.491107       0.491203       0.491235       0.491203       0.491107       0.490947       0.490722       0.490430       0.490072       0.489645       0.489148       0.488579       0.487936       0.487218       0.486422       0.485545       0.484588       0.483546       0.482420       0.481208       0.479909       0.478524       0.477053       0.475499       0.473865       0.472154       0.470373       0.468529       0.466631       0.464691       0.462722       0.460739       0.458759       0.456802       0.454889       0.453044       0.451290       0.449652       0.448156       0.446826       0.445686       0.444758       0.444061       0.443610       0.443416       0.443484       0.443815       0.444403       0.445237       0.446300       0.447569       0.449017       0.450612       0.452321       0.454106       0.455931       0.457757       0.459546       0.461263       0.462873       0.464347       0.465656       0.466780       0.467706       0.468429       0.468962       0.469333       0.469599       0.469845       0.470189       0.470778       0.471759       0.473238       0.475207       0.477469       0.479614       0.481056       0.481173       0.479507       0.475999       0.471290       0.467147       0.467147
       0.467138       0.467138       0.471275       0.475970       0.479456       0.481092       0.480932       0.479432       0.477211       0.474849       0.472758       0.471129       0.469970       0.469177       0.468600       0.468097       0.467549       0.466871       0.466010       0.464936       0.463640       0.462127       0.460413       0.458522       0.456483       0.454332       0.452106       0.449848       0.447601       0.445409       0.443316       0.441367       0.439600       0.438054       0.436760       0.435745       0.435030       0.434627       0.434541       0.434772       0.435312       0.436145       0.437253       0.438613       0.440196       0.441973       0.443915       0.445991       0.448169       0.450422       0.452722       0.455044       0.457365       0.459665       0.461925       0.464132       0.466272       0.468335       0.470312       0.472198       0.473988       0.475678       0.477268       0.478756       0.480143       0.481430       0.482617       0.483709       0.484706       0.485611       0.486426       0.487155       0.487800       0.488362       0.488845       0.489250       0.489579       0.489834       0.490015       0.490123       0.490159       0.490123       0.490015       0.489834       0.489579       0.489250       0.488845       0.488362       0.487800       0.487155       0.486426       0.485611       0.484706       0.483709       0.482617       0.481430       0.480143       0.478756       0.477268       0.475678       0.473988       0.472198       0.470312       0.468335       0.466272       0.464132       0.461925       0.459665       0.457365       0.455044       0.452722       0.450422       0.448169       0.445991       0.443915       0.441973       0.440196       0.438613       0.437253       0.436145       0.435312       0.434772       0.434541       0.434627       0.435030       0.435745       0.436760       0.438054       0.439600       0.441367       0.443316       0.445409       0.447601       0.449848       0.452106       0.454332       0.456483       0.458522       0.460413       0.462127       0.463640       0.464936       0.466010       0.466871       0.467549       0.468097       0.468600       0.469177       0.469970       0.471129       0.472758       0.474849       0.477211       0.479432       0.480932       0.481092       0.479456       0.475970       0.471275       0.467138       0.467138
       0.467129       0.467129       0.471259       0.475939       0.479402       0.481003       0.480796       0.479232       0.476926       0.474454       0.472225       0.470429       0.469072       0.468049       0.467213       0.466419       0.465552       0.464528       0.463294       0.461822       0.460103       0.458146       0.455967       0.453594       0.451060       0.448405       0.445672       0.442911       0.440171       0.437504       0.434963       0.432599       0.430460       0.428590       0.427028       0.425805       0.424944       0.424460       0.424359       0.424639       0.425287       0.426285       0.427610       0.429230       0.431113       0.433222       0.435521       0.437972       0.440539       0.443188       0.445885       0.448603       0.451313       0.453993       0.456621       0.459182       0.461660       0.464044       0.466325       0.468496       0.470553       0.472493       0.474314       0.476016       0.477599       0.479066       0.480418       0.481659       0.482791       0.483818       0.484742       0.485567       0.486295       0.486931       0.487476       0.487933       0.488304       0.488591       0.488795       0.488917       0.488958       0.488917       0.488795       0.488591       0.488304       0.487933       0.487476       0.486931       0.486295       0.485567       0.484742       0.483818       0.482791       0.481659       0.480418       0.479066       0.477599       0.476016       0.474314       0.472493       0.470553       0.468496       0.466325       0.464044       0.461660       0.459182       0.456621       0.453993       0.451313       0.448603       0.445885       0.443188       0.440539       0.437972       0.435521       0.433222       0.431113       0.429230       0.427610       0.426285       0.425287       0.424639       0.424359       0.424460       0.424944       0.425805       0.427028       0.428590       0.430460       0.432599       0.434963       0.437504       0.440171       0.442911       0.445672       0.448405       0.451060       0.453594       0.455967       0.458146       0.460103       0.461822       0.463294       0.464528       0.465552       0.466419       0.467213       0.468049       0.469072       0.470429       0.472225       0.474454       0.476926       0.479232       0.480796       0.481003       0.479402       0.475939       0.471259       0.467129       0.467129
       0.467122       0.467122       0.471243       0.475906       0.479343       0.480907       0.480647       0.479012       0.476611       0.474018       0.471636       0.469654       0.468076       0.466797       0.465669       0.464551       0.463326       0.461912       0.460256       0.458332       0.456133       0.453668       0.450957       0.448031       0.444927       0.441690       0.438372       0.435027       0.431715       0.428496       0.425433       0.422587       0.420015       0.417769       0.415897       0.414434       0.413408       0.412835       0.412723       0.413064       0.413845       0.415042       0.416623       0.418553       0.420788       0.423286       0.426001       0.428889       0.431907       0.435013       0.438169       0.441341       0.444498       0.447613       0.450662       0.453626       0.456488       0.459237       0.461862       0.464357       0.466716       0.468936       0.471017       0.472959       0.474763       0.476432       0.477969       0.479376       0.480659       0.481821       0.482866       0.483798       0.484620       0.485337       0.485951       0.486466       0.486884       0.487206       0.487436       0.487573       0.487618       0.487573       0.487436       0.487206       0.486884       0.486466       0.485951       0.485337       0.484620       0.483798       0.482866       0.481821       0.480659       0.479376       0.477969       0.476432       0.474763       0.472959       0.471017       0.468936       0.466716       0.464357       0.461862       0.459237       0.456488       0.453626       0.450662       0.447613       0.444498       0.441341       0.438169       0.435013       0.431907       0.428889       0.426001       0.423286       0.420788       0.418553       0.416623       0.415042       0.413845       0.413064       0.412723       0.412835       0.413408       0.414434       0.415897       0.417769       0.420015       0.422587       0.425433       0.428496       0.431715       0.435027       0.438372       0.441690       0.444927       0.448031       0.450957       0.453668       0.456133       0.458332       0.460256       0.461912       0.463326       0.464551       0.465669       0.466797       0.468076       0.469654       0.471636       0.474018       0.476611       0.479012       0.480647       0.480907       0.479343       0.475906       0.471243       0.467122       0.467122
       0.467115       0.467115       0.471227       0.475872       0.479281       0.480803       0.480485       0.478771       0.476265       0.473538       0.470987       0.468798       0.466975       0.465411       0.463960       0.462478       0.460852       0.459000       0.456869       0.454435       0.451692       0.448651       0.445334       0.441776       0.438019       0.434115       0.430122       0.426104       0.422130       0.418273       0.414606       0.411201       0.408129       0.405450       0.403221       0.401484       0.400272       0.399604       0.399484       0.399905       0.400848       0.402281       0.404167       0.406459       0.409106       0.412055       0.415253       0.418646       0.422182       0.425814       0.429495       0.433187       0.436853       0.440463       0.443989       0.447410       0.450708       0.453868       0.456882       0.459740       0.462438       0.464974       0.467347       0.469557       0.471609       0.473503       0.475245       0.476839       0.478290       0.479602       0.480781       0.481831       0.482758       0.483564       0.484255       0.484833       0.485302       0.485664       0.485922       0.486076       0.486127       0.486076       0.485922       0.485664       0.485302       0.484833       0.484255       0.483564       0.482758       0.481831       0.480781       0.479602       0.478290       0.476839       0.475245       0.473503       0.471609       0.469557       0.467347       0.464974       0.462438       0.459740       0.456882       0.453868       0.450708       0.447410       0.443989       0.440463       0.436853       0.433187       0.429495       0.425814       0.422182       0.418646       0.415253       0.412055       0.409106       0.406459       0.404167       0.402281       0.400848       0.399905       0.399484       0.399604       0.400272       0.401484       0.403221       0.405450       0.408129       0.411201       0.414606       0.418273       0.422130       0.426104       0.430122       0.434115       0.438019       0.441776       0.445334       0.448651       0.451692       0.454435       0.456869       0.459000       0.460852       0.462478       0.463960       0.465411       0.466975       0.468798       0.470987       0.473538       0.476265       0.478771       0.480485       0.480803       0.479281       0.475872       0.471227       0.467115       0.467115
       0.467110       0.467110       0.471211       0.475836       0.479213       0.480690       0.480308       0.478507       0.475887       0.473011       0.470274       0.467857       0.465763       0.463883       0.462072       0.460187       0.458115       0.455772       0.453110       0.450103       0.446747       0.443054       0.439050       0.434774       0.430273       0.425606       0.420841       0.416051       0.411317       0.406726       0.402365       0.398319       0.394671       0.391497       0.388861       0.386815       0.385396       0.384625       0.384506       0.385029       0.386166       0.387880       0.390122       0.392835       0.395959       0.399430       0.403182       0.407153       0.411281       0.415510       0.419788       0.424069       0.428312       0.432480       0.436545       0.440481       0.444268       0.447892       0.451340       0.454606       0.457684       0.460572       0.463271       0.465782       0.468108       0.470254       0.472224       0.474025       0.475661       0.477141       0.478468       0.479649       0.480690       0.481596       0.482371       0.483019       0.483545       0.483951       0.484239       0.484411       0.484468       0.484411       0.484239       0.483951       0.483545       0.483019       0.482371       0.481596       0.480690       0.479649       0.478468       0.477141       0.475661       0.474025       0.472224       0.470254       0.468108       0.465782       0.463271       0.460572       0.457684       0.454606       0.451340       0.447892       0.444268       0.440481       0.436545       0.432480       0.428312       0.424069       0.419788       0.415510       0.411281       0.407153       0.403182       0.399430       0.395959       0.392835       0.390122       0.387880       0.386166       0.385029       0.384506       0.384625       0.385396       0.386815       0.388861       0.391497       0.394671       0.398319       0.402365       0.406726       0.411317       0.416051       0.420841       0.425606       0.430273       0.434774       0.439050       0.443054       0.446747       0.450103       0.453110       0.455772       0.458115       0.460187       0.462072       0.463883       0.465763       0.467857       0.470274       0.473011       0.475887       0.478507       0.480308       0.480690       0.479213       0.475836       0.471211       0.467110       0.467110
       0.467106       0.467106       0.471196       0.475799       0.479141       0.480567       0.480116       0.478220       0.475474       0.472434       0.469492       0.466825       0.464432       0.462205       0.459997       0.457665       0.455097       0.452211       0.448956       0.445309       0.441265       0.436840       0.432063       0.426976       0.421632       0.416100       0.410456       0.404787       0.399188       0.393760       0.388606       0.383829       0.379528       0.375791       0.372697       0.370305       0.368658       0.367780       0.367673       0.368321       0.369691       0.371733       0.374389       0.377589       0.381259       0.385324       0.389706       0.394331       0.399128       0.404031       0.408981       0.413924       0.418813       0.423608       0.428275       0.432787       0.437122       0.441262       0.445196       0.448916       0.452417       0.455697       0.458758       0.461602       0.464233       0.466657       0.468880       0.470910       0.472752       0.474416       0.475907       0.477233       0.478400       0.479415       0.480282       0.481008       0.481596       0.482049       0.482371       0.482564       0.482628       0.482564       0.482371       0.482049       0.481596       0.481008       0.480282       0.479415       0.478400       0.477233       0.475907       0.474416       0.472752       0.470910       0.468880       0.466657       0.464233       0.461602       0.458758       0.455697       0.452417       0.448916       0.445196       0.441262       0.437122       0.432787       0.428275       0.423608       0.418813       0.413924       0.408981       0.404031       0.399128       0.394331       0.389706       0.385324       0.381259       0.377589       0.374389       0.371733       0.369691       0.368321       0.367673       0.367780       0.368658       0.370305       0.372697       0.375791       0.379528       0.383829       0.388606       0.393760       0.399188       0.404787       0.410456       0.416100       0.421632       0.426976       0.432063       0.436840       0.441265       0.445309       0.448956       0.452211       0.455097       0.457665       0.459997       0.462205       0.464432       0.466825       0.469492       0.472434       0.475474       0.478220       0.480116       0.480567       0.479141       0.475799       0.471196       0.467106       0.467106
       0.467103       0.467103       0.471181       0.475760       0.479064       0.480435       0.479907       0.477907       0.475023       0.471806       0.468640       0.465698       0.462978       0.460369       0.457724       0.454901       0.451786       0.448298       0.444387       0.440028       0.435220       0.429979       0.424336       0.418339       0.412049       0.405543       0.398909       0.392247       0.385670       0.379295       0.373246       0.367645       0.362608       0.358241       0.354635       0.351862       0.349970       0.348984       0.348903       0.349706       0.351349       0.353772       0.356901       0.360654       0.364943       0.369676       0.374765       0.380122       0.385666       0.391321       0.397019       0.402698       0.408306       0.413796       0.419132       0.424282       0.429223       0.433936       0.438407       0.442630       0.446599       0.450313       0.453774       0.456986       0.459955       0.462686       0.465188       0.467470       0.469540       0.471406       0.473077       0.474562       0.475868       0.477002       0.477972       0.478782       0.479438       0.479944       0.480303       0.480517       0.480588       0.480517       0.480303       0.479944       0.479438       0.478782       0.477972       0.477002       0.475868       0.474562       0.473077       0.471406       0.469540       0.467470       0.465188       0.462686       0.459955       0.456986       0.453774       0.450313       0.446599       0.442630       0.438407       0.433936       0.429223       0.424282       0.419132       0.413796       0.408306       0.402698       0.397019       0.391321       0.385666       0.380122       0.374765       0.369676       0.364943       0.360654       0.356901       0.353772       0.351349       0.349706       0.348903       0.348984       0.349970       0.351862       0.354635       0.358241       0.362608       0.367645       0.373246       0.379295       0.385670       0.392247       0.398909       0.405543       0.412049       0.418339       0.424336       0.429979       0.435220       0.440028       0.444387       0.448298       0.451786       0.454901       0.457724       0.460369       0.462978       0.465698       0.468640       0.471806       0.475023       0.477907       0.479907       0.480435       0.479064       0.475760       0.471181       0.467103       0.467103
       0.467102       0.467102       0.471167       0.475719       0.478981       0.480292       0.479681       0.477568       0.474534       0.471123       0.467712       0.464472       0.461394       0.458368       0.455246       0.451885       0.448170       0.444022       0.439388       0.434245       0.428592       0.422445       0.415842       0.408834       0.401491       0.393899       0.386159       0.378388       0.370718       0.363286       0.356238       0.349717       0.343862       0.338798       0.334631       0.331444       0.329292       0.328201       0.328166       0.329157       0.331118       0.333975       0.337640       0.342012       0.346988       0.352464       0.358333       0.364498       0.370864       0.377345       0.383864       0.390352       0.396748       0.403003       0.409073       0.414925       0.420532       0.425874       0.430937       0.435712       0.440196       0.444387       0.448289       0.451906       0.455245       0.458314       0.461123       0.463682       0.466000       0.468089       0.469958       0.471617       0.473075       0.474341       0.475421       0.476324       0.477054       0.477617       0.478016       0.478255       0.478334       0.478255       0.478016       0.477617       0.477054       0.476324       0.475421       0.474341       0.473075       0.471617       0.469958       0.468089       0.466000       0.463682       0.461123       0.458314       0.455245       0.451906       0.448289       0.444387       0.440196       0.435712       0.430937       0.425874       0.420532       0.414925       0.409073       0.403003       0.396748       0.390352       0.383864       0.377345       0.370864       0.364498       0.358333       0.352464       0.346988       0.342012       0.337640       0.333975       0.331118       0.329157       0.328166       0.328201       0.329292       0.331444       0.334631       0.338798       0.343862       0.349717       0.356238       0.363286       0.370718       0.378388       0.386159       0.393899       0.401491       0.408834       0.415842       0.422445       0.428592       0.434245       0.439388       0.444022       0.448170       0.451885       0.455246       0.458368       0.461394       0.464472       0.467712       0.471123       0.474534       0.477568       0.479681       0.480292       0.478981       0.475719       0.471167       0.467102       0.467102
       0.467103       0.467103       0.471153       0.475675       0.478892       0.480139       0.479437       0.477201       0.474004       0.470382       0.466707       0.463142       0.459677       0.456199       0.452557       0.448610       0.444243       0.439373       0.433950       0.427948       0.421369       0.414230       0.406571       0.398450       0.389945       0.381155       0.372195       0.363201       0.354324       0.345726       0.337577       0.330046       0.323295       0.317472       0.312700       0.309074       0.306655       0.305468       0.305503       0.306718       0.309044       0.312389       0.316647       0.321700       0.327429       0.333711       0.340428       0.347467       0.354722       0.362097       0.369505       0.376868       0.384119       0.391202       0.398069       0.404684       0.411015       0.417042       0.422750       0.428128       0.433174       0.437887       0.442270       0.446329       0.450074       0.453513       0.456658       0.459520       0.462111       0.464444       0.466529       0.468378       0.470002       0.471410       0.472612       0.473616       0.474427       0.475052       0.475495       0.475760       0.475848       0.475760       0.475495       0.475052       0.474427       0.473616       0.472612       0.471410       0.470002       0.468378       0.466529       0.464444       0.462111       0.459520       0.456658       0.453513       0.450074       0.446329       0.442270       0.437887       0.433174       0.428128       0.422750       0.417042       0.411015       0.404684       0.398069       0.391202       0.384119       0.376868       0.369505       0.362097       0.354722       0.347467       0.340428       0.333711       0.327429       0.321700       0.316647       0.312389       0.309044       0.306718       0.305503       0.305468       0.306655       0.309074       0.312700       0.317472       0.323295       0.330046       0.337577       0.345726       0.354324       0.363201       0.372195       0.381155       0.389945       0.398450       0.406571       0.414230       0.421369       0.427948       0.433950       0.439373       0.444243       0.448610       0.452557       0.456199       0.459677       0.463142       0.466707       0.470382       0.474004       0.477201       0.479437       0.480139       0.478892       0.475675       0.471153       0.467103       0.467103
       0.467105       0.467105       0.471138       0.475629       0.478797       0.479972       0.479173       0.476804       0.473432       0.469583       0.465622       0.461706       0.457823       0.453856       0.449654       0.445074       0.440000       0.434349       0.428070       0.421138       0.413552       0.405333       0.396526       0.387194       0.377426       0.367331       0.357043       0.346717       0.336528       0.326664       0.317322       0.308700       0.300987       0.294354       0.288943       0.284862       0.282177       0.280911       0.281046       0.282524       0.285260       0.289142       0.294044       0.299830       0.306362       0.313503       0.321119       0.329085       0.337283       0.345606       0.353958       0.362252       0.370415       0.378383       0.386105       0.393538       0.400649       0.407414       0.413818       0.419849       0.425503       0.430781       0.435688       0.440229       0.444415       0.448257       0.451768       0.454961       0.457849       0.460447       0.462768       0.464824       0.466629       0.468193       0.469527       0.470640       0.471540       0.472232       0.472724       0.473017       0.473114       0.473017       0.472724       0.472232       0.471540       0.470640       0.469527       0.468193       0.466629       0.464824       0.462768       0.460447       0.457849       0.454961       0.451768       0.448257       0.444415       0.440229       0.435688       0.430781       0.425503       0.419849       0.413818       0.407414       0.400649       0.393538       0.386105       0.378383       0.370415       0.362252       0.353958       0.345606       0.337283       0.329085       0.321119       0.313503       0.306362       0.299830       0.294044       0.289142       0.285260       0.282524       0.281046       0.280911       0.282177       0.284862       0.288943       0.294354       0.300987       0.308700       0.317322       0.326664       0.336528       0.346717       0.357043       0.367331       0.377426       0.387194       0.396526       0.405333       0.413552       0.421138       0.428070       0.434349       0.440000       0.445074       0.449654       0.453856       0.457823       0.461706       0.465622       0.469583       0.473432       0.476804       0.479173       0.479972       0.478797       0.475629       0.471138       0.467105       0.467105
       0.467107       0.467107       0.471123       0.475579       0.478693       0.479793       0.478887       0.476376       0.472814       0.468721       0.464453       0.460162       0.455830       0.451339       0.446535       0.441276       0.435443       0.428954       0.421755       0.413822       0.405154       0.395776       0.385735       0.375102       0.363977       0.352483       0.340772       0.329022       0.317431       0.306218       0.295608       0.285831       0.277104       0.269625       0.263556       0.259018       0.256080       0.254761       0.255031       0.256814       0.260002       0.264462       0.270046       0.276599       0.283967       0.291996       0.300542       0.309465       0.318638       0.327944       0.337278       0.346544       0.355662       0.364560       0.373183       0.381482       0.389421       0.396973       0.404120       0.410850       0.417158       0.423045       0.428516       0.433577       0.438241       0.442520       0.446428       0.449980       0.453191       0.456078       0.458655       0.460937       0.462938       0.464671       0.466149       0.467381       0.468376       0.469142       0.469685       0.470009       0.470117       0.470009       0.469685       0.469142       0.468376       0.467381       0.466149       0.464671       0.462938       0.460937       0.458655       0.456078       0.453191       0.449980       0.446428       0.442520       0.438241       0.433577       0.428516       0.423045       0.417158       0.410850       0.404120       0.396973       0.389421       0.381482       0.373183       0.364560       0.355662       0.346544       0.337278       0.327944       0.318638       0.309465       0.300542       0.291996       0.283967       0.276599       0.270046       0.264462       0.260002       0.256814       0.255031       0.254761       0.256080       0.259018       0.263556       0.269625       0.277104       0.285831       0.295608       0.306218       0.317431       0.329022       0.340772       0.352483       0.363977       0.375102       0.385735       0.395776       0.405154       0.413822       0.421755       0.428954       0.435443       0.441276       0.446535       0.451339       0.455830       0.460162       0.464453       0.468721       0.472814       0.476376       0.478887       0.479793       0.478693       0.475579       0.471123       0.467107       0.467107
       0.467109       0.467109       0.471105       0.475524       0.478580       0.479598       0.478579       0.475914       0.472150       0.467796       0.463200       0.458508       0.453697       0.448646       0.443202       0.437219       0.430579       0.423197       0.415020       0.406022       0.396206       0.385596       0.374247       0.362238       0.349679       0.336711       0.323504       0.310260       0.297203       0.284582       0.272655       0.261683       0.251915       0.243575       0.236848       0.231867       0.228703       0.227368       0.227813       0.229940       0.233616       0.238681       0.244966       0.252298       0.260505       0.269424       0.278898       0.288780       0.298933       0.309231       0.319559       0.329817       0.339913       0.349771       0.359326       0.368527       0.377333       0.385712       0.393643       0.401114       0.408118       0.414655       0.420729       0.426350       0.431528       0.436277       0.440614       0.444554       0.448115       0.451315       0.454169       0.456696       0.458910       0.460827       0.462460       0.463821       0.464920       0.465765       0.466364       0.466722       0.466840       0.466722       0.466364       0.465765       0.464920       0.463821       0.462460       0.460827       0.458910       0.456696       0.454169       0.451315       0.448115       0.444554       0.440614       0.436277       0.431528       0.426350       0.420729       0.414655       0.408118       0.401114       0.393643       0.385712       0.377333       0.368527       0.359326       0.349771       0.339913       0.329817       0.319559       0.309231       0.298933       0.288780       0.278898       0.269424       0.260505       0.252298       0.244966       0.238681       0.233616       0.229940       0.227813       0.227368       0.228703       0.231867       0.236848       0.243575       0.251915       0.261683       0.272655       0.284582       0.297203       0.310260       0.323504       0.336711       0.349679       0.362238       0.374247       0.385596       0.396206       0.406022       0.415020       0.423197       0.430579       0.437219       0.443202       0.448646       0.453697       0.458508       0.463200       0.467796       0.472150       0.475914       0.478579       0.479598       0.478580       0.475524       0.471105       0.467109       0.467109
       0.467108       0.467108       0.471084       0.475462       0.478456       0.479384       0.478244       0.475416       0.471436       0.466804       0.461860       0.456742       0.451424       0.445781       0.439659       0.432911       0.425419       0.417096       0.407889       0.397773       0.386751       0.374853       0.362139       0.348698       0.334654       0.320162       0.305416       0.290640       0.276088       0.262036       0.248776       0.236601       0.225792       0.216603       0.209240       0.203849       0.200503       0.199198       0.199864       0.202373       0.206560       0.212239       0.219218       0.227307       0.236325       0.246097       0.256463       0.267267       0.278369       0.289634       0.300941       0.312181       0.323255       0.334080       0.344583       0.354706       0.364403       0.373638       0.382387       0.390633       0.398369       0.405593       0.412309       0.418524       0.424252       0.429507       0.434304       0.438663       0.442601       0.446139       0.449294       0.452085       0.454530       0.456645       0.458446       0.459946       0.461157       0.462089       0.462748       0.463142       0.463273       0.463142       0.462748       0.462089       0.461157       0.459946       0.458446       0.456645       0.454530       0.452085       0.449294       0.446139       0.442601       0.438663       0.434304       0.429507       0.424252       0.418524       0.412309       0.405593       0.398369       0.390633       0.382387       0.373638       0.364403       0.354706       0.344583       0.334080       0.323255       0.312181       0.300941       0.289634       0.278369       0.267267       0.256463       0.246097       0.236325       0.227307       0.219218       0.212239       0.206560       0.202373       0.199864       0.199198       0.200503       0.203849       0.209240       0.216603       0.225792       0.236601       0.248776       0.262036       0.276088       0.290640       0.305416       0.320162       0.334654       0.348698       0.362139       0.374853       0.386751       0.397773       0.407889       0.417096       0.425419       0.432911       0.439659       0.445781       0.451424       0.456742       0.461860       0.466804       0.471436       0.475416       0.478244       0.479384       0.478456       0.475462       0.471084       0.467108       0.467108
       0.467103       0.467103       0.471056       0.475389       0.478316       0.479150       0.477879       0.474877       0.470668       0.465742       0.460430       0.454864       0.449011       0.442747       0.435914       0.428365       0.419982       0.410677       0.400398       0.389121       0.376852       0.363627       0.349513       0.334610       0.319058       0.303030       0.286741       0.270439       0.254405       0.238943       0.224376       0.211028       0.199212       0.189212       0.181258       0.175510       0.172037       0.170821       0.171758       0.174682       0.179392       0.185670       0.193304       0.202092       0.211847       0.222394       0.233570       0.245220       0.257199       0.269370       0.281605       0.293786       0.305810       0.317582       0.329024       0.340070       0.350666       0.360773       0.370360       0.379408       0.387905       0.395848       0.403238       0.410084       0.416395       0.422188       0.427479       0.432287       0.436631       0.440532       0.444011       0.447087       0.449782       0.452112       0.454095       0.455745       0.457077       0.458101       0.458826       0.459259       0.459403       0.459259       0.458826       0.458101       0.457077       0.455745       0.454095       0.452112       0.449782       0.447087       0.444011       0.440532       0.436631       0.432287       0.427479       0.422188       0.416395       0.410084       0.403238       0.395848       0.387905       0.379408       0.370360       0.360773       0.350666       0.340070       0.329024       0.317582       0.305810       0.293786       0.281605       0.269370       0.257199       0.245220       0.233570       0.222394       0.211847       0.202092       0.193304       0.185670       0.179392       0.174682       0.171758       0.170821       0.172037       0.175510       0.181258       0.189212       0.199212       0.211028       0.224376       0.238943       0.254405       0.270439       0.286741       0.303030       0.319058       0.334610       0.349513       0.363627       0.376852       0.389121       0.400398       0.410677       0.419982       0.428365       0.435914       0.442747       0.449011       0.454864       0.460430       0.465742       0.470668       0.474877       0.477879       0.479150       0.478316       0.475389       0.471056       0.467103       0.467103
       0.467089       0.467089       0.471016       0.475302       0.478157       0.478889       0.477480       0.474293       0.469843       0.464607       0.458909       0.452872       0.446462       0.439549       0.431977       0.423597       0.414290       0.403973       0.392591       0.380126       0.366587       0.352017       0.336494       0.320132       0.303086       0.285552       0.267762       0.249990       0.232539       0.215740       0.199940       0.185492       0.172738       0.161991       0.153512       0.147474       0.143947       0.142887       0.144148       0.147515       0.152740       0.159574       0.167788       0.177175       0.187550       0.198745       0.210604       0.222978       0.235721       0.248695       0.261769       0.274817       0.287728       0.300401       0.312747       0.324693       0.336178       0.347155       0.357587       0.367450       0.376728       0.385414       0.393508       0.401014       0.407941       0.414305       0.420121       0.425408       0.430186       0.434479       0.438306       0.441691       0.444654       0.447215       0.449394       0.451207       0.452670       0.453794       0.454590       0.455065       0.455222       0.455065       0.454590       0.453794       0.452670       0.451207       0.449394       0.447215       0.444654       0.441691       0.438306       0.434479       0.430186       0.425408       0.420121       0.414305       0.407941       0.401014       0.393508       0.385414       0.376728       0.367450       0.357587       0.347155       0.336178       0.324693       0.312747       0.300401       0.287728       0.274817       0.261769       0.248695       0.235721       0.222978       0.210604       0.198745       0.187550       0.177175       0.167788       0.159574       0.152740       0.147515       0.144148       0.142887       0.143947       0.147474       0.153512       0.161991       0.172738       0.185492       0.199940       0.215740       0.232539       0.249990       0.267762       0.285552       0.303086       0.320132       0.336494       0.352017       0.366587       0.380126       0.392591       0.403973       0.414290       0.423597       0.431977       0.439549       0.446462       0.452872       0.458909       0.464607       0.469843       0.474293       0.477480       0.478889       0.478157       0.475302       0.471016       0.467089       0.467089
       0.467059       0.467059       0.470959       0.475193       0.477970       0.478594       0.477039       0.473658       0.468953       0.463394       0.457293       0.450767       0.443778       0.436195       0.427859       0.418624       0.408373       0.397022       0.384522       0.370856       0.356044       0.340137       0.323227       0.305444       0.286962       0.267996       0.248801       0.229670       0.210927       0.192921       0.176015       0.160583       0.146992       0.135587       0.126659       0.120409       0.116908       0.116080       0.117723       0.121553       0.127266       0.134582       0.143260       0.153100       0.163931       0.175604       0.187976       0.200907       0.214260       0.227897       0.241682       0.255487       0.269192       0.282686       0.295874       0.308672       0.321011       0.332836       0.344103       0.354782       0.364850       0.374296       0.383114       0.391306       0.398878       0.405843       0.412215       0.418012       0.423255       0.427966       0.432168       0.435884       0.439136       0.441947       0.444338       0.446327       0.447930       0.449162       0.450034       0.450554       0.450727       0.450554       0.450034       0.449162       0.447930       0.446327       0.444338       0.441947       0.439136       0.435884       0.432168       0.427966       0.423255       0.418012       0.412215       0.405843       0.398878       0.391306       0.383114       0.374296       0.364850       0.354782       0.344103       0.332836       0.321011       0.308672       0.295874       0.282686       0.269192       0.255487       0.241682       0.227897       0.214260       0.200907       0.187976       0.175604       0.163931       0.153100       0.143260       0.134582       0.127266       0.121553       0.117723       0.116080       0.116908       0.120409       0.126659       0.135587       0.146992       0.160583       0.176015       0.192921       0.210927       0.229670       0.248801       0.267996       0.286962       0.305444       0.323227       0.340137       0.356044       0.370856       0.384522       0.397022       0.408373       0.418624       0.427859       0.436195       0.443778       0.450767       0.457293       0.463394       0.468953       0.473658       0.477039       0.478594       0.477970       0.475193       0.470959       0.467059       0.467059
       0.467005       0.467005       0.470876       0.475053       0.477747       0.478256       0.476546       0.472961       0.467992       0.462096       0.455577       0.448547       0.440962       0.432691       0.423575       0.413471       0.402262       0.389869       0.376248       0.361390       0.345324       0.328116       0.309872       0.290743       0.270923       0.250650       0.230199       0.209879       0.190029       0.171003       0.153174       0.136921       0.122626       0.110663       0.101366       0.094978       0.091585       0.091075       0.093161       0.097467       0.103619       0.111306       0.120291       0.130394       0.141476       0.153414       0.166089       0.179378       0.193151       0.207275       0.221612       0.236030       0.250402       0.264610       0.278547       0.292122       0.305257       0.317886       0.329960       0.341438       0.352292       0.362503       0.372059       0.380957       0.389199       0.396793       0.403751       0.410089       0.415827       0.420986       0.425589       0.429660       0.433224       0.436304       0.438922       0.441100       0.442856       0.444204       0.445159       0.445727       0.445916       0.445727       0.445159       0.444204       0.442856       0.441100       0.438922       0.436304       0.433224       0.429660       0.425589       0.420986       0.415827       0.410089       0.403751       0.396793       0.389199       0.380957       0.372059       0.362503       0.352292       0.341438       0.329960       0.317886       0.305257       0.292122       0.278547       0.264610       0.250402       0.236030       0.221612       0.207275       0.193151       0.179378       0.166089       0.153414       0.141476       0.130394       0.120291       0.111306       0.103619       0.097467       0.093161       0.091075       0.091585       0.094978       0.101366       0.110663       0.122626       0.136921       0.153174       0.171003       0.190029       0.209879       0.230199       0.250650       0.270923       0.290743       0.309872       0.328116       0.345324       0.361390       0.376248       0.389869       0.402262       0.413471       0.423575       0.432691       0.440962       0.448547       0.455577       0.462096       0.467992       0.472961       0.476546       0.478256       0.477747       0.475053       0.470876       0.467005       0.467005
       0.466914       0.466914       0.470751       0.474868       0.477473       0.477860       0.475989       0.472191       0.466947       0.460703       0.453756       0.446209       0.438016       0.429045       0.419141       0.408160       0.395992       0.382561       0.367834       0.351810       0.334531       0.316082       0.296589       0.276226       0.255209       0.233800       0.212292       0.191009       0.170293       0.150497       0.131982       0.115116       0.100279       0.087863       0.078259       0.071786       0.068577       0.068479       0.071080       0.075866       0.082378       0.090286       0.099376       0.109516       0.120610       0.132574       0.145318       0.158738       0.172718       0.187127       0.201830       0.216691       0.231575       0.246358       0.260925       0.275176       0.289022       0.302390       0.315221       0.327464       0.339085       0.350054       0.360353       0.369970       0.378902       0.387151       0.394723       0.401633       0.407895       0.413531       0.418564       0.423017       0.426915       0.430284       0.433149       0.435531       0.437450       0.438924       0.439967       0.440588       0.440795       0.440588       0.439967       0.438924       0.437450       0.435531       0.433149       0.430284       0.426915       0.423017       0.418564       0.413531       0.407895       0.401633       0.394723       0.387151       0.378902       0.369970       0.360353       0.350054       0.339085       0.327464       0.315221       0.302390       0.289022       0.275176       0.260925       0.246358       0.231575       0.216691       0.201830       0.187127       0.172718       0.158738       0.145318       0.132574       0.120610       0.109516       0.099376       0.090286       0.082378       0.075866       0.071080       0.068479       0.068577       0.071786       0.078259       0.087863       0.100279       0.115116       0.131982       0.150497       0.170293       0.191009       0.212292       0.233800       0.255209       0.276226       0.296589       0.316082       0.334531       0.351810       0.367834       0.382561       0.395992       0.408160       0.419141       0.429045       0.438016       0.446209       0.453756       0.460703       0.466947       0.472191       0.475989       0.477860       0.477473       0.474868       0.470751       0.466914       0.466914
       0.466764       0.466764       0.470566       0.474617       0.477127       0.477387       0.475346       0.471329       0.465802       0.459204       0.451819       0.443748       0.434941       0.425267       0.414572       0.402718       0.389599       0.375149       0.359343       0.342197       0.323770       0.304165       0.283535       0.262080       0.240043       0.217707       0.195385       0.173409       0.152119       0.131853       0.112944       0.095724       0.080540       0.067782       0.057897       0.051339       0.048368       0.048797       0.052001       0.057255       0.064005       0.071935       0.080892       0.090811       0.101660       0.113398       0.125968       0.139287       0.153249       0.167730       0.182596       0.197708       0.212928       0.228125       0.243178       0.257977       0.272426       0.286444       0.299960       0.312918       0.325269       0.336977       0.348012       0.358355       0.367991       0.376916       0.385130       0.392640       0.399458       0.405603       0.411094       0.415955       0.420214       0.423894       0.427023       0.429624       0.431720       0.433329       0.434468       0.435146       0.435371       0.435146       0.434468       0.433329       0.431720       0.429624       0.427023       0.423894       0.420214       0.415955       0.411094       0.405603       0.399458       0.392640       0.385130       0.376916       0.367991       0.358355       0.348012       0.336977       0.325269       0.312918       0.299960       0.286444       0.272426       0.257977       0.243178       0.228125       0.212928       0.197708       0.182596       0.167730       0.153249       0.139287       0.125968       0.113398       0.101660       0.090811       0.080892       0.071935       0.064005       0.057255       0.052001       0.048797       0.048368       0.051339       0.057897       0.067782       0.080540       0.095724       0.112944       0.131853       0.152119       0.173409       0.195385       0.217707       0.240043       0.262080       0.283535       0.304165       0.323770       0.342197       0.359343       0.375149       0.389599       0.402718       0.414572       0.425267       0.434941       0.443748       0.451819       0.459204       0.465802       0.471329       0.475346       0.477387       0.477127       0.474617       0.470566       0.466764       0.466764
       0.466528       0.466528       0.470291       0.474272       0.476682       0.476808       0.474594       0.470351       0.464538       0.457581       0.449755       0.441158       0.431737       0.421363       0.409884       0.397169       0.383120       0.367681       0.350841       0.332632       0.313136       0.292482       0.270851       0.248471       0.225614       0.202588       0.179723       0.157354       0.135815       0.115419       0.096455       0.079196       0.063916       0.050947       0.040760       0.034014       0.031287       0.032403       0.036327       0.041996       0.048795       0.056492       0.065042       0.074476       0.084826       0.096098       0.108264       0.121257       0.134983       0.149324       0.164146       0.179309       0.194675       0.210107       0.225479       0.240677       0.255599       0.270154       0.284265       0.297864       0.310894       0.323307       0.335061       0.346126       0.356476       0.366096       0.374976       0.383115       0.390520       0.397204       0.403184       0.408484       0.413128       0.417143       0.420557       0.423395       0.425680       0.427435       0.428676       0.429416       0.429661       0.429416       0.428676       0.427435       0.425680       0.423395       0.420557       0.417143       0.413128       0.408484       0.403184       0.397204       0.390520       0.383115       0.374976       0.366096       0.356476       0.346126       0.335061       0.323307       0.310894       0.297864       0.284265       0.270154       0.255599       0.240677       0.225479       0.210107       0.194675       0.179309       0.164146       0.149324       0.134983       0.121257       0.108264       0.096098       0.084826       0.074476       0.065042       0.056492       0.048795       0.041996       0.036327       0.032403       0.031287       0.034014       0.040760       0.050947       0.063916       0.079196       0.096455       0.115419       0.135815       0.157354       0.179723       0.202588       0.225614       0.248471       0.270851       0.292482       0.313136       0.332632       0.350841       0.367681       0.383120       0.397169       0.409884       0.421363       0.431737       0.441158       0.449755       0.457581       0.464538       0.470351       0.474594       0.476808       0.476682       0.474272       0.470291       0.466528       0.466528
       0.466163       0.466163       0.469884       0.473791       0.476097       0.476086       0.473696       0.469227       0.463127       0.455810       0.447548       0.438429       0.428402       0.417338       0.405093       0.391539       0.376591       0.360204       0.342385       0.323188       0.302718       0.281135       0.258650       0.235526       0.212064       0.188596       0.165466       0.143014       0.121561       0.101391       0.082743       0.065813       0.050774       0.037822       0.027317       0.020087       0.017488       0.019583       0.024358       0.030272       0.036824       0.043975       0.051837       0.060537       0.070166       0.080768       0.092332       0.104806       0.118100       0.132101       0.146679       0.161695       0.177009       0.192486       0.207999       0.223430       0.238673       0.253633       0.268226       0.282377       0.296017       0.309087       0.321533       0.333308       0.344374       0.354702       0.364270       0.373067       0.381090       0.388346       0.394848       0.400616       0.405674       0.410049       0.413768       0.416860       0.419351       0.421263       0.422614       0.423420       0.423687       0.423420       0.422614       0.421263       0.419351       0.416860       0.413768       0.410049       0.405674       0.400616       0.394848       0.388346       0.381090       0.373067       0.364270       0.354702       0.344374       0.333308       0.321533       0.309087       0.296017       0.282377       0.268226       0.253633       0.238673       0.223430       0.207999       0.192486       0.177009       0.161695       0.146679       0.132101       0.118100       0.104806       0.092332       0.080768       0.070166       0.060537       0.051837       0.043975       0.036824       0.030272       0.024358       0.019583       0.017488       0.020087       0.027317       0.037822       0.050774       0.065813       0.082743       0.101391       0.121561       0.143014       0.165466       0.188596       0.212064       0.235526       0.258650       0.281135       0.302718       0.323188       0.342385       0.360204       0.376591       0.391539       0.405093       0.417338       0.428402       0.438429       0.447548       0.455810       0.463127       0.469227       0.473696       0.476086       0.476097       0.473791       0.469884       0.466163       0.466163
       0.465609       0.465609       0.469286       0.473115       0.475314       0.475167       0.472602       0.467911       0.461530       0.453863       0.445174       0.435547       0.424931       0.413199       0.400212       0.385852       0.370045       0.352763       0.334031       0.313927       0.292587       0.270202       0.247020       0.223334       0.199479       0.175808       0.152680       0.130437       0.109385       0.089778       0.071810       0.055609       0.041244       0.028744       0.018172       0.009993       0.006964       0.010758       0.016300       0.022012       0.027887       0.034161       0.041084       0.048857       0.057607       0.067392       0.078211       0.090013       0.102714       0.116203       0.130354       0.145033       0.160104       0.175434       0.190899       0.206383       0.221781       0.236997       0.251943       0.266537       0.280703       0.294368       0.307464       0.319929       0.331708       0.342754       0.353031       0.362513       0.371186       0.379048       0.386105       0.392373       0.397874       0.402634       0.406682       0.410048       0.412759       0.414839       0.416309       0.417185       0.417476       0.417185       0.416309       0.414839       0.412759       0.410048       0.406682       0.402634       0.397874       0.392373       0.386105       0.379048       0.371186       0.362513       0.353031       0.342754       0.331708       0.319929       0.307464       0.294368       0.280703       0.266537       0.251943       0.236997       0.221781       0.206383       0.190899       0.175434       0.160104       0.145033       0.130354       0.116203       0.102714       0.090013       0.078211       0.067392       0.057607       0.048857       0.041084       0.034161       0.027887       0.022012       0.016300       0.010758       0.006964       0.009993       0.018172       0.028744       0.041244       0.055609       0.071810       0.089778       0.109385       0.130437       0.152680       0.175808       0.199479       0.223334       0.247020       0.270202       0.292587       0.313927       0.334031       0.352763       0.370045       0.385852       0.400212       0.413199       0.424931       0.435547       0.445174       0.453863       0.461530       0.467911       0.472602       0.475167       0.475314       0.473115       0.469286       0.465609       0.465609
       0.464780       0.464780       0.468409       0.472160       0.474256       0.473978       0.471248       0.466347       0.459700       0.451701       0.442606       0.432495       0.421316       0.408947       0.395254       0.380131       0.363514       0.345396       0.325824       0.304903       0.282800       0.259742       0.236011       0.211938       0.187885       0.164229       0.141337       0.119551       0.099162       0.080397       0.063413       0.048294       0.035050       0.023630       0.013924       0.005781       0.001354       0.006962       0.012018       0.016726       0.021464       0.026596       0.032426       0.039175       0.046973       0.055871       0.065861       0.076892       0.088879       0.101716       0.115283       0.129454       0.144099       0.159094       0.174321       0.189673       0.205050       0.220359       0.235513       0.250428       0.265020       0.279205       0.292901       0.306027       0.318508       0.330279       0.341282       0.351476       0.360832       0.369334       0.376981       0.383783       0.389758       0.394931       0.399332       0.402991       0.405938       0.408199       0.409797       0.410748       0.411064       0.410748       0.409797       0.408199       0.405938       0.402991       0.399332       0.394931       0.389758       0.383783       0.376981       0.369334       0.360832       0.351476       0.341282       0.330279       0.318508       0.306027       0.292901       0.279205       0.265020       0.250428       0.235513       0.220359       0.205050       0.189673       0.174321       0.159094       0.144099       0.129454       0.115283       0.101716       0.088879       0.076892       0.065861       0.055871       0.046973       0.039175       0.032426       0.026596       0.021464       0.016726       0.012018       0.006962       0.001354       0.005781       0.013924       0.023630       0.035050       0.048294       0.063413       0.080397       0.099162       0.119551       0.141337       0.164229       0.187885       0.211938       0.236011       0.259742       0.282800       0.304903       0.325824       0.345396       0.363514       0.380131       0.395254       0.408947       0.421316       0.432495       0.442606       0.451701       0.459700       0.466347       0.471248       0.473978       0.474256       0.472160       0.468409       0.464780       0.464780
       0.463550       0.463550       0.467133       0.470809       0.472810       0.472416       0.469542       0.464457       0.457574       0.449275       0.439808       0.429251       0.417549       0.404585       0.390233       0.374397       0.357029       0.338141       0.317805       0.296157       0.273396       0.249786       0.225647       0.201341       0.177259       0.153796       0.131326       0.110184       0.090643       0.072905       0.057097       0.043272       0.031427       0.021529       0.013580       0.007871       0.005721       0.007439       0.010346       0.013438       0.016791       0.020693       0.025422       0.031171       0.038040       0.046057       0.055198       0.065407       0.076600       0.088680       0.101534       0.115047       0.129102       0.143584       0.158391       0.173424       0.188597       0.203828       0.219034       0.234134       0.249040       0.263660       0.277895       0.291645       0.304815       0.317313       0.329060       0.339992       0.350063       0.359241       0.367514       0.374884       0.381365       0.386980       0.391758       0.395730       0.398929       0.401384       0.403118       0.404151       0.404494       0.404151       0.403118       0.401384       0.398929       0.395730       0.391758       0.386980       0.381365       0.374884       0.367514       0.359241       0.350063       0.339992       0.329060       0.317313       0.304815       0.291645       0.277895       0.263660       0.249040       0.234134       0.219034       0.203828       0.188597       0.173424       0.158391       0.143584       0.129102       0.115047       0.101534       0.088680       0.076600       0.065407       0.055198       0.046057       0.038040       0.031171       0.025422       0.020693       0.016791       0.013438       0.010346       0.007439       0.005721       0.007871       0.013580       0.021529       0.031427       0.043272       0.057097       0.072905       0.090643       0.110184       0.131326       0.153796       0.177259       0.201341       0.225647       0.249786       0.273396       0.296157       0.317805       0.338141       0.357029       0.374397       0.390233       0.404585       0.417549       0.429251       0.439808       0.449275       0.457574       0.464457       0.469542       0.472416       0.472810       0.470809       0.467133       0.463550       0.463550
       0.461744       0.461744       0.465283       0.468896       0.470824       0.470347       0.467368       0.462144       0.455072       0.446525       0.436739       0.425788       0.413619       0.400116       0.385161       0.368672       0.350618       0.331031       0.310010       0.287722       0.264403       0.240351       0.215923       0.191514       0.167536       0.144399       0.122479       0.102098       0.083507       0.066876       0.052298       0.039797       0.029350       0.020926       0.014535       0.010309       0.008405       0.008436       0.009487       0.011035       0.013089       0.015884       0.019655       0.024541       0.030589       0.037792       0.046111       0.055487       0.065842       0.077091       0.089133       0.101865       0.115184       0.128994       0.143204       0.157738       0.172526       0.187501       0.202596       0.217737       0.232836       0.247796       0.262502       0.276837       0.290676       0.303902       0.316409       0.328106       0.338924       0.348814       0.357750       0.365724       0.372743       0.378829       0.384009       0.388316       0.391784       0.394445       0.396324       0.397443       0.397815       0.397443       0.396324       0.394445       0.391784       0.388316       0.384009       0.378829       0.372743       0.365724       0.357750       0.348814       0.338924       0.328106       0.316409       0.303902       0.290676       0.276837       0.262502       0.247796       0.232836       0.217737       0.202596       0.187501       0.172526       0.157738       0.143204       0.128994       0.115184       0.101865       0.089133       0.077091       0.065842       0.055487       0.046111       0.037792       0.030589       0.024541       0.019655       0.015884       0.013089       0.011035       0.009487       0.008436       0.008405       0.010309       0.014535       0.020926       0.029350       0.039797       0.052298       0.066876       0.083507       0.102098       0.122479       0.144399       0.167536       0.191514       0.215923       0.240351       0.264403       0.287722       0.310010       0.331031       0.350618       0.368672       0.385161       0.400116       0.413619       0.425788       0.436739       0.446525       0.455072       0.462144       0.467368       0.470347       0.470824       0.468896       0.465283       0.461744       0.461744
       0.459110       0.459110       0.462615       0.466190       0.468088       0.467584       0.464568       0.459279       0.452098       0.443379       0.433351       0.422081       0.409514       0.395541       0.380053       0.362980       0.344309       0.324097       0.302469       0.279625       0.255836       0.231438       0.206819       0.182404       0.158626       0.135901       0.114602       0.095033       0.077415       0.061879       0.048476       0.037185       0.027938       0.020649       0.015227       0.011572       0.009483       0.008575       0.008409       0.008782       0.009811       0.011762       0.014828       0.019064       0.024448       0.030937       0.038485       0.047040       0.056539       0.066908       0.078065       0.089919       0.102383       0.115378       0.128834       0.142697       0.156921       0.171465       0.186282       0.201314       0.216481       0.231681       0.246788       0.261661       0.276149       0.290104       0.303386       0.315875       0.327474       0.338114       0.347750       0.356363       0.363953       0.370538       0.376145       0.380807       0.384560       0.387438       0.389471       0.390682       0.391084       0.390682       0.389471       0.387438       0.384560       0.380807       0.376145       0.370538       0.363953       0.356363       0.347750       0.338114       0.327474       0.315875       0.303386       0.290104       0.276149       0.261661       0.246788       0.231681       0.216481       0.201314       0.186282       0.171465       0.156921       0.142697       0.128834       0.115378       0.102383       0.089919       0.078065       0.066908       0.056539       0.047040       0.038485       0.030937       0.024448       0.019064       0.014828       0.011762       0.009811       0.008782       0.008409       0.008575       0.009483       0.011572       0.015227       0.020649       0.027938       0.037185       0.048476       0.061879       0.077415       0.095033       0.114602       0.135901       0.158626       0.182404       0.206819       0.231438       0.255836       0.279625       0.302469       0.324097       0.344309       0.362980       0.380053       0.395541       0.409514       0.422081       0.433351       0.443379       0.452098       0.459279       0.464568       0.467584       0.468088       0.466190       0.462615       0.459110       0.459110
       0.455295       0.455295       0.458788       0.462374       0.464316       0.463882       0.460942       0.455707       0.448534       0.439757       0.429593       0.418101       0.405228       0.390870       0.374928       0.357346       0.338134       0.317370       0.295211       0.271888       0.247707       0.223038       0.198303       0.173951       0.150429       0.128160       0.107504       0.088742       0.072061       0.057549       0.045204       0.034950       0.026661       0.020175       0.015308       0.011843       0.009501       0.007960       0.006958       0.006453       0.006722       0.008139       0.010811       0.014636       0.019511       0.025378       0.032205       0.039958       0.048596       0.058061       0.068284       0.079189       0.090703       0.102763       0.115324       0.128357       0.141849       0.155790       0.170165       0.184939       0.200046       0.215385       0.230820       0.246187       0.261305       0.275990       0.290064       0.303372       0.315787       0.327213       0.337586       0.346873       0.355066       0.362177       0.368233       0.373269       0.377322       0.380430       0.382625       0.383931       0.384365       0.383931       0.382625       0.380430       0.377322       0.373269       0.368233       0.362177       0.355066       0.346873       0.337586       0.327213       0.315787       0.303372       0.290064       0.275990       0.261305       0.246187       0.230820       0.215385       0.200046       0.184939       0.170165       0.155790       0.141849       0.128357       0.115324       0.102763       0.090703       0.079189       0.068284       0.058061       0.048596       0.039958       0.032205       0.025378       0.019511       0.014636       0.010811       0.008139       0.006722       0.006453       0.006958       0.007960       0.009501       0.011843       0.015308       0.020175       0.026661       0.034950       0.045204       0.057549       0.072061       0.088742       0.107504       0.128160       0.150429       0.173951       0.198303       0.223038       0.247707       0.271888       0.295211       0.317370       0.338134       0.357346       0.374928       0.390870       0.405228       0.418101       0.429593       0.439757       0.448534       0.455707       0.460942       0.463882       0.464316       0.462374       0.458788       0.455295       0.455295
       0.449808       0.449808       0.453328       0.457009       0.459124       0.458921       0.456235       0.451239       0.444248       0.435573       0.425414       0.413827       0.400759       0.386116       0.369809       0.351803       0.332127       0.310886       0.288266       0.264532       0.240024       0.215145       0.190345       0.166095       0.142855       0.121045       0.101014       0.083016       0.067201       0.053611       0.042192       0.032812       0.025285       0.019392       0.014889       0.011514       0.008986       0.007025       0.005422       0.004180       0.003817       0.005045       0.007659       0.011261       0.015719       0.021012       0.027145       0.034114       0.041896       0.050449       0.059715       0.069625       0.080119       0.091149       0.102694       0.114755       0.127357       0.140532       0.154305       0.168674       0.183597       0.198979       0.214674       0.230496       0.246230       0.261648       0.276534       0.290691       0.303956       0.316204       0.327348       0.337342       0.346166       0.353828       0.360355       0.365780       0.370146       0.373493       0.375856       0.377262       0.377729       0.377262       0.375856       0.373493       0.370146       0.365780       0.360355       0.353828       0.346166       0.337342       0.327348       0.316204       0.303956       0.290691       0.276534       0.261648       0.246230       0.230496       0.214674       0.198979       0.183597       0.168674       0.154305       0.140532       0.127357       0.114755       0.102694       0.091149       0.080119       0.069625       0.059715       0.050449       0.041896       0.034114       0.027145       0.021012       0.015719       0.011261       0.007659       0.005045       0.003817       0.004180       0.005422       0.007025       0.008986       0.011514       0.014889       0.019392       0.025285       0.032812       0.042192       0.053611       0.067201       0.083016       0.101014       0.121045       0.142855       0.166095       0.190345       0.215145       0.240024       0.264532       0.288266       0.310886       0.332127       0.351803       0.369809       0.386116       0.400759       0.413827       0.425414       0.435573       0.444248       0.451239       0.456235       0.458921       0.459124       0.457009       0.453328       0.449808       0.449808
       0.441974       0.441974       0.445590       0.449509       0.452004       0.452289       0.450140       0.445657       0.439101       0.430746       0.420777       0.409250       0.396120       0.381304       0.364732       0.346389       0.326328       0.304683       0.281669       0.257585       0.232802       0.207756       0.182921       0.158788       0.135826       0.114451       0.094997       0.077694       0.062655       0.049880       0.039266       0.030634       0.023750       0.018353       0.014169       0.010926       0.008359       0.006218       0.004285       0.002431       0.001209       0.002828       0.005601       0.008985       0.013004       0.017713       0.023156       0.029355       0.036298       0.043952       0.052258       0.061155       0.070586       0.080515       0.090944       0.101907       0.113473       0.125728       0.138748       0.152576       0.167200       0.182538       0.198437       0.214684       0.231025       0.247189       0.262909       0.277944       0.292092       0.305195       0.317143       0.327871       0.337350       0.345584       0.352597       0.358426       0.363115       0.366708       0.369243       0.370752       0.371252       0.370752       0.369243       0.366708       0.363115       0.358426       0.352597       0.345584       0.337350       0.327871       0.317143       0.305195       0.292092       0.277944       0.262909       0.247189       0.231025       0.214684       0.198437       0.182538       0.167200       0.152576       0.138748       0.125728       0.113473       0.101907       0.090944       0.080515       0.070586       0.061155       0.052258       0.043952       0.036298       0.029355       0.023156       0.017713       0.013004       0.008985       0.005601       0.002828       0.001209       0.002431       0.004285       0.006218       0.008359       0.010926       0.014169       0.018353       0.023750       0.030634       0.039266       0.049880       0.062655       0.077694       0.094997       0.114451       0.135826       0.158788       0.182921       0.207756       0.232802       0.257585       0.281669       0.304683       0.326328       0.346389       0.364732       0.381304       0.396120       0.409250       0.420777       0.430746       0.439101       0.445657       0.450140       0.452289       0.452004       0.449509       0.445590       0.441974       0.441974
       0.430892       0.430892       0.434717       0.439100       0.442303       0.443478       0.442299       0.438738       0.432966       0.425218       0.415669       0.404385       0.391341       0.376474       0.359742       0.341151       0.320784       0.298804       0.275458       0.251076       0.226061       0.200876       0.176021       0.152000       0.129290       0.108303       0.089361       0.072668       0.058308       0.046243       0.036334       0.028361       0.022056       0.017129       0.013294       0.010283       0.007856       0.005802       0.003949       0.002189       0.000970       0.002405       0.004824       0.007745       0.011213       0.015299       0.020055       0.025507       0.031646       0.038433       0.045805       0.053695       0.062043       0.070824       0.080055       0.089810       0.100209       0.111400       0.123526       0.136689       0.150917       0.166143       0.182207       0.198865       0.215819       0.232746       0.249328       0.265272       0.280333       0.294320       0.307096       0.318579       0.328731       0.337551       0.345060       0.351300       0.356317       0.360160       0.362871       0.364483       0.365018       0.364483       0.362871       0.360160       0.356317       0.351300       0.345060       0.337551       0.328731       0.318579       0.307096       0.294320       0.280333       0.265272       0.249328       0.232746       0.215819       0.198865       0.182207       0.166143       0.150917       0.136689       0.123526       0.111400       0.100209       0.089810       0.080055       0.070824       0.062043       0.053695       0.045805       0.038433       0.031646       0.025507       0.020055       0.015299       0.011213       0.007745       0.004824       0.002405       0.000970       0.002189       0.003949       0.005802       0.007856       0.010283       0.013294       0.017129       0.022056       0.028361       0.036334       0.046243       0.058308       0.072668       0.089361       0.108303       0.129290       0.152000       0.176021       0.200876       0.226061       0.251076       0.275458       0.298804       0.320784       0.341151       0.359742       0.376474       0.391341       0.404385       0.415669       0.425218       0.432966       0.438738       0.442299       0.443478       0.442303       0.439100       0.434717       0.430892       0.430892
       0.415399       0.415399       0.419609       0.424798       0.429201       0.431881       0.432336       0.430287       0.425769       0.418982       0.410119       0.399281       0.386479       0.371689       0.354898       0.336148       0.315551       0.293301       0.269679       0.245043       0.219828       0.194523       0.169648       0.145720       0.123223       0.102565       0.084054       0.067878       0.054095       0.042642       0.033349       0.025970       0.020210       0.015759       0.012322       0.009638       0.007492       0.005723       0.004239       0.003083       0.002616       0.003309       0.004946       0.007222       0.010074       0.013531       0.017630       0.022385       0.027778       0.033756       0.040243       0.047157       0.054428       0.062032       0.070003       0.078452       0.087560       0.097554       0.108660       0.121053       0.134810       0.149883       0.166099       0.183177       0.200768       0.218489       0.235962       0.252843       0.268842       0.283733       0.297353       0.309602       0.320435       0.329843       0.337852       0.344504       0.349849       0.353941       0.356827       0.358543       0.359112       0.358543       0.356827       0.353941       0.349849       0.344504       0.337852       0.329843       0.320435       0.309602       0.297353       0.283733       0.268842       0.252843       0.235962       0.218489       0.200768       0.183177       0.166099       0.149883       0.134810       0.121053       0.108660       0.097554       0.087560       0.078452       0.070003       0.062032       0.054428       0.047157       0.040243       0.033756       0.027778       0.022385       0.017630       0.013531       0.010074       0.007222       0.004946       0.003309       0.002616       0.003083       0.004239       0.005723       0.007492       0.009638       0.012322       0.015759       0.020210       0.025970       0.033349       0.042642       0.054095       0.067878       0.084054       0.102565       0.123223       0.145720       0.169648       0.194523       0.219828       0.245043       0.269679       0.293301       0.315551       0.336148       0.354898       0.371689       0.386479       0.399281       0.410119       0.418982       0.425769       0.430287       0.432336       0.431881       0.429201       0.424798       0.419609       0.415399       0.415399
       0.394096       0.394096       0.398941       0.405415       0.411713       0.416800       0.419931       0.420223       0.417545       0.412122       0.404225       0.394034       0.381626       0.367029       0.350277       0.331448       0.310690       0.288231       0.264382       0.239532       0.214144       0.188729       0.163825       0.139964       0.117630       0.097231       0.079065       0.063306       0.049997       0.039056       0.030297       0.023454       0.018212       0.014244       0.011243       0.008945       0.007150       0.005729       0.004631       0.003900       0.003687       0.004140       0.005257       0.006972       0.009264       0.012155       0.015672       0.019814       0.024546       0.029797       0.035471       0.041460       0.047681       0.054098       0.060759       0.067813       0.075513       0.084182       0.094154       0.105697       0.118945       0.133866       0.150260       0.167799       0.186070       0.204623       0.223020       0.240861       0.257813       0.273614       0.288078       0.301092       0.312599       0.322589       0.331090       0.338145       0.343812       0.348147       0.351203       0.353020       0.353622       0.353020       0.351203       0.348147       0.343812       0.338145       0.331090       0.322589       0.312599       0.301092       0.288078       0.273614       0.257813       0.240861       0.223020       0.204623       0.186070       0.167799       0.150260       0.133866       0.118945       0.105697       0.094154       0.084182       0.075513       0.067813       0.060759       0.054098       0.047681       0.041460       0.035471       0.029797       0.024546       0.019814       0.015672       0.012155       0.009264       0.006972       0.005257       0.004140       0.003687       0.003900       0.004631       0.005729       0.007150       0.008945       0.011243       0.014244       0.018212       0.023454       0.030297       0.039056       0.049997       0.063306       0.079065       0.097231       0.117630       0.139964       0.163825       0.188729       0.214144       0.239532       0.264382       0.288231       0.310690       0.331448       0.350277       0.367029       0.381626       0.394034       0.404225       0.412122       0.417545       0.420223       0.419931       0.416800       0.411713       0.405415       0.398941       0.394096       0.394096
       0.365515       0.365515       0.371311       0.379650       0.388698       0.397436       0.405003       0.408731       0.408527       0.404852       0.398170       0.388797       0.376908       0.362602       0.345968       0.327129       0.306271       0.283656       0.259624       0.234595       0.209054       0.183535       0.158593       0.134767       0.112546       0.092334       0.074423       0.058980       0.046036       0.035504       0.027188       0.020815       0.016059       0.012573       0.010025       0.008138       0.006707       0.005612       0.004809       0.004318       0.004203       0.004531       0.005341       0.006660       0.008521       0.010965       0.014011       0.017651       0.021831       0.026456       0.031404       0.036541       0.041755       0.046992       0.052303       0.057876       0.064045       0.071262       0.080003       0.090652       0.103405       0.118230       0.134881       0.152959       0.171973       0.191405       0.210752       0.229564       0.247465       0.264165       0.279456       0.293212       0.305371       0.315922       0.324893       0.332334       0.338307       0.342874       0.346092       0.348004       0.348638       0.348004       0.346092       0.342874       0.338307       0.332334       0.324893       0.315922       0.305371       0.293212       0.279456       0.264165       0.247465       0.229564       0.210752       0.191405       0.171973       0.152959       0.134881       0.118230       0.103405       0.090652       0.080003       0.071262       0.064045       0.057876       0.052303       0.046992       0.041755       0.036541       0.031404       0.026456       0.021831       0.017651       0.014011       0.010965       0.008521       0.006660       0.005341       0.004531       0.004203       0.004318       0.004809       0.005612       0.006707       0.008138       0.010025       0.012573       0.016059       0.020815       0.027188       0.035504       0.046036       0.058980       0.074423       0.092334       0.112546       0.134767       0.158593       0.183535       0.209054       0.234595       0.259624       0.283656       0.306271       0.327129       0.345968       0.362602       0.376908       0.388797       0.398170       0.404852       0.408527       0.408731       0.405003       0.397436       0.388698       0.379650       0.371311       0.365515       0.365515
       0.328604       0.328604       0.335649       0.346361       0.358907       0.372629       0.388247       0.396514       0.399237       0.397549       0.392229       0.383775       0.372482       0.358532       0.342073       0.323277       0.302367       0.279640       0.255464       0.230286       0.204612       0.178996       0.154004       0.130184       0.108026       0.087934       0.070193       0.054964       0.042276       0.032038       0.024062       0.018078       0.013758       0.010739       0.008654       0.007186       0.006108       0.005293       0.004697       0.004331       0.004236       0.004463       0.005073       0.006131       0.007701       0.009832       0.012541       0.015804       0.019550       0.023662       0.027987       0.032358       0.036627       0.040707       0.044637       0.048636       0.053139       0.058764       0.066190       0.075954       0.088306       0.103174       0.120224       0.138956       0.158794       0.179147       0.199455       0.219225       0.238047       0.255607       0.271682       0.286136       0.298904       0.309976       0.319384       0.327181       0.333436       0.338216       0.341582       0.343581       0.344244       0.343581       0.341582       0.338216       0.333436       0.327181       0.319384       0.309976       0.298904       0.286136       0.271682       0.255607       0.238047       0.219225       0.199455       0.179147       0.158794       0.138956       0.120224       0.103174       0.088306       0.075954       0.066190       0.058764       0.053139       0.048636       0.044637       0.040707       0.036627       0.032358       0.027987       0.023662       0.019550       0.015804       0.012541       0.009832       0.007701       0.006131       0.005073       0.004463       0.004236       0.004331       0.004697       0.005293       0.006108       0.007186       0.008654       0.010739       0.013758       0.018078       0.024062       0.032038       0.042276       0.054964       0.070193       0.087934       0.108026       0.130184       0.154004       0.178996       0.204612       0.230286       0.255464       0.279640       0.302367       0.323277       0.342073       0.358532       0.372482       0.383775       0.392229       0.397549       0.399237       0.396514       0.388247       0.372629       0.358907       0.346361       0.335649       0.328604       0.328604
       0.297394       0.297394       0.305772       0.318938       0.334855       0.352729       0.373025       0.385021       0.390463       0.390708       0.386739       0.379211       0.368528       0.354954       0.338698       0.319976       0.299051       0.276247       0.251961       0.226662       0.200876       0.175170       0.150122       0.126285       0.104150       0.084118       0.066471       0.051363       0.038821       0.028760       0.021000       0.015294       0.011335       0.008756       0.007145       0.006113       0.005381       0.004807       0.004351       0.004031       0.003893       0.004009       0.004466       0.005359       0.006761       0.008714       0.011218       0.014231       0.017663       0.021376       0.025187       0.028894       0.032299       0.035268       0.037802       0.040128       0.042790       0.046649       0.052692       0.061668       0.073840       0.089001       0.106660       0.126189       0.146926       0.168219       0.189467       0.210146       0.229824       0.248172       0.264958       0.280040       0.293352       0.304887       0.314681       0.322793       0.329295       0.334262       0.337758       0.339835       0.340523       0.339835       0.337758       0.334262       0.329295       0.322793       0.314681       0.304887       0.293352       0.280040       0.264958       0.248172       0.229824       0.210146       0.189467       0.168219       0.146926       0.126189       0.106660       0.089001       0.073840       0.061668       0.052692       0.046649       0.042790       0.040128       0.037802       0.035268       0.032299       0.028894       0.025187       0.021376       0.017663       0.014231       0.011218       0.008714       0.006761       0.005359       0.004466       0.004009       0.003893       0.004031       0.004351       0.004807       0.005381       0.006113       0.007145       0.008756       0.011335       0.015294       0.021000       0.028760       0.038821       0.051363       0.066471       0.084118       0.104150       0.126285       0.150122       0.175170       0.200876       0.226662       0.251961       0.276247       0.299051       0.319976       0.338698       0.354954       0.368528       0.379211       0.386739       0.390708       0.390463       0.385021       0.373025       0.352729       0.334855       0.318938       0.305772       0.297394       0.297394
       0.271708       0.271708       0.281371       0.296824       0.315695       0.336856       0.360364       0.375215       0.382904       0.384817       0.382045       0.375349       0.365225       0.352003       0.335945       0.317310       0.296389       0.273536       0.249170       0.223777       0.197900       0.172117       0.147013       0.123145       0.101005       0.080990       0.063377       0.048313       0.035823       0.025820       0.018138       0.012562       0.008841       0.006656       0.005547       0.004989       0.004609       0.004250       0.003884       0.003545       0.003303       0.003267       0.003584       0.004389       0.005741       0.007641       0.010060       0.012935       0.016162       0.019584       0.022995       0.026152       0.028806       0.030752       0.031912       0.032469       0.033053       0.034879       0.039488       0.047946       0.060362       0.076199       0.094722       0.115178       0.136844       0.159041       0.181152       0.202640       0.223065       0.242090       0.259478       0.275089       0.288857       0.300779       0.310893       0.319265       0.325973       0.331094       0.334697       0.336837       0.337546       0.336837       0.334697       0.331094       0.325973       0.319265       0.310893       0.300779       0.288857       0.275089       0.259478       0.242090       0.223065       0.202640       0.181152       0.159041       0.136844       0.115178       0.094722       0.076199       0.060362       0.047946       0.039488       0.034879       0.033053       0.032469       0.031912       0.030752       0.028806       0.026152       0.022995       0.019584       0.016162       0.012935       0.010060       0.007641       0.005741       0.004389       0.003584       0.003267       0.003303       0.003545       0.003884       0.004250       0.004609       0.004989       0.005547       0.006656       0.008841       0.012562       0.018138       0.025820       0.035823       0.048313       0.063377       0.080990       0.101005       0.123145       0.147013       0.172117       0.197900       0.223777       0.249170       0.273536       0.296389       0.317310       0.335945       0.352003       0.365225       0.375349       0.382045       0.384817       0.382904       0.375215       0.360364       0.336856       0.315695       0.296824       0.281371       0.271708       0.271708
       0.252130       0.252130       0.262896       0.280254       0.301470       0.325082       0.350838       0.367740       0.377103       0.380292       0.378453       0.372414       0.362735       0.349799       0.333907       0.315348       0.294442       0.271560       0.247139       0.221680       0.195734       0.169891       0.144739       0.120838       0.098680       0.078657       0.061040       0.045971       0.033466       0.023431       0.015697       0.010067       0.006374       0.004476       0.003934       0.003925       0.003909       0.003738       0.003424       0.003019       0.002606       0.002344       0.002510       0.003319       0.004746       0.006703       0.009128       0.011951       0.015061       0.018291       0.021415       0.024157       0.026214       0.027296       0.027201       0.025960       0.024149       0.023443       0.026591       0.035192       0.048587       0.065560       0.085145       0.106555       0.129079       0.152055       0.174877       0.197012       0.218022       0.237569       0.255420       0.271433       0.285547       0.297759       0.308114       0.316682       0.323543       0.328779       0.332462       0.334648       0.335373       0.334648       0.332462       0.328779       0.323543       0.316682       0.308114       0.297759       0.285547       0.271433       0.255420       0.237569       0.218022       0.197012       0.174877       0.152055       0.129079       0.106555       0.085145       0.065560       0.048587       0.035192       0.026591       0.023443       0.024149       0.025960       0.027201       0.027296       0.026214       0.024157       0.021415       0.018291       0.015061       0.011951       0.009128       0.006703       0.004746       0.003319       0.002510       0.002344       0.002606       0.003019       0.003424       0.003738       0.003909       0.003925       0.003934       0.004476       0.006374       0.010067       0.015697       0.023431       0.033466       0.045971       0.061040       0.078657       0.098680       0.120838       0.144739       0.169891       0.195734       0.221680       0.247139       0.271560       0.294442       0.315348       0.333907       0.349799       0.362735       0.372414       0.378453       0.380292       0.377103       0.367740       0.350838       0.325082       0.301470       0.280254       0.262896       0.252130       0.252130
       0.239696       0.239696       0.251227       0.269874       0.292622       0.317778       0.344905       0.363060       0.373457       0.377446       0.376197       0.370578       0.361186       0.348436       0.332653       0.314148       0.293254       0.270358       0.245905       0.220405       0.194418       0.168536       0.143352       0.119427       0.097250       0.077212       0.059581       0.044490       0.031945       0.021843       0.013992       0.008163       0.004184       0.002253       0.002463       0.003096       0.003409       0.003381       0.003090       0.002603       0.001983       0.001370       0.001332       0.002334       0.003962       0.006038       0.008513       0.011331       0.014386       0.017508       0.020460       0.022942       0.024608       0.025092       0.024057       0.021273       0.016883       0.012526       0.014239       0.024660       0.039934       0.058261       0.078830       0.101002       0.124153       0.147667       0.170962       0.193518       0.214903       0.234782       0.252924       0.269190       0.283518       0.295912       0.306417       0.315105       0.322061       0.327368       0.331101       0.333316       0.334051       0.333316       0.331101       0.327368       0.322061       0.315105       0.306417       0.295912       0.283518       0.269190       0.252924       0.234782       0.214903       0.193518       0.170962       0.147667       0.124153       0.101002       0.078830       0.058261       0.039934       0.024660       0.014239       0.012526       0.016883       0.021273       0.024057       0.025092       0.024608       0.022942       0.020460       0.017508       0.014386       0.011331       0.008513       0.006038       0.003962       0.002334       0.001332       0.001370       0.001983       0.002603       0.003090       0.003381       0.003409       0.003096       0.002463       0.002253       0.004184       0.008163       0.013992       0.021843       0.031945       0.044490       0.059581       0.077212       0.097250       0.119427       0.143352       0.168536       0.194418       0.220405       0.245905       0.270358       0.293254       0.314148       0.332653       0.348436       0.361186       0.370578       0.376197       0.377446       0.373457       0.363060       0.344905       0.317778       0.292622       0.269874       0.251227       0.239696       0.239696
       0.235411       0.235411       0.247219       0.266325       0.289610       0.315296       0.342888       0.361465       0.372213       0.376475       0.375428       0.369954       0.360661       0.347974       0.332230       0.313744       0.292855       0.269954       0.245491       0.219978       0.193976       0.168081       0.142886       0.118951       0.096767       0.076723       0.059084       0.043981       0.031418       0.021282       0.013368       0.007412       0.003114       0.000172       0.001702       0.002764       0.003225       0.003253       0.002968       0.002442       0.001709       0.000768       0.000410       0.001868       0.003651       0.005793       0.008296       0.011118       0.014158       0.017246       0.020140       0.022533       0.024062       0.024330       0.022935       0.019491       0.013670       0.005223       0.005988       0.019974       0.036607       0.055617       0.076608       0.099078       0.122461       0.146168       0.169630       0.192332       0.213847       0.233840       0.252082       0.268433       0.282835       0.295290       0.305846       0.314575       0.321563       0.326894       0.330644       0.332869       0.333606       0.332869       0.330644       0.326894       0.321563       0.314575       0.305846       0.295290       0.282835       0.268433       0.252082       0.233840       0.213847       0.192332       0.169630       0.146168       0.122461       0.099078       0.076608       0.055617       0.036607       0.019974       0.005988       0.005223       0.013670       0.019491       0.022935       0.024330       0.024062       0.022533       0.020140       0.017246       0.014158       0.011118       0.008296       0.005793       0.003651       0.001868       0.000410       0.000768       0.001709       0.002442       0.002968       0.003253       0.003225       0.002764       0.001702       0.000172       0.003114       0.007412       0.013368       0.021282       0.031418       0.043981       0.059084       0.076723       0.096767       0.118951       0.142886       0.168081       0.193976       0.219978       0.245491       0.269954       0.292855       0.313744       0.332230       0.347974       0.360661       0.369954       0.375428       0.376475       0.372213       0.361465       0.342888       0.315296       0.289610       0.266325       0.247219       0.235411       0.235411
       0.239696       0.239696       0.251227       0.269874       0.292622       0.317778       0.344905       0.363060       0.373457       0.377446       0.376197       0.370578       0.361186       0.348436       0.332653       0.314148       0.293254       0.270358       0.245905       0.220405       0.194418       0.168536       0.143352       0.119427       0.097250       0.077212       0.059581       0.044490       0.031945       0.021843       0.013992       0.008163       0.004184       0.002253       0.002463       0.003096       0.003409       0.003381       0.003090       0.002603       0.001983       0.001370       0.001332       0.002334       0.003962       0.006038       0.008513       0.011331       0.014386       0.017508       0.020460       0.022942       0.024608       0.025092       0.024057       0.021273       0.016883       0.012526       0.014239       0.024660       0.039934       0.058261       0.078830       0.101002       0.124153       0.147667       0.170962       0.193518       0.214903       0.234782       0.252924       0.269190       0.283518       0.295912       0.306417       0.315105       0.322061       0.327368       0.331101       0.333316       0.334051       0.333316       0.331101       0.327368       0.322061       0.315105       0.306417       0.295912       0.283518       0.269190       0.252924       0.234782       0.214903       0.193518       0.170962       0.147667       0.124153       0.101002       0.078830       0.058261       0.039934       0.024660       0.014239       0.012526       0.016883       0.021273       0.024057       0.025092       0.024608       0.022942       0.020460       0.017508       0.014386       0.011331       0.008513       0.006038       0.003962       0.002334       0.001332       0.001370       0.001983       0.002603       0.003090       0.003381       0.003409       0.003096       0.002463       0.002253       0.004184       0.008163       0.013992       0.021843       0.031945       0.044490       0.059581       0.077212       0.097250       0.119427       0.143352       0.168536       0.194418       0.220405       0.245905       0.270358       0.293254       0.314148       0.332653       0.348436       0.361186       0.370578       0.376197       0.377446       0.373457       0.363060       0.344905       0.317778       0.292622       0.269874       0.251227       0.239696       0.239696
       0.252130       0.252130       0.262896       0.280254       0.301470       0.325082       0.350838       0.367740       0.377103       0.380292       0.378453       0.372414       0.362735       0.349799       0.333907       0.315348       0.294442       0.271560       0.247139       0.221680       0.195734       0.169891       0.144739       0.120838       0.098680       0.078657       0.061040       0.045971       0.033466       0.023431       0.015697       0.010067       0.006374       0.004476       0.003934       0.003925       0.003909       0.003738       0.003424       0.003019       0.002606       0.002344       0.002510       0.003319       0.004746       0.006703       0.009128       0.011951       0.015061       0.018291       0.021415       0.024157       0.026214       0.027296       0.027201       0.025960       0.024149       0.023443       0.026591       0.035192       0.048587       0.065560       0.085145       0.106555       0.129079       0.152055       0.174877       0.197012       0.218022       0.237569       0.255420       0.271433       0.285547       0.297759       0.308114       0.316682       0.323543       0.328779       0.332462       0.334648       0.335373       0.334648       0.332462       0.328779       0.323543       0.316682       0.308114       0.297759       0.285547       0.271433       0.255420       0.237569       0.218022       0.197012       0.174877       0.152055       0.129079       0.106555       0.085145       0.065560       0.048587       0.035192       0.026591       0.023443       0.024149       0.025960       0.027201       0.027296       0.026214       0.024157       0.021415       0.018291       0.015061       0.011951       0.009128       0.006703       0.004746       0.003319       0.002510       0.002344       0.002606       0.003019       0.003424       0.003738       0.003909       0.003925       0.003934       0.004476       0.006374       0.010067       0.015697       0.023431       0.033466       0.045971       0.061040       0.078657       0.098680       0.120838       0.144739       0.169891       0.195734       0.221680       0.247139       0.271560       0.294442       0.315348       0.333907       0.349799       0.362735       0.372414       0.378453       0.380292       0.377103       0.367740       0.350838       0.325082       0.301470       0.280254       0.262896       0.252130       0.252130
       0.271708       0.271708       0.281371       0.296824       0.315695       0.336856       0.360364       0.375215       0.382904       0.384817       0.382045       0.375349       0.365225       0.352003       0.335945       0.317310       0.296389       0.273536       0.249170       0.223777       0.197900       0.172117       0.147013       0.123145       0.101005       0.080990       0.063377       0.048313       0.035823       0.025820       0.018138       0.012562       0.008841       0.006656       0.005547       0.004989       0.004609       0.004250       0.003884       0.003545       0.003303       0.003267       0.003584       0.004389       0.005741       0.007641       0.010060       0.012935       0.016162       0.019584       0.022995       0.026152       0.028806       0.030752       0.031912       0.032469       0.033053       0.034879       0.039488       0.047946       0.060362       0.076199       0.094722       0.115178       0.136844       0.159041       0.181152       0.202640       0.223065       0.242090       0.259478       0.275089       0.288857       0.300779       0.310893       0.319265       0.325973       0.331094       0.334697       0.336837       0.337546       0.336837       0.334697       0.331094       0.325973       0.319265       0.310893       0.300779       0.288857       0.275089       0.259478       0.242090       0.223065       0.202640       0.181152       0.159041       0.136844       0.115178       0.094722       0.076199       0.060362       0.047946       0.039488       0.034879       0.033053       0.032469       0.031912       0.030752       0.028806       0.026152       0.022995       0.019584       0.016162       0.012935       0.010060       0.007641       0.005741       0.004389       0.003584       0.003267       0.003303       0.003545       0.003884       0.004250       0.004609       0.004989       0.005547       0.006656       0.008841       0.012562       0.018138       0.025820       0.035823       0.048313       0.063377       0.080990       0.101005       0.123145       0.147013       0.172117       0.197900       0.223777       0.249170       0.273536       0.296389       0.317310       0.335945       0.352003       0.365225       0.375349       0.382045       0.384817       0.382904       0.375215       0.360364       0.336856       0.315695       0.296824       0.281371       0.271708       0.271708
       0.297394       0.297394       0.305772       0.318938       0.334855       0.352729       0.373025       0.385021       0.390463       0.390708       0.386739       0.379211       0.368528       0.354954       0.338698       0.319976       0.299051       0.276247       0.251961       0.226662       0.200876       0.175170       0.150122       0.126285       0.104150       0.084118       0.066471       0.051363       0.038821       0.028760       0.021000       0.015294       0.011335       0.008756       0.007145       0.006113       0.005381       0.004807       0.004351       0.004031       0.003893       0.004009       0.004466       0.005359       0.006761       0.008714       0.011218       0.014231       0.017663       0.021376       0.025187       0.028894       0.032299       0.035268       0.037802       0.040128       0.042790       0.046649       0.052692       0.061668       0.073840       0.089001       0.106660       0.126189       0.146926       0.168219       0.189467       0.210146       0.229824       0.248172       0.264958       0.280040       0.293352       0.304887       0.314681       0.322793       0.329295       0.334262       0.337758       0.339835       0.340523       0.339835       0.337758       0.334262       0.329295       0.322793       0.314681       0.304887       0.293352       0.280040       0.264958       0.248172       0.229824       0.210146       0.189467       0.168219       0.146926       0.126189       0.106660       0.089001       0.073840       0.061668       0.052692       0.046649       0.042790       0.040128       0.037802       0.035268       0.032299       0.028894       0.025187       0.021376       0.017663       0.014231       0.011218       0.008714       0.006761       0.005359       0.004466       0.004009       0.003893       0.004031       0.004351       0.004807       0.005381       0.006113       0.007145       0.008756       0.011335       0.015294       0.021000       0.028760       0.038821       0.051363       0.066471       0.084118       0.104150       0.126285       0.150122       0.175170       0.200876       0.226662       0.251961       0.276247       0.299051       0.319976       0.338698       0.354954       0.368528       0.379211       0.386739       0.390708       0.390463       0.385021       0.373025       0.352729       0.334855       0.318938       0.305772       0.297394       0.297394
       0.328604       0.328604       0.335649       0.346361       0.358907       0.372629       0.388247       0.396514       0.399237       0.397549       0.392229       0.383775       0.372482       0.358532       0.342073       0.323277       0.302367       0.279640       0.255464       0.230286       0.204612       0.178996       0.154004       0.130184       0.108026       0.087934       0.070193       0.054964       0.042276       0.032038       0.024062       0.018078       0.013758       0.010739       0.008654       0.007186       0.006108       0.005293       0.004697       0.004331       0.004236       0.004463       0.005073       0.006131       0.007701       0.009832       0.012541       0.015804       0.019550       0.023662       0.027987       0.032358       0.036627       0.040707       0.044637       0.048636       0.053139       0.058764       0.066190       0.075954       0.088306       0.103174       0.120224       0.138956       0.158794       0.179147       0.199455       0.219225       0.238047       0.255607       0.271682       0.286136       0.298904       0.309976       0.319384       0.327181       0.333436       0.338216       0.341582       0.343581       0.344244       0.343581       0.341582       0.338216       0.333436       0.327181       0.319384       0.309976       0.298904       0.286136       0.271682       0.255607       0.238047       0.219225       0.199455       0.179147       0.158794       0.138956       0.120224       0.103174       0.088306       0.075954       0.066190       0.058764       0.053139       0.048636       0.044637       0.040707       0.036627       0.032358       0.027987       0.023662       0.019550       0.015804       0.012541       0.009832       0.007701       0.006131       0.005073       0.004463       0.004236       0.004331       0.004697       0.005293       0.006108       0.007186       0.008654       0.010739       0.013758       0.018078       0.024062       0.032038       0.042276       0.054964       0.070193       0.087934       0.108026       0.130184       0.154004       0.178996       0.204612       0.230286       0.255464       0.279640       0.302367       0.323277       0.342073       0.358532       0.372482       0.383775       0.392229       0.397549       0.399237       0.396514       0.388247       0.372629       0.358907       0.346361       0.335649       0.328604       0.328604
       0.365515       0.365515       0.371311       0.379650       0.388698       0.397436       0.405003       0.408731       0.408527       0.404852       0.398170       0.388797       0.376908       0.362602       0.345968       0.327129       0.306271       0.283656       0.259624       0.234595       0.209054       0.183535       0.158593       0.134767       0.112546       0.092334       0.074423       0.058980       0.046036       0.035504       0.027188       0.020815       0.016059       0.012573       0.010025       0.008138       0.006707       0.005612       0.004809       0.004318       0.004203       0.004531       0.005341       0.006660       0.008521       0.010965       0.014011       0.017651       0.021831       0.026456       0.031404       0.036541       0.041755       0.046992       0.052303       0.057876       0.064045       0.071262       0.080003       0.090652       0.103405       0.118230       0.134881       0.152959       0.171973       0.191405       0.210752       0.229564       0.247465       0.264165       0.279456       0.293212       0.305371       0.315922       0.324893       0.332334       0.338307       0.342874       0.346092       0.348004       0.348638       0.348004       0.346092       0.342874       0.338307       0.332334       0.324893       0.315922       0.305371       0.293212       0.279456       0.264165       0.247465       0.229564       0.210752       0.191405       0.171973       0.152959       0.134881       0.118230       0.103405       0.090652       0.080003       0.071262       0.064045       0.057876       0.052303       0.046992       0.041755       0.036541       0.031404       0.026456       0.021831       0.017651       0.014011       0.010965       0.008521       0.006660       0.005341       0.004531       0.004203       0.004318       0.004809       0.005612       0.006707       0.008138       0.010025       0.012573       0.016059       0.020815       0.027188       0.035504       0.046036       0.058980       0.074423       0.092334       0.112546       0.134767       0.158593       0.183535       0.209054       0.234595       0.259624       0.283656       0.306271       0.327129       0.345968       0.362602       0.376908       0.388797       0.398170       0.404852       0.408527       0.408731       0.405003       0.397436       0.388698       0.379650       0.371311       0.365515       0.365515
       0.394096       0.394096       0.398941       0.405415       0.411713       0.416800       0.419931       0.420223       0.417545       0.412122       0.404225       0.394034       0.381626       0.367029       0.350277       0.331448       0.310690       0.288231       0.264382       0.239532       0.214144       0.188729       0.163825       0.139964       0.117630       0.097231       0.079065       0.063306       0.049997       0.039056       0.030297       0.023454       0.018212       0.014244       0.011243       0.008945       0.007150       0.005729       0.004631       0.003900       0.003687       0.004140       0.005257       0.006972       0.009264       0.012155       0.015672       0.019814       0.024546       0.029797       0.035471       0.041460       0.047681       0.054098       0.060759       0.067813       0.075513       0.084182       0.094154       0.105697       0.118945       0.133866       0.150260       0.167799       0.186070       0.204623       0.223020       0.240861       0.257813       0.273614       0.288078       0.301092       0.312599       0.322589       0.331090       0.338145       0.343812       0.348147       0.351203       0.353020       0.353622       0.353020       0.351203       0.348147       0.343812       0.338145       0.331090       0.322589       0.312599       0.301092       0.288078       0.273614       0.257813       0.240861       0.223020       0.204623       0.186070       0.167799       0.150260       0.133866       0.118945       0.105697       0.094154       0.084182       0.075513       0.067813       0.060759       0.054098       0.047681       0.041460       0.035471       0.029797       0.024546       0.019814       0.015672       0.012155       0.009264       0.006972       0.005257       0.004140       0.003687       0.003900       0.004631       0.005729       0.007150       0.008945       0.011243       0.014244       0.018212       0.023454       0.030297       0.039056       0.049997       0.063306       0.079065       0.097231       0.117630       0.139964       0.163825       0.188729       0.214144       0.239532       0.264382       0.288231       0.310690       0.331448       0.350277       0.367029       0.381626       0.394034       0.404225       0.412122       0.417545       0.420223       0.419931       0.416800       0.411713       0.405415       0.398941       0.394096       0.394096
       0.415399       0.415399       0.419609       0.424798       0.429201       0.431881       0.432336       0.430287       0.425769       0.418982       0.410119       0.399281       0.386479       0.371689       0.354898       0.336148       0.315551       0.293301       0.269679       0.245043       0.219828       0.194523       0.169648       0.145720       0.123223       0.102565       0.084054       0.067878       0.054095       0.042642       0.033349       0.025970       0.020210       0.015759       0.012322       0.009638       0.007492       0.005723       0.004239       0.003083       0.002616       0.003309       0.004946       0.007222       0.010074       0.013531       0.017630       0.022385       0.027778       0.033756       0.040243       0.047157       0.054428       0.062032       0.070003       0.078452       0.087560       0.097554       0.108660       0.121053       0.134810       0.149883       0.166099       0.183177       0.200768       0.218489       0.235962       0.252843       0.268842       0.283733       0.297353       0.309602       0.320435       0.329843       0.337852       0.344504       0.349849       0.353941       0.356827       0.358543       0.359112       0.358543       0.356827       0.353941       0.349849       0.344504       0.337852       0.329843       0.320435       0.309602       0.297353       0.283733       0.268842       0.252843       0.235962       0.218489       0.200768       0.183177       0.166099       0.149883       0.134810       0.121053       0.108660       0.097554       0.087560       0.078452       0.070003       0.062032       0.054428       0.047157       0.040243       0.033756       0.027778       0.022385       0.017630       0.013531       0.010074       0.007222       0.004946       0.003309       0.002616       0.003083       0.004239       0.005723       0.007492       0.009638       0.012322       0.015759       0.020210       0.025970       0.033349       0.042642       0.054095       0.067878       0.084054       0.102565       0.123223       0.145720       0.169648       0.194523       0.219828       0.245043       0.269679       0.293301       0.315551       0.336148       0.354898       0.371689       0.386479       0.399281       0.410119       0.418982       0.425769       0.430287       0.432336       0.431881       0.429201       0.424798       0.419609       0.415399       0.415399
       0.430892       0.430892       0.434717       0.439100       0.442303       0.443478       0.442299       0.438738       0.432966       0.425218       0.415669       0.404385       0.391341       0.376474       0.359742       0.341151       0.320784       0.298804       0.275458       0.251076       0.226061       0.200876       0.176021       0.152000       0.129290       0.108303       0.089361       0.072668       0.058308       0.046243       0.036334       0.028361       0.022056       0.017129       0.013294       0.010283       0.007856       0.005802       0.003949       0.002189       0.000970       0.002405       0.004824       0.007745       0.011213       0.015299       0.020055       0.025507       0.031646       0.038433       0.045805       0.053695       0.062043       0.070824       0.080055       0.089810       0.100209       0.111400       0.123526       0.136689       0.150917       0.166143       0.182207       0.198865       0.215819       0.232746       0.249328       0.265272       0.280333       0.294320       0.307096       0.318579       0.328731       0.337551       0.345060       0.351300       0.356317       0.360160       0.362871       0.364483       0.365018       0.364483       0.362871       0.360160       0.356317       0.351300       0.345060       0.337551       0.328731       0.318579       0.307096       0.294320       0.280333       0.265272       0.249328       0.232746       0.215819       0.198865       0.182207       0.166143       0.150917       0.136689       0.123526       0.111400       0.100209       0.089810       0.080055       0.070824       0.062043       0.053695       0.045805       0.038433       0.031646       0.025507       0.020055       0.015299       0.011213       0.007745       0.004824       0.002405       0.000970       0.002189       0.003949       0.005802       0.007856       0.010283       0.013294       0.017129       0.022056       0.028361       0.036334       0.046243       0.058308       0.072668       0.089361       0.108303       0.129290       0.152000       0.176021       0.200876       0.226061       0.251076       0.275458       0.298804       0.320784       0.341151       0.359742       0.376474       0.391341       0.404385       0.415669       0.425218       0.432966       0.438738       0.442299       0.443478       0.442303       0.439100       0.434717       0.430892       0.430892
       0.441974       0.441974       0.445590       0.449509       0.452004       0.452289       0.450140       0.445657       0.439101       0.430746       0.420777       0.409250       0.396120       0.381304       0.364732       0.346389       0.326328       0.304683       0.281669       0.257585       0.232802       0.207756       0.182921       0.158788       0.135826       0.114451       0.094997       0.077694       0.062655       0.049880       0.039266       0.030634       0.023750       0.018353       0.014169       0.010926       0.008359       0.006218       0.004285       0.002431       0.001209       0.002828       0.005601       0.008985       0.013004       0.017713       0.023156       0.029355       0.036298       0.043952       0.052258       0.061155       0.070586       0.080515       0.090944       0.101907       0.113473       0.125728       0.138748       0.152576       0.167200       0.182538       0.198437       0.214684       0.231025       0.247189       0.262909       0.277944       0.292092       0.305195       0.317143       0.327871       0.337350       0.345584       0.352597       0.358426       0.363115       0.366708       0.369243       0.370752       0.371252       0.370752       0.369243       0.366708       0.363115       0.358426       0.352597       0.345584       0.337350       0.327871       0.317143       0.305195       0.292092       0.277944       0.262909       0.247189       0.231025       0.214684       0.198437       0.182538       0.167200       0.152576       0.138748       0.125728       0.113473       0.101907       0.090944       0.080515       0.070586       0.061155       0.052258       0.043952       0.036298       0.029355       0.023156       0.017713       0.013004       0.008985       0.005601       0.002828       0.001209       0.002431       0.004285       0.006218       0.008359       0.010926       0.014169       0.018353       0.023750       0.030634       0.039266       0.049880       0.062655       0.077694       0.094997       0.114451       0.135826       0.158788       0.182921       0.207756       0.232802       0.257585       0.281669       0.304683       0.326328       0.346389       0.364732       0.381304       0.396120       0.409250       0.420777       0.430746       0.439101       0.445657       0.450140       0.452289       0.452004       0.449509       0.445590       0.441974       0.441974
       0.449808       0.449808       0.453328       0.457009       0.459124       0.458921       0.456235       0.451239       0.444248       0.435573       0.425414       0.413827       0.400759       0.386116       0.369809       0.351803       0.332127       0.310886       0.288266       0.264532       0.240024       0.215145       0.190345       0.166095       0.142855       0.121045       0.101014       0.083016       0.067201       0.053611       0.042192       0.032812       0.025285       0.019392       0.014889       0.011514       0.008986       0.007025       0.005422       0.004180       0.003817       0.005045       0.007659       0.011261       0.015719       0.021012       0.027145       0.034114       0.041896       0.050449       0.059715       0.069625       0.080119       0.091149       0.102694       0.114755       0.127357       0.140532       0.154305       0.168674       0.183597       0.198979       0.214674       0.230496       0.246230       0.261648       0.276534       0.290691       0.303956       0.316204       0.327348       0.337342       0.346166       0.353828       0.360355       0.365780       0.370146       0.373493       0.375856       0.377262       0.377729       0.377262       0.375856       0.373493       0.370146       0.365780       0.360355       0.353828       0.346166       0.337342       0.327348       0.316204       0.303956       0.290691       0.276534       0.261648       0.246230       0.230496       0.214674       0.198979       0.183597       0.168674       0.154305       0.140532       0.127357       0.114755       0.102694       0.091149       0.080119       0.069625       0.059715       0.050449       0.041896       0.034114       0.027145       0.021012       0.015719       0.011261       0.007659       0.005045       0.003817       0.004180       0.005422       0.007025       0.008986       0.011514       0.014889       0.019392       0.025285       0.032812       0.042192       0.053611       0.067201       0.083016       0.101014       0.121045       0.142855       0.166095       0.190345       0.215145       0.240024       0.264532       0.288266       0.310886       0.332127       0.351803       0.369809       0.386116       0.400759       0.413827       0.425414       0.435573       0.444248       0.451239       0.456235       0.458921       0.459124       0.457009       0.453328       0.449808       0.449808
       0.455295       0.455295       0.458788       0.462374       0.464316       0.463882       0.460942       0.455707       0.448534       0.439757       0.429593       0.418101       0.405228       0.390870       0.374928       0.357346       0.338134       0.317370       0.295211       0.271888       0.247707       0.223038       0.198303       0.173951       0.150429       0.128160       0.107504       0.088742       0.072061       0.057549       0.045204       0.034950       0.026661       0.020175       0.015308       0.011843       0.009501       0.007960       0.006958       0.006453       0.006722       0.008139       0.010811       0.014636       0.019511       0.025378       0.032205       0.039958       0.048596       0.058061       0.068284       0.079189       0.090703       0.102763       0.115324       0.128357       0.141849       0.155790       0.170165       0.184939       0.200046       0.215385       0.230820       0.246187       0.261305       0.275990       0.290064       0.303372       0.315787       0.327213       0.337586       0.346873       0.355066       0.362177       0.368233       0.373269       0.377322       0.380430       0.382625       0.383931       0.384365       0.383931       0.382625       0.380430       0.377322       0.373269       0.368233       0.362177       0.355066       0.346873       0.337586       0.327213       0.315787       0.303372       0.290064       0.275990       0.261305       0.246187       0.230820       0.215385       0.200046       0.184939       0.170165       0.155790       0.141849       0.128357       0.115324       0.102763       0.090703       0.079189       0.068284       0.058061       0.048596       0.039958       0.032205       0.025378       0.019511       0.014636       0.010811       0.008139       0.006722       0.006453       0.006958       0.007960       0.009501       0.011843       0.015308       0.020175       0.026661       0.034950       0.045204       0.057549       0.072061       0.088742       0.107504       0.128160       0.150429       0.173951       0.198303       0.223038       0.247707       0.271888       0.295211       0.317370       0.338134       0.357346       0.374928       0.390870       0.405228       0.418101       0.429593       0.439757       0.448534       0.455707       0.460942       0.463882       0.464316       0.462374       0.458788       0.455295       0.455295
       0.459110       0.459110       0.462615       0.466190       0.468088       0.467584       0.464568       0.459279       0.452098       0.443379       0.433351       0.422081       0.409514       0.395541       0.380053       0.362980       0.344309       0.324097       0.302469       0.279625       0.255836       0.231438       0.206819       0.182404       0.158626       0.135901       0.114602       0.095033       0.077415       0.061879       0.048476       0.037185       0.027938       0.020649       0.015227       0.011572       0.009483       0.008575       0.008409       0.008782       0.009811       0.011762       0.014828       0.019064       0.024448       0.030937       0.038485       0.047040       0.056539       0.066908       0.078065       0.089919       0.102383       0.115378       0.128834       0.142697       0.156921       0.171465       0.186282       0.201314       0.216481       0.231681       0.246788       0.261661       0.276149       0.290104       0.303386       0.315875       0.327474       0.338114       0.347750       0.356363       0.363953       0.370538       0.376145       0.380807       0.384560       0.387438       0.389471       0.390682       0.391084       0.390682       0.389471       0.387438       0.384560       0.380807       0.376145       0.370538       0.363953       0.356363       0.347750       0.338114       0.327474       0.315875       0.303386       0.290104       0.276149       0.261661       0.246788       0.231681       0.216481       0.201314       0.186282       0.171465       0.156921       0.142697       0.128834       0.115378       0.102383       0.089919       0.078065       0.066908       0.056539       0.047040       0.038485       0.030937       0.024448       0.019064       0.014828       0.011762       0.009811       0.008782       0.008409       0.008575       0.009483       0.011572       0.015227       0.020649       0.027938       0.037185       0.048476       0.061879       0.077415       0.095033       0.114602       0.135901       0.158626       0.182404       0.206819       0.231438       0.255836       0.279625       0.302469       0.324097       0.344309       0.362980       0.380053       0.395541       0.409514       0.422081       0.433351       0.443379       0.452098       0.459279       0.464568       0.467584       0.468088       0.466190       0.462615       0.459110       0.459110
       0.461744       0.461744       0.465283       0.468896       0.470824       0.470347       0.467368       0.462144       0.455072       0.446525       0.436739       0.425788       0.413619       0.400116       0.385161       0.368672       0.350618       0.331031       0.310010       0.287722       0.264403       0.240351       0.215923       0.191514       0.167536       0.144399       0.122479       0.102098       0.083507       0.066876       0.052298       0.039797       0.029350       0.020926       0.014535       0.010309       0.008405       0.008436       0.009487       0.011035       0.013089       0.015884       0.019655       0.024541       0.030589       0.037792       0.046111       0.055487       0.065842       0.077091       0.089133       0.101865       0.115184       0.128994       0.143204       0.157738       0.172526       0.187501       0.202596       0.217737       0.232836       0.247796       0.262502       0.276837       0.290676       0.303902       0.316409       0.328106       0.338924       0.348814       0.357750       0.365724       0.372743       0.378829       0.384009       0.388316       0.391784       0.394445       0.396324       0.397443       0.397815       0.397443       0.396324       0.394445       0.391784       0.388316       0.384009       0.378829       0.372743       0.365724       0.357750       0.348814       0.338924       0.328106       0.316409       0.303902       0.290676       0.276837       0.262502       0.247796       0.232836       0.217737       0.202596       0.187501       0.172526       0.157738       0.143204       0.128994       0.115184       0.101865       0.089133       0.077091       0.065842       0.055487       0.046111       0.037792       0.030589       0.024541       0.019655       0.015884       0.013089       0.011035       0.009487       0.008436       0.008405       0.010309       0.014535       0.020926       0.029350       0.039797       0.052298       0.066876       0.083507       0.102098       0.122479       0.144399       0.167536       0.191514       0.215923       0.240351       0.264403       0.287722       0.310010       0.331031       0.350618       0.368672       0.385161       0.400116       0.413619       0.425788       0.436739       0.446525       0.455072       0.462144       0.467368       0.470347       0.470824       0.468896       0.465283       0.461744       0.461744
       0.463550       0.463550       0.467133       0.470809       0.472810       0.472416       0.469542       0.464457       0.457574       0.449275       0.439808       0.429251       0.417549       0.404585       0.390233       0.374397       0.357029       0.338141       0.317805       0.296157       0.273396       0.249786       0.225647       0.201341       0.177259       0.153796       0.131326       0.110184       0.090643       0.072905       0.057097       0.043272       0.031427       0.021529       0.013580       0.007871       0.005721       0.007439       0.010346       0.013438       0.016791       0.020693       0.025422       0.031171       0.038040       0.046057       0.055198       0.065407       0.076600       0.088680       0.101534       0.115047       0.129102       0.143584       0.158391       0.173424       0.188597       0.203828       0.219034       0.234134       0.249040       0.263660       0.277895       0.291645       0.304815       0.317313       0.329060       0.339992       0.350063       0.359241       0.367514       0.374884       0.381365       0.386980       0.391758       0.395730       0.398929       0.401384       0.403118       0.404151       0.404494       0.404151       0.403118       0.401384       0.398929       0.395730       0.391758       0.386980       0.381365       0.374884       0.367514       0.359241       0.350063       0.339992       0.329060       0.317313       0.304815       0.291645       0.277895       0.263660       0.249040       0.234134       0.219034       0.203828       0.188597       0.173424       0.158391       0.143584       0.129102       0.115047       0.101534       0.088680       0.076600       0.065407       0.055198       0.046057       0.038040       0.031171       0.025422       0.020693       0.016791       0.013438       0.010346       0.007439       0.005721       0.007871       0.013580       0.021529       0.031427       0.043272       0.057097       0.072905       0.090643       0.110184       0.131326       0.153796       0.177259       0.201341       0.225647       0.249786       0.273396       0.296157       0.317805       0.338141       0.357029       0.374397       0.390233       0.404585       0.417549       0.429251       0.439808       0.449275       0.457574       0.464457       0.469542       0.472416       0.472810       0.470809       0.467133       0.463550       0.463550
       0.464780       0.464780       0.468409       0.472160       0.474256       0.473978       0.471248       0.466347       0.459700       0.451701       0.442606       0.432495       0.421316       0.408947       0.395254       0.380131       0.363514       0.345396       0.325824       0.304903       0.282800       0.259742       0.236011       0.211938       0.187885       0.164229       0.141337       0.119551       0.099162       0.080397       0.063413       0.048294       0.035050       0.023630       0.013924       0.005781       0.001354       0.006962       0.012018       0.016726       0.021464       0.026596       0.032426       0.039175       0.046973       0.055871       0.065861       0.076892       0.088879       0.101716       0.115283       0.129454       0.144099       0.159094       0.174321       0.189673       0.205050       0.220359       0.235513       0.250428       0.265020       0.279205       0.292901       0.306027       0.318508       0.330279       0.341282       0.351476       0.360832       0.369334       0.376981       0.383783       0.389758       0.394931       0.399332       0.402991       0.405938       0.408199       0.409797       0.410748       0.411064       0.410748       0.409797       0.408199       0.405938       0.402991       0.399332       0.394931       0.389758       0.383783       0.376981       0.369334       0.360832       0.351476       0.341282       0.330279       0.318508       0.306027       0.292901       0.279205       0.265020       0.250428       0.235513       0.220359       0.205050       0.189673       0.174321       0.159094       0.144099       0.129454       0.115283       0.101716       0.088879       0.076892       0.065861       0.055871       0.046973       0.039175       0.032426       0.026596       0.021464       0.016726       0.012018       0.006962       0.001354       0.005781       0.013924       0.023630       0.035050       0.048294       0.063413       0.080397       0.099162       0.119551       0.141337       0.164229       0.187885       0.211938       0.236011       0.259742       0.282800       0.304903       0.325824       0.345396       0.363514       0.380131       0.395254       0.408947       0.421316       0.432495       0.442606       0.451701       0.459700       0.466347       0.471248       0.473978       0.474256       0.472160       0.468409       0.464780       0.464780
       0.465609       0.465609       0.469286       0.473115       0.475314       0.475167       0.472602       0.467911       0.461530       0.453863       0.445174       0.435547       0.424931       0.413199       0.400212       0.385852       0.370045       0.352763       0.334031       0.313927       0.292587       0.270202       0.247020       0.223334       0.199479       0.175808       0.152680       0.130437       0.109385       0.089778       0.071810       0.055609       0.041244       0.028744       0.018172       0.009993       0.006964       0.010758       0.016300       0.022012       0.027887       0.034161       0.041084       0.048857       0.057607       0.067392       0.078211       0.090013       0.102714       0.116203       0.130354       0.145033       0.160104       0.175434       0.190899       0.206383       0.221781       0.236997       0.251943       0.266537       0.280703       0.294368       0.307464       0.319929       0.331708       0.342754       0.353031       0.362513       0.371186       0.379048       0.386105       0.392373       0.397874       0.402634       0.406682       0.410048       0.412759       0.414839       0.416309       0.417185       0.417476       0.417185       0.416309       0.414839       0.412759       0.410048       0.406682       0.402634       0.397874       0.392373       0.386105       0.379048       0.371186       0.362513       0.353031       0.342754       0.331708       0.319929       0.307464       0.294368       0.280703       0.266537       0.251943       0.236997       0.221781       0.206383       0.190899       0.175434       0.160104       0.145033       0.130354       0.116203       0.102714       0.090013       0.078211       0.067392       0.057607       0.048857       0.041084       0.034161       0.027887       0.022012       0.016300       0.010758       0.006964       0.009993       0.018172       0.028744       0.041244       0.055609       0.071810       0.089778       0.109385       0.130437       0.152680       0.175808       0.199479       0.223334       0.247020       0.270202       0.292587       0.313927       0.334031       0.352763       0.370045       0.385852       0.400212       0.413199       0.424931       0.435547       0.445174       0.453863       0.461530       0.467911       0.472602       0.475167       0.475314       0.473115       0.469286       0.465609       0.465609
       0.466163       0.466163       0.469884       0.473791       0.476097       0.476086       0.473696       0.469227       0.463127       0.455810       0.447548       0.438429       0.428402       0.417338       0.405093       0.391539       0.376591       0.360204       0.342385       0.323188       0.302718       0.281135       0.258650       0.235526       0.212064       0.188596       0.165466       0.143014       0.121561       0.101391       0.082743       0.065813       0.050774       0.037822       0.027317       0.020087       0.017488       0.019583       0.024358       0.030272       0.036824       0.043975       0.051837       0.060537       0.070166       0.080768       0.092332       0.104806       0.118100       0.132101       0.146679       0.161695       0.177009       0.192486       0.207999       0.223430       0.238673       0.253633       0.268226       0.282377       0.296017       0.309087       0.321533       0.333308       0.344374       0.354702       0.364270       0.373067       0.381090       0.388346       0.394848       0.400616       0.405674       0.410049       0.413768       0.416860       0.419351       0.421263       0.422614       0.423420       0.423687       0.423420       0.422614       0.421263       0.419351       0.416860       0.413768       0.410049       0.405674       0.400616       0.394848       0.388346       0.381090       0.373067       0.364270       0.354702       0.344374       0.333308       0.321533       0.309087       0.296017       0.282377       0.268226       0.253633       0.238673       0.223430       0.207999       0.192486       0.177009       0.161695       0.146679       0.132101       0.118100       0.104806       0.092332       0.080768       0.070166       0.060537       0.051837       0.043975       0.036824       0.030272       0.024358       0.019583       0.017488       0.020087       0.027317       0.037822       0.050774       0.065813       0.082743       0.101391       0.121561       0.143014       0.165466       0.188596       0.212064       0.235526       0.258650       0.281135       0.302718       0.323188       0.342385       0.360204       0.376591       0.391539       0.405093       0.417338       0.428402       0.438429       0.447548       0.455810       0.463127       0.469227       0.473696       0.476086       0.476097       0.473791       0.469884       0.466163       0.466163
       0.466528       0.466528       0.470291       0.474272       0.476682       0.476808       0.474594       0.470351       0.464538       0.457581       0.449755       0.441158       0.431737       0.421363       0.409884       0.397169       0.383120       0.367681       0.350841       0.332632       0.313136       0.292482       0.270851       0.248471       0.225614       0.202588       0.179723       0.157354       0.135815       0.115419       0.096455       0.079196       0.063916       0.050947       0.040760       0.034014       0.031287       0.032403       0.036327       0.041996       0.048795       0.056492       0.065042       0.074476       0.084826       0.096098       0.108264       0.121257       0.134983       0.149324       0.164146       0.179309       0.194675       0.210107       0.225479       0.240677       0.255599       0.270154       0.284265       0.297864       0.310894       0.323307       0.335061       0.346126       0.356476       0.366096       0.374976       0.383115       0.390520       0.397204       0.403184       0.408484       0.413128       0.417143       0.420557       0.423395       0.425680       0.427435       0.428676       0.429416       0.429661       0.429416       0.428676       0.427435       0.425680       0.423395       0.420557       0.417143       0.413128       0.408484       0.403184       0.397204       0.390520       0.383115       0.374976       0.366096       0.356476       0.346126       0.335061       0.323307       0.310894       0.297864       0.284265       0.270154       0.255599       0.240677       0.225479       0.210107       0.194675       0.179309       0.164146       0.149324       0.134983       0.121257       0.108264       0.096098       0.084826       0.074476       0.065042       0.056492       0.048795       0.041996       0.036327       0.032403       0.031287       0.034014       0.040760       0.050947       0.063916       0.079196       0.096455       0.115419       0.135815       0.157354       0.179723       0.202588       0.225614       0.248471       0.270851       0.292482       0.313136       0.332632       0.350841       0.367681       0.383120       0.397169       0.409884       0.421363       0.431737       0.441158       0.449755       0.457581       0.464538       0.470351       0.474594       0.476808       0.476682       0.474272       0.470291       0.466528       0.466528
       0.466764       0.466764       0.470566       0.474617       0.477127       0.477387       0.475346       0.471329       0.465802       0.459204       0.451819       0.443748       0.434941       0.425267       0.414572       0.402718       0.389599       0.375149       0.359343       0.342197       0.323770       0.304165       0.283535       0.262080       0.240043       0.217707       0.195385       0.173409       0.152119       0.131853       0.112944       0.095724       0.080540       0.067782       0.057897       0.051339       0.048368       0.048797       0.052001       0.057255       0.064005       0.071935       0.080892       0.090811       0.101660       0.113398       0.125968       0.139287       0.153249       0.167730       0.182596       0.197708       0.212928       0.228125       0.243178       0.257977       0.272426       0.286444       0.299960       0.312918       0.325269       0.336977       0.348012       0.358355       0.367991       0.376916       0.385130       0.392640       0.399458       0.405603       0.411094       0.415955       0.420214       0.423894       0.427023       0.429624       0.431720       0.433329       0.434468       0.435146       0.435371       0.435146       0.434468       0.433329       0.431720       0.429624       0.427023       0.423894       0.420214       0.415955       0.411094       0.405603       0.399458       0.392640       0.385130       0.376916       0.367991       0.358355       0.348012       0.336977       0.325269       0.312918       0.299960       0.286444       0.272426       0.257977       0.243178       0.228125       0.212928       0.197708       0.182596       0.167730       0.153249       0.139287       0.125968       0.113398       0.101660       0.090811       0.080892       0.071935       0.064005       0.057255       0.052001       0.048797       0.048368       0.051339       0.057897       0.067782       0.080540       0.095724       0.112944       0.131853       0.152119       0.173409       0.195385       0.217707       0.240043       0.262080       0.283535       0.304165       0.323770       0.342197       0.359343       0.375149       0.389599       0.402718       0.414572       0.425267       0.434941       0.443748       0.451819       0.459204       0.465802       0.471329       0.475346       0.477387       0.477127       0.474617       0.470566       0.466764       0.466764
       0.466914       0.466914       0.470751       0.474868       0.477473       0.477860       0.475989       0.472191       0.466947       0.460703       0.453756       0.446209       0.438016       0.429045       0.419141       0.408160       0.395992       0.382561       0.367834       0.351810       0.334531       0.316082       0.296589       0.276226       0.255209       0.233800       0.212292       0.191009       0.170293       0.150497       0.131982       0.115116       0.100279       0.087863       0.078259       0.071786       0.068577       0.068479       0.071080       0.075866       0.082378       0.090286       0.099376       0.109516       0.120610       0.132574       0.145318       0.158738       0.172718       0.187127       0.201830       0.216691       0.231575       0.246358       0.260925       0.275176       0.289022       0.302390       0.315221       0.327464       0.339085       0.350054       0.360353       0.369970       0.378902       0.387151       0.394723       0.401633       0.407895       0.413531       0.418564       0.423017       0.426915       0.430284       0.433149       0.435531       0.437450       0.438924       0.439967       0.440588       0.440795       0.440588       0.439967       0.438924       0.437450       0.435531       0.433149       0.430284       0.426915       0.423017       0.418564       0.413531       0.407895       0.401633       0.394723       0.387151       0.378902       0.369970       0.360353       0.350054       0.339085       0.327464       0.315221       0.302390       0.289022       0.275176       0.260925       0.246358       0.231575       0.216691       0.201830       0.187127       0.172718       0.158738       0.145318       0.132574       0.120610       0.109516       0.099376       0.090286       0.082378       0.075866       0.071080       0.068479       0.068577       0.071786       0.078259       0.087863       0.100279       0.115116       0.131982       0.150497       0.170293       0.191009       0.212292       0.233800       0.255209       0.276226       0.296589       0.316082       0.334531       0.351810       0.367834       0.382561       0.395992       0.408160       0.419141       0.429045       0.438016       0.446209       0.453756       0.460703       0.466947       0.472191       0.475989       0.477860       0.477473       0.474868       0.470751       0.466914       0.466914
       0.467005       0.467005       0.470876       0.475053       0.477747       0.478256       0.476546       0.472961       0.467992       0.462096       0.455577       0.448547       0.440962       0.432691       0.423575       0.413471       0.402262       0.389869       0.376248       0.361390       0.345324       0.328116       0.309872       0.290743       0.270923       0.250650       0.230199       0.209879       0.190029       0.171003       0.153174       0.136921       0.122626       0.110663       0.101366       0.094978       0.091585       0.091075       0.093161       0.097467       0.103619       0.111306       0.120291       0.130394       0.141476       0.153414       0.166089       0.179378       0.193151       0.207275       0.221612       0.236030       0.250402       0.264610       0.278547       0.292122       0.305257       0.317886       0.329960       0.341438       0.352292       0.362503       0.372059       0.380957       0.389199       0.396793       0.403751       0.410089       0.415827       0.420986       0.425589       0.429660       0.433224       0.436304       0.438922       0.441100       0.442856       0.444204       0.445159       0.445727       0.445916       0.445727       0.445159       0.444204       0.442856       0.441100       0.438922       0.436304       0.433224       0.429660       0.425589       0.420986       0.415827       0.410089       0.403751       0.396793       0.389199       0.380957       0.372059       0.362503       0.352292       0.341438       0.329960       0.317886       0.305257       0.292122       0.278547       0.264610       0.250402       0.236030       0.221612       0.207275       0.193151       0.179378       0.166089       0.153414       0.141476       0.130394       0.120291       0.111306       0.103619       0.097467       0.093161       0.091075       0.091585       0.094978       0.101366       0.110663       0.122626       0.136921       0.153174       0.171003       0.190029       0.209879       0.230199       0.250650       0.270923       0.290743       0.309872       0.328116       0.345324       0.361390       0.376248       0.389869       0.402262       0.413471       0.423575       0.432691       0.440962       0.448547       0.455577       0.462096       0.467992       0.472961       0.476546       0.478256       0.477747       0.475053       0.470876       0.467005       0.467005
       0.467059       0.467059       0.470959       0.475193       0.477970       0.478594       0.477039       0.473658       0.468953       0.463394       0.457293       0.450767       0.443778       0.436195       0.427859       0.418624       0.408373       0.397022       0.384522       0.370856       0.356044       0.340137       0.323227       0.305444       0.286962       0.267996       0.248801       0.229670       0.210927       0.192921       0.176015       0.160583       0.146992       0.135587       0.126659       0.120409       0.116908       0.116080       0.117723       0.121553       0.127266       0.134582       0.143260       0.153100       0.163931       0.175604       0.187976       0.200907       0.214260       0.227897       0.241682       0.255487       0.269192       0.282686       0.295874       0.308672       0.321011       0.332836       0.344103       0.354782       0.364850       0.374296       0.383114       0.391306       0.398878       0.405843       0.412215       0.418012       0.423255       0.427966       0.432168       0.435884       0.439136       0.441947       0.444338       0.446327       0.447930       0.449162       0.450034       0.450554       0.450727       0.450554       0.450034       0.449162       0.447930       0.446327       0.444338       0.441947       0.439136       0.435884       0.432168       0.427966       0.423255       0.418012       0.412215       0.405843       0.398878       0.391306       0.383114       0.374296       0.364850       0.354782       0.344103       0.332836       0.321011       0.308672       0.295874       0.282686       0.269192       0.255487       0.241682       0.227897       0.214260       0.200907       0.187976       0.175604       0.163931       0.153100       0.143260       0.134582       0.127266       0.121553       0.117723       0.116080       0.116908       0.120409       0.126659       0.135587       0.146992       0.160583       0.176015       0.192921       0.210927       0.229670       0.248801       0.267996       0.286962       0.305444       0.323227       0.340137       0.356044       0.370856       0.384522       0.397022       0.408373       0.418624       0.427859       0.436195       0.443778       0.450767       0.457293       0.463394       0.468953       0.473658       0.477039       0.478594       0.477970       0.475193       0.470959       0.467059       0.467059
       0.467089       0.467089       0.471016       0.475302       0.478157       0.478889       0.477480       0.474293       0.469843       0.464607       0.458909       0.452872       0.446462       0.439549       0.431977       0.423597       0.414290       0.403973       0.392591       0.380126       0.366587       0.352017       0.336494       0.320132       0.303086       0.285552       0.267762       0.249990       0.232539       0.215740       0.199940       0.185492       0.172738       0.161991       0.153512       0.147474       0.143947       0.142887       0.144148       0.147515       0.152740       0.159574       0.167788       0.177175       0.187550       0.198745       0.210604       0.222978       0.235721       0.248695       0.261769       0.274817       0.287728       0.300401       0.312747       0.324693       0.336178       0.347155       0.357587       0.367450       0.376728       0.385414       0.393508       0.401014       0.407941       0.414305       0.420121       0.425408       0.430186       0.434479       0.438306       0.441691       0.444654       0.447215       0.449394       0.451207       0.452670       0.453794       0.454590       0.455065       0.455222       0.455065       0.454590       0.453794       0.452670       0.451207       0.449394       0.447215       0.444654       0.441691       0.438306       0.434479       0.430186       0.425408       0.420121       0.414305       0.407941       0.401014       0.393508       0.385414       0.376728       0.367450       0.357587       0.347155       0.336178       0.324693       0.312747       0.300401       0.287728       0.274817       0.261769       0.248695       0.235721       0.222978       0.210604       0.198745       0.187550       0.177175       0.167788       0.159574       0.152740       0.147515       0.144148       0.142887       0.143947       0.147474       0.153512       0.161991       0.172738       0.185492       0.199940       0.215740       0.232539       0.249990       0.267762       0.285552       0.303086       0.320132       0.336494       0.352017       0.366587       0.380126       0.392591       0.403973       0.414290       0.423597       0.431977       0.439549       0.446462       0.452872       0.458909       0.464607       0.469843       0.474293       0.477480       0.478889       0.478157       0.475302       0.471016       0.467089       0.467089
       0.467103       0.467103       0.471056       0.475389       0.478316       0.479150       0.477879       0.474877       0.470668       0.465742       0.460430       0.454864       0.449011       0.442747       0.435914       0.428365       0.419982       0.410677       0.400398       0.389121       0.376852       0.363627       0.349513       0.334610       0.319058       0.303030       0.286741       0.270439       0.254405       0.238943       0.224376       0.211028       0.199212       0.189212       0.181258       0.175510       0.172037       0.170821       0.171758       0.174682       0.179392       0.185670       0.193304       0.202092       0.211847       0.222394       0.233570       0.245220       0.257199       0.269370       0.281605       0.293786       0.305810       0.317582       0.329024       0.340070       0.350666       0.360773       0.370360       0.379408       0.387905       0.395848       0.403238       0.410084       0.416395       0.422188       0.427479       0.432287       0.436631       0.440532       0.444011       0.447087       0.449782       0.452112       0.454095       0.455745       0.457077       0.458101       0.458826       0.459259       0.459403       0.459259       0.458826       0.458101       0.457077       0.455745       0.454095       0.452112       0.449782       0.447087       0.444011       0.440532       0.436631       0.432287       0.427479       0.422188       0.416395       0.410084       0.403238       0.395848       0.387905       0.379408       0.370360       0.360773       0.350666       0.340070       0.329024       0.317582       0.305810       0.293786       0.281605       0.269370       0.257199       0.245220       0.233570       0.222394       0.211847       0.202092       0.193304       0.185670       0.179392       0.174682       0.171758       0.170821       0.172037       0.175510       0.181258       0.189212       0.199212       0.211028       0.224376       0.238943       0.254405       0.270439       0.286741       0.303030       0.319058       0.334610       0.349513       0.363627       0.376852       0.389121       0.400398       0.410677       0.419982       0.428365       0.435914       0.442747       0.449011       0.454864       0.460430       0.465742       0.470668       0.474877       0.477879       0.479150       0.478316       0.475389       0.471056       0.467103       0.467103
       0.467108       0.467108       0.471084       0.475462       0.478456       0.479384       0.478244       0.475416       0.471436       0.466804       0.461860       0.456742       0.451424       0.445781       0.439659       0.432911       0.425419       0.417096       0.407889       0.397773       0.386751       0.374853       0.362139       0.348698       0.334654       0.320162       0.305416       0.290640       0.276088       0.262036       0.248776       0.236601       0.225792       0.216603       0.209240       0.203849       0.200503       0.199198       0.199864       0.202373       0.206560       0.212239       0.219218       0.227307       0.236325       0.246097       0.256463       0.267267       0.278369       0.289634       0.300941       0.312181       0.323255       0.334080       0.344583       0.354706       0.364403       0.373638       0.382387       0.390633       0.398369       0.405593       0.412309       0.418524       0.424252       0.429507       0.434304       0.438663       0.442601       0.446139       0.449294       0.452085       0.454530       0.456645       0.458446       0.459946       0.461157       0.462089       0.462748       0.463142       0.463273       0.463142       0.462748       0.462089       0.461157       0.459946       0.458446       0.456645       0.454530       0.452085       0.449294       0.446139       0.442601       0.438663       0.434304       0.429507       0.424252       0.418524       0.412309       0.405593       0.398369       0.390633       0.382387       0.373638       0.364403       0.354706       0.344583       0.334080       0.323255       0.312181       0.300941       0.289634       0.278369       0.267267       0.256463       0.246097       0.236325       0.227307       0.219218       0.212239       0.206560       0.202373       0.199864       0.199198       0.200503       0.203849       0.209240       0.216603       0.225792       0.236601       0.248776       0.262036       0.276088       0.290640       0.305416       0.320162       0.334654       0.348698       0.362139       0.374853       0.386751       0.397773       0.407889       0.417096       0.425419       0.432911       0.439659       0.445781       0.451424       0.456742       0.461860       0.466804       0.471436       0.475416       0.478244       0.479384       0.478456       0.475462       0.471084       0.467108       0.467108
       0.467109       0.467109       0.471105       0.475524       0.478580       0.479598       0.478579       0.475914       0.472150       0.467796       0.463200       0.458508       0.453697       0.448646       0.443202       0.437219       0.430579       0.423197       0.415020       0.406022       0.396206       0.385596       0.374247       0.362238       0.349679       0.336711       0.323504       0.310260       0.297203       0.284582       0.272655       0.261683       0.251915       0.243575       0.236848       0.231867       0.228703       0.227368       0.227813       0.229940       0.233616       0.238681       0.244966       0.252298       0.260505       0.269424       0.278898       0.288780       0.298933       0.309231       0.319559       0.329817       0.339913       0.349771       0.359326       0.368527       0.377333       0.385712       0.393643       0.401114       0.408118       0.414655       0.420729       0.426350       0.431528       0.436277       0.440614       0.444554       0.448115       0.451315       0.454169       0.456696       0.458910       0.460827       0.462460       0.463821       0.464920       0.465765       0.466364       0.466722       0.466840       0.466722       0.466364       0.465765       0.464920       0.463821       0.462460       0.460827       0.458910       0.456696       0.454169       0.451315       0.448115       0.444554       0.440614       0.436277       0.431528       0.426350       0.420729       0.414655       0.408118       0.401114       0.393643       0.385712       0.377333       0.368527       0.359326       0.349771       0.339913       0.329817       0.319559       0.309231       0.298933       0.288780       0.278898       0.269424       0.260505       0.252298       0.244966       0.238681       0.233616       0.229940       0.227813       0.227368       0.228703       0.231867       0.236848       0.243575       0.251915       0.261683       0.272655       0.284582       0.297203       0.310260       0.323504       0.336711       0.349679       0.362238       0.374247       0.385596       0.396206       0.406022       0.415020       0.423197       0.430579       0.437219       0.443202       0.448646       0.453697       0.458508       0.463200       0.467796       0.472150       0.475914       0.478579       0.479598       0.478580       0.475524       0.471105       0.467109       0.467109
       0.467107       0.467107       0.471123       0.475579       0.478693       0.479793       0.478887       0.476376       0.472814       0.468721       0.464453       0.460162       0.455830       0.451339       0.446535       0.441276       0.435443       0.428954       0.421755       0.413822       0.405154       0.395776       0.385735       0.375102       0.363977       0.352483       0.340772       0.329022       0.317431       0.306218       0.295608       0.285831       0.277104       0.269625       0.263556       0.259018       0.256080       0.254761       0.255031       0.256814       0.260002       0.264462       0.270046       0.276599       0.283967       0.291996       0.300542       0.309465       0.318638       0.327944       0.337278       0.346544       0.355662       0.364560       0.373183       0.381482       0.389421       0.396973       0.404120       0.410850       0.417158       0.423045       0.428516       0.433577       0.438241       0.442520       0.446428       0.449980       0.453191       0.456078       0.458655       0.460937       0.462938       0.464671       0.466149       0.467381       0.468376       0.469142       0.469685       0.470009       0.470117       0.470009       0.469685       0.469142       0.468376       0.467381       0.466149       0.464671       0.462938       0.460937       0.458655       0.456078       0.453191       0.449980       0.446428       0.442520       0.438241       0.433577       0.428516       0.423045       0.417158       0.410850       0.404120       0.396973       0.389421       0.381482       0.373183       0.364560       0.355662       0.346544       0.337278       0.327944       0.318638       0.309465       0.300542       0.291996       0.283967       0.276599       0.270046       0.264462       0.260002       0.256814       0.255031       0.254761       0.256080       0.259018       0.263556       0.269625       0.277104       0.285831       0.295608       0.306218       0.317431       0.329022       0.340772       0.352483       0.363977       0.375102       0.385735       0.395776       0.405154       0.413822       0.421755       0.428954       0.435443       0.441276       0.446535       0.451339       0.455830       0.460162       0.464453       0.468721       0.472814       0.476376       0.478887       0.479793       0.478693       0.475579       0.471123       0.467107       0.467107
       0.467105       0.467105       0.471138       0.475629       0.478797       0.479972       0.479173       0.476804       0.473432       0.469583       0.465622       0.461706       0.457823       0.453856       0.449654       0.445074       0.440000       0.434349       0.428070       0.421138       0.413552       0.405333       0.396526       0.387194       0.377426       0.367331       0.357043       0.346717       0.336528       0.326664       0.317322       0.308700       0.300987       0.294354       0.288943       0.284862       0.282177       0.280911       0.281046       0.282524       0.285260       0.289142       0.294044       0.299830       0.306362       0.313503       0.321119       0.329085       0.337283       0.345606       0.353958       0.362252       0.370415       0.378383       0.386105       0.393538       0.400649       0.407414       0.413818       0.419849       0.425503       0.430781       0.435688       0.440229       0.444415       0.448257       0.451768       0.454961       0.457849       0.460447       0.462768       0.464824       0.466629       0.468193       0.469527       0.470640       0.471540       0.472232       0.472724       0.473017       0.473114       0.473017       0.472724       0.472232       0.471540       0.470640       0.469527       0.468193       0.466629       0.464824       0.462768       0.460447       0.457849       0.454961       0.451768       0.448257       0.444415       0.440229       0.435688       0.430781       0.425503       0.419849       0.413818       0.407414       0.400649       0.393538       0.386105       0.378383       0.370415       0.362252       0.353958       0.345606       0.337283       0.329085       0.321119       0.313503       0.306362       0.299830       0.294044       0.289142       0.285260       0.282524       0.281046       0.280911       0.282177       0.284862       0.288943       0.294354       0.300987       0.308700       0.317322       0.326664       0.336528       0.346717       0.357043       0.367331       0.377426       0.387194       0.396526       0.405333       0.413552       0.421138       0.428070       0.434349       0.440000       0.445074       0.449654       0.453856       0.457823       0.461706       0.465622       0.469583       0.473432       0.476804       0.479173       0.479972       0.478797       0.475629       0.471138       0.467105       0.467105
       0.467103       0.467103       0.471153       0.475675       0.478892       0.480139       0.479437       0.477201       0.474004       0.470382       0.466707       0.463142       0.459677       0.456199       0.452557       0.448610       0.444243       0.439373       0.433950       0.427948       0.421369       0.414230       0.406571       0.398450       0.389945       0.381155       0.372195       0.363201       0.354324       0.345726       0.337577       0.330046       0.323295       0.317472       0.312700       0.309074       0.306655       0.305468       0.305503       0.306718       0.309044       0.312389       0.316647       0.321700       0.327429       0.333711       0.340428       0.347467       0.354722       0.362097       0.369505       0.376868       0.384119       0.391202       0.398069       0.404684       0.411015       0.417042       0.422750       0.428128       0.433174       0.437887       0.442270       0.446329       0.450074       0.453513       0.456658       0.459520       0.462111       0.464444       0.466529       0.468378       0.470002       0.471410       0.472612       0.473616       0.474427       0.475052       0.475495       0.475760       0.475848       0.475760       0.475495       0.475052       0.474427       0.473616       0.472612       0.471410       0.470002       0.468378       0.466529       0.464444       0.462111       0.459520       0.456658       0.453513       0.450074       0.446329       0.442270       0.437887       0.433174       0.428128       0.422750       0.417042       0.411015       0.404684       0.398069       0.391202       0.384119       0.376868       0.369505       0.362097       0.354722       0.347467       0.340428       0.333711       0.327429       0.321700       0.316647       0.312389       0.309044       0.306718       0.305503       0.305468       0.306655       0.309074       0.312700       0.317472       0.323295       0.330046       0.337577       0.345726       0.354324       0.363201       0.372195       0.381155       0.389945       0.398450       0.406571       0.414230       0.421369       0.427948       0.433950       0.439373       0.444243       0.448610       0.452557       0.456199       0.459677       0.463142       0.466707       0.470382       0.474004       0.477201       0.479437       0.480139       0.478892       0.475675       0.471153       0.467103       0.467103
       0.467102       0.467102       0.471167       0.475719       0.478981       0.480292       0.479681       0.477568       0.474534       0.471123       0.467712       0.464472       0.461394       0.458368       0.455246       0.451885       0.448170       0.444022       0.439388       0.434245       0.428592       0.422445       0.415842       0.408834       0.401491       0.393899       0.386159       0.378388       0.370718       0.363286       0.356238       0.349717       0.343862       0.338798       0.334631       0.331444       0.329292       0.328201       0.328166       0.329157       0.331118       0.333975       0.337640       0.342012       0.346988       0.352464       0.358333       0.364498       0.370864       0.377345       0.383864       0.390352       0.396748       0.403003       0.409073       0.414925       0.420532       0.425874       0.430937       0.435712       0.440196       0.444387       0.448289       0.451906       0.455245       0.458314       0.461123       0.463682       0.466000       0.468089       0.469958       0.471617       0.473075       0.474341       0.475421       0.476324       0.477054       0.477617       0.478016       0.478255       0.478334       0.478255       0.478016       0.477617       0.477054       0.476324       0.475421       0.474341       0.473075       0.471617       0.469958       0.468089       0.466000       0.463682       0.461123       0.458314       0.455245       0.451906       0.448289       0.444387       0.440196       0.435712       0.430937       0.425874       0.420532       0.414925       0.409073       0.403003       0.396748       0.390352       0.383864       0.377345       0.370864       0.364498       0.358333       0.352464       0.346988       0.342012       0.337640       0.333975       0.331118       0.329157       0.328166       0.328201       0.329292       0.331444       0.334631       0.338798       0.343862       0.349717       0.356238       0.363286       0.370718       0.378388       0.386159       0.393899       0.401491       0.408834       0.415842       0.422445       0.428592       0.434245       0.439388       0.444022       0.448170       0.451885       0.455246       0.458368       0.461394       0.464472       0.467712       0.471123       0.474534       0.477568       0.479681       0.480292       0.478981       0.475719       0.471167       0.467102       0.467102
       0.467103       0.467103       0.471181       0.475760       0.479064       0.480435       0.479907       0.477907       0.475023       0.471806       0.468640       0.465698       0.462978       0.460369       0.457724       0.454901       0.451786       0.448298       0.444387       0.440028       0.435220       0.429979       0.424336       0.418339       0.412049       0.405543       0.398909       0.392247       0.385670       0.379295       0.373246       0.367645       0.362608       0.358241       0.354635       0.351862       0.349970       0.348984       0.348903       0.349706       0.351349       0.353772       0.356901       0.360654       0.364943       0.369676       0.374765       0.380122       0.385666       0.391321       0.397019       0.402698       0.408306       0.413796       0.419132       0.424282       0.429223       0.433936       0.438407       0.442630       0.446599       0.450313       0.453774       0.456986       0.459955       0.462686       0.465188       0.467470       0.469540       0.471406       0.473077       0.474562       0.475868       0.477002       0.477972       0.478782       0.479438       0.479944       0.480303       0.480517       0.480588       0.480517       0.480303       0.479944       0.479438       0.478782       0.477972       0.477002       0.475868       0.474562       0.473077       0.471406       0.469540       0.467470       0.465188       0.462686       0.459955       0.456986       0.453774       0.450313       0.446599       0.442630       0.438407       0.433936       0.429223       0.424282       0.419132       0.413796       0.408306       0.402698       0.397019       0.391321       0.385666       0.380122       0.374765       0.369676       0.364943       0.360654       0.356901       0.353772       0.351349       0.349706       0.348903       0.348984       0.349970       0.351862       0.354635       0.358241       0.362608       0.367645       0.373246       0.379295       0.385670       0.392247       0.398909       0.405543       0.412049       0.418339       0.424336       0.429979       0.435220       0.440028       0.444387       0.448298       0.451786       0.454901       0.457724       0.460369       0.462978       0.465698       0.468640       0.471806       0.475023       0.477907       0.479907       0.480435       0.479064       0.475760       0.471181       0.467103       0.467103
       0.467106       0.467106       0.471196       0.475799       0.479141       0.480567       0.480116       0.478220       0.475474       0.472434       0.469492       0.466825       0.464432       0.462205       0.459997       0.457665       0.455097       0.452211       0.448956       0.445309       0.441265       0.436840       0.432063       0.426976       0.421632       0.416100       0.410456       0.404787       0.399188       0.393760       0.388606       0.383829       0.379528       0.375791       0.372697       0.370305       0.368658       0.367780       0.367673       0.368321       0.369691       0.371733       0.374389       0.377589       0.381259       0.385324       0.389706       0.394331       0.399128       0.404031       0.408981       0.413924       0.418813       0.423608       0.428275       0.432787       0.437122       0.441262       0.445196       0.448916       0.452417       0.455697       0.458758       0.461602       0.464233       0.466657       0.468880       0.470910       0.472752       0.474416       0.475907       0.477233       0.478400       0.479415       0.480282       0.481008       0.481596       0.482049       0.482371       0.482564       0.482628       0.482564       0.482371       0.482049       0.481596       0.481008       0.480282       0.479415       0.478400       0.477233       0.475907       0.474416       0.472752       0.470910       0.468880       0.466657       0.464233       0.461602       0.458758       0.455697       0.452417       0.448916       0.445196       0.441262       0.437122       0.432787       0.428275       0.423608       0.418813       0.413924       0.408981       0.404031       0.399128       0.394331       0.389706       0.385324       0.381259       0.377589       0.374389       0.371733       0.369691       0.368321       0.367673       0.367780       0.368658       0.370305       0.372697       0.375791       0.379528       0.383829       0.388606       0.393760       0.399188       0.404787       0.410456       0.416100       0.421632       0.426976       0.432063       0.436840       0.441265       0.445309       0.448956       0.452211       0.455097       0.457665       0.459997       0.462205       0.464432       0.466825       0.469492       0.472434       0.475474       0.478220       0.480116       0.480567       0.479141       0.475799       0.471196       0.467106       0.467106
       0.467110       0.467110       0.471211       0.475836       0.479213       0.480690       0.480308       0.478507       0.475887       0.473011       0.470274       0.467857       0.465763       0.463883       0.462072       0.460187       0.458115       0.455772       0.453110       0.450103       0.446747       0.443054       0.439050       0.434774       0.430273       0.425606       0.420841       0.416051       0.411317       0.406726       0.402365       0.398319       0.394671       0.391497       0.388861       0.386815       0.385396       0.384625       0.384506       0.385029       0.386166       0.387880       0.390122       0.392835       0.395959       0.399430       0.403182       0.407153       0.411281       0.415510       0.419788       0.424069       0.428312       0.432480       0.436545       0.440481       0.444268       0.447892       0.451340       0.454606       0.457684       0.460572       0.463271       0.465782       0.468108       0.470254       0.472224       0.474025       0.475661       0.477141       0.478468       0.479649       0.480690       0.481596       0.482371       0.483019       0.483545       0.483951       0.484239       0.484411       0.484468       0.484411       0.484239       0.483951       0.483545       0.483019       0.482371       0.481596       0.480690       0.479649       0.478468       0.477141       0.475661       0.474025       0.472224       0.470254       0.468108       0.465782       0.463271       0.460572       0.457684       0.454606       0.451340       0.447892       0.444268       0.440481       0.436545       0.432480       0.428312       0.424069       0.419788       0.415510       0.411281       0.407153       0.403182       0.399430       0.395959       0.392835       0.390122       0.387880       0.386166       0.385029       0.384506       0.384625       0.385396       0.386815       0.388861       0.391497       0.394671       0.398319       0.402365       0.406726       0.411317       0.416051       0.420841       0.425606       0.430273       0.434774       0.439050       0.443054       0.446747       0.450103       0.453110       0.455772       0.458115       0.460187       0.462072       0.463883       0.465763       0.467857       0.470274       0.473011       0.475887       0.478507       0.480308       0.480690       0.479213       0.475836       0.471211       0.467110       0.467110
       0.467115       0.467115       0.471227       0.475872       0.479281       0.480803       0.480485       0.478771       0.476265       0.473538       0.470987       0.468798       0.466975       0.465411       0.463960       0.462478       0.460852       0.459000       0.456869       0.454435       0.451692       0.448651       0.445334       0.441776       0.438019       0.434115       0.430122       0.426104       0.422130       0.418273       0.414606       0.411201       0.408129       0.405450       0.403221       0.401484       0.400272       0.399604       0.399484       0.399905       0.400848       0.402281       0.404167       0.406459       0.409106       0.412055       0.415253       0.418646       0.422182       0.425814       0.429495       0.433187       0.436853       0.440463       0.443989       0.447410       0.450708       0.453868       0.456882       0.459740       0.462438       0.464974       0.467347       0.469557       0.471609       0.473503       0.475245       0.476839       0.478290       0.479602       0.480781       0.481831       0.482758       0.483564       0.484255       0.484833       0.485302       0.485664       0.485922       0.486076       0.486127       0.486076       0.485922       0.485664       0.485302       0.484833       0.484255       0.483564       0.482758       0.481831       0.480781       0.479602       0.478290       0.476839       0.475245       0.473503       0.471609       0.469557       0.467347       0.464974       0.462438       0.459740       0.456882       0.453868       0.450708       0.447410       0.443989       0.440463       0.436853       0.433187       0.429495       0.425814       0.422182       0.418646       0.415253       0.412055       0.409106       0.406459       0.404167       0.402281       0.400848       0.399905       0.399484       0.399604       0.400272       0.401484       0.403221       0.405450       0.408129       0.411201       0.414606       0.418273       0.422130       0.426104       0.430122       0.434115       0.438019       0.441776       0.445334       0.448651       0.451692       0.454435       0.456869       0.459000       0.460852       0.462478       0.463960       0.465411       0.466975       0.468798       0.470987       0.473538       0.476265       0.478771       0.480485       0.480803       0.479281       0.475872       0.471227       0.467115       0.467115
       0.467122       0.467122       0.471243       0.475906       0.479343       0.480907       0.480647       0.479012       0.476611       0.474018       0.471636       0.469654       0.468076       0.466797       0.465669       0.464551       0.463326       0.461912       0.460256       0.458332       0.456133       0.453668       0.450957       0.448031       0.444927       0.441690       0.438372       0.435027       0.431715       0.428496       0.425433       0.422587       0.420015       0.417769       0.415897       0.414434       0.413408       0.412835       0.412723       0.413064       0.413845       0.415042       0.416623       0.418553       0.420788       0.423286       0.426001       0.428889       0.431907       0.435013       0.438169       0.441341       0.444498       0.447613       0.450662       0.453626       0.456488       0.459237       0.461862       0.464357       0.466716       0.468936       0.471017       0.472959       0.474763       0.476432       0.477969       0.479376       0.480659       0.481821       0.482866       0.483798       0.484620       0.485337       0.485951       0.486466       0.486884       0.487206       0.487436       0.487573       0.487618       0.487573       0.487436       0.487206       0.486884       0.486466       0.485951       0.485337       0.484620       0.483798       0.482866       0.481821       0.480659       0.479376       0.477969       0.476432       0.474763       0.472959       0.471017       0.468936       0.466716       0.464357       0.461862       0.459237       0.456488       0.453626       0.450662       0.447613       0.444498       0.441341       0.438169       0.435013       0.431907       0.428889       0.426001       0.423286       0.420788       0.418553       0.416623       0.415042       0.413845       0.413064       0.412723       0.412835       0.413408       0.414434       0.415897       0.417769       0.420015       0.422587       0.425433       0.428496       0.431715       0.435027       0.438372       0.441690       0.444927       0.448031       0.450957       0.453668       0.456133       0.458332       0.460256       0.461912       0.463326       0.464551       0.465669       0.466797       0.468076       0.469654       0.471636       0.474018       0.476611       0.479012       0.480647       0.480907       0.479343       0.475906       0.471243       0.467122       0.467122
       0.467129       0.467129       0.471259       0.475939       0.479402       0.481003       0.480796       0.479232       0.476926       0.474454       0.472225       0.470429       0.469072       0.468049       0.467213       0.466419       0.465552       0.464528       0.463294       0.461822       0.460103       0.458146       0.455967       0.453594       0.451060       0.448405       0.445672       0.442911       0.440171       0.437504       0.434963       0.432599       0.430460       0.428590       0.427028       0.425805       0.424944       0.424460       0.424359       0.424639       0.425287       0.426285       0.427610       0.429230       0.431113       0.433222       0.435521       0.437972       0.440539       0.443188       0.445885       0.448603       0.451313       0.453993       0.456621       0.459182       0.461660       0.464044       0.466325       0.468496       0.470553       0.472493       0.474314       0.476016       0.477599       0.479066       0.480418       0.481659       0.482791       0.483818       0.484742       0.485567       0.486295       0.486931       0.487476       0.487933       0.488304       0.488591       0.488795       0.488917       0.488958       0.488917       0.488795       0.488591       0.488304       0.487933       0.487476       0.486931       0.486295       0.485567       0.484742       0.483818       0.482791       0.481659       0.480418       0.479066       0.477599       0.476016       0.474314       0.472493       0.470553       0.468496       0.466325       0.464044       0.461660       0.459182       0.456621       0.453993       0.451313       0.448603       0.445885       0.443188       0.440539       0.437972       0.435521       0.433222       0.431113       0.429230       0.427610       0.426285       0.425287       0.424639       0.424359       0.424460       0.424944       0.425805       0.427028       0.428590       0.430460       0.432599       0.434963       0.437504       0.440171       0.442911       0.445672       0.448405       0.451060       0.453594       0.455967       0.458146       0.460103       0.461822       0.463294       0.464528       0.465552       0.466419       0.467213       0.468049       0.469072       0.470429       0.472225       0.474454       0.476926       0.479232       0.480796       0.481003       0.479402       0.475939       0.471259       0.467129       0.467129
       0.467138       0.467138       0.471275       0.475970       0.479456       0.481092       0.480932       0.479432       0.477211       0.474849       0.472758       0.471129       0.469970       0.469177       0.468600       0.468097       0.467549       0.466871       0.466010       0.464936       0.463640       0.462127       0.460413       0.458522       0.456483       0.454332       0.452106       0.449848       0.447601       0.445409       0.443316       0.441367       0.439600       0.438054       0.436760       0.435745       0.435030       0.434627       0.434541       0.434772       0.435312       0.436145       0.437253       0.438613       0.440196       0.441973       0.443915       0.445991       0.448169       0.450422       0.452722       0.455044       0.457365       0.459665       0.461925       0.464132       0.466272       0.468335       0.470312       0.472198       0.473988       0.475678       0.477268       0.478756       0.480143       0.481430       0.482617       0.483709       0.484706       0.485611       0.486426       0.487155       0.487800       0.488362       0.488845       0.489250       0.489579       0.489834       0.490015       0.490123       0.490159       0.490123       0.490015       0.489834       0.489579       0.489250       0.488845       0.488362       0.487800       0.487155       0.486426       0.485611       0.484706       0.483709       0.482617       0.481430       0.480143       0.478756       0.477268       0.475678       0.473988       0.472198       0.470312       0.468335       0.466272       0.464132       0.461925       0.459665       0.457365       0.455044       0.452722       0.450422       0.448169       0.445991       0.443915       0.441973       0.440196       0.438613       0.437253       0.436145       0.435312       0.434772       0.434541       0.434627       0.435030       0.435745       0.436760       0.438054       0.439600       0.441367       0.443316       0.445409       0.447601       0.449848       0.452106       0.454332       0.456483       0.458522       0.460413       0.462127       0.463640       0.464936       0.466010       0.466871       0.467549       0.468097       0.468600       0.469177       0.469970       0.471129       0.472758       0.474849       0.477211       0.479432       0.480932       0.481092       0.479456       0.475970       0.471275       0.467138       0.467138
       0.467147       0.467147       0.471290       0.475999       0.479507       0.481173       0.481056       0.479614       0.477469       0.475207       0.473238       0.471759       0.470778       0.470189       0.469845       0.469599       0.469333       0.468962       0.468429       0.467706       0.466780       0.465656       0.464347       0.462873       0.461263       0.459546       0.457757       0.455931       0.454106       0.452321       0.450612       0.449017       0.447569       0.446300       0.445237       0.444403       0.443815       0.443484       0.443416       0.443610       0.444061       0.444758       0.445686       0.446826       0.448156       0.449652       0.451290       0.453044       0.454889       0.456802       0.458759       0.460739       0.462722       0.464691       0.466631       0.468529       0.470373       0.472154       0.473865       0.475499       0.477053       0.478524       0.479909       0.481208       0.482420       0.483546       0.484588       0.485545       0.486422       0.487218       0.487936       0.488579       0.489148       0.489645       0.490072       0.490430       0.490722       0.490947       0.491107       0.491203       0.491235       0.491203       0.491107       0.490947       0.490722       0.490430       0.490072       0.489645       0.489148       0.488579       0.487936       0.487218       0.486422       0.485545       0.484588       0.483546       0.482420       0.481208       0.479909       0.478524       0.477053       0.475499       0.473865       0.472154       0.470373       0.468529       0.466631       0.464691       0.462722       0.460739       0.458759       0.456802       0.454889       0.453044       0.451290       0.449652       0.448156       0.446826       0.445686       0.444758       0.444061       0.443610       0.443416       0.443484       0.443815       0.444403       0.445237       0.446300       0.447569       0.449017       0.450612       0.452321       0.454106       0.455931       0.457757       0.459546       0.461263       0.462873       0.464347       0.465656       0.466780       0.467706       0.468429       0.468962       0.469333       0.469599       0.469845       0.470189       0.470778       0.471759       0.473238       0.475207       0.477469       0.479614       0.481056       0.481173       0.479507       0.475999       0.471290       0.467147       0.467147
       0.467157       0.467157       0.471306       0.476027       0.479554       0.481247       0.481168       0.479779       0.477703       0.475528       0.473671       0.472325       0.471502       0.471096       0.470957       0.470940       0.470924       0.470822       0.470578       0.470162       0.469559       0.468773       0.467815       0.466703       0.465462       0.464119       0.462704       0.461249       0.459786       0.458347       0.456966       0.455672       0.454497       0.453465       0.452599       0.451921       0.451443       0.451176       0.451126       0.451293       0.451673       0.452257       0.453035       0.453991       0.455108       0.456367       0.457747       0.459228       0.460789       0.462410       0.464073       0.465758       0.467450       0.469133       0.470795       0.472424       0.474010       0.475545       0.477022       0.478437       0.479783       0.481060       0.482265       0.483396       0.484454       0.485438       0.486349       0.487189       0.487957       0.488657       0.489289       0.489854       0.490355       0.490794       0.491170       0.491487       0.491744       0.491943       0.492085       0.492169       0.492198       0.492169       0.492085       0.491943       0.491744       0.491487       0.491170       0.490794       0.490355       0.489854       0.489289       0.488657       0.487957       0.487189       0.486349       0.485438       0.484454       0.483396       0.482265       0.481060       0.479783       0.478437       0.477022       0.475545       0.474010       0.472424       0.470795       0.469133       0.467450       0.465758       0.464073       0.462410       0.460789       0.459228       0.457747       0.456367       0.455108       0.453991       0.453035       0.452257       0.451673       0.451293       0.451126       0.451176       0.451443       0.451921       0.452599       0.453465       0.454497       0.455672       0.456966       0.458347       0.459786       0.461249       0.462704       0.464119       0.465462       0.466703       0.467815       0.468773       0.469559       0.470162       0.470578       0.470822       0.470924       0.470940       0.470957       0.471096       0.471502       0.472325       0.473671       0.475528       0.477703       0.479779       0.481168       0.481247       0.479554       0.476027       0.471306       0.467157       0.467157
       0.467166       0.467166       0.471321       0.476053       0.479597       0.481315       0.481270       0.479927       0.477913       0.475817       0.474058       0.472832       0.472150       0.471905       0.471949       0.472133       0.472337       0.472472       0.472482       0.472333       0.472012       0.471520       0.470865       0.470066       0.469143       0.468121       0.467026       0.465886       0.464731       0.463588       0.462485       0.461448       0.460504       0.459673       0.458977       0.458432       0.458049       0.457840       0.457807       0.457954       0.458276       0.458769       0.459423       0.460226       0.461164       0.462223       0.463385       0.464635       0.465954       0.467327       0.468738       0.470171       0.471612       0.473049       0.474470       0.475867       0.477229       0.478549       0.479823       0.481044       0.482210       0.483316       0.484362       0.485346       0.486267       0.487126       0.487922       0.488656       0.489329       0.489943       0.490497       0.490994       0.491435       0.491821       0.492152       0.492431       0.492658       0.492834       0.492959       0.493033       0.493058       0.493033       0.492959       0.492834       0.492658       0.492431       0.492152       0.491821       0.491435       0.490994       0.490497       0.489943       0.489329       0.488656       0.487922       0.487126       0.486267       0.485346       0.484362       0.483316       0.482210       0.481044       0.479823       0.478549       0.477229       0.475867       0.474470       0.473049       0.471612       0.470171       0.468738       0.467327       0.465954       0.464635       0.463385       0.462223       0.461164       0.460226       0.459423       0.458769       0.458276       0.457954       0.457807       0.457840       0.458049       0.458432       0.458977       0.459673       0.460504       0.461448       0.462485       0.463588       0.464731       0.465886       0.467026       0.468121       0.469143       0.470066       0.470865       0.471520       0.472012       0.472333       0.472482       0.472472       0.472337       0.472133       0.471949       0.471905       0.472150       0.472832       0.474058       0.475817       0.477913       0.479927       0.481270       0.481315       0.479597       0.476053       0.471321       0.467166       0.467166
       0.467176       0.467176       0.471336       0.476077       0.479636       0.481376       0.481363       0.480061       0.478102       0.476076       0.474405       0.473285       0.472727       0.472626       0.472831       0.473193       0.473590       0.473933       0.474164       0.474249       0.474172       0.473934       0.473542       0.473011       0.472361       0.471613       0.470792       0.469922       0.469028       0.468136       0.467269       0.466451       0.465702       0.465043       0.464491       0.464059       0.463759       0.463600       0.463585       0.463716       0.463993       0.464410       0.464961       0.465637       0.466427       0.467318       0.468297       0.469351       0.470466       0.471628       0.472824       0.474041       0.475267       0.476492       0.477707       0.478902       0.480070       0.481205       0.482301       0.483355       0.484362       0.485320       0.486226       0.487081       0.487882       0.488629       0.489324       0.489965       0.490553       0.491090       0.491576       0.492012       0.492399       0.492738       0.493030       0.493275       0.493475       0.493629       0.493739       0.493805       0.493827       0.493805       0.493739       0.493629       0.493475       0.493275       0.493030       0.492738       0.492399       0.492012       0.491576       0.491090       0.490553       0.489965       0.489324       0.488629       0.487882       0.487081       0.486226       0.485320       0.484362       0.483355       0.482301       0.481205       0.480070       0.478902       0.477707       0.476492       0.475267       0.474041       0.472824       0.471628       0.470466       0.469351       0.468297       0.467318       0.466427       0.465637       0.464961       0.464410       0.463993       0.463716       0.463585       0.463600       0.463759       0.464059       0.464491       0.465043       0.465702       0.466451       0.467269       0.468136       0.469028       0.469922       0.470792       0.471613       0.472361       0.473011       0.473542       0.473934       0.474172       0.474249       0.474164       0.473933       0.473590       0.473193       0.472831       0.472626       0.472727       0.473285       0.474405       0.476076       0.478102       0.480061       0.481363       0.481376       0.479636       0.476077       0.471336       0.467176       0.467176
       0.467186       0.467186       0.471350       0.476100       0.479673       0.481432       0.481446       0.480182       0.478271       0.476308       0.474714       0.473689       0.473241       0.473267       0.473613       0.474131       0.474698       0.475223       0.475647       0.475934       0.476070       0.476051       0.475885       0.475585       0.475169       0.474656       0.474068       0.473427       0.472756       0.472076       0.471409       0.470775       0.470193       0.469680       0.469249       0.468915       0.468686       0.468570       0.468571       0.468693       0.468933       0.469289       0.469755       0.470325       0.470991       0.471741       0.472567       0.473456       0.474398       0.475381       0.476395       0.477428       0.478471       0.479515       0.480551       0.481573       0.482574       0.483548       0.484491       0.485398       0.486267       0.487095       0.487880       0.488620       0.489316       0.489966       0.490571       0.491130       0.491644       0.492113       0.492538       0.492920       0.493259       0.493557       0.493813       0.494028       0.494204       0.494340       0.494436       0.494494       0.494514       0.494494       0.494436       0.494340       0.494204       0.494028       0.493813       0.493557       0.493259       0.492920       0.492538       0.492113       0.491644       0.491130       0.490571       0.489966       0.489316       0.488620       0.487880       0.487095       0.486267       0.485398       0.484491       0.483548       0.482574       0.481573       0.480551       0.479515       0.478471       0.477428       0.476395       0.475381       0.474398       0.473456       0.472567       0.471741       0.470991       0.470325       0.469755       0.469289       0.468933       0.468693       0.468571       0.468570       0.468686       0.468915       0.469249       0.469680       0.470193       0.470775       0.471409       0.472076       0.472756       0.473427       0.474068       0.474656       0.475169       0.475585       0.475885       0.476051       0.476070       0.475934       0.475647       0.475223       0.474698       0.474131       0.473613       0.473267       0.473241       0.473689       0.474714       0.476308       0.478271       0.480182       0.481446       0.481432       0.479673       0.476100       0.471350       0.467186       0.467186
       0.467196       0.467196       0.471364       0.476121       0.479706       0.481483       0.481521       0.480290       0.478422       0.476515       0.474990       0.474047       0.473698       0.473834       0.474306       0.474961       0.475676       0.476360       0.476951       0.477415       0.477734       0.477905       0.477933       0.477831       0.477615       0.477302       0.476912       0.476466       0.475984       0.475485       0.474987       0.474509       0.474068       0.473677       0.473350       0.473098       0.472930       0.472853       0.472870       0.472984       0.473195       0.473500       0.473897       0.474380       0.474942       0.475576       0.476273       0.477024       0.477820       0.478652       0.479510       0.480387       0.481274       0.482162       0.483047       0.483920       0.484776       0.485612       0.486421       0.487202       0.487951       0.488665       0.489344       0.489986       0.490589       0.491154       0.491679       0.492166       0.492614       0.493024       0.493395       0.493729       0.494026       0.494286       0.494511       0.494700       0.494854       0.494973       0.495058       0.495109       0.495126       0.495109       0.495058       0.494973       0.494854       0.494700       0.494511       0.494286       0.494026       0.493729       0.493395       0.493024       0.492614       0.492166       0.491679       0.491154       0.490589       0.489986       0.489344       0.488665       0.487951       0.487202       0.486421       0.485612       0.484776       0.483920       0.483047       0.482162       0.481274       0.480387       0.479510       0.478652       0.477820       0.477024       0.476273       0.475576       0.474942       0.474380       0.473897       0.473500       0.473195       0.472984       0.472870       0.472853       0.472930       0.473098       0.473350       0.473677       0.474068       0.474509       0.474987       0.475485       0.475984       0.476466       0.476912       0.477302       0.477615       0.477831       0.477933       0.477905       0.477734       0.477415       0.476951       0.476360       0.475676       0.474961       0.474306       0.473834       0.473698       0.474047       0.474990       0.476515       0.478422       0.480290       0.481521       0.481483       0.479706       0.476121       0.471364       0.467196       0.467196
       0.467206       0.467206       0.471377       0.476141       0.479736       0.481529       0.481589       0.480386       0.478557       0.476699       0.475235       0.474366       0.474102       0.474337       0.474917       0.475693       0.476538       0.477360       0.478097       0.478713       0.479191       0.479525       0.479720       0.479788       0.479742       0.479600       0.479379       0.479099       0.478776       0.478429       0.478075       0.477729       0.477406       0.477120       0.476881       0.476699       0.476583       0.476539       0.476570       0.476679       0.476867       0.477132       0.477472       0.477883       0.478359       0.478895       0.479484       0.480119       0.480793       0.481497       0.482224       0.482968       0.483722       0.484478       0.485232       0.485978       0.486710       0.487426       0.488121       0.488792       0.489437       0.490053       0.490639       0.491194       0.491717       0.492206       0.492663       0.493086       0.493476       0.493833       0.494158       0.494449       0.494709       0.494936       0.495133       0.495298       0.495433       0.495538       0.495612       0.495657       0.495672       0.495657       0.495612       0.495538       0.495433       0.495298       0.495133       0.494936       0.494709       0.494449       0.494158       0.493833       0.493476       0.493086       0.492663       0.492206       0.491717       0.491194       0.490639       0.490053       0.489437       0.488792       0.488121       0.487426       0.486710       0.485978       0.485232       0.484478       0.483722       0.482968       0.482224       0.481497       0.480793       0.480119       0.479484       0.478895       0.478359       0.477883       0.477472       0.477132       0.476867       0.476679       0.476570       0.476539       0.476583       0.476699       0.476881       0.477120       0.477406       0.477729       0.478075       0.478429       0.478776       0.479099       0.479379       0.479600       0.479742       0.479788       0.479720       0.479525       0.479191       0.478713       0.478097       0.477360       0.476538       0.475693       0.474917       0.474337       0.474102       0.474366       0.475235       0.476699       0.478557       0.480386       0.481589       0.481529       0.479736       0.476141       0.471377       0.467206       0.467206
       0.467215       0.467215       0.471389       0.476159       0.479764       0.481570       0.481649       0.480473       0.478678       0.476863       0.475453       0.474648       0.474460       0.474780       0.475457       0.476337       0.477295       0.478237       0.479101       0.479850       0.480464       0.480938       0.481277       0.481490       0.481590       0.481593       0.481516       0.481376       0.481189       0.480971       0.480737       0.480503       0.480281       0.480082       0.479917       0.479796       0.479724       0.479708       0.479752       0.479859       0.480028       0.480261       0.480554       0.480905       0.481310       0.481765       0.482264       0.482802       0.483372       0.483968       0.484585       0.485217       0.485857       0.486501       0.487143       0.487780       0.488406       0.489019       0.489615       0.490191       0.490746       0.491277       0.491783       0.492262       0.492714       0.493139       0.493535       0.493903       0.494242       0.494553       0.494835       0.495089       0.495316       0.495515       0.495686       0.495831       0.495949       0.496041       0.496106       0.496145       0.496158       0.496145       0.496106       0.496041       0.495949       0.495831       0.495686       0.495515       0.495316       0.495089       0.494835       0.494553       0.494242       0.493903       0.493535       0.493139       0.492714       0.492262       0.491783       0.491277       0.490746       0.490191       0.489615       0.489019       0.488406       0.487780       0.487143       0.486501       0.485857       0.485217       0.484585       0.483968       0.483372       0.482802       0.482264       0.481765       0.481310       0.480905       0.480554       0.480261       0.480028       0.479859       0.479752       0.479708       0.479724       0.479796       0.479917       0.480082       0.480281       0.480503       0.480737       0.480971       0.481189       0.481376       0.481516       0.481593       0.481590       0.481490       0.481277       0.480938       0.480464       0.479850       0.479101       0.478237       0.477295       0.476337       0.475457       0.474780       0.474460       0.474648       0.475453       0.476863       0.478678       0.480473       0.481649       0.481570       0.479764       0.476159       0.471389       0.467215       0.467215
       0.467224       0.467224       0.471401       0.476176       0.479789       0.481608       0.481703       0.480550       0.478785       0.477008       0.475645       0.474897       0.474775       0.475172       0.475932       0.476904       0.477960       0.479007       0.479981       0.480843       0.481575       0.482170       0.482632       0.482969       0.483193       0.483320       0.483365       0.483344       0.483271       0.483162       0.483031       0.482891       0.482753       0.482629       0.482527       0.482456       0.482423       0.482432       0.482488       0.482593       0.482748       0.482953       0.483208       0.483510       0.483856       0.484243       0.484667       0.485123       0.485607       0.486113       0.486637       0.487173       0.487717       0.488265       0.488813       0.489356       0.489891       0.490416       0.490926       0.491421       0.491898       0.492355       0.492791       0.493205       0.493596       0.493964       0.494307       0.494626       0.494921       0.495191       0.495437       0.495658       0.495855       0.496029       0.496179       0.496305       0.496408       0.496488       0.496545       0.496580       0.496591       0.496580       0.496545       0.496488       0.496408       0.496305       0.496179       0.496029       0.495855       0.495658       0.495437       0.495191       0.494921       0.494626       0.494307       0.493964       0.493596       0.493205       0.492791       0.492355       0.491898       0.491421       0.490926       0.490416       0.489891       0.489356       0.488813       0.488265       0.487717       0.487173       0.486637       0.486113       0.485607       0.485123       0.484667       0.484243       0.483856       0.483510       0.483208       0.482953       0.482748       0.482593       0.482488       0.482432       0.482423       0.482456       0.482527       0.482629       0.482753       0.482891       0.483031       0.483162       0.483271       0.483344       0.483365       0.483320       0.483193       0.482969       0.482632       0.482170       0.481575       0.480843       0.479981       0.479007       0.477960       0.476904       0.475932       0.475172       0.474775       0.474897       0.475645       0.477008       0.478785       0.480550       0.481703       0.481608       0.479789       0.476176       0.471401       0.467224       0.467224
       0.467232       0.467232       0.471411       0.476192       0.479812       0.481641       0.481752       0.480618       0.478880       0.477137       0.475816       0.475118       0.475054       0.475516       0.476350       0.477401       0.478543       0.479680       0.480749       0.481710       0.482543       0.483242       0.483809       0.484252       0.484583       0.484816       0.484964       0.485043       0.485068       0.485051       0.485006       0.484945       0.484879       0.484817       0.484769       0.484741       0.484740       0.484771       0.484837       0.484941       0.485085       0.485269       0.485492       0.485754       0.486051       0.486382       0.486743       0.487131       0.487542       0.487972       0.488417       0.488873       0.489336       0.489803       0.490269       0.490733       0.491190       0.491639       0.492077       0.492501       0.492911       0.493304       0.493680       0.494037       0.494375       0.494692       0.494990       0.495266       0.495522       0.495756       0.495970       0.496163       0.496335       0.496486       0.496617       0.496727       0.496817       0.496887       0.496937       0.496966       0.496976       0.496966       0.496937       0.496887       0.496817       0.496727       0.496617       0.496486       0.496335       0.496163       0.495970       0.495756       0.495522       0.495266       0.494990       0.494692       0.494375       0.494037       0.493680       0.493304       0.492911       0.492501       0.492077       0.491639       0.491190       0.490733       0.490269       0.489803       0.489336       0.488873       0.488417       0.487972       0.487542       0.487131       0.486743       0.486382       0.486051       0.485754       0.485492       0.485269       0.485085       0.484941       0.484837       0.484771       0.484740       0.484741       0.484769       0.484817       0.484879       0.484945       0.485006       0.485051       0.485068       0.485043       0.484964       0.484816       0.484583       0.484252       0.483809       0.483242       0.482543       0.481710       0.480749       0.479680       0.478543       0.477401       0.476350       0.475516       0.475054       0.475118       0.475816       0.477137       0.478880       0.480618       0.481752       0.481641       0.479812       0.476192       0.471411       0.467232       0.467232
       0.467240       0.467240       0.471421       0.476206       0.479832       0.481671       0.481795       0.480679       0.478964       0.477251       0.475966       0.475312       0.475299       0.475819       0.476716       0.477837       0.479054       0.480269       0.481420       0.482466       0.483387       0.484175       0.484832       0.485366       0.485787       0.486109       0.486345       0.486510       0.486616       0.486677       0.486705       0.486711       0.486706       0.486697       0.486694       0.486702       0.486729       0.486778       0.486854       0.486958       0.487093       0.487259       0.487457       0.487685       0.487942       0.488226       0.488535       0.488866       0.489216       0.489582       0.489961       0.490349       0.490743       0.491141       0.491539       0.491934       0.492325       0.492709       0.493084       0.493448       0.493800       0.494138       0.494462       0.494770       0.495061       0.495336       0.495593       0.495832       0.496054       0.496258       0.496443       0.496611       0.496760       0.496892       0.497006       0.497102       0.497180       0.497241       0.497284       0.497311       0.497319       0.497311       0.497284       0.497241       0.497180       0.497102       0.497006       0.496892       0.496760       0.496611       0.496443       0.496258       0.496054       0.495832       0.495593       0.495336       0.495061       0.494770       0.494462       0.494138       0.493800       0.493448       0.493084       0.492709       0.492325       0.491934       0.491539       0.491141       0.490743       0.490349       0.489961       0.489582       0.489216       0.488866       0.488535       0.488226       0.487942       0.487685       0.487457       0.487259       0.487093       0.486958       0.486854       0.486778       0.486729       0.486702       0.486694       0.486697       0.486706       0.486711       0.486705       0.486677       0.486616       0.486510       0.486345       0.486109       0.485787       0.485366       0.484832       0.484175       0.483387       0.482466       0.481420       0.480269       0.479054       0.477837       0.476716       0.475819       0.475299       0.475312       0.475966       0.477251       0.478964       0.480679       0.481795       0.481671       0.479832       0.476206       0.471421       0.467240       0.467240
       0.467248       0.467248       0.471431       0.476218       0.479851       0.481698       0.481833       0.480733       0.479039       0.477351       0.476098       0.475482       0.475514       0.476084       0.477037       0.478219       0.479500       0.480784       0.482005       0.483125       0.484121       0.484985       0.485719       0.486330       0.486828       0.487227       0.487538       0.487774       0.487950       0.488077       0.488167       0.488230       0.488275       0.488311       0.488346       0.488386       0.488436       0.488501       0.488585       0.488690       0.488818       0.488970       0.489146       0.489347       0.489570       0.489816       0.490081       0.490365       0.490664       0.490976       0.491298       0.491629       0.491965       0.492304       0.492644       0.492982       0.493316       0.493644       0.493966       0.494278       0.494580       0.494871       0.495149       0.495414       0.495666       0.495903       0.496125       0.496332       0.496524       0.496701       0.496862       0.497008       0.497137       0.497252       0.497351       0.497435       0.497503       0.497556       0.497594       0.497616       0.497624       0.497616       0.497594       0.497556       0.497503       0.497435       0.497351       0.497252       0.497137       0.497008       0.496862       0.496701       0.496524       0.496332       0.496125       0.495903       0.495666       0.495414       0.495149       0.494871       0.494580       0.494278       0.493966       0.493644       0.493316       0.492982       0.492644       0.492304       0.491965       0.491629       0.491298       0.490976       0.490664       0.490365       0.490081       0.489816       0.489570       0.489347       0.489146       0.488970       0.488818       0.488690       0.488585       0.488501       0.488436       0.488386       0.488346       0.488311       0.488275       0.488230       0.488167       0.488077       0.487950       0.487774       0.487538       0.487227       0.486828       0.486330       0.485719       0.484985       0.484121       0.483125       0.482005       0.480784       0.479500       0.478219       0.477037       0.476084       0.475514       0.475482       0.476098       0.477351       0.479039       0.480733       0.481833       0.481698       0.479851       0.476218       0.471431       0.467248       0.467248
       0.467255       0.467255       0.471439       0.476230       0.479868       0.481722       0.481868       0.480781       0.479104       0.477440       0.476215       0.475633       0.475703       0.476317       0.477319       0.478553       0.479890       0.481233       0.482515       0.483698       0.484758       0.485688       0.486488       0.487165       0.487729       0.488192       0.488566       0.488865       0.489099       0.489282       0.489424       0.489534       0.489622       0.489697       0.489764       0.489830       0.489900       0.489979       0.490070       0.490176       0.490299       0.490439       0.490598       0.490776       0.490972       0.491185       0.491414       0.491658       0.491914       0.492181       0.492456       0.492739       0.493026       0.493315       0.493605       0.493894       0.494180       0.494461       0.494736       0.495004       0.495263       0.495513       0.495753       0.495981       0.496198       0.496403       0.496595       0.496774       0.496940       0.497093       0.497233       0.497359       0.497472       0.497571       0.497657       0.497730       0.497789       0.497836       0.497869       0.497888       0.497895       0.497888       0.497869       0.497836       0.497789       0.497730       0.497657       0.497571       0.497472       0.497359       0.497233       0.497093       0.496940       0.496774       0.496595       0.496403       0.496198       0.495981       0.495753       0.495513       0.495263       0.495004       0.494736       0.494461       0.494180       0.493894       0.493605       0.493315       0.493026       0.492739       0.492456       0.492181       0.491914       0.491658       0.491414       0.491185       0.490972       0.490776       0.490598       0.490439       0.490299       0.490176       0.490070       0.489979       0.489900       0.489830       0.489764       0.489697       0.489622       0.489534       0.489424       0.489282       0.489099       0.488865       0.488566       0.488192       0.487729       0.487165       0.486488       0.485688       0.484758       0.483698       0.482515       0.481233       0.479890       0.478553       0.477319       0.476317       0.475703       0.475633       0.476215       0.477440       0.479104       0.480781       0.481868       0.481722       0.479868       0.476230       0.471439       0.467255       0.467255
       0.467261       0.467261       0.471447       0.476241       0.479883       0.481744       0.481898       0.480824       0.479162       0.477518       0.476318       0.475764       0.475869       0.476521       0.477565       0.478845       0.480230       0.481624       0.482959       0.484196       0.485312       0.486298       0.487155       0.487888       0.488508       0.489026       0.489454       0.489804       0.490089       0.490319       0.490504       0.490655       0.490780       0.490886       0.490980       0.491068       0.491156       0.491247       0.491344       0.491451       0.491569       0.491701       0.491846       0.492005       0.492178       0.492364       0.492563       0.492773       0.492994       0.493223       0.493459       0.493700       0.493946       0.494193       0.494441       0.494688       0.494933       0.495173       0.495409       0.495639       0.495862       0.496077       0.496283       0.496479       0.496666       0.496843       0.497009       0.497164       0.497307       0.497440       0.497561       0.497670       0.497768       0.497854       0.497929       0.497992       0.498044       0.498084       0.498113       0.498130       0.498136       0.498130       0.498113       0.498084       0.498044       0.497992       0.497929       0.497854       0.497768       0.497670       0.497561       0.497440       0.497307       0.497164       0.497009       0.496843       0.496666       0.496479       0.496283       0.496077       0.495862       0.495639       0.495409       0.495173       0.494933       0.494688       0.494441       0.494193       0.493946       0.493700       0.493459       0.493223       0.492994       0.492773       0.492563       0.492364       0.492178       0.492005       0.491846       0.491701       0.491569       0.491451       0.491344       0.491247       0.491156       0.491068       0.490980       0.490886       0.490780       0.490655       0.490504       0.490319       0.490089       0.489804       0.489454       0.489026       0.488508       0.487888       0.487155       0.486298       0.485312       0.484196       0.482959       0.481624       0.480230       0.478845       0.477565       0.476521       0.475869       0.475764       0.476318       0.477518       0.479162       0.480824       0.481898       0.481744       0.479883       0.476241       0.471447       0.467261       0.467261
       0.467267       0.467267       0.471454       0.476250       0.479896       0.481763       0.481925       0.480861       0.479214       0.477587       0.476408       0.475880       0.476014       0.476699       0.477780       0.479099       0.480527       0.481964       0.483346       0.484629       0.485792       0.486827       0.487732       0.488513       0.489181       0.489746       0.490219       0.490614       0.490940       0.491210       0.491433       0.491618       0.491773       0.491906       0.492023       0.492131       0.492233       0.492334       0.492437       0.492545       0.492660       0.492784       0.492918       0.493061       0.493215       0.493379       0.493553       0.493735       0.493926       0.494123       0.494326       0.494533       0.494743       0.494955       0.495167       0.495379       0.495588       0.495795       0.495997       0.496194       0.496385       0.496570       0.496747       0.496917       0.497078       0.497230       0.497373       0.497507       0.497631       0.497746       0.497850       0.497945       0.498030       0.498105       0.498170       0.498225       0.498270       0.498305       0.498329       0.498344       0.498349       0.498344       0.498329       0.498305       0.498270       0.498225       0.498170       0.498105       0.498030       0.497945       0.497850       0.497746       0.497631       0.497507       0.497373       0.497230       0.497078       0.496917       0.496747       0.496570       0.496385       0.496194       0.495997       0.495795       0.495588       0.495379       0.495167       0.494955       0.494743       0.494533       0.494326       0.494123       0.493926       0.493735       0.493553       0.493379       0.493215       0.493061       0.492918       0.492784       0.492660       0.492545       0.492437       0.492334       0.492233       0.492131       0.492023       0.491906       0.491773       0.491618       0.491433       0.491210       0.490940       0.490614       0.490219       0.489746       0.489181       0.488513       0.487732       0.486827       0.485792       0.484629       0.483346       0.481964       0.480527       0.479099       0.477780       0.476699       0.476014       0.475880       0.476408       0.477587       0.479214       0.480861       0.481925       0.481763       0.479896       0.476250       0.471454       0.467267       0.467267
       0.467273       0.467273       0.471460       0.476259       0.479908       0.481780       0.481949       0.480894       0.479259       0.477647       0.476487       0.475981       0.476141       0.476855       0.477968       0.479321       0.480785       0.482261       0.483681       0.485005       0.486209       0.487285       0.488231       0.489054       0.489762       0.490367       0.490879       0.491311       0.491673       0.491977       0.492231       0.492444       0.492626       0.492782       0.492919       0.493042       0.493157       0.493266       0.493374       0.493484       0.493596       0.493714       0.493838       0.493969       0.494107       0.494253       0.494405       0.494564       0.494730       0.494900       0.495075       0.495253       0.495434       0.495616       0.495798       0.495979       0.496159       0.496336       0.496510       0.496679       0.496843       0.497002       0.497154       0.497300       0.497439       0.497570       0.497694       0.497809       0.497917       0.498016       0.498106       0.498189       0.498262       0.498327       0.498383       0.498431       0.498470       0.498500       0.498522       0.498535       0.498539       0.498535       0.498522       0.498500       0.498470       0.498431       0.498383       0.498327       0.498262       0.498189       0.498106       0.498016       0.497917       0.497809       0.497694       0.497570       0.497439       0.497300       0.497154       0.497002       0.496843       0.496679       0.496510       0.496336       0.496159       0.495979       0.495798       0.495616       0.495434       0.495253       0.495075       0.494900       0.494730       0.494564       0.494405       0.494253       0.494107       0.493969       0.493838       0.493714       0.493596       0.493484       0.493374       0.493266       0.493157       0.493042       0.492919       0.492782       0.492626       0.492444       0.492231       0.491977       0.491673       0.491311       0.490879       0.490367       0.489762       0.489054       0.488231       0.487285       0.486209       0.485005       0.483681       0.482261       0.480785       0.479321       0.477968       0.476855       0.476141       0.475981       0.476487       0.477647       0.479259       0.480894       0.481949       0.481780       0.479908       0.476259       0.471460       0.467273       0.467273
       0.467278       0.467278       0.471466       0.476267       0.479919       0.481795       0.481970       0.480923       0.479298       0.477700       0.476556       0.476070       0.476252       0.476991       0.478131       0.479515       0.481010       0.482518       0.483973       0.485331       0.486571       0.487681       0.488663       0.489521       0.490264       0.490902       0.491448       0.491911       0.492304       0.492636       0.492916       0.493155       0.493358       0.493533       0.493687       0.493824       0.493949       0.494066       0.494178       0.494289       0.494400       0.494513       0.494629       0.494749       0.494874       0.495004       0.495139       0.495279       0.495423       0.495572       0.495723       0.495877       0.496032       0.496189       0.496345       0.496501       0.496655       0.496807       0.496956       0.497102       0.497243       0.497379       0.497511       0.497636       0.497756       0.497869       0.497976       0.498075       0.498168       0.498254       0.498332       0.498403       0.498467       0.498523       0.498572       0.498613       0.498647       0.498674       0.498692       0.498704       0.498707       0.498704       0.498692       0.498674       0.498647       0.498613       0.498572       0.498523       0.498467       0.498403       0.498332       0.498254       0.498168       0.498075       0.497976       0.497869       0.497756       0.497636       0.497511       0.497379       0.497243       0.497102       0.496956       0.496807       0.496655       0.496501       0.496345       0.496189       0.496032       0.495877       0.495723       0.495572       0.495423       0.495279       0.495139       0.495004       0.494874       0.494749       0.494629       0.494513       0.494400       0.494289       0.494178       0.494066       0.493949       0.493824       0.493687       0.493533       0.493358       0.493155       0.492916       0.492636       0.492304       0.491911       0.491448       0.490902       0.490264       0.489521       0.488663       0.487681       0.486571       0.485331       0.483973       0.482518       0.481010       0.479515       0.478131       0.476991       0.476252       0.476070       0.476556       0.477700       0.479298       0.480923       0.481970       0.481795       0.479919       0.476267       0.471466       0.467278       0.467278
       0.467282       0.467282       0.471472       0.476273       0.479928       0.481808       0.481988       0.480949       0.479333       0.477746       0.476616       0.476147       0.476349       0.477110       0.478274       0.479683       0.481205       0.482742       0.484226       0.485614       0.486884       0.488025       0.489037       0.489925       0.490697       0.491364       0.491938       0.492428       0.492846       0.493203       0.493506       0.493764       0.493986       0.494178       0.494346       0.494494       0.494628       0.494752       0.494868       0.494980       0.495089       0.495198       0.495308       0.495420       0.495534       0.495651       0.495771       0.495895       0.496022       0.496151       0.496283       0.496416       0.496550       0.496685       0.496820       0.496954       0.497087       0.497218       0.497346       0.497471       0.497592       0.497710       0.497823       0.497931       0.498034       0.498132       0.498224       0.498310       0.498390       0.498464       0.498532       0.498593       0.498648       0.498697       0.498739       0.498775       0.498804       0.498827       0.498844       0.498853       0.498857       0.498853       0.498844       0.498827       0.498804       0.498775       0.498739       0.498697       0.498648       0.498593       0.498532       0.498464       0.498390       0.498310       0.498224       0.498132       0.498034       0.497931       0.497823       0.497710       0.497592       0.497471       0.497346       0.497218       0.497087       0.496954       0.496820       0.496685       0.496550       0.496416       0.496283       0.496151       0.496022       0.495895       0.495771       0.495651       0.495534       0.495420       0.495308       0.495198       0.495089       0.494980       0.494868       0.494752       0.494628       0.494494       0.494346       0.494178       0.493986       0.493764       0.493506       0.493203       0.492846       0.492428       0.491938       0.491364       0.490697       0.489925       0.489037       0.488025       0.486884       0.485614       0.484226       0.482742       0.481205       0.479683       0.478274       0.477110       0.476349       0.476147       0.476616       0.477746       0.479333       0.480949       0.481988       0.481808       0.479928       0.476273       0.471472       0.467282       0.467282
       0.467286       0.467286       0.471476       0.476280       0.479937       0.481820       0.482004       0.480971       0.479363       0.477787       0.476669       0.476215       0.476433       0.477214       0.478398       0.479830       0.481376       0.482937       0.484446       0.485860       0.487155       0.488322       0.489360       0.490273       0.491071       0.491763       0.492360       0.492873       0.493313       0.493690       0.494012       0.494288       0.494526       0.494732       0.494911       0.495069       0.495211       0.495340       0.495460       0.495573       0.495681       0.495787       0.495891       0.495996       0.496101       0.496207       0.496316       0.496426       0.496538       0.496651       0.496766       0.496882       0.496999       0.497116       0.497232       0.497348       0.497462       0.497575       0.497685       0.497793       0.497897       0.497998       0.498096       0.498189       0.498278       0.498362       0.498441       0.498516       0.498585       0.498649       0.498708       0.498761       0.498809       0.498851       0.498887       0.498918       0.498944       0.498963       0.498978       0.498986       0.498989       0.498986       0.498978       0.498963       0.498944       0.498918       0.498887       0.498851       0.498809       0.498761       0.498708       0.498649       0.498585       0.498516       0.498441       0.498362       0.498278       0.498189       0.498096       0.497998       0.497897       0.497793       0.497685       0.497575       0.497462       0.497348       0.497232       0.497116       0.496999       0.496882       0.496766       0.496651       0.496538       0.496426       0.496316       0.496207       0.496101       0.495996       0.495891       0.495787       0.495681       0.495573       0.495460       0.495340       0.495211       0.495069       0.494911       0.494732       0.494526       0.494288       0.494012       0.493690       0.493313       0.492873       0.492360       0.491763       0.491071       0.490273       0.489360       0.488322       0.487155       0.485860       0.484446       0.482937       0.481376       0.479830       0.478398       0.477214       0.476433       0.476215       0.476669       0.477787       0.479363       0.480971       0.482004       0.481820       0.479937       0.476280       0.471476       0.467286       0.467286
       0.467290       0.467290       0.471481       0.476285       0.479944       0.481830       0.482019       0.480991       0.479390       0.477822       0.476716       0.476274       0.476507       0.477304       0.478507       0.479957       0.481523       0.483106       0.484636       0.486072       0.487390       0.488579       0.489639       0.490574       0.491393       0.492106       0.492724       0.493256       0.493715       0.494109       0.494447       0.494738       0.494989       0.495207       0.495396       0.495563       0.495711       0.495845       0.495968       0.496081       0.496189       0.496292       0.496392       0.496491       0.496589       0.496686       0.496784       0.496883       0.496983       0.497083       0.497184       0.497285       0.497387       0.497488       0.497589       0.497689       0.497788       0.497885       0.497980       0.498073       0.498163       0.498250       0.498334       0.498415       0.498491       0.498564       0.498632       0.498697       0.498757       0.498812       0.498863       0.498909       0.498950       0.498986       0.499018       0.499045       0.499067       0.499084       0.499096       0.499104       0.499106       0.499104       0.499096       0.499084       0.499067       0.499045       0.499018       0.498986       0.498950       0.498909       0.498863       0.498812       0.498757       0.498697       0.498632       0.498564       0.498491       0.498415       0.498334       0.498250       0.498163       0.498073       0.497980       0.497885       0.497788       0.497689       0.497589       0.497488       0.497387       0.497285       0.497184       0.497083       0.496983       0.496883       0.496784       0.496686       0.496589       0.496491       0.496392       0.496292       0.496189       0.496081       0.495968       0.495845       0.495711       0.495563       0.495396       0.495207       0.494989       0.494738       0.494447       0.494109       0.493715       0.493256       0.492724       0.492106       0.491393       0.490574       0.489639       0.488579       0.487390       0.486072       0.484636       0.483106       0.481523       0.479957       0.478507       0.477304       0.476507       0.476274       0.476716       0.477822       0.479390       0.480991       0.482019       0.481830       0.479944       0.476285       0.471481       0.467290       0.467290
       0.467293       0.467293       0.471484       0.476290       0.479951       0.481839       0.482031       0.481008       0.479413       0.477853       0.476756       0.476325       0.476571       0.477382       0.478601       0.480068       0.481652       0.483252       0.484801       0.486256       0.487593       0.488801       0.489880       0.490834       0.491672       0.492402       0.493037       0.493586       0.494060       0.494469       0.494821       0.495125       0.495387       0.495614       0.495813       0.495987       0.496141       0.496278       0.496403       0.496518       0.496625       0.496726       0.496823       0.496916       0.497008       0.497098       0.497188       0.497277       0.497366       0.497455       0.497544       0.497634       0.497722       0.497811       0.497899       0.497985       0.498071       0.498155       0.498237       0.498317       0.498395       0.498470       0.498543       0.498612       0.498678       0.498741       0.498800       0.498856       0.498907       0.498955       0.498999       0.499039       0.499075       0.499106       0.499134       0.499157       0.499176       0.499191       0.499201       0.499208       0.499210       0.499208       0.499201       0.499191       0.499176       0.499157       0.499134       0.499106       0.499075       0.499039       0.498999       0.498955       0.498907       0.498856       0.498800       0.498741       0.498678       0.498612       0.498543       0.498470       0.498395       0.498317       0.498237       0.498155       0.498071       0.497985       0.497899       0.497811       0.497722       0.497634       0.497544       0.497455       0.497366       0.497277       0.497188       0.497098       0.497008       0.496916       0.496823       0.496726       0.496625       0.496518       0.496403       0.496278       0.496141       0.495987       0.495813       0.495614       0.495387       0.495125       0.494821       0.494469       0.494060       0.493586       0.493037       0.492402       0.491672       0.490834       0.489880       0.488801       0.487593       0.486256       0.484801       0.483252       0.481652       0.480068       0.478601       0.477382       0.476571       0.476325       0.476756       0.477853       0.479413       0.481008       0.482031       0.481839       0.479951       0.476290       0.471484       0.467293       0.467293
       0.467296       0.467296       0.471488       0.476294       0.479956       0.481847       0.482042       0.481023       0.479434       0.477880       0.476791       0.476370       0.476627       0.477451       0.478683       0.480164       0.481763       0.483379       0.484945       0.486416       0.487769       0.488994       0.490089       0.491059       0.491912       0.492658       0.493307       0.493870       0.494358       0.494779       0.495143       0.495457       0.495729       0.495965       0.496170       0.496350       0.496509       0.496650       0.496777       0.496893       0.496999       0.497099       0.497193       0.497282       0.497369       0.497453       0.497535       0.497616       0.497697       0.497777       0.497856       0.497935       0.498013       0.498090       0.498167       0.498242       0.498317       0.498390       0.498461       0.498530       0.498598       0.498663       0.498725       0.498785       0.498842       0.498896       0.498947       0.498995       0.499040       0.499081       0.499119       0.499154       0.499185       0.499212       0.499236       0.499256       0.499273       0.499285       0.499295       0.499300       0.499302       0.499300       0.499295       0.499285       0.499273       0.499256       0.499236       0.499212       0.499185       0.499154       0.499119       0.499081       0.499040       0.498995       0.498947       0.498896       0.498842       0.498785       0.498725       0.498663       0.498598       0.498530       0.498461       0.498390       0.498317       0.498242       0.498167       0.498090       0.498013       0.497935       0.497856       0.497777       0.497697       0.497616       0.497535       0.497453       0.497369       0.497282       0.497193       0.497099       0.496999       0.496893       0.496777       0.496650       0.496509       0.496350       0.496170       0.495965       0.495729       0.495457       0.495143       0.494779       0.494358       0.493870       0.493307       0.492658       0.491912       0.491059       0.490089       0.488994       0.487769       0.486416       0.484945       0.483379       0.481763       0.480164       0.478683       0.477451       0.476627       0.476370       0.476791       0.477880       0.479434       0.481023       0.482042       0.481847       0.479956       0.476294       0.471488       0.467296       0.467296
       0.467298       0.467298       0.471491       0.476298       0.479962       0.481854       0.482052       0.481036       0.479452       0.477904       0.476822       0.476409       0.476676       0.477510       0.478754       0.480248       0.481860       0.483490       0.485069       0.486554       0.487921       0.489160       0.490269       0.491252       0.492119       0.492878       0.493540       0.494115       0.494614       0.495045       0.495419       0.495742       0.496022       0.496265       0.496477       0.496662       0.496825       0.496969       0.497098       0.497215       0.497321       0.497419       0.497510       0.497597       0.497679       0.497758       0.497834       0.497909       0.497982       0.498054       0.498125       0.498195       0.498264       0.498332       0.498399       0.498465       0.498530       0.498593       0.498655       0.498715       0.498774       0.498830       0.498884       0.498936       0.498985       0.499032       0.499077       0.499118       0.499157       0.499192       0.499225       0.499255       0.499282       0.499306       0.499326       0.499344       0.499358       0.499369       0.499377       0.499382       0.499383       0.499382       0.499377       0.499369       0.499358       0.499344       0.499326       0.499306       0.499282       0.499255       0.499225       0.499192       0.499157       0.499118       0.499077       0.499032       0.498985       0.498936       0.498884       0.498830       0.498774       0.498715       0.498655       0.498593       0.498530       0.498465       0.498399       0.498332       0.498264       0.498195       0.498125       0.498054       0.497982       0.497909       0.497834       0.497758       0.497679       0.497597       0.497510       0.497419       0.497321       0.497215       0.497098       0.496969       0.496825       0.496662       0.496477       0.496265       0.496022       0.495742       0.495419       0.495045       0.494614       0.494115       0.493540       0.492878       0.492119       0.491252       0.490269       0.489160       0.487921       0.486554       0.485069       0.483490       0.481860       0.480248       0.478754       0.477510       0.476676       0.476409       0.476822       0.477904       0.479452       0.481036       0.482052       0.481854       0.479962       0.476298       0.471491       0.467298       0.467298
       0.467301       0.467301       0.471493       0.476301       0.479966       0.481860       0.482060       0.481048       0.479467       0.477924       0.476849       0.476443       0.476718       0.477562       0.478815       0.480320       0.481944       0.483585       0.485176       0.486673       0.488053       0.489303       0.490424       0.491420       0.492298       0.493067       0.493740       0.494325       0.494834       0.495275       0.495657       0.495988       0.496275       0.496524       0.496741       0.496930       0.497096       0.497243       0.497374       0.497491       0.497597       0.497694       0.497783       0.497867       0.497945       0.498020       0.498092       0.498161       0.498228       0.498293       0.498357       0.498420       0.498481       0.498541       0.498600       0.498658       0.498715       0.498771       0.498824       0.498877       0.498927       0.498976       0.499023       0.499068       0.499111       0.499151       0.499190       0.499226       0.499259       0.499290       0.499318       0.499344       0.499367       0.499388       0.499406       0.499421       0.499433       0.499443       0.499450       0.499454       0.499455       0.499454       0.499450       0.499443       0.499433       0.499421       0.499406       0.499388       0.499367       0.499344       0.499318       0.499290       0.499259       0.499226       0.499190       0.499151       0.499111       0.499068       0.499023       0.498976       0.498927       0.498877       0.498824       0.498771       0.498715       0.498658       0.498600       0.498541       0.498481       0.498420       0.498357       0.498293       0.498228       0.498161       0.498092       0.498020       0.497945       0.497867       0.497783       0.497694       0.497597       0.497491       0.497374       0.497243       0.497096       0.496930       0.496741       0.496524       0.496275       0.495988       0.495657       0.495275       0.494834       0.494325       0.493740       0.493067       0.492298       0.491420       0.490424       0.489303       0.488053       0.486673       0.485176       0.483585       0.481944       0.480320       0.478815       0.477562       0.476718       0.476443       0.476849       0.477924       0.479467       0.481048       0.482060       0.481860       0.479966       0.476301       0.471493       0.467301       0.467301
       0.467303       0.467303       0.471496       0.476304       0.479970       0.481866       0.482068       0.481058       0.479481       0.477942       0.476872       0.476473       0.476755       0.477607       0.478869       0.480383       0.482016       0.483668       0.485269       0.486777       0.488166       0.489427       0.490559       0.491564       0.492452       0.493231       0.493913       0.494507       0.495023       0.495472       0.495861       0.496198       0.496491       0.496746       0.496967       0.497160       0.497330       0.497479       0.497611       0.497729       0.497834       0.497930       0.498018       0.498099       0.498175       0.498246       0.498313       0.498378       0.498440       0.498499       0.498557       0.498614       0.498669       0.498722       0.498775       0.498826       0.498876       0.498924       0.498971       0.499017       0.499061       0.499104       0.499144       0.499183       0.499221       0.499256       0.499289       0.499320       0.499349       0.499376       0.499400       0.499423       0.499443       0.499461       0.499476       0.499489       0.499500       0.499508       0.499514       0.499518       0.499519       0.499518       0.499514       0.499508       0.499500       0.499489       0.499476       0.499461       0.499443       0.499423       0.499400       0.499376       0.499349       0.499320       0.499289       0.499256       0.499221       0.499183       0.499144       0.499104       0.499061       0.499017       0.498971       0.498924       0.498876       0.498826       0.498775       0.498722       0.498669       0.498614       0.498557       0.498499       0.498440       0.498378       0.498313       0.498246       0.498175       0.498099       0.498018       0.497930       0.497834       0.497729       0.497611       0.497479       0.497330       0.497160       0.496967       0.496746       0.496491       0.496198       0.495861       0.495472       0.495023       0.494507       0.493913       0.493231       0.492452       0.491564       0.490559       0.489427       0.488166       0.486777       0.485269       0.483668       0.482016       0.480383       0.478869       0.477607       0.476755       0.476473       0.476872       0.477942       0.479481       0.481058       0.482068       0.481866       0.479970       0.476304       0.471496       0.467303       0.467303
       0.467305       0.467305       0.471498       0.476307       0.479973       0.481870       0.482074       0.481067       0.479493       0.477958       0.476892       0.476499       0.476787       0.477646       0.478916       0.480438       0.482079       0.483739       0.485350       0.486866       0.488265       0.489535       0.490675       0.491689       0.492584       0.493372       0.494061       0.494663       0.495186       0.495642       0.496037       0.496380       0.496678       0.496936       0.497161       0.497358       0.497530       0.497681       0.497814       0.497932       0.498038       0.498134       0.498220       0.498299       0.498372       0.498441       0.498504       0.498565       0.498622       0.498678       0.498731       0.498782       0.498831       0.498879       0.498926       0.498971       0.499015       0.499058       0.499099       0.499139       0.499178       0.499215       0.499250       0.499284       0.499316       0.499347       0.499376       0.499403       0.499428       0.499451       0.499472       0.499492       0.499509       0.499525       0.499538       0.499549       0.499559       0.499566       0.499571       0.499574       0.499575       0.499574       0.499571       0.499566       0.499559       0.499549       0.499538       0.499525       0.499509       0.499492       0.499472       0.499451       0.499428       0.499403       0.499376       0.499347       0.499316       0.499284       0.499250       0.499215       0.499178       0.499139       0.499099       0.499058       0.499015       0.498971       0.498926       0.498879       0.498831       0.498782       0.498731       0.498678       0.498622       0.498565       0.498504       0.498441       0.498372       0.498299       0.498220       0.498134       0.498038       0.497932       0.497814       0.497681       0.497530       0.497358       0.497161       0.496936       0.496678       0.496380       0.496037       0.495642       0.495186       0.494663       0.494061       0.493372       0.492584       0.491689       0.490675       0.489535       0.488265       0.486866       0.485350       0.483739       0.482079       0.480438       0.478916       0.477646       0.476787       0.476499       0.476892       0.477958       0.479493       0.481067       0.482074       0.481870       0.479973       0.476307       0.471498       0.467305       0.467305
       0.467306       0.467306       0.471500       0.476309       0.479976       0.481874       0.482080       0.481075       0.479503       0.477972       0.476910       0.476521       0.476815       0.477680       0.478956       0.480485       0.482134       0.483802       0.485419       0.486944       0.488350       0.489627       0.490775       0.491796       0.492699       0.493493       0.494189       0.494797       0.495327       0.495787       0.496188       0.496536       0.496838       0.497100       0.497329       0.497528       0.497702       0.497854       0.497989       0.498108       0.498214       0.498308       0.498394       0.498471       0.498542       0.498608       0.498669       0.498726       0.498780       0.498831       0.498880       0.498927       0.498972       0.499015       0.499057       0.499097       0.499136       0.499174       0.499210       0.499245       0.499279       0.499312       0.499343       0.499372       0.499400       0.499427       0.499452       0.499475       0.499497       0.499517       0.499536       0.499553       0.499568       0.499581       0.499593       0.499603       0.499611       0.499617       0.499621       0.499624       0.499625       0.499624       0.499621       0.499617       0.499611       0.499603       0.499593       0.499581       0.499568       0.499553       0.499536       0.499517       0.499497       0.499475       0.499452       0.499427       0.499400       0.499372       0.499343       0.499312       0.499279       0.499245       0.499210       0.499174       0.499136       0.499097       0.499057       0.499015       0.498972       0.498927       0.498880       0.498831       0.498780       0.498726       0.498669       0.498608       0.498542       0.498471       0.498394       0.498308       0.498214       0.498108       0.497989       0.497854       0.497702       0.497528       0.497329       0.497100       0.496838       0.496536       0.496188       0.495787       0.495327       0.494797       0.494189       0.493493       0.492699       0.491796       0.490775       0.489627       0.488350       0.486944       0.485419       0.483802       0.482134       0.480485       0.478956       0.477680       0.476815       0.476521       0.476910       0.477972       0.479503       0.481075       0.482080       0.481874       0.479976       0.476309       0.471500       0.467306       0.467306
       0.467307       0.467307       0.471501       0.476311       0.479979       0.481878       0.482085       0.481081       0.479512       0.477983       0.476925       0.476541       0.476839       0.477709       0.478991       0.480526       0.482181       0.483855       0.485480       0.487010       0.488423       0.489707       0.490861       0.491889       0.492798       0.493598       0.494300       0.494913       0.495448       0.495913       0.496318       0.496670       0.496975       0.497241       0.497472       0.497674       0.497850       0.498004       0.498139       0.498258       0.498364       0.498458       0.498543       0.498619       0.498689       0.498752       0.498811       0.498865       0.498916       0.498964       0.499009       0.499052       0.499093       0.499132       0.499170       0.499206       0.499241       0.499275       0.499307       0.499338       0.499367       0.499396       0.499423       0.499449       0.499473       0.499497       0.499518       0.499539       0.499558       0.499575       0.499592       0.499606       0.499619       0.499631       0.499641       0.499649       0.499656       0.499662       0.499666       0.499668       0.499669       0.499668       0.499666       0.499662       0.499656       0.499649       0.499641       0.499631       0.499619       0.499606       0.499592       0.499575       0.499558       0.499539       0.499518       0.499497       0.499473       0.499449       0.499423       0.499396       0.499367       0.499338       0.499307       0.499275       0.499241       0.499206       0.499170       0.499132       0.499093       0.499052       0.499009       0.498964       0.498916       0.498865       0.498811       0.498752       0.498689       0.498619       0.498543       0.498458       0.498364       0.498258       0.498139       0.498004       0.497850       0.497674       0.497472       0.497241       0.496975       0.496670       0.496318       0.495913       0.495448       0.494913       0.494300       0.493598       0.492798       0.491889       0.490861       0.489707       0.488423       0.487010       0.485480       0.483855       0.482181       0.480526       0.478991       0.477709       0.476839       0.476541       0.476925       0.477983       0.479512       0.481081       0.482085       0.481878       0.479979       0.476311       0.471501       0.467307       0.467307
       0.467309       0.467309       0.471502       0.476313       0.479981       0.481881       0.482089       0.481087       0.479520       0.477994       0.476939       0.476557       0.476860       0.477734       0.479021       0.480562       0.482222       0.483902       0.485532       0.487068       0.488487       0.489777       0.490936       0.491969       0.492883       0.493689       0.494395       0.495013       0.495552       0.496021       0.496430       0.496785       0.497094       0.497362       0.497596       0.497799       0.497977       0.498132       0.498268       0.498388       0.498494       0.498588       0.498671       0.498747       0.498815       0.498876       0.498933       0.498985       0.499033       0.499078       0.499120       0.499160       0.499198       0.499234       0.499268       0.499301       0.499332       0.499362       0.499391       0.499418       0.499444       0.499469       0.499493       0.499516       0.499537       0.499558       0.499577       0.499595       0.499611       0.499626       0.499640       0.499653       0.499665       0.499675       0.499683       0.499691       0.499697       0.499702       0.499705       0.499707       0.499708       0.499707       0.499705       0.499702       0.499697       0.499691       0.499683       0.499675       0.499665       0.499653       0.499640       0.499626       0.499611       0.499595       0.499577       0.499558       0.499537       0.499516       0.499493       0.499469       0.499444       0.499418       0.499391       0.499362       0.499332       0.499301       0.499268       0.499234       0.499198       0.499160       0.499120       0.499078       0.499033       0.498985       0.498933       0.498876       0.498815       0.498747       0.498671       0.498588       0.498494       0.498388       0.498268       0.498132       0.497977       0.497799       0.497596       0.497362       0.497094       0.496785       0.496430       0.496021       0.495552       0.495013       0.494395       0.493689       0.492883       0.491969       0.490936       0.489777       0.488487       0.487068       0.485532       0.483902       0.482222       0.480562       0.479021       0.477734       0.476860       0.476557       0.476939       0.477994       0.479520       0.481087       0.482089       0.481881       0.479981       0.476313       0.471502       0.467309       0.467309
       0.467310       0.467310       0.471504       0.476314       0.479983       0.481884       0.482093       0.481092       0.479526       0.478003       0.476950       0.476572       0.476878       0.477756       0.479048       0.480593       0.482258       0.483942       0.485577       0.487118       0.488542       0.489836       0.491000       0.492038       0.492957       0.493766       0.494477       0.495099       0.495641       0.496114       0.496526       0.496884       0.497196       0.497466       0.497702       0.497907       0.498086       0.498242       0.498379       0.498499       0.498605       0.498699       0.498782       0.498856       0.498923       0.498983       0.499038       0.499088       0.499134       0.499177       0.499217       0.499254       0.499289       0.499322       0.499353       0.499383       0.499411       0.499438       0.499463       0.499488       0.499511       0.499533       0.499554       0.499574       0.499593       0.499611       0.499628       0.499643       0.499658       0.499671       0.499683       0.499694       0.499704       0.499713       0.499721       0.499727       0.499733       0.499737       0.499740       0.499741       0.499742       0.499741       0.499740       0.499737       0.499733       0.499727       0.499721       0.499713       0.499704       0.499694       0.499683       0.499671       0.499658       0.499643       0.499628       0.499611       0.499593       0.499574       0.499554       0.499533       0.499511       0.499488       0.499463       0.499438       0.499411       0.499383       0.499353       0.499322       0.499289       0.499254       0.499217       0.499177       0.499134       0.499088       0.499038       0.498983       0.498923       0.498856       0.498782       0.498699       0.498605       0.498499       0.498379       0.498242       0.498086       0.497907       0.497702       0.497466       0.497196       0.496884       0.496526       0.496114       0.495641       0.495099       0.494477       0.493766       0.492957       0.492038       0.491000       0.489836       0.488542       0.487118       0.485577       0.483942       0.482258       0.480593       0.479048       0.477756       0.476878       0.476572       0.476950       0.478003       0.479526       0.481092       0.482093       0.481884       0.479983       0.476314       0.471504       0.467310       0.467310
       0.467310       0.467310       0.471505       0.476316       0.479985       0.481886       0.482096       0.481096       0.479532       0.478010       0.476960       0.476585       0.476894       0.477776       0.479070       0.480619       0.482288       0.483977       0.485616       0.487162       0.488589       0.489888       0.491056       0.492098       0.493020       0.493834       0.494548       0.495173       0.495719       0.496194       0.496609       0.496970       0.497283       0.497556       0.497793       0.498000       0.498180       0.498337       0.498475       0.498595       0.498701       0.498794       0.498877       0.498951       0.499016       0.499075       0.499129       0.499177       0.499221       0.499262       0.499300       0.499335       0.499367       0.499398       0.499427       0.499454       0.499479       0.499504       0.499527       0.499549       0.499569       0.499589       0.499608       0.499625       0.499642       0.499658       0.499672       0.499686       0.499699       0.499710       0.499721       0.499731       0.499740       0.499747       0.499754       0.499759       0.499764       0.499768       0.499770       0.499772       0.499772       0.499772       0.499770       0.499768       0.499764       0.499759       0.499754       0.499747       0.499740       0.499731       0.499721       0.499710       0.499699       0.499686       0.499672       0.499658       0.499642       0.499625       0.499608       0.499589       0.499569       0.499549       0.499527       0.499504       0.499479       0.499454       0.499427       0.499398       0.499367       0.499335       0.499300       0.499262       0.499221       0.499177       0.499129       0.499075       0.499016       0.498951       0.498877       0.498794       0.498701       0.498595       0.498475       0.498337       0.498180       0.498000       0.497793       0.497556       0.497283       0.496970       0.496609       0.496194       0.495719       0.495173       0.494548       0.493834       0.493020       0.492098       0.491056       0.489888       0.488589       0.487162       0.485616       0.483977       0.482288       0.480619       0.479070       0.477776       0.476894       0.476585       0.476960       0.478010       0.479532       0.481096       0.482096       0.481886       0.479985       0.476316       0.471505       0.467310       0.467310
       0.467311       0.467311       0.471505       0.476317       0.479987       0.481888       0.482099       0.481100       0.479537       0.478017       0.476969       0.476596       0.476907       0.477792       0.479090       0.480642       0.482315       0.484007       0.485650       0.487199       0.488630       0.489932       0.491104       0.492149       0.493075       0.493891       0.494608       0.495236       0.495785       0.496263       0.496680       0.497043       0.497359       0.497633       0.497872       0.498080       0.498261       0.498419       0.498557       0.498677       0.498783       0.498877       0.498959       0.499032       0.499097       0.499155       0.499207       0.499254       0.499297       0.499336       0.499372       0.499405       0.499435       0.499464       0.499490       0.499515       0.499539       0.499561       0.499582       0.499601       0.499620       0.499638       0.499654       0.499670       0.499685       0.499699       0.499711       0.499724       0.499735       0.499745       0.499754       0.499763       0.499770       0.499777       0.499783       0.499788       0.499792       0.499795       0.499797       0.499799       0.499799       0.499799       0.499797       0.499795       0.499792       0.499788       0.499783       0.499777       0.499770       0.499763       0.499754       0.499745       0.499735       0.499724       0.499711       0.499699       0.499685       0.499670       0.499654       0.499638       0.499620       0.499601       0.499582       0.499561       0.499539       0.499515       0.499490       0.499464       0.499435       0.499405       0.499372       0.499336       0.499297       0.499254       0.499207       0.499155       0.499097       0.499032       0.498959       0.498877       0.498783       0.498677       0.498557       0.498419       0.498261       0.498080       0.497872       0.497633       0.497359       0.497043       0.496680       0.496263       0.495785       0.495236       0.494608       0.493891       0.493075       0.492149       0.491104       0.489932       0.488630       0.487199       0.485650       0.484007       0.482315       0.480642       0.479090       0.477792       0.476907       0.476596       0.476969       0.478017       0.479537       0.481100       0.482099       0.481888       0.479987       0.476317       0.471505       0.467311       0.467311
       0.467312       0.467312       0.471506       0.476318       0.479988       0.481890       0.482101       0.481103       0.479542       0.478023       0.476976       0.476605       0.476919       0.477806       0.479107       0.480662       0.482338       0.484033       0.485679       0.487231       0.488666       0.489971       0.491145       0.492193       0.493122       0.493941       0.494661       0.495291       0.495842       0.496323       0.496742       0.497106       0.497423       0.497699       0.497939       0.498148       0.498330       0.498489       0.498627       0.498748       0.498854       0.498947       0.499029       0.499102       0.499166       0.499223       0.499274       0.499320       0.499362       0.499399       0.499434       0.499465       0.499494       0.499521       0.499545       0.499569       0.499590       0.499610       0.499629       0.499647       0.499664       0.499680       0.499695       0.499709       0.499722       0.499734       0.499746       0.499756       0.499766       0.499775       0.499783       0.499791       0.499797       0.499803       0.499808       0.499813       0.499816       0.499819       0.499821       0.499822       0.499823       0.499822       0.499821       0.499819       0.499816       0.499813       0.499808       0.499803       0.499797       0.499791       0.499783       0.499775       0.499766       0.499756       0.499746       0.499734       0.499722       0.499709       0.499695       0.499680       0.499664       0.499647       0.499629       0.499610       0.499590       0.499569       0.499545       0.499521       0.499494       0.499465       0.499434       0.499399       0.499362       0.499320       0.499274       0.499223       0.499166       0.499102       0.499029       0.498947       0.498854       0.498748       0.498627       0.498489       0.498330       0.498148       0.497939       0.497699       0.497423       0.497106       0.496742       0.496323       0.495842       0.495291       0.494661       0.493941       0.493122       0.492193       0.491145       0.489971       0.488666       0.487231       0.485679       0.484033       0.482338       0.480662       0.479107       0.477806       0.476919       0.476605       0.476976       0.478023       0.479542       0.481103       0.482101       0.481890       0.479988       0.476318       0.471506       0.467312       0.467312
       0.467312       0.467312       0.471507       0.476318       0.479989       0.481891       0.482103       0.481106       0.479546       0.478028       0.476983       0.476614       0.476929       0.477819       0.479122       0.480680       0.482358       0.484056       0.485704       0.487259       0.488696       0.490004       0.491181       0.492232       0.493163       0.493984       0.494706       0.495339       0.495892       0.496374       0.496795       0.497161       0.497479       0.497757       0.497998       0.498207       0.498390       0.498549       0.498688       0.498809       0.498915       0.499008       0.499090       0.499162       0.499226       0.499282       0.499332       0.499377       0.499418       0.499454       0.499487       0.499517       0.499545       0.499570       0.499593       0.499615       0.499635       0.499654       0.499671       0.499687       0.499703       0.499717       0.499730       0.499743       0.499754       0.499765       0.499776       0.499785       0.499794       0.499802       0.499809       0.499815       0.499821       0.499826       0.499831       0.499835       0.499838       0.499840       0.499842       0.499843       0.499843       0.499843       0.499842       0.499840       0.499838       0.499835       0.499831       0.499826       0.499821       0.499815       0.499809       0.499802       0.499794       0.499785       0.499776       0.499765       0.499754       0.499743       0.499730       0.499717       0.499703       0.499687       0.499671       0.499654       0.499635       0.499615       0.499593       0.499570       0.499545       0.499517       0.499487       0.499454       0.499418       0.499377       0.499332       0.499282       0.499226       0.499162       0.499090       0.499008       0.498915       0.498809       0.498688       0.498549       0.498390       0.498207       0.497998       0.497757       0.497479       0.497161       0.496795       0.496374       0.495892       0.495339       0.494706       0.493984       0.493163       0.492232       0.491181       0.490004       0.488696       0.487259       0.485704       0.484056       0.482358       0.480680       0.479122       0.477819       0.476929       0.476614       0.476983       0.478028       0.479546       0.481106       0.482103       0.481891       0.479989       0.476318       0.471507       0.467312       0.467312
       0.467313       0.467313       0.471507       0.476319       0.479990       0.481893       0.482105       0.481109       0.479549       0.478032       0.476988       0.476621       0.476938       0.477830       0.479135       0.480694       0.482375       0.484075       0.485726       0.487283       0.488723       0.490033       0.491212       0.492265       0.493198       0.494021       0.494745       0.495380       0.495934       0.496418       0.496840       0.497208       0.497527       0.497806       0.498048       0.498258       0.498442       0.498601       0.498740       0.498862       0.498968       0.499061       0.499142       0.499214       0.499277       0.499333       0.499382       0.499427       0.499466       0.499501       0.499533       0.499562       0.499589       0.499613       0.499635       0.499655       0.499674       0.499691       0.499707       0.499722       0.499736       0.499749       0.499761       0.499772       0.499783       0.499793       0.499802       0.499810       0.499818       0.499825       0.499831       0.499837       0.499842       0.499847       0.499851       0.499854       0.499857       0.499859       0.499860       0.499861       0.499862       0.499861       0.499860       0.499859       0.499857       0.499854       0.499851       0.499847       0.499842       0.499837       0.499831       0.499825       0.499818       0.499810       0.499802       0.499793       0.499783       0.499772       0.499761       0.499749       0.499736       0.499722       0.499707       0.499691       0.499674       0.499655       0.499635       0.499613       0.499589       0.499562       0.499533       0.499501       0.499466       0.499427       0.499382       0.499333       0.499277       0.499214       0.499142       0.499061       0.498968       0.498862       0.498740       0.498601       0.498442       0.498258       0.498048       0.497806       0.497527       0.497208       0.496840       0.496418       0.495934       0.495380       0.494745       0.494021       0.493198       0.492265       0.491212       0.490033       0.488723       0.487283       0.485726       0.484075       0.482375       0.480694       0.479135       0.477830       0.476938       0.476621       0.476988       0.478032       0.479549       0.481109       0.482105       0.481893       0.479990       0.476319       0.471507       0.467313       0.467313
       0.467313       0.467313       0.471508       0.476320       0.479991       0.481894       0.482107       0.481111       0.479552       0.478036       0.476993       0.476627       0.476946       0.477839       0.479146       0.480707       0.482390       0.484092       0.485745       0.487304       0.488745       0.490058       0.491239       0.492293       0.493228       0.494054       0.494779       0.495415       0.495971       0.496456       0.496879       0.497248       0.497569       0.497848       0.498091       0.498302       0.498486       0.498646       0.498785       0.498907       0.499013       0.499106       0.499187       0.499259       0.499321       0.499377       0.499426       0.499469       0.499508       0.499542       0.499573       0.499601       0.499627       0.499650       0.499670       0.499690       0.499707       0.499723       0.499738       0.499752       0.499765       0.499777       0.499788       0.499798       0.499808       0.499816       0.499824       0.499832       0.499839       0.499845       0.499851       0.499856       0.499861       0.499865       0.499868       0.499871       0.499873       0.499875       0.499877       0.499877       0.499878       0.499877       0.499877       0.499875       0.499873       0.499871       0.499868       0.499865       0.499861       0.499856       0.499851       0.499845       0.499839       0.499832       0.499824       0.499816       0.499808       0.499798       0.499788       0.499777       0.499765       0.499752       0.499738       0.499723       0.499707       0.499690       0.499670       0.499650       0.499627       0.499601       0.499573       0.499542       0.499508       0.499469       0.499426       0.499377       0.499321       0.499259       0.499187       0.499106       0.499013       0.498907       0.498785       0.498646       0.498486       0.498302       0.498091       0.497848       0.497569       0.497248       0.496879       0.496456       0.495971       0.495415       0.494779       0.494054       0.493228       0.492293       0.491239       0.490058       0.488745       0.487304       0.485745       0.484092       0.482390       0.480707       0.479146       0.477839       0.476946       0.476627       0.476993       0.478036       0.479552       0.481111       0.482107       0.481894       0.479991       0.476320       0.471508       0.467313       0.467313
       0.467313       0.467313       0.471508       0.476320       0.479991       0.481895       0.482108       0.481113       0.479554       0.478039       0.476998       0.476632       0.476952       0.477847       0.479155       0.480719       0.482403       0.484107       0.485761       0.487322       0.488765       0.490079       0.491262       0.492318       0.493254       0.494081       0.494808       0.495445       0.496002       0.496489       0.496913       0.497283       0.497604       0.497884       0.498128       0.498340       0.498524       0.498684       0.498824       0.498946       0.499052       0.499145       0.499226       0.499297       0.499360       0.499414       0.499463       0.499506       0.499544       0.499578       0.499608       0.499635       0.499659       0.499682       0.499701       0.499720       0.499736       0.499751       0.499765       0.499778       0.499790       0.499801       0.499811       0.499820       0.499829       0.499837       0.499844       0.499851       0.499857       0.499863       0.499868       0.499873       0.499877       0.499880       0.499883       0.499886       0.499888       0.499890       0.499891       0.499892       0.499892       0.499892       0.499891       0.499890       0.499888       0.499886       0.499883       0.499880       0.499877       0.499873       0.499868       0.499863       0.499857       0.499851       0.499844       0.499837       0.499829       0.499820       0.499811       0.499801       0.499790       0.499778       0.499765       0.499751       0.499736       0.499720       0.499701       0.499682       0.499659       0.499635       0.499608       0.499578       0.499544       0.499506       0.499463       0.499414       0.499360       0.499297       0.499226       0.499145       0.499052       0.498946       0.498824       0.498684       0.498524       0.498340       0.498128       0.497884       0.497604       0.497283       0.496913       0.496489       0.496002       0.495445       0.494808       0.494081       0.493254       0.492318       0.491262       0.490079       0.488765       0.487322       0.485761       0.484107       0.482403       0.480719       0.479155       0.477847       0.476952       0.476632       0.476998       0.478039       0.479554       0.481113       0.482108       0.481895       0.479991       0.476320       0.471508       0.467313       0.467313
       0.467314       0.467314       0.471508       0.476321       0.479992       0.481896       0.482109       0.481114       0.479556       0.478042       0.477001       0.476637       0.476958       0.477854       0.479164       0.480728       0.482414       0.484119       0.485775       0.487338       0.488782       0.490097       0.491282       0.492339       0.493277       0.494105       0.494833       0.495471       0.496030       0.496517       0.496942       0.497313       0.497635       0.497916       0.498160       0.498372       0.498557       0.498718       0.498858       0.498979       0.499086       0.499178       0.499259       0.499330       0.499392       0.499447       0.499495       0.499537       0.499575       0.499608       0.499638       0.499664       0.499688       0.499709       0.499728       0.499746       0.499762       0.499776       0.499789       0.499801       0.499812       0.499822       0.499831       0.499840       0.499848       0.499855       0.499862       0.499868       0.499874       0.499879       0.499883       0.499887       0.499891       0.499894       0.499897       0.499899       0.499901       0.499903       0.499904       0.499904       0.499904       0.499904       0.499904       0.499903       0.499901       0.499899       0.499897       0.499894       0.499891       0.499887       0.499883       0.499879       0.499874       0.499868       0.499862       0.499855       0.499848       0.499840       0.499831       0.499822       0.499812       0.499801       0.499789       0.499776       0.499762       0.499746       0.499728       0.499709       0.499688       0.499664       0.499638       0.499608       0.499575       0.499537       0.499495       0.499447       0.499392       0.499330       0.499259       0.499178       0.499086       0.498979       0.498858       0.498718       0.498557       0.498372       0.498160       0.497916       0.497635       0.497313       0.496942       0.496517       0.496030       0.495471       0.494833       0.494105       0.493277       0.492339       0.491282       0.490097       0.488782       0.487338       0.485775       0.484119       0.482414       0.480728       0.479164       0.477854       0.476958       0.476637       0.477001       0.478042       0.479556       0.481114       0.482109       0.481896       0.479992       0.476321       0.471508       0.467314       0.467314
       0.467314       0.467314       0.471509       0.476321       0.479992       0.481896       0.482110       0.481116       0.479558       0.478045       0.477004       0.476641       0.476963       0.477860       0.479171       0.480737       0.482423       0.484130       0.485787       0.487351       0.488797       0.490113       0.491299       0.492357       0.493296       0.494125       0.494855       0.495494       0.496053       0.496541       0.496967       0.497339       0.497662       0.497943       0.498187       0.498400       0.498585       0.498746       0.498886       0.499008       0.499115       0.499207       0.499288       0.499359       0.499421       0.499475       0.499523       0.499565       0.499602       0.499635       0.499664       0.499689       0.499712       0.499733       0.499752       0.499768       0.499783       0.499797       0.499809       0.499821       0.499831       0.499841       0.499849       0.499857       0.499864       0.499871       0.499877       0.499883       0.499888       0.499892       0.499896       0.499900       0.499903       0.499906       0.499909       0.499911       0.499912       0.499914       0.499915       0.499915       0.499915       0.499915       0.499915       0.499914       0.499912       0.499911       0.499909       0.499906       0.499903       0.499900       0.499896       0.499892       0.499888       0.499883       0.499877       0.499871       0.499864       0.499857       0.499849       0.499841       0.499831       0.499821       0.499809       0.499797       0.499783       0.499768       0.499752       0.499733       0.499712       0.499689       0.499664       0.499635       0.499602       0.499565       0.499523       0.499475       0.499421       0.499359       0.499288       0.499207       0.499115       0.499008       0.498886       0.498746       0.498585       0.498400       0.498187       0.497943       0.497662       0.497339       0.496967       0.496541       0.496053       0.495494       0.494855       0.494125       0.493296       0.492357       0.491299       0.490113       0.488797       0.487351       0.485787       0.484130       0.482423       0.480737       0.479171       0.477860       0.476963       0.476641       0.477004       0.478045       0.479558       0.481116       0.482110       0.481896       0.479992       0.476321       0.471509       0.467314       0.467314
       0.467314       0.467314       0.471509       0.476321       0.479993       0.481897       0.482111       0.481117       0.479560       0.478047       0.477007       0.476644       0.476967       0.477865       0.479177       0.480744       0.482432       0.484139       0.485798       0.487363       0.488810       0.490127       0.491314       0.492373       0.493313       0.494143       0.494873       0.495513       0.496073       0.496562       0.496989       0.497361       0.497684       0.497966       0.498211       0.498424       0.498610       0.498771       0.498911       0.499033       0.499140       0.499232       0.499313       0.499384       0.499445       0.499499       0.499547       0.499588       0.499625       0.499657       0.499686       0.499711       0.499734       0.499754       0.499772       0.499788       0.499802       0.499815       0.499827       0.499838       0.499848       0.499857       0.499865       0.499872       0.499879       0.499885       0.499890       0.499895       0.499900       0.499904       0.499908       0.499911       0.499914       0.499917       0.499919       0.499921       0.499922       0.499924       0.499924       0.499925       0.499925       0.499925       0.499924       0.499924       0.499922       0.499921       0.499919       0.499917       0.499914       0.499911       0.499908       0.499904       0.499900       0.499895       0.499890       0.499885       0.499879       0.499872       0.499865       0.499857       0.499848       0.499838       0.499827       0.499815       0.499802       0.499788       0.499772       0.499754       0.499734       0.499711       0.499686       0.499657       0.499625       0.499588       0.499547       0.499499       0.499445       0.499384       0.499313       0.499232       0.499140       0.499033       0.498911       0.498771       0.498610       0.498424       0.498211       0.497966       0.497684       0.497361       0.496989       0.496562       0.496073       0.495513       0.494873       0.494143       0.493313       0.492373       0.491314       0.490127       0.488810       0.487363       0.485798       0.484139       0.482432       0.480744       0.479177       0.477865       0.476967       0.476644       0.477007       0.478047       0.479560       0.481117       0.482111       0.481897       0.479993       0.476321       0.471509       0.467314       0.467314
       0.467314       0.467314       0.471509       0.476321       0.479993       0.481897       0.482112       0.481118       0.479561       0.478048       0.477009       0.476647       0.476971       0.477870       0.479182       0.480750       0.482439       0.484148       0.485807       0.487373       0.488821       0.490139       0.491326       0.492387       0.493328       0.494158       0.494889       0.495530       0.496091       0.496580       0.497008       0.497380       0.497704       0.497986       0.498232       0.498445       0.498631       0.498792       0.498932       0.499055       0.499161       0.499254       0.499334       0.499405       0.499466       0.499520       0.499567       0.499609       0.499645       0.499677       0.499705       0.499730       0.499752       0.499772       0.499789       0.499805       0.499819       0.499831       0.499843       0.499853       0.499862       0.499870       0.499878       0.499885       0.499891       0.499897       0.499902       0.499907       0.499911       0.499915       0.499918       0.499921       0.499924       0.499926       0.499928       0.499930       0.499931       0.499932       0.499933       0.499933       0.499934       0.499933       0.499933       0.499932       0.499931       0.499930       0.499928       0.499926       0.499924       0.499921       0.499918       0.499915       0.499911       0.499907       0.499902       0.499897       0.499891       0.499885       0.499878       0.499870       0.499862       0.499853       0.499843       0.499831       0.499819       0.499805       0.499789       0.499772       0.499752       0.499730       0.499705       0.499677       0.499645       0.499609       0.499567       0.499520       0.499466       0.499405       0.499334       0.499254       0.499161       0.499055       0.498932       0.498792       0.498631       0.498445       0.498232       0.497986       0.497704       0.497380       0.497008       0.496580       0.496091       0.495530       0.494889       0.494158       0.493328       0.492387       0.491326       0.490139       0.488821       0.487373       0.485807       0.484148       0.482439       0.480750       0.479182       0.477870       0.476971       0.476647       0.477009       0.478048       0.479561       0.481118       0.482112       0.481897       0.479993       0.476321       0.471509       0.467314       0.467314
       0.467314       0.467314       0.471509       0.476322       0.479993       0.481898       0.482112       0.481119       0.479562       0.478050       0.477011       0.476650       0.476974       0.477873       0.479187       0.480755       0.482445       0.484155       0.485815       0.487381       0.488830       0.490149       0.491337       0.492399       0.493340       0.494172       0.494903       0.495544       0.496106       0.496596       0.497024       0.497396       0.497721       0.498003       0.498249       0.498463       0.498649       0.498810       0.498951       0.499073       0.499180       0.499272       0.499353       0.499423       0.499485       0.499538       0.499585       0.499626       0.499662       0.499694       0.499722       0.499746       0.499768       0.499787       0.499804       0.499820       0.499833       0.499845       0.499856       0.499866       0.499875       0.499883       0.499890       0.499896       0.499902       0.499907       0.499912       0.499917       0.499920       0.499924       0.499927       0.499930       0.499932       0.499934       0.499936       0.499938       0.499939       0.499940       0.499941       0.499941       0.499941       0.499941       0.499941       0.499940       0.499939       0.499938       0.499936       0.499934       0.499932       0.499930       0.499927       0.499924       0.499920       0.499917       0.499912       0.499907       0.499902       0.499896       0.499890       0.499883       0.499875       0.499866       0.499856       0.499845       0.499833       0.499820       0.499804       0.499787       0.499768       0.499746       0.499722       0.499694       0.499662       0.499626       0.499585       0.499538       0.499485       0.499423       0.499353       0.499272       0.499180       0.499073       0.498951       0.498810       0.498649       0.498463       0.498249       0.498003       0.497721       0.497396       0.497024       0.496596       0.496106       0.495544       0.494903       0.494172       0.493340       0.492399       0.491337       0.490149       0.488830       0.487381       0.485815       0.484155       0.482445       0.480755       0.479187       0.477873       0.476974       0.476650       0.477011       0.478050       0.479562       0.481119       0.482112       0.481898       0.479993       0.476322       0.471509       0.467314       0.467314
       0.467314       0.467314       0.471509       0.476322       0.479994       0.481898       0.482113       0.481119       0.479563       0.478051       0.477013       0.476652       0.476977       0.477877       0.479191       0.480760       0.482450       0.484161       0.485821       0.487389       0.488838       0.490158       0.491347       0.492409       0.493351       0.494183       0.494915       0.495557       0.496119       0.496609       0.497038       0.497411       0.497736       0.498018       0.498264       0.498478       0.498664       0.498826       0.498967       0.499089       0.499196       0.499288       0.499369       0.499439       0.499500       0.499554       0.499601       0.499641       0.499677       0.499709       0.499736       0.499760       0.499782       0.499801       0.499817       0.499832       0.499846       0.499857       0.499868       0.499877       0.499886       0.499893       0.499900       0.499906       0.499912       0.499917       0.499921       0.499925       0.499929       0.499932       0.499935       0.499937       0.499940       0.499942       0.499943       0.499945       0.499946       0.499947       0.499947       0.499948       0.499948       0.499948       0.499947       0.499947       0.499946       0.499945       0.499943       0.499942       0.499940       0.499937       0.499935       0.499932       0.499929       0.499925       0.499921       0.499917       0.499912       0.499906       0.499900       0.499893       0.499886       0.499877       0.499868       0.499857       0.499846       0.499832       0.499817       0.499801       0.499782       0.499760       0.499736       0.499709       0.499677       0.499641       0.499601       0.499554       0.499500       0.499439       0.499369       0.499288       0.499196       0.499089       0.498967       0.498826       0.498664       0.498478       0.498264       0.498018       0.497736       0.497411       0.497038       0.496609       0.496119       0.495557       0.494915       0.494183       0.493351       0.492409       0.491347       0.490158       0.488838       0.487389       0.485821       0.484161       0.482450       0.480760       0.479191       0.477877       0.476977       0.476652       0.477013       0.478051       0.479563       0.481119       0.482113       0.481898       0.479994       0.476322       0.471509       0.467314       0.467314
       0.467314       0.467314       0.471509       0.476322       0.479994       0.481898       0.482113       0.481120       0.479564       0.478052       0.477015       0.476654       0.476979       0.477880       0.479194       0.480764       0.482455       0.484166       0.485827       0.487395       0.488845       0.490166       0.491355       0.492418       0.493360       0.494193       0.494925       0.495568       0.496130       0.496621       0.497049       0.497423       0.497748       0.498031       0.498277       0.498492       0.498678       0.498840       0.498980       0.499103       0.499209       0.499302       0.499383       0.499453       0.499514       0.499567       0.499614       0.499655       0.499690       0.499721       0.499749       0.499773       0.499794       0.499812       0.499829       0.499843       0.499856       0.499868       0.499878       0.499887       0.499895       0.499902       0.499909       0.499915       0.499920       0.499925       0.499929       0.499933       0.499936       0.499939       0.499942       0.499944       0.499946       0.499948       0.499949       0.499951       0.499952       0.499952       0.499953       0.499953       0.499954       0.499953       0.499953       0.499952       0.499952       0.499951       0.499949       0.499948       0.499946       0.499944       0.499942       0.499939       0.499936       0.499933       0.499929       0.499925       0.499920       0.499915       0.499909       0.499902       0.499895       0.499887       0.499878       0.499868       0.499856       0.499843       0.499829       0.499812       0.499794       0.499773       0.499749       0.499721       0.499690       0.499655       0.499614       0.499567       0.499514       0.499453       0.499383       0.499302       0.499209       0.499103       0.498980       0.498840       0.498678       0.498492       0.498277       0.498031       0.497748       0.497423       0.497049       0.496621       0.496130       0.495568       0.494925       0.494193       0.493360       0.492418       0.491355       0.490166       0.488845       0.487395       0.485827       0.484166       0.482455       0.480764       0.479194       0.477880       0.476979       0.476654       0.477015       0.478052       0.479564       0.481120       0.482113       0.481898       0.479994       0.476322       0.471509       0.467314       0.467314
       0.467314       0.467314       0.471509       0.476322       0.479994       0.481899       0.482113       0.481120       0.479565       0.478053       0.477016       0.476656       0.476981       0.477882       0.479197       0.480768       0.482459       0.484170       0.485832       0.487401       0.488851       0.490172       0.491362       0.492425       0.493368       0.494201       0.494934       0.495577       0.496139       0.496631       0.497060       0.497434       0.497759       0.498042       0.498289       0.498503       0.498689       0.498851       0.498992       0.499115       0.499221       0.499314       0.499394       0.499465       0.499526       0.499579       0.499625       0.499666       0.499701       0.499732       0.499759       0.499783       0.499804       0.499822       0.499839       0.499853       0.499866       0.499877       0.499887       0.499895       0.499903       0.499910       0.499917       0.499922       0.499927       0.499932       0.499936       0.499939       0.499942       0.499945       0.499948       0.499950       0.499952       0.499953       0.499955       0.499956       0.499957       0.499958       0.499958       0.499959       0.499959       0.499959       0.499958       0.499958       0.499957       0.499956       0.499955       0.499953       0.499952       0.499950       0.499948       0.499945       0.499942       0.499939       0.499936       0.499932       0.499927       0.499922       0.499917       0.499910       0.499903       0.499895       0.499887       0.499877       0.499866       0.499853       0.499839       0.499822       0.499804       0.499783       0.499759       0.499732       0.499701       0.499666       0.499625       0.499579       0.499526       0.499465       0.499394       0.499314       0.499221       0.499115       0.498992       0.498851       0.498689       0.498503       0.498289       0.498042       0.497759       0.497434       0.497060       0.496631       0.496139       0.495577       0.494934       0.494201       0.493368       0.492425       0.491362       0.490172       0.488851       0.487401       0.485832       0.484170       0.482459       0.480768       0.479197       0.477882       0.476981       0.476656       0.477016       0.478053       0.479565       0.481120       0.482113       0.481899       0.479994       0.476322       0.471509       0.467314       0.467314
       0.467314       0.467314       0.471509       0.476322       0.479994       0.481899       0.482114       0.481121       0.479565       0.478054       0.477017       0.476657       0.476983       0.477884       0.479200       0.480771       0.482462       0.484174       0.485837       0.487406       0.488857       0.490178       0.491368       0.492432       0.493375       0.494209       0.494942       0.495585       0.496148       0.496640       0.497069       0.497443       0.497768       0.498052       0.498298       0.498513       0.498699       0.498861       0.499002       0.499125       0.499231       0.499324       0.499405       0.499475       0.499536       0.499589       0.499635       0.499676       0.499711       0.499742       0.499769       0.499792       0.499813       0.499831       0.499847       0.499861       0.499874       0.499885       0.499894       0.499903       0.499910       0.499917       0.499923       0.499929       0.499933       0.499938       0.499941       0.499945       0.499948       0.499951       0.499953       0.499955       0.499957       0.499958       0.499960       0.499961       0.499962       0.499962       0.499963       0.499963       0.499963       0.499963       0.499963       0.499962       0.499962       0.499961       0.499960       0.499958       0.499957       0.499955       0.499953       0.499951       0.499948       0.499945       0.499941       0.499938       0.499933       0.499929       0.499923       0.499917       0.499910       0.499903       0.499894       0.499885       0.499874       0.499861       0.499847       0.499831       0.499813       0.499792       0.499769       0.499742       0.499711       0.499676       0.499635       0.499589       0.499536       0.499475       0.499405       0.499324       0.499231       0.499125       0.499002       0.498861       0.498699       0.498513       0.498298       0.498052       0.497768       0.497443       0.497069       0.496640       0.496148       0.495585       0.494942       0.494209       0.493375       0.492432       0.491368       0.490178       0.488857       0.487406       0.485837       0.484174       0.482462       0.480771       0.479200       0.477884       0.476983       0.476657       0.477017       0.478054       0.479565       0.481121       0.482114       0.481899       0.479994       0.476322       0.471509       0.467314       0.467314
       0.467314       0.467314       0.471509       0.476322       0.479994       0.481899       0.482114       0.481121       0.479566       0.478055       0.477018       0.476658       0.476985       0.477886       0.479202       0.480773       0.482465       0.484178       0.485840       0.487410       0.488861       0.490183       0.491374       0.492437       0.493381       0.494215       0.494948       0.495592       0.496155       0.496647       0.497076       0.497450       0.497776       0.498060       0.498307       0.498521       0.498708       0.498870       0.499011       0.499134       0.499240       0.499333       0.499413       0.499483       0.499544       0.499598       0.499644       0.499684       0.499719       0.499750       0.499777       0.499800       0.499821       0.499839       0.499855       0.499868       0.499881       0.499891       0.499901       0.499909       0.499917       0.499923       0.499929       0.499934       0.499939       0.499943       0.499947       0.499950       0.499953       0.499955       0.499957       0.499959       0.499961       0.499963       0.499964       0.499965       0.499966       0.499966       0.499967       0.499967       0.499967       0.499967       0.499967       0.499966       0.499966       0.499965       0.499964       0.499963       0.499961       0.499959       0.499957       0.499955       0.499953       0.499950       0.499947       0.499943       0.499939       0.499934       0.499929       0.499923       0.499917       0.499909       0.499901       0.499891       0.499881       0.499868       0.499855       0.499839       0.499821       0.499800       0.499777       0.499750       0.499719       0.499684       0.499644       0.499598       0.499544       0.499483       0.499413       0.499333       0.499240       0.499134       0.499011       0.498870       0.498708       0.498521       0.498307       0.498060       0.497776       0.497450       0.497076       0.496647       0.496155       0.495592       0.494948       0.494215       0.493381       0.492437       0.491374       0.490183       0.488861       0.487410       0.485840       0.484178       0.482465       0.480773       0.479202       0.477886       0.476985       0.476658       0.477018       0.478055       0.479566       0.481121       0.482114       0.481899       0.479994       0.476322       0.471509       0.467314       0.467314
       0.467314       0.467314       0.471509       0.476322       0.479994       0.481899       0.482114       0.481122       0.479566       0.478056       0.477019       0.476659       0.476986       0.477888       0.479204       0.480775       0.482468       0.484180       0.485844       0.487413       0.488865       0.490187       0.491378       0.492442       0.493386       0.494220       0.494954       0.495598       0.496161       0.496653       0.497083       0.497457       0.497783       0.498067       0.498314       0.498529       0.498715       0.498878       0.499019       0.499141       0.499248       0.499340       0.499421       0.499491       0.499552       0.499605       0.499651       0.499691       0.499726       0.499757       0.499784       0.499807       0.499827       0.499845       0.499861       0.499875       0.499887       0.499897       0.499907       0.499915       0.499922       0.499929       0.499934       0.499939       0.499944       0.499948       0.499951       0.499954       0.499957       0.499959       0.499961       0.499963       0.499965       0.499966       0.499967       0.499968       0.499969       0.499970       0.499970       0.499970       0.499970       0.499970       0.499970       0.499970       0.499969       0.499968       0.499967       0.499966       0.499965       0.499963       0.499961       0.499959       0.499957       0.499954       0.499951       0.499948       0.499944       0.499939       0.499934       0.499929       0.499922       0.499915       0.499907       0.499897       0.499887       0.499875       0.499861       0.499845       0.499827       0.499807       0.499784       0.499757       0.499726       0.499691       0.499651       0.499605       0.499552       0.499491       0.499421       0.499340       0.499248       0.499141       0.499019       0.498878       0.498715       0.498529       0.498314       0.498067       0.497783       0.497457       0.497083       0.496653       0.496161       0.495598       0.494954       0.494220       0.493386       0.492442       0.491378       0.490187       0.488865       0.487413       0.485844       0.484180       0.482468       0.480775       0.479204       0.477888       0.476986       0.476659       0.477019       0.478056       0.479566       0.481122       0.482114       0.481899       0.479994       0.476322       0.471509       0.467314       0.467314
       0.467314       0.467314       0.471509       0.476322       0.479994       0.481899       0.482114       0.481122       0.479567       0.478056       0.477020       0.476660       0.476987       0.477889       0.479206       0.480777       0.482470       0.484183       0.485846       0.487417       0.488868       0.490191       0.491382       0.492446       0.493391       0.494225       0.494959       0.495603       0.496166       0.496659       0.497089       0.497463       0.497789       0.498073       0.498320       0.498535       0.498722       0.498884       0.499025       0.499148       0.499254       0.499347       0.499428       0.499498       0.499558       0.499611       0.499658       0.499698       0.499733       0.499763       0.499790       0.499813       0.499833       0.499851       0.499867       0.499880       0.499892       0.499902       0.499912       0.499920       0.499927       0.499933       0.499939       0.499944       0.499948       0.499952       0.499955       0.499958       0.499961       0.499963       0.499965       0.499967       0.499968       0.499970       0.499971       0.499972       0.499972       0.499973       0.499973       0.499973       0.499974       0.499973       0.499973       0.499973       0.499972       0.499972       0.499971       0.499970       0.499968       0.499967       0.499965       0.499963       0.499961       0.499958       0.499955       0.499952       0.499948       0.499944       0.499939       0.499933       0.499927       0.499920       0.499912       0.499902       0.499892       0.499880       0.499867       0.499851       0.499833       0.499813       0.499790       0.499763       0.499733       0.499698       0.499658       0.499611       0.499558       0.499498       0.499428       0.499347       0.499254       0.499148       0.499025       0.498884       0.498722       0.498535       0.498320       0.498073       0.497789       0.497463       0.497089       0.496659       0.496166       0.495603       0.494959       0.494225       0.493391       0.492446       0.491382       0.490191       0.488868       0.487417       0.485846       0.484183       0.482470       0.480777       0.479206       0.477889       0.476987       0.476660       0.477020       0.478056       0.479567       0.481122       0.482114       0.481899       0.479994       0.476322       0.471509       0.467314       0.467314
       0.467314       0.467314       0.471509       0.476322       0.479994       0.481899       0.482115       0.481122       0.479567       0.478057       0.477020       0.476661       0.476988       0.477890       0.479207       0.480779       0.482472       0.484185       0.485849       0.487419       0.488871       0.490194       0.491386       0.492450       0.493395       0.494229       0.494963       0.495607       0.496171       0.496664       0.497093       0.497468       0.497794       0.498078       0.498326       0.498540       0.498727       0.498890       0.499031       0.499153       0.499260       0.499353       0.499433       0.499503       0.499564       0.499617       0.499663       0.499703       0.499738       0.499768       0.499795       0.499818       0.499838       0.499856       0.499871       0.499885       0.499897       0.499907       0.499916       0.499924       0.499931       0.499937       0.499943       0.499947       0.499951       0.499955       0.499958       0.499961       0.499964       0.499966       0.499968       0.499970       0.499971       0.499972       0.499973       0.499974       0.499975       0.499976       0.499976       0.499976       0.499976       0.499976       0.499976       0.499976       0.499975       0.499974       0.499973       0.499972       0.499971       0.499970       0.499968       0.499966       0.499964       0.499961       0.499958       0.499955       0.499951       0.499947       0.499943       0.499937       0.499931       0.499924       0.499916       0.499907       0.499897       0.499885       0.499871       0.499856       0.499838       0.499818       0.499795       0.499768       0.499738       0.499703       0.499663       0.499617       0.499564       0.499503       0.499433       0.499353       0.499260       0.499153       0.499031       0.498890       0.498727       0.498540       0.498326       0.498078       0.497794       0.497468       0.497093       0.496664       0.496171       0.495607       0.494963       0.494229       0.493395       0.492450       0.491386       0.490194       0.488871       0.487419       0.485849       0.484185       0.482472       0.480779       0.479207       0.477890       0.476988       0.476661       0.477020       0.478057       0.479567       0.481122       0.482115       0.481899       0.479994       0.476322       0.471509       0.467314       0.467314
       0.467314       0.467314       0.471509       0.476322       0.479994       0.481899       0.482115       0.481122       0.479568       0.478057       0.477021       0.476662       0.476989       0.477891       0.479208       0.480780       0.482474       0.484187       0.485851       0.487421       0.488874       0.490197       0.491388       0.492453       0.493398       0.494232       0.494967       0.495611       0.496175       0.496668       0.497098       0.497472       0.497799       0.498083       0.498330       0.498545       0.498732       0.498894       0.499036       0.499158       0.499265       0.499358       0.499438       0.499508       0.499569       0.499622       0.499668       0.499708       0.499743       0.499773       0.499799       0.499823       0.499843       0.499860       0.499875       0.499889       0.499901       0.499911       0.499920       0.499928       0.499934       0.499941       0.499946       0.499951       0.499955       0.499958       0.499961       0.499964       0.499967       0.499969       0.499971       0.499972       0.499974       0.499975       0.499976       0.499977       0.499977       0.499978       0.499978       0.499978       0.499979       0.499978       0.499978       0.499978       0.499977       0.499977       0.499976       0.499975       0.499974       0.499972       0.499971       0.499969       0.499967       0.499964       0.499961       0.499958       0.499955       0.499951       0.499946       0.499941       0.499934       0.499928       0.499920       0.499911       0.499901       0.499889       0.499875       0.499860       0.499843       0.499823       0.499799       0.499773       0.499743       0.499708       0.499668       0.499622       0.499569       0.499508       0.499438       0.499358       0.499265       0.499158       0.499036       0.498894       0.498732       0.498545       0.498330       0.498083       0.497799       0.497472       0.497098       0.496668       0.496175       0.495611       0.494967       0.494232       0.493398       0.492453       0.491388       0.490197       0.488874       0.487421       0.485851       0.484187       0.482474       0.480780       0.479208       0.477891       0.476989       0.476662       0.477021       0.478057       0.479568       0.481122       0.482115       0.481899       0.479994       0.476322       0.471509       0.467314       0.467314
       0.467314       0.467314       0.471509       0.476322       0.479994       0.481900       0.482115       0.481123       0.479568       0.478057       0.477021       0.476662       0.476990       0.477892       0.479209       0.480782       0.482475       0.484189       0.485853       0.487423       0.488876       0.490199       0.491391       0.492456       0.493401       0.494235       0.494970       0.495614       0.496178       0.496671       0.497101       0.497476       0.497803       0.498087       0.498334       0.498549       0.498736       0.498899       0.499040       0.499162       0.499269       0.499362       0.499442       0.499512       0.499573       0.499626       0.499672       0.499712       0.499747       0.499777       0.499803       0.499826       0.499846       0.499864       0.499879       0.499892       0.499904       0.499914       0.499923       0.499931       0.499938       0.499944       0.499949       0.499953       0.499957       0.499961       0.499964       0.499967       0.499969       0.499971       0.499973       0.499975       0.499976       0.499977       0.499978       0.499979       0.499979       0.499980       0.499980       0.499980       0.499981       0.499980       0.499980       0.499980       0.499979       0.499979       0.499978       0.499977       0.499976       0.499975       0.499973       0.499971       0.499969       0.499967       0.499964       0.499961       0.499957       0.499953       0.499949       0.499944       0.499938       0.499931       0.499923       0.499914       0.499904       0.499892       0.499879       0.499864       0.499846       0.499826       0.499803       0.499777       0.499747       0.499712       0.499672       0.499626       0.499573       0.499512       0.499442       0.499362       0.499269       0.499162       0.499040       0.498899       0.498736       0.498549       0.498334       0.498087       0.497803       0.497476       0.497101       0.496671       0.496178       0.495614       0.494970       0.494235       0.493401       0.492456       0.491391       0.490199       0.488876       0.487423       0.485853       0.484189       0.482475       0.480782       0.479209       0.477892       0.476990       0.476662       0.477021       0.478057       0.479568       0.481123       0.482115       0.481900       0.479994       0.476322       0.471509       0.467314       0.467314
       0.467314       0.467314       0.471509       0.476322       0.479995       0.481900       0.482115       0.481123       0.479568       0.478058       0.477022       0.476663       0.476990       0.477893       0.479210       0.480783       0.482476       0.484190       0.485854       0.487425       0.488878       0.490201       0.491393       0.492458       0.493403       0.494238       0.494973       0.495617       0.496181       0.496674       0.497104       0.497479       0.497806       0.498090       0.498338       0.498553       0.498740       0.498902       0.499043       0.499166       0.499273       0.499365       0.499446       0.499516       0.499577       0.499630       0.499675       0.499715       0.499750       0.499780       0.499807       0.499830       0.499850       0.499867       0.499882       0.499895       0.499907       0.499917       0.499926       0.499934       0.499940       0.499946       0.499951       0.499956       0.499960       0.499963       0.499966       0.499969       0.499971       0.499973       0.499975       0.499977       0.499978       0.499979       0.499980       0.499981       0.499981       0.499982       0.499982       0.499982       0.499982       0.499982       0.499982       0.499982       0.499981       0.499981       0.499980       0.499979       0.499978       0.499977       0.499975       0.499973       0.499971       0.499969       0.499966       0.499963       0.499960       0.499956       0.499951       0.499946       0.499940       0.499934       0.499926       0.499917       0.499907       0.499895       0.499882       0.499867       0.499850       0.499830       0.499807       0.499780       0.499750       0.499715       0.499675       0.499630       0.499577       0.499516       0.499446       0.499365       0.499273       0.499166       0.499043       0.498902       0.498740       0.498553       0.498338       0.498090       0.497806       0.497479       0.497104       0.496674       0.496181       0.495617       0.494973       0.494238       0.493403       0.492458       0.491393       0.490201       0.488878       0.487425       0.485854       0.484190       0.482476       0.480783       0.479210       0.477893       0.476990       0.476663       0.477022       0.478058       0.479568       0.481123       0.482115       0.481900       0.479995       0.476322       0.471509       0.467314       0.467314
       0.467314       0.467314       0.471509       0.476322       0.479995       0.481900       0.482115       0.481123       0.479568       0.478058       0.477022       0.476663       0.476991       0.477894       0.479211       0.480784       0.482477       0.484191       0.485856       0.487427       0.488879       0.490203       0.491395       0.492460       0.493405       0.494240       0.494975       0.495620       0.496184       0.496677       0.497107       0.497482       0.497809       0.498093       0.498341       0.498556       0.498743       0.498905       0.499046       0.499169       0.499276       0.499369       0.499449       0.499519       0.499580       0.499633       0.499679       0.499718       0.499753       0.499783       0.499810       0.499833       0.499852       0.499870       0.499885       0.499898       0.499910       0.499920       0.499928       0.499936       0.499943       0.499948       0.499954       0.499958       0.499962       0.499965       0.499968       0.499971       0.499973       0.499975       0.499977       0.499978       0.499980       0.499981       0.499982       0.499982       0.499983       0.499983       0.499984       0.499984       0.499984       0.499984       0.499984       0.499983       0.499983       0.499982       0.499982       0.499981       0.499980       0.499978       0.499977       0.499975       0.499973       0.499971       0.499968       0.499965       0.499962       0.499958       0.499954       0.499948       0.499943       0.499936       0.499928       0.499920       0.499910       0.499898       0.499885       0.499870       0.499852       0.499833       0.499810       0.499783       0.499753       0.499718       0.499679       0.499633       0.499580       0.499519       0.499449       0.499369       0.499276       0.499169       0.499046       0.498905       0.498743       0.498556       0.498341       0.498093       0.497809       0.497482       0.497107       0.496677       0.496184       0.495620       0.494975       0.494240       0.493405       0.492460       0.491395       0.490203       0.488879       0.487427       0.485856       0.484191       0.482477       0.480784       0.479211       0.477894       0.476991       0.476663       0.477022       0.478058       0.479568       0.481123       0.482115       0.481900       0.479995       0.476322       0.471509       0.467314       0.467314
       0.467314       0.467314       0.471509       0.476322       0.479995       0.481900       0.482115       0.481123       0.479568       0.478058       0.477022       0.476663       0.476991       0.477894       0.479212       0.480784       0.482478       0.484192       0.485857       0.487428       0.488881       0.490204       0.491397       0.492462       0.493407       0.494242       0.494977       0.495622       0.496186       0.496679       0.497109       0.497485       0.497811       0.498096       0.498343       0.498558       0.498745       0.498908       0.499049       0.499172       0.499279       0.499371       0.499452       0.499522       0.499582       0.499635       0.499681       0.499721       0.499756       0.499786       0.499812       0.499835       0.499855       0.499872       0.499887       0.499900       0.499912       0.499922       0.499930       0.499938       0.499945       0.499950       0.499955       0.499960       0.499964       0.499967       0.499970       0.499973       0.499975       0.499977       0.499978       0.499980       0.499981       0.499982       0.499983       0.499984       0.499984       0.499985       0.499985       0.499985       0.499985       0.499985       0.499985       0.499985       0.499984       0.499984       0.499983       0.499982       0.499981       0.499980       0.499978       0.499977       0.499975       0.499973       0.499970       0.499967       0.499964       0.499960       0.499955       0.499950       0.499945       0.499938       0.499930       0.499922       0.499912       0.499900       0.499887       0.499872       0.499855       0.499835       0.499812       0.499786       0.499756       0.499721       0.499681       0.499635       0.499582       0.499522       0.499452       0.499371       0.499279       0.499172       0.499049       0.498908       0.498745       0.498558       0.498343       0.498096       0.497811       0.497485       0.497109       0.496679       0.496186       0.495622       0.494977       0.494242       0.493407       0.492462       0.491397       0.490204       0.488881       0.487428       0.485857       0.484192       0.482478       0.480784       0.479212       0.477894       0.476991       0.476663       0.477022       0.478058       0.479568       0.481123       0.482115       0.481900       0.479995       0.476322       0.471509       0.467314       0.467314
       0.467314       0.467314       0.471509       0.476322       0.479995       0.481900       0.482115       0.481123       0.479568       0.478058       0.477022       0.476664       0.476992       0.477895       0.479212       0.480785       0.482479       0.484193       0.485858       0.487429       0.488882       0.490206       0.491398       0.492463       0.493409       0.494244       0.494979       0.495623       0.496188       0.496681       0.497111       0.497487       0.497813       0.498098       0.498345       0.498560       0.498748       0.498910       0.499051       0.499174       0.499281       0.499374       0.499454       0.499524       0.499585       0.499638       0.499683       0.499723       0.499758       0.499788       0.499814       0.499837       0.499857       0.499874       0.499889       0.499902       0.499914       0.499924       0.499932       0.499940       0.499946       0.499952       0.499957       0.499962       0.499965       0.499969       0.499972       0.499974       0.499976       0.499978       0.499980       0.499981       0.499982       0.499983       0.499984       0.499985       0.499986       0.499986       0.499986       0.499986       0.499987       0.499986       0.499986       0.499986       0.499986       0.499985       0.499984       0.499983       0.499982       0.499981       0.499980       0.499978       0.499976       0.499974       0.499972       0.499969       0.499965       0.499962       0.499957       0.499952       0.499946       0.499940       0.499932       0.499924       0.499914       0.499902       0.499889       0.499874       0.499857       0.499837       0.499814       0.499788       0.499758       0.499723       0.499683       0.499638       0.499585       0.499524       0.499454       0.499374       0.499281       0.499174       0.499051       0.498910       0.498748       0.498560       0.498345       0.498098       0.497813       0.497487       0.497111       0.496681       0.496188       0.495623       0.494979       0.494244       0.493409       0.492463       0.491398       0.490206       0.488882       0.487429       0.485858       0.484193       0.482479       0.480785       0.479212       0.477895       0.476992       0.476664       0.477022       0.478058       0.479568       0.481123       0.482115       0.481900       0.479995       0.476322       0.471509       0.467314       0.467314
       0.467314       0.467314       0.471509       0.476322       0.479995       0.481900       0.482115       0.481123       0.479569       0.478058       0.477023       0.476664       0.476992       0.477895       0.479213       0.480786       0.482480       0.484194       0.485859       0.487430       0.488883       0.490207       0.491399       0.492464       0.493410       0.494245       0.494980       0.495625       0.496189       0.496683       0.497113       0.497488       0.497815       0.498100       0.498347       0.498562       0.498750       0.498912       0.499053       0.499176       0.499283       0.499376       0.499456       0.499526       0.499587       0.499640       0.499685       0.499725       0.499760       0.499790       0.499816       0.499839       0.499859       0.499876       0.499891       0.499904       0.499915       0.499925       0.499934       0.499941       0.499948       0.499954       0.499959       0.499963       0.499967       0.499970       0.499973       0.499975       0.499978       0.499979       0.499981       0.499982       0.499984       0.499985       0.499985       0.499986       0.499987       0.499987       0.499987       0.499988       0.499988       0.499988       0.499987       0.499987       0.499987       0.499986       0.499985       0.499985       0.499984       0.499982       0.499981       0.499979       0.499978       0.499975       0.499973       0.499970       0.499967       0.499963       0.499959       0.499954       0.499948       0.499941       0.499934       0.499925       0.499915       0.499904       0.499891       0.499876       0.499859       0.499839       0.499816       0.499790       0.499760       0.499725       0.499685       0.499640       0.499587       0.499526       0.499456       0.499376       0.499283       0.499176       0.499053       0.498912       0.498750       0.498562       0.498347       0.498100       0.497815       0.497488       0.497113       0.496683       0.496189       0.495625       0.494980       0.494245       0.493410       0.492464       0.491399       0.490207       0.488883       0.487430       0.485859       0.484194       0.482480       0.480786       0.479213       0.477895       0.476992       0.476664       0.477023       0.478058       0.479569       0.481123       0.482115       0.481900       0.479995       0.476322       0.471509       0.467314       0.467314
       0.467314       0.467314       0.471509       0.476322       0.479995       0.481900       0.482115       0.481123       0.479569       0.478059       0.477023       0.476664       0.476992       0.477895       0.479213       0.480786       0.482480       0.484194       0.485859       0.487431       0.488884       0.490208       0.491400       0.492466       0.493411       0.494246       0.494981       0.495626       0.496191       0.496684       0.497115       0.497490       0.497817       0.498101       0.498349       0.498564       0.498751       0.498914       0.499055       0.499178       0.499285       0.499377       0.499458       0.499528       0.499589       0.499641       0.499687       0.499727       0.499762       0.499792       0.499818       0.499841       0.499860       0.499878       0.499893       0.499906       0.499917       0.499927       0.499935       0.499943       0.499949       0.499955       0.499960       0.499964       0.499968       0.499971       0.499974       0.499976       0.499979       0.499980       0.499982       0.499983       0.499985       0.499986       0.499986       0.499987       0.499988       0.499988       0.499988       0.499988       0.499989       0.499988       0.499988       0.499988       0.499988       0.499987       0.499986       0.499986       0.499985       0.499983       0.499982       0.499980       0.499979       0.499976       0.499974       0.499971       0.499968       0.499964       0.499960       0.499955       0.499949       0.499943       0.499935       0.499927       0.499917       0.499906       0.499893       0.499878       0.499860       0.499841       0.499818       0.499792       0.499762       0.499727       0.499687       0.499641       0.499589       0.499528       0.499458       0.499377       0.499285       0.499178       0.499055       0.498914       0.498751       0.498564       0.498349       0.498101       0.497817       0.497490       0.497115       0.496684       0.496191       0.495626       0.494981       0.494246       0.493411       0.492466       0.491400       0.490208       0.488884       0.487431       0.485859       0.484194       0.482480       0.480786       0.479213       0.477895       0.476992       0.476664       0.477023       0.478059       0.479569       0.481123       0.482115       0.481900       0.479995       0.476322       0.471509       0.467314       0.467314
       0.467314       0.467314       0.471509       0.476322       0.479995       0.481900       0.482115       0.481123       0.479569       0.478059       0.477023       0.476664       0.476993       0.477896       0.479214       0.480787       0.482481       0.484195       0.485860       0.487431       0.488885       0.490208       0.491401       0.492467       0.493412       0.494248       0.494983       0.495628       0.496192       0.496685       0.497116       0.497491       0.497818       0.498103       0.498350       0.498566       0.498753       0.498915       0.499057       0.499179       0.499286       0.499379       0.499459       0.499529       0.499590       0.499643       0.499689       0.499728       0.499763       0.499793       0.499819       0.499842       0.499862       0.499879       0.499894       0.499907       0.499918       0.499928       0.499937       0.499944       0.499950       0.499956       0.499961       0.499965       0.499969       0.499972       0.499975       0.499977       0.499980       0.499981       0.499983       0.499984       0.499985       0.499986       0.499987       0.499988       0.499988       0.499989       0.499989       0.499989       0.499989       0.499989       0.499989       0.499989       0.499988       0.499988       0.499987       0.499986       0.499985       0.499984       0.499983       0.499981       0.499980       0.499977       0.499975       0.499972       0.499969       0.499965       0.499961       0.499956       0.499950       0.499944       0.499937       0.499928       0.499918       0.499907       0.499894       0.499879       0.499862       0.499842       0.499819       0.499793       0.499763       0.499728       0.499689       0.499643       0.499590       0.499529       0.499459       0.499379       0.499286       0.499179       0.499057       0.498915       0.498753       0.498566       0.498350       0.498103       0.497818       0.497491       0.497116       0.496685       0.496192       0.495628       0.494983       0.494248       0.493412       0.492467       0.491401       0.490208       0.488885       0.487431       0.485860       0.484195       0.482481       0.480787       0.479214       0.477896       0.476993       0.476664       0.477023       0.478059       0.479569       0.481123       0.482115       0.481900       0.479995       0.476322       0.471509       0.467314       0.467314
       0.467314       0.467314       0.471509       0.476322       0.479995       0.481900       0.482115       0.481123       0.479569       0.478059       0.477023       0.476665       0.476993       0.477896       0.479214       0.480787       0.482481       0.484196       0.485861       0.487432       0.488885       0.490209       0.491402       0.492467       0.493413       0.494248       0.494984       0.495629       0.496193       0.496687       0.497117       0.497492       0.497819       0.498104       0.498351       0.498567       0.498754       0.498917       0.499058       0.499181       0.499287       0.499380       0.499461       0.499531       0.499591       0.499644       0.499690       0.499730       0.499764       0.499794       0.499821       0.499843       0.499863       0.499880       0.499895       0.499908       0.499919       0.499929       0.499938       0.499945       0.499951       0.499957       0.499962       0.499966       0.499970       0.499973       0.499976       0.499978       0.499980       0.499982       0.499984       0.499985       0.499986       0.499987       0.499988       0.499989       0.499989       0.499990       0.499990       0.499990       0.499990       0.499990       0.499990       0.499990       0.499989       0.499989       0.499988       0.499987       0.499986       0.499985       0.499984       0.499982       0.499980       0.499978       0.499976       0.499973       0.499970       0.499966       0.499962       0.499957       0.499951       0.499945       0.499938       0.499929       0.499919       0.499908       0.499895       0.499880       0.499863       0.499843       0.499821       0.499794       0.499764       0.499730       0.499690       0.499644       0.499591       0.499531       0.499461       0.499380       0.499287       0.499181       0.499058       0.498917       0.498754       0.498567       0.498351       0.498104       0.497819       0.497492       0.497117       0.496687       0.496193       0.495629       0.494984       0.494248       0.493413       0.492467       0.491402       0.490209       0.488885       0.487432       0.485861       0.484196       0.482481       0.480787       0.479214       0.477896       0.476993       0.476665       0.477023       0.478059       0.479569       0.481123       0.482115       0.481900       0.479995       0.476322       0.471509       0.467314       0.467314
       0.467314       0.467314       0.471509       0.476322       0.479994       0.481900       0.482115       0.481123       0.479569       0.478059       0.477023       0.476665       0.476993       0.477896       0.479214       0.480787       0.482481       0.484196       0.485861       0.487433       0.488886       0.490210       0.491403       0.492468       0.493414       0.494249       0.494984       0.495629       0.496194       0.496687       0.497118       0.497493       0.497820       0.498105       0.498353       0.498568       0.498755       0.498918       0.499059       0.499182       0.499289       0.499381       0.499462       0.499532       0.499592       0.499645       0.499691       0.499731       0.499765       0.499795       0.499822       0.499844       0.499864       0.499881       0.499896       0.499909       0.499920       0.499930       0.499938       0.499946       0.499952       0.499958       0.499963       0.499967       0.499971       0.499974       0.499977       0.499979       0.499981       0.499983       0.499984       0.499986       0.499987       0.499988       0.499989       0.499989       0.499990       0.499990       0.499990       0.499991       0.499991       0.499991       0.499990       0.499990       0.499990       0.499989       0.499989       0.499988       0.499987       0.499986       0.499984       0.499983       0.499981       0.499979       0.499977       0.499974       0.499971       0.499967       0.499963       0.499958       0.499952       0.499946       0.499938       0.499930       0.499920       0.499909       0.499896       0.499881       0.499864       0.499844       0.499822       0.499795       0.499765       0.499731       0.499691       0.499645       0.499592       0.499532       0.499462       0.499381       0.499289       0.499182       0.499059       0.498918       0.498755       0.498568       0.498353       0.498105       0.497820       0.497493       0.497118       0.496687       0.496194       0.495629       0.494984       0.494249       0.493414       0.492468       0.491403       0.490210       0.488886       0.487433       0.485861       0.484196       0.482481       0.480787       0.479214       0.477896       0.476993       0.476665       0.477023       0.478059       0.479569       0.481123       0.482115       0.481900       0.479994       0.476322       0.471509       0.467314       0.467314
       0.467314       0.467314       0.471509       0.476322       0.479994       0.481900       0.482115       0.481123       0.479569       0.478059       0.477023       0.476665       0.476993       0.477896       0.479214       0.480787       0.482482       0.484196       0.485861       0.487433       0.488886       0.490210       0.491403       0.492469       0.493414       0.494250       0.494985       0.495630       0.496195       0.496688       0.497119       0.497494       0.497821       0.498106       0.498353       0.498569       0.498756       0.498919       0.499060       0.499183       0.499290       0.499382       0.499463       0.499533       0.499593       0.499646       0.499692       0.499732       0.499766       0.499796       0.499822       0.499845       0.499865       0.499882       0.499897       0.499910       0.499921       0.499931       0.499939       0.499947       0.499953       0.499959       0.499963       0.499968       0.499971       0.499975       0.499977       0.499980       0.499982       0.499984       0.499985       0.499986       0.499987       0.499988       0.499989       0.499990       0.499990       0.499991       0.499991       0.499991       0.499991       0.499991       0.499991       0.499991       0.499990       0.499990       0.499989       0.499988       0.499987       0.499986       0.499985       0.499984       0.499982       0.499980       0.499977       0.499975       0.499971       0.499968       0.499963       0.499959       0.499953       0.499947       0.499939       0.499931       0.499921       0.499910       0.499897       0.499882       0.499865       0.499845       0.499822       0.499796       0.499766       0.499732       0.499692       0.499646       0.499593       0.499533       0.499463       0.499382       0.499290       0.499183       0.499060       0.498919       0.498756       0.498569       0.498353       0.498106       0.497821       0.497494       0.497119       0.496688       0.496195       0.495630       0.494985       0.494250       0.493414       0.492469       0.491403       0.490210       0.488886       0.487433       0.485861       0.484196       0.482482       0.480787       0.479214       0.477896       0.476993       0.476665       0.477023       0.478059       0.479569       0.481123       0.482115       0.481900       0.479994       0.476322       0.471509       0.467314       0.467314
       0.467314       0.467314       0.471509       0.476322       0.479994       0.481900       0.482115       0.481123       0.479569       0.478059       0.477023       0.476665       0.476993       0.477897       0.479215       0.480788       0.482482       0.484197       0.485862       0.487433       0.488887       0.490211       0.491404       0.492469       0.493415       0.494250       0.494986       0.495631       0.496195       0.496689       0.497120       0.497495       0.497822       0.498107       0.498354       0.498570       0.498757       0.498919       0.499061       0.499184       0.499290       0.499383       0.499464       0.499533       0.499594       0.499647       0.499693       0.499733       0.499767       0.499797       0.499823       0.499846       0.499866       0.499883       0.499898       0.499910       0.499922       0.499931       0.499940       0.499947       0.499954       0.499959       0.499964       0.499968       0.499972       0.499975       0.499978       0.499980       0.499982       0.499984       0.499986       0.499987       0.499988       0.499989       0.499990       0.499990       0.499991       0.499991       0.499991       0.499992       0.499992       0.499992       0.499991       0.499991       0.499991       0.499990       0.499990       0.499989       0.499988       0.499987       0.499986       0.499984       0.499982       0.499980       0.499978       0.499975       0.499972       0.499968       0.499964       0.499959       0.499954       0.499947       0.499940       0.499931       0.499922       0.499910       0.499898       0.499883       0.499866       0.499846       0.499823       0.499797       0.499767       0.499733       0.499693       0.499647       0.499594       0.499533       0.499464       0.499383       0.499290       0.499184       0.499061       0.498919       0.498757       0.498570       0.498354       0.498107       0.497822       0.497495       0.497120       0.496689       0.496195       0.495631       0.494986       0.494250       0.493415       0.492469       0.491404       0.490211       0.488887       0.487433       0.485862       0.484197       0.482482       0.480788       0.479215       0.477897       0.476993       0.476665       0.477023       0.478059       0.479569       0.481123       0.482115       0.481900       0.479994       0.476322       0.471509       0.467314       0.467314
       0.467314       0.467314       0.471509       0.476322       0.479994       0.481900       0.482115       0.481123       0.479569       0.478059       0.477023       0.476665       0.476993       0.477897       0.479215       0.480788       0.482482       0.484197       0.485862       0.487434       0.488887       0.490211       0.491404       0.492470       0.493415       0.494251       0.494986       0.495631       0.496196       0.496690       0.497120       0.497496       0.497823       0.498107       0.498355       0.498570       0.498757       0.498920       0.499062       0.499184       0.499291       0.499384       0.499464       0.499534       0.499595       0.499648       0.499694       0.499733       0.499768       0.499798       0.499824       0.499847       0.499866       0.499883       0.499898       0.499911       0.499922       0.499932       0.499941       0.499948       0.499954       0.499960       0.499965       0.499969       0.499972       0.499976       0.499978       0.499981       0.499983       0.499985       0.499986       0.499987       0.499988       0.499989       0.499990       0.499991       0.499991       0.499992       0.499992       0.499992       0.499992       0.499992       0.499992       0.499992       0.499991       0.499991       0.499990       0.499989       0.499988       0.499987       0.499986       0.499985       0.499983       0.499981       0.499978       0.499976       0.499972       0.499969       0.499965       0.499960       0.499954       0.499948       0.499941       0.499932       0.499922       0.499911       0.499898       0.499883       0.499866       0.499847       0.499824       0.499798       0.499768       0.499733       0.499694       0.499648       0.499595       0.499534       0.499464       0.499384       0.499291       0.499184       0.499062       0.498920       0.498757       0.498570       0.498355       0.498107       0.497823       0.497496       0.497120       0.496690       0.496196       0.495631       0.494986       0.494251       0.493415       0.492470       0.491404       0.490211       0.488887       0.487434       0.485862       0.484197       0.482482       0.480788       0.479215       0.477897       0.476993       0.476665       0.477023       0.478059       0.479569       0.481123       0.482115       0.481900       0.479994       0.476322       0.471509       0.467314       0.467314
       0.467314       0.467314       0.471509       0.476322       0.479994       0.481900       0.482115       0.481123       0.479569       0.478059       0.477023       0.476665       0.476994       0.477897       0.479215       0.480788       0.482482       0.484197       0.485862       0.487434       0.488887       0.490211       0.491404       0.492470       0.493416       0.494251       0.494987       0.495632       0.496197       0.496690       0.497121       0.497496       0.497823       0.498108       0.498355       0.498571       0.498758       0.498921       0.499062       0.499185       0.499292       0.499384       0.499465       0.499535       0.499596       0.499648       0.499694       0.499734       0.499768       0.499798       0.499825       0.499847       0.499867       0.499884       0.499899       0.499912       0.499923       0.499933       0.499941       0.499948       0.499955       0.499960       0.499965       0.499969       0.499973       0.499976       0.499979       0.499981       0.499983       0.499985       0.499986       0.499988       0.499989       0.499990       0.499991       0.499991       0.499992       0.499992       0.499992       0.499992       0.499992       0.499992       0.499992       0.499992       0.499992       0.499991       0.499991       0.499990       0.499989       0.499988       0.499986       0.499985       0.499983       0.499981       0.499979       0.499976       0.499973       0.499969       0.499965       0.499960       0.499955       0.499948       0.499941       0.499933       0.499923       0.499912       0.499899       0.499884       0.499867       0.499847       0.499825       0.499798       0.499768       0.499734       0.499694       0.499648       0.499596       0.499535       0.499465       0.499384       0.499292       0.499185       0.499062       0.498921       0.498758       0.498571       0.498355       0.498108       0.497823       0.497496       0.497121       0.496690       0.496197       0.495632       0.494987       0.494251       0.493416       0.492470       0.491404       0.490211       0.488887       0.487434       0.485862       0.484197       0.482482       0.480788       0.479215       0.477897       0.476994       0.476665       0.477023       0.478059       0.479569       0.481123       0.482115       0.481900       0.479994       0.476322       0.471509       0.467314       0.467314
       0.467314       0.467314       0.471509       0.476322       0.479994       0.481900       0.482115       0.481123       0.479569       0.478059       0.477023       0.476665       0.476994       0.477897       0.479215       0.480788       0.482483       0.484197       0.485862       0.487434       0.488888       0.490212       0.491405       0.492470       0.493416       0.494252       0.494987       0.495632       0.496197       0.496690       0.497121       0.497497       0.497824       0.498108       0.498356       0.498571       0.498759       0.498921       0.499063       0.499185       0.499292       0.499385       0.499465       0.499535       0.499596       0.499649       0.499695       0.499734       0.499769       0.499799       0.499825       0.499848       0.499867       0.499884       0.499899       0.499912       0.499923       0.499933       0.499941       0.499949       0.499955       0.499961       0.499966       0.499970       0.499973       0.499976       0.499979       0.499982       0.499984       0.499985       0.499987       0.499988       0.499989       0.499990       0.499991       0.499991       0.499992       0.499992       0.499993       0.499993       0.499993       0.499993       0.499993       0.499992       0.499992       0.499991       0.499991       0.499990       0.499989       0.499988       0.499987       0.499985       0.499984       0.499982       0.499979       0.499976       0.499973       0.499970       0.499966       0.499961       0.499955       0.499949       0.499941       0.499933       0.499923       0.499912       0.499899       0.499884       0.499867       0.499848       0.499825       0.499799       0.499769       0.499734       0.499695       0.499649       0.499596       0.499535       0.499465       0.499385       0.499292       0.499185       0.499063       0.498921       0.498759       0.498571       0.498356       0.498108       0.497824       0.497497       0.497121       0.496690       0.496197       0.495632       0.494987       0.494252       0.493416       0.492470       0.491405       0.490212       0.488888       0.487434       0.485862       0.484197       0.482483       0.480788       0.479215       0.477897       0.476994       0.476665       0.477023       0.478059       0.479569       0.481123       0.482115       0.481900       0.479994       0.476322       0.471509       0.467314       0.467314
       0.467314       0.467314       0.471509       0.476322       0.479994       0.481900       0.482115       0.481123       0.479569       0.478059       0.477024       0.476665       0.476994       0.477897       0.479215       0.480788       0.482483       0.484197       0.485863       0.487434       0.488888       0.490212       0.491405       0.492471       0.493417       0.494252       0.494987       0.495633       0.496197       0.496691       0.497122       0.497497       0.497824       0.498109       0.498356       0.498572       0.498759       0.498922       0.499063       0.499186       0.499293       0.499385       0.499466       0.499536       0.499597       0.499649       0.499695       0.499735       0.499769       0.499799       0.499825       0.499848       0.499868       0.499885       0.499900       0.499913       0.499924       0.499933       0.499942       0.499949       0.499956       0.499961       0.499966       0.499970       0.499974       0.499977       0.499979       0.499982       0.499984       0.499986       0.499987       0.499988       0.499989       0.499990       0.499991       0.499992       0.499992       0.499993       0.499993       0.499993       0.499993       0.499993       0.499993       0.499993       0.499992       0.499992       0.499991       0.499990       0.499989       0.499988       0.499987       0.499986       0.499984       0.499982       0.499979       0.499977       0.499974       0.499970       0.499966       0.499961       0.499956       0.499949       0.499942       0.499933       0.499924       0.499913       0.499900       0.499885       0.499868       0.499848       0.499825       0.499799       0.499769       0.499735       0.499695       0.499649       0.499597       0.499536       0.499466       0.499385       0.499293       0.499186       0.499063       0.498922       0.498759       0.498572       0.498356       0.498109       0.497824       0.497497       0.497122       0.496691       0.496197       0.495633       0.494987       0.494252       0.493417       0.492471       0.491405       0.490212       0.488888       0.487434       0.485863       0.484197       0.482483       0.480788       0.479215       0.477897       0.476994       0.476665       0.477024       0.478059       0.479569       0.481123       0.482115       0.481900       0.479994       0.476322       0.471509       0.467314       0.467314
       0.467314       0.467314       0.471509       0.476322       0.479994       0.481900       0.482115       0.481123       0.479569       0.478059       0.477024       0.476665       0.476994       0.477897       0.479215       0.480788       0.482483       0.484198       0.485863       0.487435       0.488888       0.490212       0.491405       0.492471       0.493417       0.494252       0.494988       0.495633       0.496198       0.496691       0.497122       0.497497       0.497824       0.498109       0.498357       0.498572       0.498759       0.498922       0.499063       0.499186       0.499293       0.499386       0.499466       0.499536       0.499597       0.499650       0.499695       0.499735       0.499770       0.499800       0.499826       0.499848       0.499868       0.499885       0.499900       0.499913       0.499924       0.499934       0.499942       0.499950       0.499956       0.499961       0.499966       0.499970       0.499974       0.499977       0.499980       0.499982       0.499984       0.499986       0.499987       0.499989       0.499990       0.499991       0.499991       0.499992       0.499992       0.499993       0.499993       0.499993       0.499993       0.499993       0.499993       0.499993       0.499992       0.499992       0.499991       0.499991       0.499990       0.499989       0.499987       0.499986       0.499984       0.499982       0.499980       0.499977       0.499974       0.499970       0.499966       0.499961       0.499956       0.499950       0.499942       0.499934       0.499924       0.499913       0.499900       0.499885       0.499868       0.499848       0.499826       0.499800       0.499770       0.499735       0.499695       0.499650       0.499597       0.499536       0.499466       0.499386       0.499293       0.499186       0.499063       0.498922       0.498759       0.498572       0.498357       0.498109       0.497824       0.497497       0.497122       0.496691       0.496198       0.495633       0.494988       0.494252       0.493417       0.492471       0.491405       0.490212       0.488888       0.487435       0.485863       0.484198       0.482483       0.480788       0.479215       0.477897       0.476994       0.476665       0.477024       0.478059       0.479569       0.481123       0.482115       0.481900       0.479994       0.476322       0.471509       0.467314       0.467314
       0.467314       0.467314       0.471509       0.476322       0.479994       0.481900       0.482115       0.481123       0.479569       0.478059       0.477024       0.476665       0.476994       0.477897       0.479215       0.480789       0.482483       0.484198       0.485863       0.487435       0.488888       0.490212       0.491405       0.492471       0.493417       0.494253       0.494988       0.495633       0.496198       0.496691       0.497122       0.497498       0.497825       0.498109       0.498357       0.498572       0.498760       0.498922       0.499064       0.499187       0.499293       0.499386       0.499467       0.499537       0.499597       0.499650       0.499696       0.499736       0.499770       0.499800       0.499826       0.499849       0.499868       0.499886       0.499900       0.499913       0.499924       0.499934       0.499942       0.499950       0.499956       0.499962       0.499966       0.499971       0.499974       0.499977       0.499980       0.499982       0.499984       0.499986       0.499988       0.499989       0.499990       0.499991       0.499992       0.499992       0.499993       0.499993       0.499993       0.499993       0.499994       0.499993       0.499993       0.499993       0.499993       0.499992       0.499992       0.499991       0.499990       0.499989       0.499988       0.499986       0.499984       0.499982       0.499980       0.499977       0.499974       0.499971       0.499966       0.499962       0.499956       0.499950       0.499942       0.499934       0.499924       0.499913       0.499900       0.499886       0.499868       0.499849       0.499826       0.499800       0.499770       0.499736       0.499696       0.499650       0.499597       0.499537       0.499467       0.499386       0.499293       0.499187       0.499064       0.498922       0.498760       0.498572       0.498357       0.498109       0.497825       0.497498       0.497122       0.496691       0.496198       0.495633       0.494988       0.494253       0.493417       0.492471       0.491405       0.490212       0.488888       0.487435       0.485863       0.484198       0.482483       0.480789       0.479215       0.477897       0.476994       0.476665       0.477024       0.478059       0.479569       0.481123       0.482115       0.481900       0.479994       0.476322       0.471509       0.467314       0.467314
       0.467314       0.467314       0.471509       0.476322       0.479994       0.481900       0.482115       0.481123       0.479569       0.478059       0.477024       0.476665       0.476994       0.477897       0.479215       0.480789       0.482483       0.484198       0.485863       0.487435       0.488888       0.490213       0.491406       0.492471       0.493417       0.494253       0.494988       0.495633       0.496198       0.496692       0.497122       0.497498       0.497825       0.498110       0.498357       0.498573       0.498760       0.498923       0.499064       0.499187       0.499294       0.499386       0.499467       0.499537       0.499598       0.499650       0.499696       0.499736       0.499770       0.499800       0.499826       0.499849       0.499869       0.499886       0.499901       0.499913       0.499925       0.499934       0.499943       0.499950       0.499956       0.499962       0.499967       0.499971       0.499974       0.499978       0.499980       0.499983       0.499985       0.499986       0.499988       0.499989       0.499990       0.499991       0.499992       0.499992       0.499993       0.499993       0.499994       0.499994       0.499994       0.499994       0.499994       0.499993       0.499993       0.499992       0.499992       0.499991       0.499990       0.499989       0.499988       0.499986       0.499985       0.499983       0.499980       0.499978       0.499974       0.499971       0.499967       0.499962       0.499956       0.499950       0.499943       0.499934       0.499925       0.499913       0.499901       0.499886       0.499869       0.499849       0.499826       0.499800       0.499770       0.499736       0.499696       0.499650       0.499598       0.499537       0.499467       0.499386       0.499294       0.499187       0.499064       0.498923       0.498760       0.498573       0.498357       0.498110       0.497825       0.497498       0.497122       0.496692       0.496198       0.495633       0.494988       0.494253       0.493417       0.492471       0.491406       0.490213       0.488888       0.487435       0.485863       0.484198       0.482483       0.480789       0.479215       0.477897       0.476994       0.476665       0.477024       0.478059       0.479569       0.481123       0.482115       0.481900       0.479994       0.476322       0.471509       0.467314       0.467314
       0.467314       0.467314       0.471509       0.476322       0.479994       0.481900       0.482115       0.481123       0.479569       0.478059       0.477024       0.476665       0.476994       0.477897       0.479215       0.480789       0.482483       0.484198       0.485863       0.487435       0.488889       0.490213       0.491406       0.492471       0.493417       0.494253       0.494988       0.495633       0.496198       0.496692       0.497123       0.497498       0.497825       0.498110       0.498358       0.498573       0.498760       0.498923       0.499064       0.499187       0.499294       0.499387       0.499467       0.499537       0.499598       0.499651       0.499696       0.499736       0.499771       0.499801       0.499827       0.499849       0.499869       0.499886       0.499901       0.499914       0.499925       0.499935       0.499943       0.499950       0.499957       0.499962       0.499967       0.499971       0.499975       0.499978       0.499980       0.499983       0.499985       0.499986       0.499988       0.499989       0.499990       0.499991       0.499992       0.499993       0.499993       0.499993       0.499994       0.499994       0.499994       0.499994       0.499994       0.499993       0.499993       0.499993       0.499992       0.499991       0.499990       0.499989       0.499988       0.499986       0.499985       0.499983       0.499980       0.499978       0.499975       0.499971       0.499967       0.499962       0.499957       0.499950       0.499943       0.499935       0.499925       0.499914       0.499901       0.499886       0.499869       0.499849       0.499827       0.499801       0.499771       0.499736       0.499696       0.499651       0.499598       0.499537       0.499467       0.499387       0.499294       0.499187       0.499064       0.498923       0.498760       0.498573       0.498358       0.498110       0.497825       0.497498       0.497123       0.496692       0.496198       0.495633       0.494988       0.494253       0.493417       0.492471       0.491406       0.490213       0.488889       0.487435       0.485863       0.484198       0.482483       0.480789       0.479215       0.477897       0.476994       0.476665       0.477024       0.478059       0.479569       0.481123       0.482115       0.481900       0.479994       0.476322       0.471509       0.467314       0.467314
       0.467314       0.467314       0.471509       0.476322       0.479994       0.481900       0.482115       0.481123       0.479569       0.478059       0.477024       0.476665       0.476994       0.477897       0.479215       0.480789       0.482483       0.484198       0.485863       0.487435       0.488889       0.490213       0.491406       0.492472       0.493418       0.494253       0.494988       0.495634       0.496198       0.496692       0.497123       0.497498       0.497825       0.498110       0.498358       0.498573       0.498760       0.498923       0.499065       0.499187       0.499294       0.499387       0.499467       0.499537       0.499598       0.499651       0.499697       0.499736       0.499771       0.499801       0.499827       0.499850       0.499869       0.499886       0.499901       0.499914       0.499925       0.499935       0.499943       0.499950       0.499957       0.499962       0.499967       0.499971       0.499975       0.499978       0.499981       0.499983       0.499985       0.499987       0.499988       0.499989       0.499990       0.499991       0.499992       0.499993       0.499993       0.499994       0.499994       0.499994       0.499994       0.499994       0.499994       0.499994       0.499993       0.499993       0.499992       0.499991       0.499990       0.499989       0.499988       0.499987       0.499985       0.499983       0.499981       0.499978       0.499975       0.499971       0.499967       0.499962       0.499957       0.499950       0.499943       0.499935       0.499925       0.499914       0.499901       0.499886       0.499869       0.499850       0.499827       0.499801       0.499771       0.499736       0.499697       0.499651       0.499598       0.499537       0.499467       0.499387       0.499294       0.499187       0.499065       0.498923       0.498760       0.498573       0.498358       0.498110       0.497825       0.497498       0.497123       0.496692       0.496198       0.495634       0.494988       0.494253       0.493418       0.492472       0.491406       0.490213       0.488889       0.487435       0.485863       0.484198       0.482483       0.480789       0.479215       0.477897       0.476994       0.476665       0.477024       0.478059       0.479569       0.481123       0.482115       0.481900       0.479994       0.476322       0.471509       0.467314       0.467314
       0.467314       0.467314       0.471509       0.476322       0.479994       0.481900       0.482115       0.481123       0.479569       0.478059       0.477024       0.476665       0.476994       0.477897       0.479215       0.480789       0.482483       0.484198       0.485863       0.487435       0.488889       0.490213       0.491406       0.492472       0.493418       0.494253       0.494989       0.495634       0.496199       0.496692       0.497123       0.497498       0.497826       0.498110       0.498358       0.498573       0.498761       0.498923       0.499065       0.499188       0.499294       0.499387       0.499468       0.499537       0.499598       0.499651       0.499697       0.499737       0.499771       0.499801       0.499827       0.499850       0.499869       0.499886       0.499901       0.499914       0.499925       0.499935       0.499943       0.499951       0.499957       0.499962       0.499967       0.499971       0.499975       0.499978       0.499981       0.499983       0.499985       0.499987       0.499988       0.499989       0.499991       0.499991       0.499992       0.499993       0.499993       0.499994       0.499994       0.499994       0.499994       0.499994       0.499994       0.499994       0.499993       0.499993       0.499992       0.499991       0.499991       0.499989       0.499988       0.499987       0.499985       0.499983       0.499981       0.499978       0.499975       0.499971       0.499967       0.499962       0.499957       0.499951       0.499943       0.499935       0.499925       0.499914       0.499901       0.499886       0.499869       0.499850       0.499827       0.499801       0.499771       0.499737       0.499697       0.499651       0.499598       0.499537       0.499468       0.499387       0.499294       0.499188       0.499065       0.498923       0.498761       0.498573       0.498358       0.498110       0.497826       0.497498       0.497123       0.496692       0.496199       0.495634       0.494989       0.494253       0.493418       0.492472       0.491406       0.490213       0.488889       0.487435       0.485863       0.484198       0.482483       0.480789       0.479215       0.477897       0.476994       0.476665       0.477024       0.478059       0.479569       0.481123       0.482115       0.481900       0.479994       0.476322       0.471509       0.467314       0.467314
       0.467314       0.467314       0.471509       0.476322       0.479994       0.481900       0.482115       0.481123       0.479569       0.478059       0.477024       0.476666       0.476994       0.477897       0.479216       0.480789       0.482483       0.484198       0.485863       0.487435       0.488889       0.490213       0.491406       0.492472       0.493418       0.494253       0.494989       0.495634       0.496199       0.496692       0.497123       0.497499       0.497826       0.498110       0.498358       0.498573       0.498761       0.498923       0.499065       0.499188       0.499294       0.499387       0.499468       0.499538       0.499598       0.499651       0.499697       0.499737       0.499771       0.499801       0.499827       0.499850       0.499869       0.499887       0.499901       0.499914       0.499925       0.499935       0.499943       0.499951       0.499957       0.499963       0.499967       0.499971       0.499975       0.499978       0.499981       0.499983       0.499985       0.499987       0.499988       0.499990       0.499991       0.499992       0.499992       0.499993       0.499993       0.499994       0.499994       0.499994       0.499994       0.499994       0.499994       0.499994       0.499993       0.499993       0.499992       0.499992       0.499991       0.499990       0.499988       0.499987       0.499985       0.499983       0.499981       0.499978       0.499975       0.499971       0.499967       0.499963       0.499957       0.499951       0.499943       0.499935       0.499925       0.499914       0.499901       0.499887       0.499869       0.499850       0.499827       0.499801       0.499771       0.499737       0.499697       0.499651       0.499598       0.499538       0.499468       0.499387       0.499294       0.499188       0.499065       0.498923       0.498761       0.498573       0.498358       0.498110       0.497826       0.497499       0.497123       0.496692       0.496199       0.495634       0.494989       0.494253       0.493418       0.492472       0.491406       0.490213       0.488889       0.487435       0.485863       0.484198       0.482483       0.480789       0.479216       0.477897       0.476994       0.476666       0.477024       0.478059       0.479569       0.481123       0.482115       0.481900       0.479994       0.476322       0.471509       0.467314       0.467314
       0.467314       0.467314       0.471509       0.476322       0.479994       0.481900       0.482115       0.481123       0.479569       0.478059       0.477024       0.476666       0.476994       0.477897       0.479216       0.480789       0.482483       0.484198       0.485863       0.487435       0.488889       0.490213       0.491406       0.492472       0.493418       0.494253       0.494989       0.495634       0.496199       0.496692       0.497123       0.497499       0.497826       0.498110       0.498358       0.498574       0.498761       0.498924       0.499065       0.499188       0.499295       0.499387       0.499468       0.499538       0.499598       0.499651       0.499697       0.499737       0.499771       0.499801       0.499827       0.499850       0.499870       0.499887       0.499901       0.499914       0.499925       0.499935       0.499944       0.499951       0.499957       0.499963       0.499967       0.499972       0.499975       0.499978       0.499981       0.499983       0.499985       0.499987       0.499988       0.499990       0.499991       0.499992       0.499992       0.499993       0.499993       0.499994       0.499994       0.499994       0.499994       0.499994       0.499994       0.499994       0.499993       0.499993       0.499992       0.499992       0.499991       0.499990       0.499988       0.499987       0.499985       0.499983       0.499981       0.499978       0.499975       0.499972       0.499967       0.499963       0.499957       0.499951       0.499944       0.499935       0.499925       0.499914       0.499901       0.499887       0.499870       0.499850       0.499827       0.499801       0.499771       0.499737       0.499697       0.499651       0.499598       0.499538       0.499468       0.499387       0.499295       0.499188       0.499065       0.498924       0.498761       0.498574       0.498358       0.498110       0.497826       0.497499       0.497123       0.496692       0.496199       0.495634       0.494989       0.494253       0.493418       0.492472       0.491406       0.490213       0.488889       0.487435       0.485863       0.484198       0.482483       0.480789       0.479216       0.477897       0.476994       0.476666       0.477024       0.478059       0.479569       0.481123       0.482115       0.481900       0.479994       0.476322       0.471509       0.467314       0.467314
       0.467314       0.467314       0.471509       0.476322       0.479994       0.481900       0.482115       0.481123       0.479569       0.478059       0.477024       0.476666       0.476994       0.477897       0.479216       0.480789       0.482483       0.484198       0.485863       0.487435       0.488889       0.490213       0.491406       0.492472       0.493418       0.494254       0.494989       0.495634       0.496199       0.496693       0.497123       0.497499       0.497826       0.498111       0.498358       0.498574       0.498761       0.498924       0.499065       0.499188       0.499295       0.499387       0.499468       0.499538       0.499599       0.499651       0.499697       0.499737       0.499771       0.499801       0.499827       0.499850       0.499870       0.499887       0.499902       0.499914       0.499926       0.499935       0.499944       0.499951       0.499957       0.499963       0.499968       0.499972       0.499975       0.499978       0.499981       0.499983       0.499985       0.499987       0.499988       0.499990       0.499991       0.499992       0.499992       0.499993       0.499994       0.499994       0.499994       0.499994       0.499994       0.499994       0.499994       0.499994       0.499994       0.499993       0.499992       0.499992       0.499991       0.499990       0.499988       0.499987       0.499985       0.499983       0.499981       0.499978       0.499975       0.499972       0.499968       0.499963       0.499957       0.499951       0.499944       0.499935       0.499926       0.499914       0.499902       0.499887       0.499870       0.499850       0.499827       0.499801       0.499771       0.499737       0.499697       0.499651       0.499599       0.499538       0.499468       0.499387       0.499295       0.499188       0.499065       0.498924       0.498761       0.498574       0.498358       0.498111       0.497826       0.497499       0.497123       0.496693       0.496199       0.495634       0.494989       0.494254       0.493418       0.492472       0.491406       0.490213       0.488889       0.487435       0.485863       0.484198       0.482483       0.480789       0.479216       0.477897       0.476994       0.476666       0.477024       0.478059       0.479569       0.481123       0.482115       0.481900       0.479994       0.476322       0.471509       0.467314       0.467314
       0.467314       0.467314       0.471509       0.476322       0.479994       0.481900       0.482115       0.481123       0.479569       0.478059       0.477024       0.476666       0.476994       0.477897       0.479216       0.480789       0.482483       0.484198       0.485864       0.487435       0.488889       0.490213       0.491406       0.492472       0.493418       0.494254       0.494989       0.495634       0.496199       0.496693       0.497123       0.497499       0.497826       0.498111       0.498358       0.498574       0.498761       0.498924       0.499065       0.499188       0.499295       0.499387       0.499468       0.499538       0.499599       0.499651       0.499697       0.499737       0.499771       0.499801       0.499828       0.499850       0.499870       0.499887       0.499902       0.499914       0.499926       0.499935       0.499944       0.499951       0.499957       0.499963       0.499968       0.499972       0.499975       0.499978       0.499981       0.499983       0.499985       0.499987       0.499989       0.499990       0.499991       0.499992       0.499993       0.499993       0.499994       0.499994       0.499994       0.499994       0.499994       0.499994       0.499994       0.499994       0.499994       0.499993       0.499993       0.499992       0.499991       0.499990       0.499989       0.499987       0.499985       0.499983       0.499981       0.499978       0.499975       0.499972       0.499968       0.499963       0.499957       0.499951       0.499944       0.499935       0.499926       0.499914       0.499902       0.499887       0.499870       0.499850       0.499828       0.499801       0.499771       0.499737       0.499697       0.499651       0.499599       0.499538       0.499468       0.499387       0.499295       0.499188       0.499065       0.498924       0.498761       0.498574       0.498358       0.498111       0.497826       0.497499       0.497123       0.496693       0.496199       0.495634       0.494989       0.494254       0.493418       0.492472       0.491406       0.490213       0.488889       0.487435       0.485864       0.484198       0.482483       0.480789       0.479216       0.477897       0.476994       0.476666       0.477024       0.478059       0.479569       0.481123       0.482115       0.481900       0.479994       0.476322       0.471509       0.467314       0.467314
       0.467314       0.467314       0.471509       0.476322       0.479994       0.481900       0.482115       0.481123       0.479569       0.478059       0.477024       0.476666       0.476994       0.477897       0.479216       0.480789       0.482483       0.484198       0.485864       0.487435       0.488889       0.490213       0.491406       0.492472       0.493418       0.494254       0.494989       0.495634       0.496199       0.496693       0.497123       0.497499       0.497826       0.498111       0.498358       0.498574       0.498761       0.498924       0.499065       0.499188       0.499295       0.499388       0.499468       0.499538       0.499599       0.499651       0.499697       0.499737       0.499772       0.499802       0.499828       0.499850       0.499870       0.499887       0.499902       0.499915       0.499926       0.499935       0.499944       0.499951       0.499957       0.499963       0.499968       0.499972       0.499975       0.499978       0.499981       0.499983       0.499985       0.499987       0.499989       0.499990       0.499991       0.499992       0.499993       0.499993       0.499994       0.499994       0.499994       0.499994       0.499994       0.499994       0.499994       0.499994       0.499994       0.499993       0.499993       0.499992       0.499991       0.499990       0.499989       0.499987       0.499985       0.499983       0.499981       0.499978       0.499975       0.499972       0.499968       0.499963       0.499957       0.499951       0.499944       0.499935       0.499926       0.499915       0.499902       0.499887       0.499870       0.499850       0.499828       0.499802       0.499772       0.499737       0.499697       0.499651       0.499599       0.499538       0.499468       0.499388       0.499295       0.499188       0.499065       0.498924       0.498761       0.498574       0.498358       0.498111       0.497826       0.497499       0.497123       0.496693       0.496199       0.495634       0.494989       0.494254       0.493418       0.492472       0.491406       0.490213       0.488889       0.487435       0.485864       0.484198       0.482483       0.480789       0.479216       0.477897       0.476994       0.476666       0.477024       0.478059       0.479569       0.481123       0.482115       0.481900       0.479994       0.476322       0.471509       0.467314       0.467314
       0.467314       0.467314       0.471509       0.476322       0.479994       0.481900       0.482115       0.481123       0.479569       0.478059       0.477024       0.476666       0.476994       0.477897       0.479216       0.480789       0.482483       0.484198       0.485864       0.487435       0.488889       0.490213       0.491406       0.492472       0.493418       0.494254       0.494989       0.495634       0.496199       0.496693       0.497123       0.497499       0.497826       0.498111       0.498358       0.498574       0.498761       0.498924       0.499065       0.499188       0.499295       0.499388       0.499468       0.499538       0.499599       0.499652       0.499697       0.499737       0.499772       0.499802       0.499828       0.499850       0.499870       0.499887       0.499902       0.499915       0.499926       0.499935       0.499944       0.499951       0.499957       0.499963       0.499968       0.499972       0.499975       0.499978       0.499981       0.499983       0.499985       0.499987       0.499989       0.499990       0.499991       0.499992       0.499993       0.499993       0.499994       0.499994       0.499994       0.499994       0.499994       0.499994       0.499994       0.499994       0.499994       0.499993       0.499993       0.499992       0.499991       0.499990       0.499989       0.499987       0.499985       0.499983       0.499981       0.499978       0.499975       0.499972       0.499968       0.499963       0.499957       0.499951       0.499944       0.499935       0.499926       0.499915       0.499902       0.499887       0.499870       0.499850       0.499828       0.499802       0.499772       0.499737       0.499697       0.499652       0.499599       0.499538       0.499468       0.499388       0.499295       0.499188       0.499065       0.498924       0.498761       0.498574       0.498358       0.498111       0.497826       0.497499       0.497123       0.496693       0.496199       0.495634       0.494989       0.494254       0.493418       0.492472       0.491406       0.490213       0.488889       0.487435       0.485864       0.484198       0.482483       0.480789       0.479216       0.477897       0.476994       0.476666       0.477024       0.478059       0.479569       0.481123       0.482115       0.481900       0.479994       0.476322       0.471509       0.467314       0.467314
       0.467314       0.467314       0.471509       0.476322       0.479994       0.481900       0.482115       0.481123       0.479569       0.478059       0.477024       0.476666       0.476994       0.477897       0.479216       0.480789       0.482483       0.484198       0.485864       0.487435       0.488889       0.490213       0.491406       0.492472       0.493418       0.494254       0.494989       0.495634       0.496199       0.496693       0.497123       0.497499       0.497826       0.498111       0.498358       0.498574       0.498761       0.498924       0.499065       0.499188       0.499295       0.499388       0.499468       0.499538       0.499599       0.499652       0.499697       0.499737       0.499772       0.499802       0.499828       0.499850       0.499870       0.499887       0.499902       0.499915       0.499926       0.499935       0.499944       0.499951       0.499957       0.499963       0.499968       0.499972       0.499975       0.499978       0.499981       0.499983       0.499985       0.499987       0.499989       0.499990       0.499991       0.499992       0.499993       0.499993       0.499994       0.499994       0.499994       0.499994       0.499995       0.499994       0.499994       0.499994       0.499994       0.499993       0.499993       0.499992       0.499991       0.499990       0.499989       0.499987       0.499985       0.499983       0.499981       0.499978       0.499975       0.499972       0.499968       0.499963       0.499957       0.499951       0.499944       0.499935       0.499926       0.499915       0.499902       0.499887       0.499870       0.499850       0.499828       0.499802       0.499772       0.499737       0.499697       0.499652       0.499599       0.499538       0.499468       0.499388       0.499295       0.499188       0.499065       0.498924       0.498761       0.498574       0.498358       0.498111       0.497826       0.497499       0.497123       0.496693       0.496199       0.495634       0.494989       0.494254       0.493418       0.492472       0.491406       0.490213       0.488889       0.487435       0.485864       0.484198       0.482483       0.480789       0.479216       0.477897       0.476994       0.476666       0.477024       0.478059       0.479569       0.481123       0.482115       0.481900       0.479994       0.476322       0.471509       0.467314       0.467314
       0.467314       0.467314       0.471509       0.476322       0.479994       0.481900       0.482115       0.481123       0.479569       0.478059       0.477024       0.476666       0.476994       0.477897       0.479216       0.480789       0.482483       0.484198       0.485864       0.487435       0.488889       0.490213       0.491406       0.492472       0.493418       0.494254       0.494989       0.495634       0.496199       0.496693       0.497123       0.497499       0.497826       0.498111       0.498358       0.498574       0.498761       0.498924       0.499065       0.499188       0.499295       0.499388       0.499468       0.499538       0.499599       0.499652       0.499697       0.499737       0.499772       0.499802       0.499828       0.499850       0.499870       0.499887       0.499902       0.499915       0.499926       0.499935       0.499944       0.499951       0.499957       0.499963       0.499968       0.499972       0.499975       0.499978       0.499981       0.499983       0.499985       0.499987       0.499989       0.499990       0.499991       0.499992       0.499993       0.499993       0.499994       0.499994       0.499994       0.499994       0.499995       0.499994       0.499994       0.499994       0.499994       0.499993       0.499993       0.499992       0.499991       0.499990       0.499989       0.499987       0.499985       0.499983       0.499981       0.499978       0.499975       0.499972       0.499968       0.499963       0.499957       0.499951       0.499944       0.499935       0.499926       0.499915       0.499902       0.499887       0.499870       0.499850       0.499828       0.499802       0.499772       0.499737       0.499697       0.499652       0.499599       0.499538       0.499468       0.499388       0.499295       0.499188       0.499065       0.498924       0.498761       0.498574       0.498358       0.498111       0.497826       0.497499       0.497123       0.496693       0.496199       0.495634       0.494989       0.494254       0.493418       0.492472       0.491406       0.490213       0.488889       0.487435       0.485864       0.484198       0.482483       0.480789       0.479216       0.477897       0.476994       0.476666       0.477024       0.478059       0.479569       0.481123       0.482115       0.481900       0.479994       0.476322       0.471509       0.467314       0.467314
       0.467314       0.467314       0.471509       0.476322       0.479994       0.481900       0.482115       0.481123       0.479569       0.478059       0.477024       0.476666       0.476994       0.477897       0.479216       0.480789       0.482483       0.484198       0.485864       0.487435       0.488889       0.490213       0.491406       0.492472       0.493418       0.494254       0.494989       0.495634       0.496199       0.496693       0.497123       0.497499       0.497826       0.498111       0.498358       0.498574       0.498761       0.498924       0.499065       0.499188       0.499295       0.499388       0.499468       0.499538       0.499599       0.499652       0.499697       0.499737       0.499772       0.499802       0.499828       0.499850       0.499870       0.499887       0.499902       0.499915       0.499926       0.499935       0.499944       0.499951       0.499957       0.499963       0.499968       0.499972       0.499975       0.499978       0.499981       0.499983       0.499985       0.499987       0.499989       0.499990       0.499991       0.499992       0.499993       0.499993       0.499994       0.499994       0.499994       0.499994       0.499995       0.499994       0.499994       0.499994       0.499994       0.499993       0.499993       0.499992       0.499991       0.499990       0.499989       0.499987       0.499985       0.499983       0.499981       0.499978       0.499975       0.499972       0.499968       0.499963       0.499957       0.499951       0.499944       0.499935       0.499926       0.499915       0.499902       0.499887       0.499870       0.499850       0.499828       0.499802       0.499772       0.499737       0.499697       0.499652       0.499599       0.499538       0.499468       0.499388       0.499295       0.499188       0.499065       0.498924       0.498761       0.498574       0.498358       0.498111       0.497826       0.497499       0.497123       0.496693       0.496199       0.495634       0.494989       0.494254       0.493418       0.492472       0.491406       0.490213       0.488889       0.487435       0.485864       0.484198       0.482483       0.480789       0.479216       0.477897       0.476994       0.476666       0.477024       0.478059       0.479569       0.481123       0.482115       0.481900       0.479994       0.476322       0.471509       0.467314       0.467314
