       0.467314       0.467314       0.471509       0.476322       0.479994       0.481900       0.482115       0.481123       0.479569       0.478059       0.477024       0.476666       0.476994       0.477897       0.479216       0.480789       0.482483       0.484198       0.485864       0.487435       0.488889       0.490213       0.491406       0.492472       0.493418       0.494254       0.494989       0.495634       0.496199       0.496693       0.497123       0.497499       0.497826       0.498111       0.498358       0.498574       0.498761       0.498924       0.499065       0.499188       0.499295       0.499388       0.499468       0.499538       0.499599       0.499652       0.499697       0.499737       0.499772       0.499802       0.499828       0.499850       0.499870       0.499887       0.499902       0.499915       0.499926       0.499935       0.499944       0.499951       0.499957       0.499963       0.499968       0.499972       0.499975       0.499978       0.499981       0.499983       0.499985       0.499987       0.499989       0.499990       0.499991       0.499992       0.499993       0.499993       0.499994       0.499994       0.499994       0.499994       0.499995       0.499994       0.499994       0.499994       0.499994       0.499993       0.499993       0.499992       0.499991       0.499990       0.499989       0.499987       0.499985       0.499983       0.499981       0.499978       0.499975       0.499972       0.499968       0.499963       0.499957       0.499951       0.499944       0.499935       0.499926       0.499915       0.499902       0.499887       0.499870       0.499850       0.499828       0.499802       0.499772       0.499737       0.499697       0.499652       0.499599       0.499538       0.499468       0.499388       0.499295       0.499188       0.499065       0.498924       0.498761       0.498574       0.498358       0.498111       0.497826       0.497499       0.497123       0.496693       0.496199       0.495634       0.494989       0.494254       0.493418       0.492472       0.491406       0.490213       0.488889       0.487435       0.485864       0.484198       0.482483       0.480789       0.479216       0.477897       0.476994       0.476666       0.477024       0.478059       0.479569       0.481123       0.482115       0.481900       0.479994       0.476322       0.471509       0.467314       0.467314
       0.467314       0.467314       0.471509       0.476322       0.479994       0.481900       0.482115       0.481123       0.479569       0.478059       0.477024       0.476666       0.476994       0.477897       0.479216       0.480789       0.482483       0.484198       0.485864       0.487435       0.488889       0.490213       0.491406       0.492472       0.493418       0.494254       0.494989       0.495634       0.496199       0.496693       0.497123       0.497499       0.497826       0.498111       0.498358       0.498574       0.498761       0.498924       0.499065       0.499188       0.499295       0.499388       0.499468       0.499538       0.499599       0.499652       0.499697       0.499737       0.499772       0.499802       0.499828       0.499850       0.499870       0.499887       0.499902       0.499915       0.499926       0.499935       0.499944       0.499951       0.499957       0.499963       0.499968       0.499972       0.499975       0.499978       0.499981       0.499983       0.499985       0.499987       0.499989       0.499990       0.499991       0.499992       0.499993       0.499993       0.499994       0.499994       0.499994       0.499994       0.499995       0.499994       0.499994       0.499994       0.499994       0.499993       0.499993       0.499992       0.499991       0.499990       0.499989       0.499987       0.499985       0.499983       0.499981       0.499978       0.499975       0.499972       0.499968       0.499963       0.499957       0.499951       0.499944       0.499935       0.499926       0.499915       0.499902       0.499887       0.499870       0.499850       0.499828       0.499802       0.499772       0.499737       0.499697       0.499652       0.499599       0.499538       0.499468       0.499388       0.499295       0.499188       0.499065       0.498924       0.498761       0.498574       0.498358       0.498111       0.497826       0.497499       0.497123       0.496693       0.496199       0.495634       0.494989       0.494254       0.493418       0.492472       0.491406       0.490213       0.488889       0.487435       0.485864       0.484198       0.482483       0.480789       0.479216       0.477897       0.476994       0.476666       0.477024       0.478059       0.479569       0.481123       0.482115       0.481900       0.479994       0.476322       0.471509       0.467314       0.467314
       0.467314       0.467314       0.471509       0.476322       0.479994       0.481900       0.482115       0.481123       0.479569       0.478059       0.477024       0.476666       0.476994       0.477897       0.479216       0.480789       0.482483       0.484198       0.485864       0.487435       0.488889       0.490213       0.491406       0.492472       0.493418       0.494254       0.494989       0.495634       0.496199       0.496693       0.497123       0.497499       0.497826       0.498111       0.498358       0.498574       0.498761       0.498924       0.499065       0.499188       0.499295       0.499388       0.499468       0.499538       0.499599       0.499652       0.499697       0.499737       0.499772       0.499802       0.499828       0.499850       0.499870       0.499887       0.499902       0.499915       0.499926       0.499935       0.499944       0.499951       0.499957       0.499963       0.499968       0.499972       0.499975       0.499978       0.499981       0.499983       0.499985       0.499987       0.499989       0.499990       0.499991       0.499992       0.499993       0.499993       0.499994       0.499994       0.499994       0.499994       0.499995       0.499994       0.499994       0.499994       0.499994       0.499993       0.499993       0.499992       0.499991       0.499990       0.499989       0.499987       0.499985       0.499983       0.499981       0.499978       0.499975       0.499972       0.499968       0.499963       0.499957       0.499951       0.499944       0.499935       0.499926       0.499915       0.499902       0.499887       0.499870       0.499850       0.499828       0.499802       0.499772       0.499737       0.499697       0.499652       0.499599       0.499538       0.499468       0.499388       0.499295       0.499188       0.499065       0.498924       0.498761       0.498574       0.498358       0.498111       0.497826       0.497499       0.497123       0.496693       0.496199       0.495634       0.494989       0.494254       0.493418       0.492472       0.491406       0.490213       0.488889       0.487435       0.485864       0.484198       0.482483       0.480789       0.479216       0.477897       0.476994       0.476666       0.477024       0.478059       0.479569       0.481123       0.482115       0.481900       0.479994       0.476322       0.471509       0.467314       0.467314
       0.467314       0.467314       0.471509       0.476322       0.479994       0.481900       0.482115       0.481123       0.479569       0.478059       0.477024       0.476666       0.476994       0.477897       0.479216       0.480789       0.482483       0.484198       0.485864       0.487435       0.488889       0.490213       0.491406       0.492472       0.493418       0.494254       0.494989       0.495634       0.496199       0.496693       0.497123       0.497499       0.497826       0.498111       0.498358       0.498574       0.498761       0.498924       0.499065       0.499188       0.499295       0.499388       0.499468       0.499538       0.499599       0.499652       0.499697       0.499737       0.499772       0.499802       0.499828       0.499850       0.499870       0.499887       0.499902       0.499915       0.499926       0.499935       0.499944       0.499951       0.499957       0.499963       0.499968       0.499972       0.499975       0.499978       0.499981       0.499983       0.499985       0.499987       0.499989       0.499990       0.499991       0.499992       0.499993       0.499993       0.499994       0.499994       0.499994       0.499994       0.499994       0.499994       0.499994       0.499994       0.499994       0.499993       0.499993       0.499992       0.499991       0.499990       0.499989       0.499987       0.499985       0.499983       0.499981       0.499978       0.499975       0.499972       0.499968       0.499963       0.499957       0.499951       0.499944       0.499935       0.499926       0.499915       0.499902       0.499887       0.499870       0.499850       0.499828       0.499802       0.499772       0.499737       0.499697       0.499652       0.499599       0.499538       0.499468       0.499388       0.499295       0.499188       0.499065       0.498924       0.498761       0.498574       0.498358       0.498111       0.497826       0.497499       0.497123       0.496693       0.496199       0.495634       0.494989       0.494254       0.493418       0.492472       0.491406       0.490213       0.488889       0.487435       0.485864       0.484198       0.482483       0.480789       0.479216       0.477897       0.476994       0.476666       0.477024       0.478059       0.479569       0.481123       0.482115       0.481900       0.479994       0.476322       0.471509       0.467314       0.467314
       0.467314       0.467314       0.471509       0.476322       0.479994       0.481900       0.482115       0.481123       0.479569       0.478059       0.477024       0.476666       0.476994       0.477897       0.479216       0.480789       0.482483       0.484198       0.485864       0.487435       0.488889       0.490213       0.491406       0.492472       0.493418       0.494254       0.494989       0.495634       0.496199       0.496693       0.497123       0.497499       0.497826       0.498111       0.498358       0.498574       0.498761       0.498924       0.499065       0.499188       0.499295       0.499388       0.499468       0.499538       0.499599       0.499651       0.499697       0.499737       0.499772       0.499802       0.499828       0.499850       0.499870       0.499887       0.499902       0.499915       0.499926       0.499935       0.499944       0.499951       0.499957       0.499963       0.499968       0.499972       0.499975       0.499978       0.499981       0.499983       0.499985       0.499987       0.499989       0.499990       0.499991       0.499992       0.499993       0.499993       0.499994       0.499994       0.499994       0.499994       0.499994       0.499994       0.499994       0.499994       0.499994       0.499993       0.499993       0.499992       0.499991       0.499990       0.499989       0.499987       0.499985       0.499983       0.499981       0.499978       0.499975       0.499972       0.499968       0.499963       0.499957       0.499951       0.499944       0.499935       0.499926       0.499915       0.499902       0.499887       0.499870       0.499850       0.499828       0.499802       0.499772       0.499737       0.499697       0.499651       0.499599       0.499538       0.499468       0.499388       0.499295       0.499188       0.499065       0.498924       0.498761       0.498574       0.498358       0.498111       0.497826       0.497499       0.497123       0.496693       0.496199       0.495634       0.494989       0.494254       0.493418       0.492472       0.491406       0.490213       0.488889       0.487435       0.485864       0.484198       0.482483       0.480789       0.479216       0.477897       0.476994       0.476666       0.477024       0.478059       0.479569       0.481123       0.482115       0.481900       0.479994       0.476322       0.471509       0.467314       0.467314
       0.467314       0.467314       0.471509       0.476322       0.479994       0.481900       0.482115       0.481123       0.479569       0.478059       0.477024       0.476666       0.476994       0.477897       0.479216       0.480789       0.482483       0.484198       0.485864       0.487435       0.488889       0.490213       0.491406       0.492472       0.493418       0.494254       0.494989       0.495634       0.496199       0.496693       0.497123       0.497499       0.497826       0.498111       0.498358       0.498574       0.498761       0.498924       0.499065       0.499188       0.499295       0.499387       0.499468       0.499538       0.499599       0.499651       0.499697       0.499737       0.499771       0.499801       0.499828       0.499850       0.499870       0.499887       0.499902       0.499914       0.499926       0.499935       0.499944       0.499951       0.499957       0.499963       0.499968       0.499972       0.499975       0.499978       0.499981       0.499983       0.499985       0.499987       0.499989       0.499990       0.499991       0.499992       0.499993       0.499993       0.499994       0.499994       0.499994       0.499994       0.499994       0.499994       0.499994       0.499994       0.499994       0.499993       0.499993       0.499992       0.499991       0.499990       0.499989       0.499987       0.499985       0.499983       0.499981       0.499978       0.499975       0.499972       0.499968       0.499963       0.499957       0.499951       0.499944       0.499935       0.499926       0.499914       0.499902       0.499887       0.499870       0.499850       0.499828       0.499801       0.499771       0.499737       0.499697       0.499651       0.499599       0.499538       0.499468       0.499387       0.499295       0.499188       0.499065       0.498924       0.498761       0.498574       0.498358       0.498111       0.497826       0.497499       0.497123       0.496693       0.496199       0.495634       0.494989       0.494254       0.493418       0.492472       0.491406       0.490213       0.488889       0.487435       0.485864       0.484198       0.482483       0.480789       0.479216       0.477897       0.476994       0.476666       0.477024       0.478059       0.479569       0.481123       0.482115       0.481900       0.479994       0.476322       0.471509       0.467314       0.467314
       0.467314       0.467314       0.471509       0.476322       0.479994       0.481900       0.482115       0.481123       0.479569       0.478059       0.477024       0.476666       0.476994       0.477897       0.479216       0.480789       0.482483       0.484198       0.485863       0.487435       0.488889       0.490213       0.491406       0.492472       0.493418       0.494254       0.494989       0.495634       0.496199       0.496693       0.497123       0.497499       0.497826       0.498111       0.498358       0.498574       0.498761       0.498924       0.499065       0.499188       0.499295       0.499387       0.499468       0.499538       0.499599       0.499651       0.499697       0.499737       0.499771       0.499801       0.499827       0.499850       0.499870       0.499887       0.499902       0.499914       0.499926       0.499935       0.499944       0.499951       0.499957       0.499963       0.499968       0.499972       0.499975       0.499978       0.499981       0.499983       0.499985       0.499987       0.499988       0.499990       0.499991       0.499992       0.499992       0.499993       0.499994       0.499994       0.499994       0.499994       0.499994       0.499994       0.499994       0.499994       0.499994       0.499993       0.499992       0.499992       0.499991       0.499990       0.499988       0.499987       0.499985       0.499983       0.499981       0.499978       0.499975       0.499972       0.499968       0.499963       0.499957       0.499951       0.499944       0.499935       0.499926       0.499914       0.499902       0.499887       0.499870       0.499850       0.499827       0.499801       0.499771       0.499737       0.499697       0.499651       0.499599       0.499538       0.499468       0.499387       0.499295       0.499188       0.499065       0.498924       0.498761       0.498574       0.498358       0.498111       0.497826       0.497499       0.497123       0.496693       0.496199       0.495634       0.494989       0.494254       0.493418       0.492472       0.491406       0.490213       0.488889       0.487435       0.485863       0.484198       0.482483       0.480789       0.479216       0.477897       0.476994       0.476666       0.477024       0.478059       0.479569       0.481123       0.482115       0.481900       0.479994       0.476322       0.471509       0.467314       0.467314
       0.467314       0.467314       0.471509       0.476322       0.479994       0.481900       0.482115       0.481123       0.479569       0.478059       0.477024       0.476666       0.476994       0.477897       0.479216       0.480789       0.482483       0.484198       0.485863       0.487435       0.488889       0.490213       0.491406       0.492472       0.493418       0.494253       0.494989       0.495634       0.496199       0.496692       0.497123       0.497499       0.497826       0.498110       0.498358       0.498574       0.498761       0.498924       0.499065       0.499188       0.499295       0.499387       0.499468       0.499538       0.499598       0.499651       0.499697       0.499737       0.499771       0.499801       0.499827       0.499850       0.499870       0.499887       0.499901       0.499914       0.499925       0.499935       0.499944       0.499951       0.499957       0.499963       0.499967       0.499972       0.499975       0.499978       0.499981       0.499983       0.499985       0.499987       0.499988       0.499990       0.499991       0.499992       0.499992       0.499993       0.499993       0.499994       0.499994       0.499994       0.499994       0.499994       0.499994       0.499994       0.499993       0.499993       0.499992       0.499992       0.499991       0.499990       0.499988       0.499987       0.499985       0.499983       0.499981       0.499978       0.499975       0.499972       0.499967       0.499963       0.499957       0.499951       0.499944       0.499935       0.499925       0.499914       0.499901       0.499887       0.499870       0.499850       0.499827       0.499801       0.499771       0.499737       0.499697       0.499651       0.499598       0.499538       0.499468       0.499387       0.499295       0.499188       0.499065       0.498924       0.498761       0.498574       0.498358       0.498110       0.497826       0.497499       0.497123       0.496692       0.496199       0.495634       0.494989       0.494253       0.493418       0.492472       0.491406       0.490213       0.488889       0.487435       0.485863       0.484198       0.482483       0.480789       0.479216       0.477897       0.476994       0.476666       0.477024       0.478059       0.479569       0.481123       0.482115       0.481900       0.479994       0.476322       0.471509       0.467314       0.467314
       0.467314       0.467314       0.471509       0.476322       0.479994       0.481900       0.482115       0.481123       0.479569       0.478059       0.477024       0.476666       0.476994       0.477897       0.479216       0.480789       0.482483       0.484198       0.485863       0.487435       0.488889       0.490213       0.491406       0.492472       0.493418       0.494253       0.494989       0.495634       0.496199       0.496692       0.497123       0.497499       0.497826       0.498110       0.498358       0.498573       0.498761       0.498923       0.499065       0.499188       0.499294       0.499387       0.499468       0.499538       0.499598       0.499651       0.499697       0.499737       0.499771       0.499801       0.499827       0.499850       0.499869       0.499887       0.499901       0.499914       0.499925       0.499935       0.499943       0.499951       0.499957       0.499963       0.499967       0.499971       0.499975       0.499978       0.499981       0.499983       0.499985       0.499987       0.499988       0.499990       0.499991       0.499992       0.499992       0.499993       0.499993       0.499994       0.499994       0.499994       0.499994       0.499994       0.499994       0.499994       0.499993       0.499993       0.499992       0.499992       0.499991       0.499990       0.499988       0.499987       0.499985       0.499983       0.499981       0.499978       0.499975       0.499971       0.499967       0.499963       0.499957       0.499951       0.499943       0.499935       0.499925       0.499914       0.499901       0.499887       0.499869       0.499850       0.499827       0.499801       0.499771       0.499737       0.499697       0.499651       0.499598       0.499538       0.499468       0.499387       0.499294       0.499188       0.499065       0.498923       0.498761       0.498573       0.498358       0.498110       0.497826       0.497499       0.497123       0.496692       0.496199       0.495634       0.494989       0.494253       0.493418       0.492472       0.491406       0.490213       0.488889       0.487435       0.485863       0.484198       0.482483       0.480789       0.479216       0.477897       0.476994       0.476666       0.477024       0.478059       0.479569       0.481123       0.482115       0.481900       0.479994       0.476322       0.471509       0.467314       0.467314
       0.467314       0.467314       0.471509       0.476322       0.479994       0.481900       0.482115       0.481123       0.479569       0.478059       0.477024       0.476666       0.476994       0.477897       0.479215       0.480789       0.482483       0.484198       0.485863       0.487435       0.488889       0.490213       0.491406       0.492472       0.493418       0.494253       0.494989       0.495634       0.496199       0.496692       0.497123       0.497498       0.497826       0.498110       0.498358       0.498573       0.498761       0.498923       0.499065       0.499188       0.499294       0.499387       0.499468       0.499537       0.499598       0.499651       0.499697       0.499737       0.499771       0.499801       0.499827       0.499850       0.499869       0.499886       0.499901       0.499914       0.499925       0.499935       0.499943       0.499951       0.499957       0.499962       0.499967       0.499971       0.499975       0.499978       0.499981       0.499983       0.499985       0.499987       0.499988       0.499989       0.499991       0.499991       0.499992       0.499993       0.499993       0.499994       0.499994       0.499994       0.499994       0.499994       0.499994       0.499994       0.499993       0.499993       0.499992       0.499991       0.499991       0.499989       0.499988       0.499987       0.499985       0.499983       0.499981       0.499978       0.499975       0.499971       0.499967       0.499962       0.499957       0.499951       0.499943       0.499935       0.499925       0.499914       0.499901       0.499886       0.499869       0.499850       0.499827       0.499801       0.499771       0.499737       0.499697       0.499651       0.499598       0.499537       0.499468       0.499387       0.499294       0.499188       0.499065       0.498923       0.498761       0.498573       0.498358       0.498110       0.497826       0.497498       0.497123       0.496692       0.496199       0.495634       0.494989       0.494253       0.493418       0.492472       0.491406       0.490213       0.488889       0.487435       0.485863       0.484198       0.482483       0.480789       0.479215       0.477897       0.476994       0.476666       0.477024       0.478059       0.479569       0.481123       0.482115       0.481900       0.479994       0.476322       0.471509       0.467314       0.467314
       0.467314       0.467314       0.471509       0.476322       0.479994       0.481900       0.482115       0.481123       0.479569       0.478059       0.477024       0.476665       0.476994       0.477897       0.479215       0.480789       0.482483       0.484198       0.485863       0.487435       0.488889       0.490213       0.491406       0.492472       0.493418       0.494253       0.494988       0.495634       0.496198       0.496692       0.497123       0.497498       0.497825       0.498110       0.498358       0.498573       0.498760       0.498923       0.499065       0.499187       0.499294       0.499387       0.499467       0.499537       0.499598       0.499651       0.499697       0.499736       0.499771       0.499801       0.499827       0.499850       0.499869       0.499886       0.499901       0.499914       0.499925       0.499935       0.499943       0.499950       0.499957       0.499962       0.499967       0.499971       0.499975       0.499978       0.499981       0.499983       0.499985       0.499987       0.499988       0.499989       0.499990       0.499991       0.499992       0.499993       0.499993       0.499994       0.499994       0.499994       0.499994       0.499994       0.499994       0.499994       0.499993       0.499993       0.499992       0.499991       0.499990       0.499989       0.499988       0.499987       0.499985       0.499983       0.499981       0.499978       0.499975       0.499971       0.499967       0.499962       0.499957       0.499950       0.499943       0.499935       0.499925       0.499914       0.499901       0.499886       0.499869       0.499850       0.499827       0.499801       0.499771       0.499736       0.499697       0.499651       0.499598       0.499537       0.499467       0.499387       0.499294       0.499187       0.499065       0.498923       0.498760       0.498573       0.498358       0.498110       0.497825       0.497498       0.497123       0.496692       0.496198       0.495634       0.494988       0.494253       0.493418       0.492472       0.491406       0.490213       0.488889       0.487435       0.485863       0.484198       0.482483       0.480789       0.479215       0.477897       0.476994       0.476665       0.477024       0.478059       0.479569       0.481123       0.482115       0.481900       0.479994       0.476322       0.471509       0.467314       0.467314
       0.467314       0.467314       0.471509       0.476322       0.479994       0.481900       0.482115       0.481123       0.479569       0.478059       0.477024       0.476665       0.476994       0.477897       0.479215       0.480789       0.482483       0.484198       0.485863       0.487435       0.488889       0.490213       0.491406       0.492471       0.493417       0.494253       0.494988       0.495633       0.496198       0.496692       0.497123       0.497498       0.497825       0.498110       0.498358       0.498573       0.498760       0.498923       0.499064       0.499187       0.499294       0.499387       0.499467       0.499537       0.499598       0.499651       0.499696       0.499736       0.499771       0.499801       0.499827       0.499849       0.499869       0.499886       0.499901       0.499914       0.499925       0.499935       0.499943       0.499950       0.499957       0.499962       0.499967       0.499971       0.499975       0.499978       0.499980       0.499983       0.499985       0.499986       0.499988       0.499989       0.499990       0.499991       0.499992       0.499993       0.499993       0.499993       0.499994       0.499994       0.499994       0.499994       0.499994       0.499993       0.499993       0.499993       0.499992       0.499991       0.499990       0.499989       0.499988       0.499986       0.499985       0.499983       0.499980       0.499978       0.499975       0.499971       0.499967       0.499962       0.499957       0.499950       0.499943       0.499935       0.499925       0.499914       0.499901       0.499886       0.499869       0.499849       0.499827       0.499801       0.499771       0.499736       0.499696       0.499651       0.499598       0.499537       0.499467       0.499387       0.499294       0.499187       0.499064       0.498923       0.498760       0.498573       0.498358       0.498110       0.497825       0.497498       0.497123       0.496692       0.496198       0.495633       0.494988       0.494253       0.493417       0.492471       0.491406       0.490213       0.488889       0.487435       0.485863       0.484198       0.482483       0.480789       0.479215       0.477897       0.476994       0.476665       0.477024       0.478059       0.479569       0.481123       0.482115       0.481900       0.479994       0.476322       0.471509       0.467314       0.467314
       0.467314       0.467314       0.471509       0.476322       0.479994       0.481900       0.482115       0.481123       0.479569       0.478059       0.477024       0.476665       0.476994       0.477897       0.479215       0.480789       0.482483       0.484198       0.485863       0.487435       0.488888       0.490213       0.491406       0.492471       0.493417       0.494253       0.494988       0.495633       0.496198       0.496692       0.497122       0.497498       0.497825       0.498110       0.498357       0.498573       0.498760       0.498923       0.499064       0.499187       0.499294       0.499386       0.499467       0.499537       0.499598       0.499650       0.499696       0.499736       0.499770       0.499800       0.499826       0.499849       0.499869       0.499886       0.499901       0.499913       0.499925       0.499934       0.499943       0.499950       0.499956       0.499962       0.499967       0.499971       0.499974       0.499978       0.499980       0.499983       0.499985       0.499986       0.499988       0.499989       0.499990       0.499991       0.499992       0.499992       0.499993       0.499993       0.499994       0.499994       0.499994       0.499994       0.499994       0.499993       0.499993       0.499992       0.499992       0.499991       0.499990       0.499989       0.499988       0.499986       0.499985       0.499983       0.499980       0.499978       0.499974       0.499971       0.499967       0.499962       0.499956       0.499950       0.499943       0.499934       0.499925       0.499913       0.499901       0.499886       0.499869       0.499849       0.499826       0.499800       0.499770       0.499736       0.499696       0.499650       0.499598       0.499537       0.499467       0.499386       0.499294       0.499187       0.499064       0.498923       0.498760       0.498573       0.498357       0.498110       0.497825       0.497498       0.497122       0.496692       0.496198       0.495633       0.494988       0.494253       0.493417       0.492471       0.491406       0.490213       0.488888       0.487435       0.485863       0.484198       0.482483       0.480789       0.479215       0.477897       0.476994       0.476665       0.477024       0.478059       0.479569       0.481123       0.482115       0.481900       0.479994       0.476322       0.471509       0.467314       0.467314
       0.467314       0.467314       0.471509       0.476322       0.479994       0.481900       0.482115       0.481123       0.479569       0.478059       0.477024       0.476665       0.476994       0.477897       0.479215       0.480789       0.482483       0.484198       0.485863       0.487435       0.488888       0.490212       0.491405       0.492471       0.493417       0.494253       0.494988       0.495633       0.496198       0.496691       0.497122       0.497498       0.497825       0.498109       0.498357       0.498572       0.498760       0.498922       0.499064       0.499187       0.499293       0.499386       0.499467       0.499537       0.499597       0.499650       0.499696       0.499736       0.499770       0.499800       0.499826       0.499849       0.499868       0.499886       0.499900       0.499913       0.499924       0.499934       0.499942       0.499950       0.499956       0.499962       0.499966       0.499971       0.499974       0.499977       0.499980       0.499982       0.499984       0.499986       0.499988       0.499989       0.499990       0.499991       0.499992       0.499992       0.499993       0.499993       0.499993       0.499993       0.499994       0.499993       0.499993       0.499993       0.499993       0.499992       0.499992       0.499991       0.499990       0.499989       0.499988       0.499986       0.499984       0.499982       0.499980       0.499977       0.499974       0.499971       0.499966       0.499962       0.499956       0.499950       0.499942       0.499934       0.499924       0.499913       0.499900       0.499886       0.499868       0.499849       0.499826       0.499800       0.499770       0.499736       0.499696       0.499650       0.499597       0.499537       0.499467       0.499386       0.499293       0.499187       0.499064       0.498922       0.498760       0.498572       0.498357       0.498109       0.497825       0.497498       0.497122       0.496691       0.496198       0.495633       0.494988       0.494253       0.493417       0.492471       0.491405       0.490212       0.488888       0.487435       0.485863       0.484198       0.482483       0.480789       0.479215       0.477897       0.476994       0.476665       0.477024       0.478059       0.479569       0.481123       0.482115       0.481900       0.479994       0.476322       0.471509       0.467314       0.467314
       0.467314       0.467314       0.471509       0.476322       0.479994       0.481900       0.482115       0.481123       0.479569       0.478059       0.477024       0.476665       0.476994       0.477897       0.479215       0.480788       0.482483       0.484198       0.485863       0.487435       0.488888       0.490212       0.491405       0.492471       0.493417       0.494252       0.494988       0.495633       0.496198       0.496691       0.497122       0.497497       0.497824       0.498109       0.498357       0.498572       0.498759       0.498922       0.499063       0.499186       0.499293       0.499386       0.499466       0.499536       0.499597       0.499650       0.499695       0.499735       0.499770       0.499800       0.499826       0.499848       0.499868       0.499885       0.499900       0.499913       0.499924       0.499934       0.499942       0.499950       0.499956       0.499961       0.499966       0.499970       0.499974       0.499977       0.499980       0.499982       0.499984       0.499986       0.499987       0.499989       0.499990       0.499991       0.499991       0.499992       0.499992       0.499993       0.499993       0.499993       0.499993       0.499993       0.499993       0.499993       0.499992       0.499992       0.499991       0.499991       0.499990       0.499989       0.499987       0.499986       0.499984       0.499982       0.499980       0.499977       0.499974       0.499970       0.499966       0.499961       0.499956       0.499950       0.499942       0.499934       0.499924       0.499913       0.499900       0.499885       0.499868       0.499848       0.499826       0.499800       0.499770       0.499735       0.499695       0.499650       0.499597       0.499536       0.499466       0.499386       0.499293       0.499186       0.499063       0.498922       0.498759       0.498572       0.498357       0.498109       0.497824       0.497497       0.497122       0.496691       0.496198       0.495633       0.494988       0.494252       0.493417       0.492471       0.491405       0.490212       0.488888       0.487435       0.485863       0.484198       0.482483       0.480788       0.479215       0.477897       0.476994       0.476665       0.477024       0.478059       0.479569       0.481123       0.482115       0.481900       0.479994       0.476322       0.471509       0.467314       0.467314
       0.467314       0.467314       0.471509       0.476322       0.479994       0.481900       0.482115       0.481123       0.479569       0.478059       0.477024       0.476665       0.476994       0.477897       0.479215       0.480788       0.482483       0.484197       0.485863       0.487434       0.488888       0.490212       0.491405       0.492471       0.493417       0.494252       0.494987       0.495633       0.496197       0.496691       0.497122       0.497497       0.497824       0.498109       0.498356       0.498572       0.498759       0.498922       0.499063       0.499186       0.499293       0.499385       0.499466       0.499536       0.499597       0.499649       0.499695       0.499735       0.499769       0.499799       0.499825       0.499848       0.499868       0.499885       0.499900       0.499913       0.499924       0.499933       0.499942       0.499949       0.499956       0.499961       0.499966       0.499970       0.499974       0.499977       0.499979       0.499982       0.499984       0.499986       0.499987       0.499988       0.499989       0.499990       0.499991       0.499992       0.499992       0.499993       0.499993       0.499993       0.499993       0.499993       0.499993       0.499993       0.499992       0.499992       0.499991       0.499990       0.499989       0.499988       0.499987       0.499986       0.499984       0.499982       0.499979       0.499977       0.499974       0.499970       0.499966       0.499961       0.499956       0.499949       0.499942       0.499933       0.499924       0.499913       0.499900       0.499885       0.499868       0.499848       0.499825       0.499799       0.499769       0.499735       0.499695       0.499649       0.499597       0.499536       0.499466       0.499385       0.499293       0.499186       0.499063       0.498922       0.498759       0.498572       0.498356       0.498109       0.497824       0.497497       0.497122       0.496691       0.496197       0.495633       0.494987       0.494252       0.493417       0.492471       0.491405       0.490212       0.488888       0.487434       0.485863       0.484197       0.482483       0.480788       0.479215       0.477897       0.476994       0.476665       0.477024       0.478059       0.479569       0.481123       0.482115       0.481900       0.479994       0.476322       0.471509       0.467314       0.467314
       0.467314       0.467314       0.471509       0.476322       0.479995       0.481900       0.482115       0.481123       0.479569       0.478059       0.477024       0.476665       0.476994       0.477897       0.479215       0.480788       0.482483       0.484197       0.485862       0.487434       0.488888       0.490212       0.491405       0.492470       0.493416       0.494252       0.494987       0.495632       0.496197       0.496690       0.497121       0.497497       0.497824       0.498108       0.498356       0.498571       0.498759       0.498921       0.499063       0.499185       0.499292       0.499385       0.499465       0.499535       0.499596       0.499649       0.499695       0.499734       0.499769       0.499799       0.499825       0.499848       0.499867       0.499884       0.499899       0.499912       0.499923       0.499933       0.499941       0.499949       0.499955       0.499961       0.499966       0.499970       0.499973       0.499976       0.499979       0.499982       0.499984       0.499985       0.499987       0.499988       0.499989       0.499990       0.499991       0.499991       0.499992       0.499992       0.499993       0.499993       0.499993       0.499993       0.499993       0.499992       0.499992       0.499991       0.499991       0.499990       0.499989       0.499988       0.499987       0.499985       0.499984       0.499982       0.499979       0.499976       0.499973       0.499970       0.499966       0.499961       0.499955       0.499949       0.499941       0.499933       0.499923       0.499912       0.499899       0.499884       0.499867       0.499848       0.499825       0.499799       0.499769       0.499734       0.499695       0.499649       0.499596       0.499535       0.499465       0.499385       0.499292       0.499185       0.499063       0.498921       0.498759       0.498571       0.498356       0.498108       0.497824       0.497497       0.497121       0.496690       0.496197       0.495632       0.494987       0.494252       0.493416       0.492470       0.491405       0.490212       0.488888       0.487434       0.485862       0.484197       0.482483       0.480788       0.479215       0.477897       0.476994       0.476665       0.477024       0.478059       0.479569       0.481123       0.482115       0.481900       0.479995       0.476322       0.471509       0.467314       0.467314
       0.467314       0.467314       0.471509       0.476322       0.479995       0.481900       0.482115       0.481123       0.479569       0.478059       0.477023       0.476665       0.476994       0.477897       0.479215       0.480788       0.482482       0.484197       0.485862       0.487434       0.488887       0.490211       0.491404       0.492470       0.493416       0.494251       0.494987       0.495632       0.496197       0.496690       0.497121       0.497496       0.497823       0.498108       0.498355       0.498571       0.498758       0.498921       0.499062       0.499185       0.499292       0.499384       0.499465       0.499535       0.499596       0.499648       0.499694       0.499734       0.499768       0.499798       0.499825       0.499847       0.499867       0.499884       0.499899       0.499912       0.499923       0.499933       0.499941       0.499948       0.499955       0.499960       0.499965       0.499969       0.499973       0.499976       0.499979       0.499981       0.499983       0.499985       0.499986       0.499988       0.499989       0.499990       0.499991       0.499991       0.499992       0.499992       0.499992       0.499992       0.499992       0.499992       0.499992       0.499992       0.499992       0.499991       0.499991       0.499990       0.499989       0.499988       0.499986       0.499985       0.499983       0.499981       0.499979       0.499976       0.499973       0.499969       0.499965       0.499960       0.499955       0.499948       0.499941       0.499933       0.499923       0.499912       0.499899       0.499884       0.499867       0.499847       0.499825       0.499798       0.499768       0.499734       0.499694       0.499648       0.499596       0.499535       0.499465       0.499384       0.499292       0.499185       0.499062       0.498921       0.498758       0.498571       0.498355       0.498108       0.497823       0.497496       0.497121       0.496690       0.496197       0.495632       0.494987       0.494251       0.493416       0.492470       0.491404       0.490211       0.488887       0.487434       0.485862       0.484197       0.482482       0.480788       0.479215       0.477897       0.476994       0.476665       0.477023       0.478059       0.479569       0.481123       0.482115       0.481900       0.479995       0.476322       0.471509       0.467314       0.467314
       0.467314       0.467314       0.471509       0.476322       0.479995       0.481900       0.482115       0.481123       0.479569       0.478059       0.477023       0.476665       0.476993       0.477897       0.479215       0.480788       0.482482       0.484197       0.485862       0.487434       0.488887       0.490211       0.491404       0.492470       0.493415       0.494251       0.494986       0.495631       0.496196       0.496690       0.497120       0.497496       0.497823       0.498107       0.498355       0.498570       0.498757       0.498920       0.499061       0.499184       0.499291       0.499384       0.499464       0.499534       0.499595       0.499648       0.499693       0.499733       0.499768       0.499798       0.499824       0.499847       0.499866       0.499883       0.499898       0.499911       0.499922       0.499932       0.499941       0.499948       0.499954       0.499960       0.499965       0.499969       0.499972       0.499976       0.499978       0.499981       0.499983       0.499985       0.499986       0.499987       0.499988       0.499989       0.499990       0.499991       0.499991       0.499992       0.499992       0.499992       0.499992       0.499992       0.499992       0.499992       0.499991       0.499991       0.499990       0.499989       0.499988       0.499987       0.499986       0.499985       0.499983       0.499981       0.499978       0.499976       0.499972       0.499969       0.499965       0.499960       0.499954       0.499948       0.499941       0.499932       0.499922       0.499911       0.499898       0.499883       0.499866       0.499847       0.499824       0.499798       0.499768       0.499733       0.499693       0.499648       0.499595       0.499534       0.499464       0.499384       0.499291       0.499184       0.499061       0.498920       0.498757       0.498570       0.498355       0.498107       0.497823       0.497496       0.497120       0.496690       0.496196       0.495631       0.494986       0.494251       0.493415       0.492470       0.491404       0.490211       0.488887       0.487434       0.485862       0.484197       0.482482       0.480788       0.479215       0.477897       0.476993       0.476665       0.477023       0.478059       0.479569       0.481123       0.482115       0.481900       0.479995       0.476322       0.471509       0.467314       0.467314
       0.467314       0.467314       0.471509       0.476322       0.479995       0.481900       0.482115       0.481123       0.479569       0.478059       0.477023       0.476665       0.476993       0.477897       0.479215       0.480788       0.482482       0.484197       0.485862       0.487433       0.488887       0.490211       0.491404       0.492469       0.493415       0.494250       0.494986       0.495631       0.496195       0.496689       0.497120       0.497495       0.497822       0.498107       0.498354       0.498570       0.498757       0.498919       0.499061       0.499184       0.499290       0.499383       0.499464       0.499533       0.499594       0.499647       0.499693       0.499733       0.499767       0.499797       0.499823       0.499846       0.499866       0.499883       0.499898       0.499910       0.499922       0.499931       0.499940       0.499947       0.499954       0.499959       0.499964       0.499968       0.499972       0.499975       0.499978       0.499980       0.499982       0.499984       0.499986       0.499987       0.499988       0.499989       0.499990       0.499990       0.499991       0.499991       0.499991       0.499992       0.499992       0.499992       0.499991       0.499991       0.499991       0.499990       0.499990       0.499989       0.499988       0.499987       0.499986       0.499984       0.499982       0.499980       0.499978       0.499975       0.499972       0.499968       0.499964       0.499959       0.499954       0.499947       0.499940       0.499931       0.499922       0.499910       0.499898       0.499883       0.499866       0.499846       0.499823       0.499797       0.499767       0.499733       0.499693       0.499647       0.499594       0.499533       0.499464       0.499383       0.499290       0.499184       0.499061       0.498919       0.498757       0.498570       0.498354       0.498107       0.497822       0.497495       0.497120       0.496689       0.496195       0.495631       0.494986       0.494250       0.493415       0.492469       0.491404       0.490211       0.488887       0.487433       0.485862       0.484197       0.482482       0.480788       0.479215       0.477897       0.476993       0.476665       0.477023       0.478059       0.479569       0.481123       0.482115       0.481900       0.479995       0.476322       0.471509       0.467314       0.467314
       0.467314       0.467314       0.471509       0.476322       0.479995       0.481900       0.482115       0.481123       0.479569       0.478059       0.477023       0.476665       0.476993       0.477896       0.479214       0.480788       0.482482       0.484196       0.485861       0.487433       0.488886       0.490210       0.491403       0.492469       0.493414       0.494250       0.494985       0.495630       0.496195       0.496688       0.497119       0.497494       0.497821       0.498106       0.498353       0.498569       0.498756       0.498919       0.499060       0.499183       0.499289       0.499382       0.499463       0.499533       0.499593       0.499646       0.499692       0.499732       0.499766       0.499796       0.499822       0.499845       0.499865       0.499882       0.499897       0.499910       0.499921       0.499931       0.499939       0.499947       0.499953       0.499959       0.499963       0.499968       0.499971       0.499975       0.499977       0.499980       0.499982       0.499984       0.499985       0.499986       0.499987       0.499988       0.499989       0.499990       0.499990       0.499991       0.499991       0.499991       0.499991       0.499991       0.499991       0.499991       0.499990       0.499990       0.499989       0.499988       0.499987       0.499986       0.499985       0.499984       0.499982       0.499980       0.499977       0.499975       0.499971       0.499968       0.499963       0.499959       0.499953       0.499947       0.499939       0.499931       0.499921       0.499910       0.499897       0.499882       0.499865       0.499845       0.499822       0.499796       0.499766       0.499732       0.499692       0.499646       0.499593       0.499533       0.499463       0.499382       0.499289       0.499183       0.499060       0.498919       0.498756       0.498569       0.498353       0.498106       0.497821       0.497494       0.497119       0.496688       0.496195       0.495630       0.494985       0.494250       0.493414       0.492469       0.491403       0.490210       0.488886       0.487433       0.485861       0.484196       0.482482       0.480788       0.479214       0.477896       0.476993       0.476665       0.477023       0.478059       0.479569       0.481123       0.482115       0.481900       0.479995       0.476322       0.471509       0.467314       0.467314
       0.467314       0.467314       0.471509       0.476322       0.479995       0.481900       0.482115       0.481123       0.479569       0.478059       0.477023       0.476665       0.476993       0.477896       0.479214       0.480787       0.482481       0.484196       0.485861       0.487433       0.488886       0.490210       0.491403       0.492468       0.493414       0.494249       0.494984       0.495629       0.496194       0.496687       0.497118       0.497493       0.497820       0.498105       0.498353       0.498568       0.498755       0.498918       0.499059       0.499182       0.499289       0.499381       0.499462       0.499532       0.499592       0.499645       0.499691       0.499731       0.499765       0.499795       0.499822       0.499844       0.499864       0.499881       0.499896       0.499909       0.499920       0.499930       0.499938       0.499946       0.499952       0.499958       0.499963       0.499967       0.499971       0.499974       0.499977       0.499979       0.499981       0.499983       0.499984       0.499986       0.499987       0.499988       0.499989       0.499989       0.499990       0.499990       0.499990       0.499991       0.499991       0.499991       0.499990       0.499990       0.499990       0.499989       0.499989       0.499988       0.499987       0.499986       0.499984       0.499983       0.499981       0.499979       0.499977       0.499974       0.499971       0.499967       0.499963       0.499958       0.499952       0.499946       0.499938       0.499930       0.499920       0.499909       0.499896       0.499881       0.499864       0.499844       0.499822       0.499795       0.499765       0.499731       0.499691       0.499645       0.499592       0.499532       0.499462       0.499381       0.499289       0.499182       0.499059       0.498918       0.498755       0.498568       0.498353       0.498105       0.497820       0.497493       0.497118       0.496687       0.496194       0.495629       0.494984       0.494249       0.493414       0.492468       0.491403       0.490210       0.488886       0.487433       0.485861       0.484196       0.482481       0.480787       0.479214       0.477896       0.476993       0.476665       0.477023       0.478059       0.479569       0.481123       0.482115       0.481900       0.479995       0.476322       0.471509       0.467314       0.467314
       0.467314       0.467314       0.471509       0.476322       0.479995       0.481900       0.482115       0.481123       0.479569       0.478059       0.477023       0.476665       0.476993       0.477896       0.479214       0.480787       0.482481       0.484196       0.485861       0.487432       0.488885       0.490209       0.491402       0.492467       0.493413       0.494248       0.494984       0.495628       0.496193       0.496687       0.497117       0.497492       0.497819       0.498104       0.498351       0.498567       0.498754       0.498917       0.499058       0.499181       0.499287       0.499380       0.499461       0.499531       0.499591       0.499644       0.499690       0.499730       0.499764       0.499794       0.499821       0.499843       0.499863       0.499880       0.499895       0.499908       0.499919       0.499929       0.499938       0.499945       0.499951       0.499957       0.499962       0.499966       0.499970       0.499973       0.499976       0.499978       0.499980       0.499982       0.499984       0.499985       0.499986       0.499987       0.499988       0.499989       0.499989       0.499990       0.499990       0.499990       0.499990       0.499990       0.499990       0.499990       0.499989       0.499989       0.499988       0.499987       0.499986       0.499985       0.499984       0.499982       0.499980       0.499978       0.499976       0.499973       0.499970       0.499966       0.499962       0.499957       0.499951       0.499945       0.499938       0.499929       0.499919       0.499908       0.499895       0.499880       0.499863       0.499843       0.499821       0.499794       0.499764       0.499730       0.499690       0.499644       0.499591       0.499531       0.499461       0.499380       0.499287       0.499181       0.499058       0.498917       0.498754       0.498567       0.498351       0.498104       0.497819       0.497492       0.497117       0.496687       0.496193       0.495628       0.494984       0.494248       0.493413       0.492467       0.491402       0.490209       0.488885       0.487432       0.485861       0.484196       0.482481       0.480787       0.479214       0.477896       0.476993       0.476665       0.477023       0.478059       0.479569       0.481123       0.482115       0.481900       0.479995       0.476322       0.471509       0.467314       0.467314
       0.467314       0.467314       0.471509       0.476322       0.479995       0.481900       0.482115       0.481123       0.479569       0.478059       0.477023       0.476665       0.476993       0.477896       0.479214       0.480787       0.482481       0.484195       0.485860       0.487431       0.488885       0.490208       0.491401       0.492466       0.493412       0.494248       0.494983       0.495627       0.496192       0.496685       0.497116       0.497491       0.497818       0.498103       0.498350       0.498565       0.498753       0.498915       0.499057       0.499179       0.499286       0.499379       0.499459       0.499529       0.499590       0.499643       0.499689       0.499728       0.499763       0.499793       0.499819       0.499842       0.499862       0.499879       0.499894       0.499907       0.499918       0.499928       0.499936       0.499944       0.499950       0.499956       0.499961       0.499965       0.499969       0.499972       0.499975       0.499977       0.499980       0.499981       0.499983       0.499984       0.499985       0.499986       0.499987       0.499988       0.499988       0.499989       0.499989       0.499989       0.499989       0.499989       0.499989       0.499989       0.499988       0.499988       0.499987       0.499986       0.499985       0.499984       0.499983       0.499981       0.499980       0.499977       0.499975       0.499972       0.499969       0.499965       0.499961       0.499956       0.499950       0.499944       0.499936       0.499928       0.499918       0.499907       0.499894       0.499879       0.499862       0.499842       0.499819       0.499793       0.499763       0.499728       0.499689       0.499643       0.499590       0.499529       0.499459       0.499379       0.499286       0.499179       0.499057       0.498915       0.498753       0.498565       0.498350       0.498103       0.497818       0.497491       0.497116       0.496685       0.496192       0.495627       0.494983       0.494248       0.493412       0.492466       0.491401       0.490208       0.488885       0.487431       0.485860       0.484195       0.482481       0.480787       0.479214       0.477896       0.476993       0.476665       0.477023       0.478059       0.479569       0.481123       0.482115       0.481900       0.479995       0.476322       0.471509       0.467314       0.467314
       0.467314       0.467314       0.471509       0.476322       0.479995       0.481900       0.482115       0.481123       0.479569       0.478059       0.477023       0.476664       0.476992       0.477895       0.479213       0.480786       0.482480       0.484194       0.485859       0.487431       0.488884       0.490208       0.491400       0.492466       0.493411       0.494246       0.494981       0.495626       0.496191       0.496684       0.497115       0.497490       0.497817       0.498101       0.498349       0.498564       0.498751       0.498914       0.499055       0.499178       0.499285       0.499377       0.499458       0.499528       0.499589       0.499641       0.499687       0.499727       0.499762       0.499792       0.499818       0.499841       0.499860       0.499878       0.499893       0.499906       0.499917       0.499927       0.499935       0.499943       0.499949       0.499955       0.499960       0.499964       0.499968       0.499971       0.499974       0.499976       0.499979       0.499980       0.499982       0.499983       0.499985       0.499986       0.499986       0.499987       0.499988       0.499988       0.499988       0.499988       0.499989       0.499988       0.499988       0.499988       0.499988       0.499987       0.499986       0.499986       0.499985       0.499983       0.499982       0.499980       0.499979       0.499976       0.499974       0.499971       0.499968       0.499964       0.499960       0.499955       0.499949       0.499943       0.499935       0.499927       0.499917       0.499906       0.499893       0.499878       0.499860       0.499841       0.499818       0.499792       0.499762       0.499727       0.499687       0.499641       0.499589       0.499528       0.499458       0.499377       0.499285       0.499178       0.499055       0.498914       0.498751       0.498564       0.498349       0.498101       0.497817       0.497490       0.497115       0.496684       0.496191       0.495626       0.494981       0.494246       0.493411       0.492466       0.491400       0.490208       0.488884       0.487431       0.485859       0.484194       0.482480       0.480786       0.479213       0.477895       0.476992       0.476664       0.477023       0.478059       0.479569       0.481123       0.482115       0.481900       0.479995       0.476322       0.471509       0.467314       0.467314
       0.467314       0.467314       0.471509       0.476322       0.479995       0.481900       0.482115       0.481123       0.479569       0.478059       0.477023       0.476664       0.476992       0.477895       0.479213       0.480786       0.482480       0.484194       0.485859       0.487430       0.488883       0.490207       0.491399       0.492464       0.493410       0.494245       0.494980       0.495625       0.496189       0.496683       0.497113       0.497488       0.497815       0.498100       0.498347       0.498562       0.498749       0.498912       0.499053       0.499176       0.499283       0.499376       0.499456       0.499526       0.499587       0.499640       0.499685       0.499725       0.499760       0.499790       0.499816       0.499839       0.499859       0.499876       0.499891       0.499904       0.499915       0.499925       0.499934       0.499941       0.499948       0.499954       0.499959       0.499963       0.499967       0.499970       0.499973       0.499975       0.499977       0.499979       0.499981       0.499982       0.499984       0.499985       0.499985       0.499986       0.499987       0.499987       0.499987       0.499988       0.499988       0.499988       0.499987       0.499987       0.499987       0.499986       0.499985       0.499985       0.499984       0.499982       0.499981       0.499979       0.499977       0.499975       0.499973       0.499970       0.499967       0.499963       0.499959       0.499954       0.499948       0.499941       0.499934       0.499925       0.499915       0.499904       0.499891       0.499876       0.499859       0.499839       0.499816       0.499790       0.499760       0.499725       0.499685       0.499640       0.499587       0.499526       0.499456       0.499376       0.499283       0.499176       0.499053       0.498912       0.498749       0.498562       0.498347       0.498100       0.497815       0.497488       0.497113       0.496683       0.496189       0.495625       0.494980       0.494245       0.493410       0.492464       0.491399       0.490207       0.488883       0.487430       0.485859       0.484194       0.482480       0.480786       0.479213       0.477895       0.476992       0.476664       0.477023       0.478059       0.479569       0.481123       0.482115       0.481900       0.479995       0.476322       0.471509       0.467314       0.467314
       0.467314       0.467314       0.471509       0.476322       0.479995       0.481900       0.482115       0.481123       0.479569       0.478058       0.477023       0.476664       0.476992       0.477895       0.479212       0.480785       0.482479       0.484193       0.485858       0.487429       0.488882       0.490206       0.491398       0.492463       0.493409       0.494244       0.494979       0.495623       0.496188       0.496681       0.497111       0.497487       0.497813       0.498098       0.498345       0.498560       0.498748       0.498910       0.499051       0.499174       0.499281       0.499374       0.499454       0.499524       0.499585       0.499638       0.499683       0.499723       0.499758       0.499788       0.499814       0.499837       0.499857       0.499874       0.499889       0.499902       0.499914       0.499924       0.499932       0.499940       0.499946       0.499952       0.499957       0.499961       0.499965       0.499969       0.499972       0.499974       0.499976       0.499978       0.499980       0.499981       0.499982       0.499983       0.499984       0.499985       0.499986       0.499986       0.499986       0.499986       0.499987       0.499986       0.499986       0.499986       0.499986       0.499985       0.499984       0.499983       0.499982       0.499981       0.499980       0.499978       0.499976       0.499974       0.499972       0.499969       0.499965       0.499961       0.499957       0.499952       0.499946       0.499940       0.499932       0.499924       0.499914       0.499902       0.499889       0.499874       0.499857       0.499837       0.499814       0.499788       0.499758       0.499723       0.499683       0.499638       0.499585       0.499524       0.499454       0.499374       0.499281       0.499174       0.499051       0.498910       0.498748       0.498560       0.498345       0.498098       0.497813       0.497487       0.497111       0.496681       0.496188       0.495623       0.494979       0.494244       0.493409       0.492463       0.491398       0.490206       0.488882       0.487429       0.485858       0.484193       0.482479       0.480785       0.479212       0.477895       0.476992       0.476664       0.477023       0.478058       0.479569       0.481123       0.482115       0.481900       0.479995       0.476322       0.471509       0.467314       0.467314
       0.467314       0.467314       0.471510       0.476323       0.479995       0.481900       0.482115       0.481123       0.479568       0.478058       0.477022       0.476664       0.476991       0.477894       0.479212       0.480784       0.482478       0.484192       0.485857       0.487428       0.488881       0.490204       0.491397       0.492462       0.493407       0.494242       0.494977       0.495622       0.496186       0.496679       0.497109       0.497485       0.497811       0.498096       0.498343       0.498558       0.498745       0.498908       0.499049       0.499172       0.499279       0.499371       0.499452       0.499522       0.499582       0.499635       0.499681       0.499721       0.499756       0.499786       0.499812       0.499835       0.499855       0.499872       0.499887       0.499900       0.499912       0.499922       0.499930       0.499938       0.499945       0.499950       0.499955       0.499960       0.499964       0.499967       0.499970       0.499973       0.499975       0.499977       0.499978       0.499980       0.499981       0.499982       0.499983       0.499984       0.499984       0.499985       0.499985       0.499985       0.499985       0.499985       0.499985       0.499985       0.499984       0.499984       0.499983       0.499982       0.499981       0.499980       0.499978       0.499977       0.499975       0.499973       0.499970       0.499967       0.499964       0.499960       0.499955       0.499950       0.499945       0.499938       0.499930       0.499922       0.499912       0.499900       0.499887       0.499872       0.499855       0.499835       0.499812       0.499786       0.499756       0.499721       0.499681       0.499635       0.499582       0.499522       0.499452       0.499371       0.499279       0.499172       0.499049       0.498908       0.498745       0.498558       0.498343       0.498096       0.497811       0.497485       0.497109       0.496679       0.496186       0.495622       0.494977       0.494242       0.493407       0.492462       0.491397       0.490204       0.488881       0.487428       0.485857       0.484192       0.482478       0.480784       0.479212       0.477894       0.476991       0.476664       0.477022       0.478058       0.479568       0.481123       0.482115       0.481900       0.479995       0.476323       0.471510       0.467314       0.467314
       0.467315       0.467315       0.471510       0.476323       0.479995       0.481900       0.482115       0.481123       0.479568       0.478058       0.477022       0.476663       0.476991       0.477894       0.479211       0.480784       0.482477       0.484191       0.485856       0.487427       0.488879       0.490203       0.491395       0.492460       0.493405       0.494240       0.494975       0.495619       0.496184       0.496677       0.497107       0.497482       0.497809       0.498093       0.498340       0.498556       0.498743       0.498905       0.499046       0.499169       0.499276       0.499368       0.499449       0.499519       0.499580       0.499633       0.499678       0.499718       0.499753       0.499783       0.499810       0.499832       0.499852       0.499870       0.499885       0.499898       0.499909       0.499920       0.499928       0.499936       0.499943       0.499948       0.499954       0.499958       0.499962       0.499965       0.499968       0.499971       0.499973       0.499975       0.499977       0.499978       0.499980       0.499981       0.499982       0.499982       0.499983       0.499983       0.499984       0.499984       0.499984       0.499984       0.499984       0.499983       0.499983       0.499982       0.499982       0.499981       0.499980       0.499978       0.499977       0.499975       0.499973       0.499971       0.499968       0.499965       0.499962       0.499958       0.499954       0.499948       0.499943       0.499936       0.499928       0.499920       0.499909       0.499898       0.499885       0.499870       0.499852       0.499832       0.499810       0.499783       0.499753       0.499718       0.499678       0.499633       0.499580       0.499519       0.499449       0.499368       0.499276       0.499169       0.499046       0.498905       0.498743       0.498556       0.498340       0.498093       0.497809       0.497482       0.497107       0.496677       0.496184       0.495619       0.494975       0.494240       0.493405       0.492460       0.491395       0.490203       0.488879       0.487427       0.485856       0.484191       0.482477       0.480784       0.479211       0.477894       0.476991       0.476663       0.477022       0.478058       0.479568       0.481123       0.482115       0.481900       0.479995       0.476323       0.471510       0.467315       0.467315
       0.467315       0.467315       0.471510       0.476323       0.479995       0.481900       0.482115       0.481123       0.479568       0.478058       0.477022       0.476663       0.476990       0.477893       0.479210       0.480783       0.482476       0.484190       0.485854       0.487425       0.488878       0.490201       0.491393       0.492458       0.493403       0.494238       0.494973       0.495617       0.496181       0.496674       0.497104       0.497479       0.497806       0.498090       0.498337       0.498553       0.498740       0.498902       0.499043       0.499166       0.499273       0.499365       0.499446       0.499516       0.499577       0.499629       0.499675       0.499715       0.499750       0.499780       0.499807       0.499830       0.499850       0.499867       0.499882       0.499895       0.499907       0.499917       0.499926       0.499933       0.499940       0.499946       0.499951       0.499956       0.499960       0.499963       0.499966       0.499969       0.499971       0.499973       0.499975       0.499977       0.499978       0.499979       0.499980       0.499981       0.499981       0.499982       0.499982       0.499982       0.499982       0.499982       0.499982       0.499982       0.499981       0.499981       0.499980       0.499979       0.499978       0.499977       0.499975       0.499973       0.499971       0.499969       0.499966       0.499963       0.499960       0.499956       0.499951       0.499946       0.499940       0.499933       0.499926       0.499917       0.499907       0.499895       0.499882       0.499867       0.499850       0.499830       0.499807       0.499780       0.499750       0.499715       0.499675       0.499629       0.499577       0.499516       0.499446       0.499365       0.499273       0.499166       0.499043       0.498902       0.498740       0.498553       0.498337       0.498090       0.497806       0.497479       0.497104       0.496674       0.496181       0.495617       0.494973       0.494238       0.493403       0.492458       0.491393       0.490201       0.488878       0.487425       0.485854       0.484190       0.482476       0.480783       0.479210       0.477893       0.476990       0.476663       0.477022       0.478058       0.479568       0.481123       0.482115       0.481900       0.479995       0.476323       0.471510       0.467315       0.467315
       0.467315       0.467315       0.471510       0.476323       0.479995       0.481900       0.482115       0.481123       0.479568       0.478058       0.477021       0.476662       0.476990       0.477892       0.479209       0.480782       0.482475       0.484189       0.485853       0.487423       0.488876       0.490199       0.491391       0.492456       0.493401       0.494235       0.494970       0.495614       0.496178       0.496671       0.497101       0.497476       0.497803       0.498087       0.498334       0.498549       0.498736       0.498898       0.499040       0.499162       0.499269       0.499362       0.499442       0.499512       0.499573       0.499626       0.499672       0.499712       0.499747       0.499777       0.499803       0.499826       0.499846       0.499864       0.499879       0.499892       0.499904       0.499914       0.499923       0.499931       0.499938       0.499943       0.499949       0.499953       0.499957       0.499961       0.499964       0.499967       0.499969       0.499971       0.499973       0.499975       0.499976       0.499977       0.499978       0.499979       0.499979       0.499980       0.499980       0.499980       0.499981       0.499980       0.499980       0.499980       0.499979       0.499979       0.499978       0.499977       0.499976       0.499975       0.499973       0.499971       0.499969       0.499967       0.499964       0.499961       0.499957       0.499953       0.499949       0.499943       0.499938       0.499931       0.499923       0.499914       0.499904       0.499892       0.499879       0.499864       0.499846       0.499826       0.499803       0.499777       0.499747       0.499712       0.499672       0.499626       0.499573       0.499512       0.499442       0.499362       0.499269       0.499162       0.499040       0.498898       0.498736       0.498549       0.498334       0.498087       0.497803       0.497476       0.497101       0.496671       0.496178       0.495614       0.494970       0.494235       0.493401       0.492456       0.491391       0.490199       0.488876       0.487423       0.485853       0.484189       0.482475       0.480782       0.479209       0.477892       0.476990       0.476662       0.477021       0.478058       0.479568       0.481123       0.482115       0.481900       0.479995       0.476323       0.471510       0.467315       0.467315
       0.467315       0.467315       0.471510       0.476323       0.479995       0.481900       0.482115       0.481123       0.479568       0.478057       0.477021       0.476662       0.476989       0.477891       0.479208       0.480780       0.482474       0.484187       0.485851       0.487421       0.488874       0.490197       0.491388       0.492453       0.493398       0.494232       0.494967       0.495611       0.496175       0.496668       0.497097       0.497472       0.497799       0.498083       0.498330       0.498545       0.498732       0.498894       0.499035       0.499158       0.499265       0.499357       0.499438       0.499508       0.499569       0.499622       0.499668       0.499708       0.499743       0.499773       0.499799       0.499822       0.499843       0.499860       0.499875       0.499889       0.499900       0.499911       0.499920       0.499928       0.499934       0.499940       0.499946       0.499950       0.499955       0.499958       0.499961       0.499964       0.499967       0.499969       0.499971       0.499972       0.499974       0.499975       0.499976       0.499977       0.499977       0.499978       0.499978       0.499978       0.499978       0.499978       0.499978       0.499978       0.499977       0.499977       0.499976       0.499975       0.499974       0.499972       0.499971       0.499969       0.499967       0.499964       0.499961       0.499958       0.499955       0.499950       0.499946       0.499940       0.499934       0.499928       0.499920       0.499911       0.499900       0.499889       0.499875       0.499860       0.499843       0.499822       0.499799       0.499773       0.499743       0.499708       0.499668       0.499622       0.499569       0.499508       0.499438       0.499357       0.499265       0.499158       0.499035       0.498894       0.498732       0.498545       0.498330       0.498083       0.497799       0.497472       0.497097       0.496668       0.496175       0.495611       0.494967       0.494232       0.493398       0.492453       0.491388       0.490197       0.488874       0.487421       0.485851       0.484187       0.482474       0.480780       0.479208       0.477891       0.476989       0.476662       0.477021       0.478057       0.479568       0.481123       0.482115       0.481900       0.479995       0.476323       0.471510       0.467315       0.467315
       0.467315       0.467315       0.471510       0.476323       0.479995       0.481900       0.482115       0.481122       0.479567       0.478057       0.477020       0.476661       0.476988       0.477890       0.479207       0.480779       0.482472       0.484185       0.485849       0.487419       0.488871       0.490194       0.491385       0.492450       0.493394       0.494229       0.494963       0.495607       0.496171       0.496663       0.497093       0.497468       0.497794       0.498078       0.498325       0.498540       0.498727       0.498889       0.499031       0.499153       0.499260       0.499352       0.499433       0.499503       0.499564       0.499617       0.499663       0.499703       0.499738       0.499768       0.499795       0.499818       0.499838       0.499856       0.499871       0.499885       0.499896       0.499907       0.499916       0.499924       0.499931       0.499937       0.499942       0.499947       0.499951       0.499955       0.499958       0.499961       0.499964       0.499966       0.499968       0.499970       0.499971       0.499972       0.499973       0.499974       0.499975       0.499975       0.499976       0.499976       0.499976       0.499976       0.499976       0.499975       0.499975       0.499974       0.499973       0.499972       0.499971       0.499970       0.499968       0.499966       0.499964       0.499961       0.499958       0.499955       0.499951       0.499947       0.499942       0.499937       0.499931       0.499924       0.499916       0.499907       0.499896       0.499885       0.499871       0.499856       0.499838       0.499818       0.499795       0.499768       0.499738       0.499703       0.499663       0.499617       0.499564       0.499503       0.499433       0.499352       0.499260       0.499153       0.499031       0.498889       0.498727       0.498540       0.498325       0.498078       0.497794       0.497468       0.497093       0.496663       0.496171       0.495607       0.494963       0.494229       0.493394       0.492450       0.491385       0.490194       0.488871       0.487419       0.485849       0.484185       0.482472       0.480779       0.479207       0.477890       0.476988       0.476661       0.477020       0.478057       0.479567       0.481122       0.482115       0.481900       0.479995       0.476323       0.471510       0.467315       0.467315
       0.467315       0.467315       0.471510       0.476323       0.479995       0.481900       0.482115       0.481122       0.479567       0.478056       0.477020       0.476660       0.476987       0.477889       0.479206       0.480777       0.482470       0.484183       0.485846       0.487416       0.488868       0.490191       0.491382       0.492446       0.493391       0.494225       0.494959       0.495603       0.496166       0.496659       0.497088       0.497463       0.497789       0.498073       0.498320       0.498535       0.498722       0.498884       0.499025       0.499148       0.499254       0.499347       0.499427       0.499497       0.499558       0.499611       0.499657       0.499698       0.499733       0.499763       0.499790       0.499813       0.499833       0.499851       0.499866       0.499880       0.499892       0.499902       0.499912       0.499920       0.499927       0.499933       0.499939       0.499943       0.499948       0.499952       0.499955       0.499958       0.499961       0.499963       0.499965       0.499967       0.499968       0.499969       0.499971       0.499971       0.499972       0.499973       0.499973       0.499973       0.499973       0.499973       0.499973       0.499973       0.499972       0.499971       0.499971       0.499969       0.499968       0.499967       0.499965       0.499963       0.499961       0.499958       0.499955       0.499952       0.499948       0.499943       0.499939       0.499933       0.499927       0.499920       0.499912       0.499902       0.499892       0.499880       0.499866       0.499851       0.499833       0.499813       0.499790       0.499763       0.499733       0.499698       0.499657       0.499611       0.499558       0.499497       0.499427       0.499347       0.499254       0.499148       0.499025       0.498884       0.498722       0.498535       0.498320       0.498073       0.497789       0.497463       0.497088       0.496659       0.496166       0.495603       0.494959       0.494225       0.493391       0.492446       0.491382       0.490191       0.488868       0.487416       0.485846       0.484183       0.482470       0.480777       0.479206       0.477889       0.476987       0.476660       0.477020       0.478056       0.479567       0.481122       0.482115       0.481900       0.479995       0.476323       0.471510       0.467315       0.467315
       0.467315       0.467315       0.471510       0.476323       0.479995       0.481900       0.482115       0.481122       0.479567       0.478056       0.477019       0.476660       0.476986       0.477888       0.479204       0.480775       0.482468       0.484180       0.485844       0.487413       0.488865       0.490187       0.491378       0.492442       0.493386       0.494220       0.494954       0.495597       0.496161       0.496653       0.497083       0.497457       0.497783       0.498067       0.498314       0.498528       0.498715       0.498877       0.499018       0.499141       0.499248       0.499340       0.499421       0.499491       0.499552       0.499605       0.499651       0.499691       0.499726       0.499757       0.499784       0.499807       0.499827       0.499845       0.499861       0.499875       0.499887       0.499897       0.499907       0.499915       0.499922       0.499928       0.499934       0.499939       0.499944       0.499948       0.499951       0.499954       0.499957       0.499959       0.499961       0.499963       0.499965       0.499966       0.499967       0.499968       0.499969       0.499970       0.499970       0.499970       0.499970       0.499970       0.499970       0.499970       0.499969       0.499968       0.499967       0.499966       0.499965       0.499963       0.499961       0.499959       0.499957       0.499954       0.499951       0.499948       0.499944       0.499939       0.499934       0.499928       0.499922       0.499915       0.499907       0.499897       0.499887       0.499875       0.499861       0.499845       0.499827       0.499807       0.499784       0.499757       0.499726       0.499691       0.499651       0.499605       0.499552       0.499491       0.499421       0.499340       0.499248       0.499141       0.499018       0.498877       0.498715       0.498528       0.498314       0.498067       0.497783       0.497457       0.497083       0.496653       0.496161       0.495597       0.494954       0.494220       0.493386       0.492442       0.491378       0.490187       0.488865       0.487413       0.485844       0.484180       0.482468       0.480775       0.479204       0.477888       0.476986       0.476660       0.477019       0.478056       0.479567       0.481122       0.482115       0.481900       0.479995       0.476323       0.471510       0.467315       0.467315
       0.467315       0.467315       0.471510       0.476323       0.479995       0.481900       0.482115       0.481122       0.479566       0.478055       0.477018       0.476658       0.476985       0.477886       0.479202       0.480773       0.482465       0.484178       0.485840       0.487410       0.488861       0.490183       0.491373       0.492437       0.493381       0.494215       0.494948       0.495591       0.496155       0.496647       0.497076       0.497450       0.497776       0.498060       0.498306       0.498521       0.498708       0.498870       0.499011       0.499133       0.499240       0.499333       0.499413       0.499483       0.499544       0.499597       0.499644       0.499684       0.499719       0.499750       0.499777       0.499800       0.499821       0.499839       0.499854       0.499868       0.499881       0.499891       0.499901       0.499909       0.499917       0.499923       0.499929       0.499934       0.499939       0.499943       0.499946       0.499950       0.499953       0.499955       0.499957       0.499959       0.499961       0.499962       0.499964       0.499965       0.499965       0.499966       0.499967       0.499967       0.499967       0.499967       0.499967       0.499966       0.499965       0.499965       0.499964       0.499962       0.499961       0.499959       0.499957       0.499955       0.499953       0.499950       0.499946       0.499943       0.499939       0.499934       0.499929       0.499923       0.499917       0.499909       0.499901       0.499891       0.499881       0.499868       0.499854       0.499839       0.499821       0.499800       0.499777       0.499750       0.499719       0.499684       0.499644       0.499597       0.499544       0.499483       0.499413       0.499333       0.499240       0.499133       0.499011       0.498870       0.498708       0.498521       0.498306       0.498060       0.497776       0.497450       0.497076       0.496647       0.496155       0.495591       0.494948       0.494215       0.493381       0.492437       0.491373       0.490183       0.488861       0.487410       0.485840       0.484178       0.482465       0.480773       0.479202       0.477886       0.476985       0.476658       0.477018       0.478055       0.479566       0.481122       0.482115       0.481900       0.479995       0.476323       0.471510       0.467315       0.467315
       0.467315       0.467315       0.471510       0.476323       0.479995       0.481899       0.482114       0.481121       0.479566       0.478055       0.477017       0.476657       0.476983       0.477884       0.479200       0.480771       0.482462       0.484174       0.485837       0.487406       0.488856       0.490178       0.491368       0.492431       0.493375       0.494208       0.494941       0.495584       0.496147       0.496639       0.497068       0.497442       0.497768       0.498051       0.498298       0.498512       0.498699       0.498861       0.499002       0.499125       0.499231       0.499324       0.499404       0.499474       0.499535       0.499589       0.499635       0.499675       0.499711       0.499742       0.499769       0.499792       0.499813       0.499831       0.499847       0.499861       0.499873       0.499884       0.499894       0.499903       0.499910       0.499917       0.499923       0.499928       0.499933       0.499938       0.499941       0.499945       0.499948       0.499950       0.499953       0.499955       0.499957       0.499958       0.499959       0.499961       0.499961       0.499962       0.499963       0.499963       0.499963       0.499963       0.499963       0.499962       0.499961       0.499961       0.499959       0.499958       0.499957       0.499955       0.499953       0.499950       0.499948       0.499945       0.499941       0.499938       0.499933       0.499928       0.499923       0.499917       0.499910       0.499903       0.499894       0.499884       0.499873       0.499861       0.499847       0.499831       0.499813       0.499792       0.499769       0.499742       0.499711       0.499675       0.499635       0.499589       0.499535       0.499474       0.499404       0.499324       0.499231       0.499125       0.499002       0.498861       0.498699       0.498512       0.498298       0.498051       0.497768       0.497442       0.497068       0.496639       0.496147       0.495584       0.494941       0.494208       0.493375       0.492431       0.491368       0.490178       0.488856       0.487406       0.485837       0.484174       0.482462       0.480771       0.479200       0.477884       0.476983       0.476657       0.477017       0.478055       0.479566       0.481121       0.482114       0.481899       0.479995       0.476323       0.471510       0.467315       0.467315
       0.467315       0.467315       0.471510       0.476323       0.479995       0.481899       0.482114       0.481121       0.479565       0.478054       0.477016       0.476656       0.476982       0.477882       0.479197       0.480768       0.482459       0.484170       0.485832       0.487401       0.488851       0.490172       0.491362       0.492425       0.493368       0.494201       0.494934       0.495576       0.496139       0.496630       0.497059       0.497433       0.497759       0.498042       0.498288       0.498503       0.498689       0.498851       0.498992       0.499114       0.499221       0.499313       0.499394       0.499464       0.499525       0.499579       0.499625       0.499666       0.499701       0.499732       0.499759       0.499783       0.499804       0.499822       0.499838       0.499853       0.499865       0.499877       0.499886       0.499895       0.499903       0.499910       0.499916       0.499922       0.499927       0.499931       0.499935       0.499939       0.499942       0.499945       0.499947       0.499950       0.499952       0.499953       0.499955       0.499956       0.499957       0.499958       0.499958       0.499958       0.499958       0.499958       0.499958       0.499958       0.499957       0.499956       0.499955       0.499953       0.499952       0.499950       0.499947       0.499945       0.499942       0.499939       0.499935       0.499931       0.499927       0.499922       0.499916       0.499910       0.499903       0.499895       0.499886       0.499877       0.499865       0.499853       0.499838       0.499822       0.499804       0.499783       0.499759       0.499732       0.499701       0.499666       0.499625       0.499579       0.499525       0.499464       0.499394       0.499313       0.499221       0.499114       0.498992       0.498851       0.498689       0.498503       0.498288       0.498042       0.497759       0.497433       0.497059       0.496630       0.496139       0.495576       0.494934       0.494201       0.493368       0.492425       0.491362       0.490172       0.488851       0.487401       0.485832       0.484170       0.482459       0.480768       0.479197       0.477882       0.476982       0.476656       0.477016       0.478054       0.479565       0.481121       0.482114       0.481899       0.479995       0.476323       0.471510       0.467315       0.467315
       0.467315       0.467315       0.471510       0.476323       0.479995       0.481899       0.482114       0.481120       0.479565       0.478053       0.477015       0.476654       0.476980       0.477880       0.479195       0.480764       0.482455       0.484166       0.485827       0.487395       0.488845       0.490165       0.491355       0.492417       0.493360       0.494192       0.494925       0.495567       0.496129       0.496620       0.497049       0.497422       0.497748       0.498031       0.498277       0.498491       0.498677       0.498839       0.498980       0.499102       0.499209       0.499301       0.499382       0.499452       0.499514       0.499567       0.499614       0.499654       0.499690       0.499721       0.499748       0.499772       0.499794       0.499812       0.499829       0.499843       0.499856       0.499868       0.499878       0.499887       0.499895       0.499902       0.499909       0.499914       0.499920       0.499924       0.499929       0.499932       0.499936       0.499939       0.499941       0.499944       0.499946       0.499948       0.499949       0.499951       0.499952       0.499952       0.499953       0.499953       0.499953       0.499953       0.499953       0.499952       0.499952       0.499951       0.499949       0.499948       0.499946       0.499944       0.499941       0.499939       0.499936       0.499932       0.499929       0.499924       0.499920       0.499914       0.499909       0.499902       0.499895       0.499887       0.499878       0.499868       0.499856       0.499843       0.499829       0.499812       0.499794       0.499772       0.499748       0.499721       0.499690       0.499654       0.499614       0.499567       0.499514       0.499452       0.499382       0.499301       0.499209       0.499102       0.498980       0.498839       0.498677       0.498491       0.498277       0.498031       0.497748       0.497422       0.497049       0.496620       0.496129       0.495567       0.494925       0.494192       0.493360       0.492417       0.491355       0.490165       0.488845       0.487395       0.485827       0.484166       0.482455       0.480764       0.479195       0.477880       0.476980       0.476654       0.477015       0.478053       0.479565       0.481120       0.482114       0.481899       0.479995       0.476323       0.471510       0.467315       0.467315
       0.467315       0.467315       0.471510       0.476323       0.479994       0.481899       0.482113       0.481120       0.479564       0.478052       0.477014       0.476652       0.476977       0.477877       0.479191       0.480760       0.482450       0.484161       0.485821       0.487389       0.488838       0.490158       0.491347       0.492408       0.493350       0.494182       0.494914       0.495556       0.496118       0.496609       0.497037       0.497410       0.497735       0.498018       0.498264       0.498478       0.498664       0.498825       0.498966       0.499089       0.499195       0.499288       0.499368       0.499439       0.499500       0.499553       0.499600       0.499641       0.499677       0.499708       0.499736       0.499760       0.499782       0.499800       0.499817       0.499832       0.499845       0.499857       0.499868       0.499877       0.499885       0.499893       0.499900       0.499906       0.499911       0.499916       0.499921       0.499925       0.499929       0.499932       0.499935       0.499937       0.499939       0.499941       0.499943       0.499944       0.499946       0.499946       0.499947       0.499947       0.499948       0.499947       0.499947       0.499946       0.499946       0.499944       0.499943       0.499941       0.499939       0.499937       0.499935       0.499932       0.499929       0.499925       0.499921       0.499916       0.499911       0.499906       0.499900       0.499893       0.499885       0.499877       0.499868       0.499857       0.499845       0.499832       0.499817       0.499800       0.499782       0.499760       0.499736       0.499708       0.499677       0.499641       0.499600       0.499553       0.499500       0.499439       0.499368       0.499288       0.499195       0.499089       0.498966       0.498825       0.498664       0.498478       0.498264       0.498018       0.497735       0.497410       0.497037       0.496609       0.496118       0.495556       0.494914       0.494182       0.493350       0.492408       0.491347       0.490158       0.488838       0.487389       0.485821       0.484161       0.482450       0.480760       0.479191       0.477877       0.476977       0.476652       0.477014       0.478052       0.479564       0.481120       0.482113       0.481899       0.479994       0.476323       0.471510       0.467315       0.467315
       0.467315       0.467315       0.471510       0.476323       0.479994       0.481899       0.482113       0.481119       0.479563       0.478051       0.477012       0.476650       0.476975       0.477874       0.479187       0.480756       0.482445       0.484154       0.485815       0.487381       0.488830       0.490149       0.491337       0.492398       0.493340       0.494171       0.494902       0.495544       0.496105       0.496595       0.497023       0.497396       0.497720       0.498003       0.498248       0.498462       0.498648       0.498810       0.498950       0.499073       0.499179       0.499272       0.499352       0.499423       0.499484       0.499538       0.499585       0.499626       0.499662       0.499694       0.499721       0.499746       0.499768       0.499787       0.499804       0.499819       0.499833       0.499845       0.499856       0.499866       0.499874       0.499882       0.499890       0.499896       0.499902       0.499907       0.499912       0.499916       0.499920       0.499924       0.499927       0.499930       0.499932       0.499934       0.499936       0.499938       0.499939       0.499940       0.499940       0.499941       0.499941       0.499941       0.499940       0.499940       0.499939       0.499938       0.499936       0.499934       0.499932       0.499930       0.499927       0.499924       0.499920       0.499916       0.499912       0.499907       0.499902       0.499896       0.499890       0.499882       0.499874       0.499866       0.499856       0.499845       0.499833       0.499819       0.499804       0.499787       0.499768       0.499746       0.499721       0.499694       0.499662       0.499626       0.499585       0.499538       0.499484       0.499423       0.499352       0.499272       0.499179       0.499073       0.498950       0.498810       0.498648       0.498462       0.498248       0.498003       0.497720       0.497396       0.497023       0.496595       0.496105       0.495544       0.494902       0.494171       0.493340       0.492398       0.491337       0.490149       0.488830       0.487381       0.485815       0.484154       0.482445       0.480756       0.479187       0.477874       0.476975       0.476650       0.477012       0.478051       0.479563       0.481119       0.482113       0.481899       0.479994       0.476323       0.471510       0.467315       0.467315
       0.467315       0.467315       0.471510       0.476323       0.479994       0.481898       0.482112       0.481118       0.479562       0.478049       0.477010       0.476648       0.476971       0.477870       0.479183       0.480750       0.482439       0.484147       0.485807       0.487372       0.488820       0.490139       0.491326       0.492386       0.493327       0.494158       0.494888       0.495529       0.496090       0.496580       0.497007       0.497379       0.497703       0.497985       0.498231       0.498444       0.498630       0.498791       0.498932       0.499054       0.499160       0.499253       0.499334       0.499404       0.499466       0.499520       0.499567       0.499608       0.499645       0.499677       0.499705       0.499730       0.499752       0.499771       0.499789       0.499805       0.499819       0.499831       0.499842       0.499853       0.499862       0.499870       0.499878       0.499885       0.499891       0.499897       0.499902       0.499907       0.499911       0.499915       0.499918       0.499921       0.499924       0.499926       0.499928       0.499930       0.499931       0.499932       0.499933       0.499933       0.499933       0.499933       0.499933       0.499932       0.499931       0.499930       0.499928       0.499926       0.499924       0.499921       0.499918       0.499915       0.499911       0.499907       0.499902       0.499897       0.499891       0.499885       0.499878       0.499870       0.499862       0.499853       0.499842       0.499831       0.499819       0.499805       0.499789       0.499771       0.499752       0.499730       0.499705       0.499677       0.499645       0.499608       0.499567       0.499520       0.499466       0.499404       0.499334       0.499253       0.499160       0.499054       0.498932       0.498791       0.498630       0.498444       0.498231       0.497985       0.497703       0.497379       0.497007       0.496580       0.496090       0.495529       0.494888       0.494158       0.493327       0.492386       0.491326       0.490139       0.488820       0.487372       0.485807       0.484147       0.482439       0.480750       0.479183       0.477870       0.476971       0.476648       0.477010       0.478049       0.479562       0.481118       0.482112       0.481898       0.479994       0.476323       0.471510       0.467315       0.467315
       0.467315       0.467315       0.471510       0.476322       0.479994       0.481898       0.482112       0.481118       0.479560       0.478047       0.477008       0.476645       0.476968       0.477865       0.479177       0.480744       0.482431       0.484139       0.485798       0.487362       0.488809       0.490127       0.491313       0.492372       0.493312       0.494142       0.494872       0.495512       0.496072       0.496561       0.496988       0.497360       0.497683       0.497965       0.498210       0.498423       0.498609       0.498770       0.498910       0.499032       0.499139       0.499231       0.499312       0.499383       0.499445       0.499499       0.499546       0.499588       0.499624       0.499657       0.499685       0.499711       0.499733       0.499753       0.499771       0.499788       0.499802       0.499815       0.499827       0.499838       0.499847       0.499856       0.499864       0.499872       0.499878       0.499885       0.499890       0.499895       0.499900       0.499904       0.499908       0.499911       0.499914       0.499917       0.499919       0.499921       0.499922       0.499923       0.499924       0.499925       0.499925       0.499925       0.499924       0.499923       0.499922       0.499921       0.499919       0.499917       0.499914       0.499911       0.499908       0.499904       0.499900       0.499895       0.499890       0.499885       0.499878       0.499872       0.499864       0.499856       0.499847       0.499838       0.499827       0.499815       0.499802       0.499788       0.499771       0.499753       0.499733       0.499711       0.499685       0.499657       0.499624       0.499588       0.499546       0.499499       0.499445       0.499383       0.499312       0.499231       0.499139       0.499032       0.498910       0.498770       0.498609       0.498423       0.498210       0.497965       0.497683       0.497360       0.496988       0.496561       0.496072       0.495512       0.494872       0.494142       0.493312       0.492372       0.491313       0.490127       0.488809       0.487362       0.485798       0.484139       0.482431       0.480744       0.479177       0.477865       0.476968       0.476645       0.477008       0.478047       0.479560       0.481118       0.482112       0.481898       0.479994       0.476322       0.471510       0.467315       0.467315
       0.467315       0.467315       0.471510       0.476322       0.479994       0.481897       0.482111       0.481116       0.479559       0.478045       0.477005       0.476641       0.476964       0.477860       0.479171       0.480737       0.482423       0.484130       0.485787       0.487351       0.488796       0.490113       0.491298       0.492357       0.493296       0.494124       0.494853       0.495493       0.496052       0.496540       0.496966       0.497337       0.497661       0.497942       0.498186       0.498399       0.498584       0.498745       0.498885       0.499007       0.499114       0.499206       0.499287       0.499358       0.499420       0.499474       0.499522       0.499564       0.499601       0.499634       0.499663       0.499689       0.499712       0.499733       0.499751       0.499768       0.499783       0.499797       0.499809       0.499821       0.499831       0.499840       0.499849       0.499857       0.499864       0.499871       0.499877       0.499882       0.499887       0.499892       0.499896       0.499900       0.499903       0.499906       0.499908       0.499911       0.499912       0.499914       0.499914       0.499915       0.499915       0.499915       0.499914       0.499914       0.499912       0.499911       0.499908       0.499906       0.499903       0.499900       0.499896       0.499892       0.499887       0.499882       0.499877       0.499871       0.499864       0.499857       0.499849       0.499840       0.499831       0.499821       0.499809       0.499797       0.499783       0.499768       0.499751       0.499733       0.499712       0.499689       0.499663       0.499634       0.499601       0.499564       0.499522       0.499474       0.499420       0.499358       0.499287       0.499206       0.499114       0.499007       0.498885       0.498745       0.498584       0.498399       0.498186       0.497942       0.497661       0.497337       0.496966       0.496540       0.496052       0.495493       0.494853       0.494124       0.493296       0.492357       0.491298       0.490113       0.488796       0.487351       0.485787       0.484130       0.482423       0.480737       0.479171       0.477860       0.476964       0.476641       0.477005       0.478045       0.479559       0.481116       0.482111       0.481897       0.479994       0.476322       0.471510       0.467315       0.467315
       0.467315       0.467315       0.471510       0.476322       0.479993       0.481897       0.482110       0.481115       0.479557       0.478043       0.477002       0.476637       0.476959       0.477854       0.479164       0.480728       0.482414       0.484119       0.485775       0.487337       0.488782       0.490097       0.491281       0.492338       0.493276       0.494104       0.494832       0.495470       0.496028       0.496516       0.496941       0.497311       0.497634       0.497915       0.498159       0.498371       0.498556       0.498717       0.498857       0.498978       0.499085       0.499177       0.499259       0.499329       0.499392       0.499446       0.499494       0.499537       0.499574       0.499608       0.499637       0.499664       0.499687       0.499709       0.499728       0.499745       0.499761       0.499776       0.499789       0.499801       0.499812       0.499822       0.499831       0.499840       0.499848       0.499855       0.499862       0.499868       0.499873       0.499878       0.499883       0.499887       0.499891       0.499894       0.499897       0.499899       0.499901       0.499902       0.499903       0.499904       0.499904       0.499904       0.499903       0.499902       0.499901       0.499899       0.499897       0.499894       0.499891       0.499887       0.499883       0.499878       0.499873       0.499868       0.499862       0.499855       0.499848       0.499840       0.499831       0.499822       0.499812       0.499801       0.499789       0.499776       0.499761       0.499745       0.499728       0.499709       0.499687       0.499664       0.499637       0.499608       0.499574       0.499537       0.499494       0.499446       0.499392       0.499329       0.499259       0.499177       0.499085       0.498978       0.498857       0.498717       0.498556       0.498371       0.498159       0.497915       0.497634       0.497311       0.496941       0.496516       0.496028       0.495470       0.494832       0.494104       0.493276       0.492338       0.491281       0.490097       0.488782       0.487337       0.485775       0.484119       0.482414       0.480728       0.479164       0.477854       0.476959       0.476637       0.477002       0.478043       0.479557       0.481115       0.482110       0.481897       0.479993       0.476322       0.471510       0.467315       0.467315
       0.467315       0.467315       0.471510       0.476322       0.479993       0.481896       0.482109       0.481114       0.479555       0.478040       0.476998       0.476633       0.476953       0.477847       0.479156       0.480719       0.482402       0.484106       0.485761       0.487322       0.488764       0.490078       0.491261       0.492317       0.493253       0.494080       0.494807       0.495444       0.496001       0.496488       0.496912       0.497281       0.497603       0.497883       0.498127       0.498338       0.498523       0.498683       0.498823       0.498945       0.499051       0.499144       0.499225       0.499296       0.499359       0.499414       0.499462       0.499505       0.499543       0.499577       0.499607       0.499635       0.499659       0.499681       0.499701       0.499719       0.499736       0.499751       0.499765       0.499778       0.499790       0.499801       0.499811       0.499820       0.499829       0.499837       0.499844       0.499851       0.499857       0.499863       0.499868       0.499872       0.499877       0.499880       0.499883       0.499886       0.499888       0.499890       0.499891       0.499891       0.499892       0.499891       0.499891       0.499890       0.499888       0.499886       0.499883       0.499880       0.499877       0.499872       0.499868       0.499863       0.499857       0.499851       0.499844       0.499837       0.499829       0.499820       0.499811       0.499801       0.499790       0.499778       0.499765       0.499751       0.499736       0.499719       0.499701       0.499681       0.499659       0.499635       0.499607       0.499577       0.499543       0.499505       0.499462       0.499414       0.499359       0.499296       0.499225       0.499144       0.499051       0.498945       0.498823       0.498683       0.498523       0.498338       0.498127       0.497883       0.497603       0.497281       0.496912       0.496488       0.496001       0.495444       0.494807       0.494080       0.493253       0.492317       0.491261       0.490078       0.488764       0.487322       0.485761       0.484106       0.482402       0.480719       0.479156       0.477847       0.476953       0.476633       0.476998       0.478040       0.479555       0.481114       0.482109       0.481896       0.479993       0.476322       0.471510       0.467315       0.467315
       0.467315       0.467315       0.471510       0.476322       0.479992       0.481895       0.482108       0.481112       0.479553       0.478037       0.476994       0.476628       0.476946       0.477839       0.479146       0.480707       0.482390       0.484092       0.485744       0.487303       0.488745       0.490057       0.491238       0.492292       0.493227       0.494052       0.494777       0.495413       0.495969       0.496455       0.496878       0.497246       0.497567       0.497846       0.498089       0.498301       0.498485       0.498645       0.498784       0.498906       0.499012       0.499105       0.499186       0.499258       0.499320       0.499376       0.499425       0.499468       0.499507       0.499542       0.499573       0.499601       0.499626       0.499649       0.499670       0.499689       0.499707       0.499723       0.499738       0.499752       0.499765       0.499777       0.499788       0.499798       0.499807       0.499816       0.499824       0.499832       0.499839       0.499845       0.499851       0.499856       0.499860       0.499864       0.499868       0.499871       0.499873       0.499875       0.499876       0.499877       0.499878       0.499877       0.499876       0.499875       0.499873       0.499871       0.499868       0.499864       0.499860       0.499856       0.499851       0.499845       0.499839       0.499832       0.499824       0.499816       0.499807       0.499798       0.499788       0.499777       0.499765       0.499752       0.499738       0.499723       0.499707       0.499689       0.499670       0.499649       0.499626       0.499601       0.499573       0.499542       0.499507       0.499468       0.499425       0.499376       0.499320       0.499258       0.499186       0.499105       0.499012       0.498906       0.498784       0.498645       0.498485       0.498301       0.498089       0.497846       0.497567       0.497246       0.496878       0.496455       0.495969       0.495413       0.494777       0.494052       0.493227       0.492292       0.491238       0.490057       0.488745       0.487303       0.485744       0.484092       0.482390       0.480707       0.479146       0.477839       0.476946       0.476628       0.476994       0.478037       0.479553       0.481112       0.482108       0.481895       0.479992       0.476322       0.471510       0.467315       0.467315
       0.467315       0.467315       0.471509       0.476321       0.479992       0.481894       0.482107       0.481110       0.479550       0.478033       0.476989       0.476621       0.476939       0.477830       0.479135       0.480694       0.482375       0.484075       0.485725       0.487283       0.488722       0.490032       0.491211       0.492263       0.493197       0.494020       0.494744       0.495378       0.495932       0.496416       0.496838       0.497206       0.497526       0.497804       0.498046       0.498257       0.498440       0.498600       0.498739       0.498860       0.498967       0.499060       0.499141       0.499213       0.499276       0.499332       0.499382       0.499426       0.499465       0.499501       0.499533       0.499562       0.499588       0.499612       0.499634       0.499655       0.499673       0.499691       0.499707       0.499722       0.499736       0.499749       0.499761       0.499772       0.499783       0.499792       0.499802       0.499810       0.499818       0.499825       0.499831       0.499837       0.499842       0.499847       0.499851       0.499854       0.499857       0.499859       0.499860       0.499861       0.499861       0.499861       0.499860       0.499859       0.499857       0.499854       0.499851       0.499847       0.499842       0.499837       0.499831       0.499825       0.499818       0.499810       0.499802       0.499792       0.499783       0.499772       0.499761       0.499749       0.499736       0.499722       0.499707       0.499691       0.499673       0.499655       0.499634       0.499612       0.499588       0.499562       0.499533       0.499501       0.499465       0.499426       0.499382       0.499332       0.499276       0.499213       0.499141       0.499060       0.498967       0.498860       0.498739       0.498600       0.498440       0.498257       0.498046       0.497804       0.497526       0.497206       0.496838       0.496416       0.495932       0.495378       0.494744       0.494020       0.493197       0.492263       0.491211       0.490032       0.488722       0.487283       0.485725       0.484075       0.482375       0.480694       0.479135       0.477830       0.476939       0.476621       0.476989       0.478033       0.479550       0.481110       0.482107       0.481894       0.479992       0.476321       0.471509       0.467315       0.467315
       0.467315       0.467315       0.471509       0.476321       0.479991       0.481893       0.482105       0.481108       0.479547       0.478029       0.476984       0.476614       0.476930       0.477819       0.479122       0.480679       0.482357       0.484055       0.485703       0.487258       0.488695       0.490003       0.491180       0.492230       0.493161       0.493983       0.494704       0.495337       0.495890       0.496372       0.496793       0.497159       0.497477       0.497755       0.497996       0.498206       0.498388       0.498548       0.498686       0.498808       0.498914       0.499007       0.499089       0.499161       0.499225       0.499281       0.499331       0.499376       0.499417       0.499453       0.499487       0.499517       0.499544       0.499570       0.499593       0.499615       0.499635       0.499653       0.499671       0.499687       0.499702       0.499717       0.499730       0.499743       0.499754       0.499765       0.499775       0.499785       0.499794       0.499802       0.499809       0.499815       0.499821       0.499826       0.499831       0.499835       0.499838       0.499840       0.499842       0.499843       0.499843       0.499843       0.499842       0.499840       0.499838       0.499835       0.499831       0.499826       0.499821       0.499815       0.499809       0.499802       0.499794       0.499785       0.499775       0.499765       0.499754       0.499743       0.499730       0.499717       0.499702       0.499687       0.499671       0.499653       0.499635       0.499615       0.499593       0.499570       0.499544       0.499517       0.499487       0.499453       0.499417       0.499376       0.499331       0.499281       0.499225       0.499161       0.499089       0.499007       0.498914       0.498808       0.498686       0.498548       0.498388       0.498206       0.497996       0.497755       0.497477       0.497159       0.496793       0.496372       0.495890       0.495337       0.494704       0.493983       0.493161       0.492230       0.491180       0.490003       0.488695       0.487258       0.485703       0.484055       0.482357       0.480679       0.479122       0.477819       0.476930       0.476614       0.476984       0.478029       0.479547       0.481108       0.482105       0.481893       0.479991       0.476321       0.471509       0.467315       0.467315
       0.467314       0.467314       0.471509       0.476320       0.479990       0.481892       0.482103       0.481105       0.479543       0.478024       0.476977       0.476606       0.476920       0.477807       0.479107       0.480662       0.482337       0.484033       0.485678       0.487230       0.488664       0.489970       0.491144       0.492192       0.493120       0.493939       0.494659       0.495289       0.495840       0.496321       0.496740       0.497104       0.497421       0.497697       0.497938       0.498147       0.498328       0.498487       0.498626       0.498747       0.498853       0.498946       0.499028       0.499101       0.499165       0.499222       0.499273       0.499319       0.499361       0.499399       0.499433       0.499464       0.499493       0.499520       0.499545       0.499568       0.499590       0.499610       0.499629       0.499647       0.499664       0.499680       0.499695       0.499709       0.499722       0.499734       0.499746       0.499756       0.499766       0.499775       0.499783       0.499791       0.499798       0.499803       0.499808       0.499813       0.499816       0.499819       0.499821       0.499822       0.499823       0.499822       0.499821       0.499819       0.499816       0.499813       0.499808       0.499803       0.499798       0.499791       0.499783       0.499775       0.499766       0.499756       0.499746       0.499734       0.499722       0.499709       0.499695       0.499680       0.499664       0.499647       0.499629       0.499610       0.499590       0.499568       0.499545       0.499520       0.499493       0.499464       0.499433       0.499399       0.499361       0.499319       0.499273       0.499222       0.499165       0.499101       0.499028       0.498946       0.498853       0.498747       0.498626       0.498487       0.498328       0.498147       0.497938       0.497697       0.497421       0.497104       0.496740       0.496321       0.495840       0.495289       0.494659       0.493939       0.493120       0.492192       0.491144       0.489970       0.488664       0.487230       0.485678       0.484033       0.482337       0.480662       0.479107       0.477807       0.476920       0.476606       0.476977       0.478024       0.479543       0.481105       0.482103       0.481892       0.479990       0.476320       0.471509       0.467314       0.467314
       0.467314       0.467314       0.471508       0.476319       0.479989       0.481890       0.482101       0.481102       0.479539       0.478019       0.476970       0.476597       0.476908       0.477793       0.479090       0.480642       0.482314       0.484007       0.485649       0.487198       0.488629       0.489931       0.491102       0.492147       0.493073       0.493889       0.494606       0.495234       0.495783       0.496261       0.496678       0.497041       0.497356       0.497631       0.497870       0.498078       0.498259       0.498417       0.498555       0.498676       0.498782       0.498875       0.498958       0.499031       0.499096       0.499154       0.499206       0.499253       0.499296       0.499335       0.499371       0.499404       0.499435       0.499463       0.499490       0.499515       0.499539       0.499561       0.499582       0.499602       0.499620       0.499638       0.499654       0.499670       0.499685       0.499699       0.499712       0.499724       0.499735       0.499745       0.499754       0.499763       0.499771       0.499777       0.499783       0.499788       0.499792       0.499795       0.499797       0.499799       0.499799       0.499799       0.499797       0.499795       0.499792       0.499788       0.499783       0.499777       0.499771       0.499763       0.499754       0.499745       0.499735       0.499724       0.499712       0.499699       0.499685       0.499670       0.499654       0.499638       0.499620       0.499602       0.499582       0.499561       0.499539       0.499515       0.499490       0.499463       0.499435       0.499404       0.499371       0.499335       0.499296       0.499253       0.499206       0.499154       0.499096       0.499031       0.498958       0.498875       0.498782       0.498676       0.498555       0.498417       0.498259       0.498078       0.497870       0.497631       0.497356       0.497041       0.496678       0.496261       0.495783       0.495234       0.494606       0.493889       0.493073       0.492147       0.491102       0.489931       0.488629       0.487198       0.485649       0.484007       0.482314       0.480642       0.479090       0.477793       0.476908       0.476597       0.476970       0.478019       0.479539       0.481102       0.482101       0.481890       0.479989       0.476319       0.471508       0.467314       0.467314
       0.467314       0.467314       0.471508       0.476319       0.479988       0.481889       0.482098       0.481098       0.479534       0.478012       0.476961       0.476586       0.476895       0.477776       0.479071       0.480619       0.482288       0.483976       0.485615       0.487160       0.488588       0.489886       0.491054       0.492096       0.493018       0.493831       0.494545       0.495170       0.495716       0.496192       0.496607       0.496967       0.497281       0.497554       0.497791       0.497998       0.498178       0.498335       0.498473       0.498593       0.498699       0.498793       0.498876       0.498949       0.499015       0.499075       0.499128       0.499177       0.499221       0.499262       0.499299       0.499334       0.499367       0.499398       0.499427       0.499454       0.499479       0.499504       0.499527       0.499549       0.499570       0.499589       0.499608       0.499626       0.499642       0.499658       0.499673       0.499686       0.499699       0.499711       0.499722       0.499731       0.499740       0.499748       0.499754       0.499760       0.499764       0.499768       0.499771       0.499772       0.499773       0.499772       0.499771       0.499768       0.499764       0.499760       0.499754       0.499748       0.499740       0.499731       0.499722       0.499711       0.499699       0.499686       0.499673       0.499658       0.499642       0.499626       0.499608       0.499589       0.499570       0.499549       0.499527       0.499504       0.499479       0.499454       0.499427       0.499398       0.499367       0.499334       0.499299       0.499262       0.499221       0.499177       0.499128       0.499075       0.499015       0.498949       0.498876       0.498793       0.498699       0.498593       0.498473       0.498335       0.498178       0.497998       0.497791       0.497554       0.497281       0.496967       0.496607       0.496192       0.495716       0.495170       0.494545       0.493831       0.493018       0.492096       0.491054       0.489886       0.488588       0.487160       0.485615       0.483976       0.482288       0.480619       0.479071       0.477776       0.476895       0.476586       0.476961       0.478012       0.479534       0.481098       0.482098       0.481889       0.479988       0.476319       0.471508       0.467314       0.467314
       0.467313       0.467313       0.471507       0.476318       0.479986       0.481887       0.482095       0.481094       0.479528       0.478004       0.476952       0.476573       0.476879       0.477757       0.479048       0.480593       0.482257       0.483942       0.485576       0.487117       0.488540       0.489835       0.490998       0.492036       0.492955       0.493764       0.494475       0.495096       0.495639       0.496112       0.496524       0.496882       0.497193       0.497464       0.497700       0.497905       0.498084       0.498241       0.498378       0.498498       0.498604       0.498698       0.498781       0.498855       0.498922       0.498983       0.499037       0.499088       0.499134       0.499177       0.499217       0.499254       0.499289       0.499322       0.499353       0.499383       0.499411       0.499438       0.499464       0.499488       0.499512       0.499534       0.499555       0.499575       0.499594       0.499612       0.499628       0.499644       0.499658       0.499672       0.499684       0.499695       0.499705       0.499714       0.499721       0.499728       0.499733       0.499737       0.499740       0.499742       0.499743       0.499742       0.499740       0.499737       0.499733       0.499728       0.499721       0.499714       0.499705       0.499695       0.499684       0.499672       0.499658       0.499644       0.499628       0.499612       0.499594       0.499575       0.499555       0.499534       0.499512       0.499488       0.499464       0.499438       0.499411       0.499383       0.499353       0.499322       0.499289       0.499254       0.499217       0.499177       0.499134       0.499088       0.499037       0.498983       0.498922       0.498855       0.498781       0.498698       0.498604       0.498498       0.498378       0.498241       0.498084       0.497905       0.497700       0.497464       0.497193       0.496882       0.496524       0.496112       0.495639       0.495096       0.494475       0.493764       0.492955       0.492036       0.490998       0.489835       0.488540       0.487117       0.485576       0.483942       0.482257       0.480593       0.479048       0.477757       0.476879       0.476573       0.476952       0.478004       0.479528       0.481094       0.482095       0.481887       0.479986       0.476318       0.471507       0.467313       0.467313
       0.467313       0.467313       0.471506       0.476317       0.479985       0.481884       0.482092       0.481090       0.479522       0.477996       0.476940       0.476559       0.476861       0.477735       0.479022       0.480562       0.482222       0.483901       0.485531       0.487067       0.488485       0.489775       0.490934       0.491967       0.492881       0.493686       0.494393       0.495010       0.495549       0.496019       0.496428       0.496783       0.497092       0.497360       0.497594       0.497798       0.497975       0.498131       0.498267       0.498387       0.498493       0.498587       0.498671       0.498746       0.498814       0.498876       0.498933       0.498985       0.499033       0.499078       0.499121       0.499161       0.499198       0.499234       0.499269       0.499301       0.499333       0.499363       0.499391       0.499419       0.499445       0.499470       0.499494       0.499517       0.499538       0.499559       0.499578       0.499596       0.499612       0.499627       0.499641       0.499654       0.499665       0.499676       0.499684       0.499692       0.499698       0.499703       0.499706       0.499708       0.499709       0.499708       0.499706       0.499703       0.499698       0.499692       0.499684       0.499676       0.499665       0.499654       0.499641       0.499627       0.499612       0.499596       0.499578       0.499559       0.499538       0.499517       0.499494       0.499470       0.499445       0.499419       0.499391       0.499363       0.499333       0.499301       0.499269       0.499234       0.499198       0.499161       0.499121       0.499078       0.499033       0.498985       0.498933       0.498876       0.498814       0.498746       0.498671       0.498587       0.498493       0.498387       0.498267       0.498131       0.497975       0.497798       0.497594       0.497360       0.497092       0.496783       0.496428       0.496019       0.495549       0.495010       0.494393       0.493686       0.492881       0.491967       0.490934       0.489775       0.488485       0.487067       0.485531       0.483901       0.482222       0.480562       0.479022       0.477735       0.476861       0.476559       0.476940       0.477996       0.479522       0.481090       0.482092       0.481884       0.479985       0.476317       0.471506       0.467313       0.467313
       0.467312       0.467312       0.471505       0.476315       0.479983       0.481881       0.482088       0.481084       0.479514       0.477986       0.476927       0.476542       0.476840       0.477710       0.478992       0.480527       0.482181       0.483855       0.485479       0.487009       0.488422       0.489706       0.490860       0.491887       0.492796       0.493596       0.494298       0.494911       0.495446       0.495911       0.496316       0.496668       0.496974       0.497239       0.497471       0.497672       0.497848       0.498003       0.498138       0.498258       0.498364       0.498458       0.498543       0.498619       0.498689       0.498752       0.498811       0.498865       0.498916       0.498964       0.499010       0.499053       0.499094       0.499133       0.499171       0.499207       0.499242       0.499276       0.499308       0.499339       0.499369       0.499397       0.499424       0.499450       0.499475       0.499498       0.499520       0.499540       0.499559       0.499577       0.499593       0.499607       0.499621       0.499632       0.499642       0.499651       0.499658       0.499663       0.499667       0.499669       0.499670       0.499669       0.499667       0.499663       0.499658       0.499651       0.499642       0.499632       0.499621       0.499607       0.499593       0.499577       0.499559       0.499540       0.499520       0.499498       0.499475       0.499450       0.499424       0.499397       0.499369       0.499339       0.499308       0.499276       0.499242       0.499207       0.499171       0.499133       0.499094       0.499053       0.499010       0.498964       0.498916       0.498865       0.498811       0.498752       0.498689       0.498619       0.498543       0.498458       0.498364       0.498258       0.498138       0.498003       0.497848       0.497672       0.497471       0.497239       0.496974       0.496668       0.496316       0.495911       0.495446       0.494911       0.494298       0.493596       0.492796       0.491887       0.490860       0.489706       0.488422       0.487009       0.485479       0.483855       0.482181       0.480527       0.478992       0.477710       0.476840       0.476542       0.476927       0.477986       0.479514       0.481084       0.482088       0.481881       0.479983       0.476315       0.471505       0.467312       0.467312
       0.467311       0.467311       0.471504       0.476314       0.479981       0.481878       0.482083       0.481078       0.479506       0.477974       0.476912       0.476523       0.476816       0.477681       0.478957       0.480486       0.482134       0.483801       0.485419       0.486943       0.488349       0.489626       0.490773       0.491794       0.492697       0.493492       0.494188       0.494795       0.495325       0.495786       0.496186       0.496534       0.496836       0.497099       0.497328       0.497527       0.497701       0.497854       0.497989       0.498108       0.498214       0.498308       0.498394       0.498472       0.498543       0.498609       0.498670       0.498727       0.498781       0.498832       0.498881       0.498928       0.498973       0.499016       0.499058       0.499099       0.499138       0.499175       0.499212       0.499247       0.499281       0.499313       0.499344       0.499374       0.499402       0.499429       0.499454       0.499477       0.499499       0.499519       0.499538       0.499554       0.499570       0.499583       0.499594       0.499604       0.499612       0.499619       0.499623       0.499626       0.499627       0.499626       0.499623       0.499619       0.499612       0.499604       0.499594       0.499583       0.499570       0.499554       0.499538       0.499519       0.499499       0.499477       0.499454       0.499429       0.499402       0.499374       0.499344       0.499313       0.499281       0.499247       0.499212       0.499175       0.499138       0.499099       0.499058       0.499016       0.498973       0.498928       0.498881       0.498832       0.498781       0.498727       0.498670       0.498609       0.498543       0.498472       0.498394       0.498308       0.498214       0.498108       0.497989       0.497854       0.497701       0.497527       0.497328       0.497099       0.496836       0.496534       0.496186       0.495786       0.495325       0.494795       0.494188       0.493492       0.492697       0.491794       0.490773       0.489626       0.488349       0.486943       0.485419       0.483801       0.482134       0.480486       0.478957       0.477681       0.476816       0.476523       0.476912       0.477974       0.479506       0.481078       0.482083       0.481878       0.479981       0.476314       0.471504       0.467311       0.467311
       0.467310       0.467310       0.471503       0.476312       0.479978       0.481875       0.482078       0.481070       0.479496       0.477961       0.476895       0.476501       0.476789       0.477647       0.478917       0.480439       0.482080       0.483740       0.485350       0.486866       0.488264       0.489534       0.490674       0.491687       0.492583       0.493371       0.494060       0.494662       0.495185       0.495641       0.496036       0.496379       0.496677       0.496936       0.497161       0.497358       0.497530       0.497681       0.497815       0.497933       0.498039       0.498135       0.498221       0.498301       0.498374       0.498442       0.498506       0.498567       0.498624       0.498679       0.498732       0.498784       0.498833       0.498881       0.498928       0.498973       0.499017       0.499060       0.499102       0.499142       0.499180       0.499217       0.499253       0.499287       0.499319       0.499349       0.499378       0.499405       0.499430       0.499454       0.499475       0.499494       0.499512       0.499527       0.499540       0.499552       0.499561       0.499568       0.499573       0.499577       0.499578       0.499577       0.499573       0.499568       0.499561       0.499552       0.499540       0.499527       0.499512       0.499494       0.499475       0.499454       0.499430       0.499405       0.499378       0.499349       0.499319       0.499287       0.499253       0.499217       0.499180       0.499142       0.499102       0.499060       0.499017       0.498973       0.498928       0.498881       0.498833       0.498784       0.498732       0.498679       0.498624       0.498567       0.498506       0.498442       0.498374       0.498301       0.498221       0.498135       0.498039       0.497933       0.497815       0.497681       0.497530       0.497358       0.497161       0.496936       0.496677       0.496379       0.496036       0.495641       0.495185       0.494662       0.494060       0.493371       0.492583       0.491687       0.490674       0.489534       0.488264       0.486866       0.485350       0.483740       0.482080       0.480439       0.478917       0.477647       0.476789       0.476501       0.476895       0.477961       0.479496       0.481070       0.482078       0.481875       0.479978       0.476312       0.471503       0.467310       0.467310
       0.467309       0.467309       0.471502       0.476310       0.479975       0.481870       0.482072       0.481062       0.479484       0.477946       0.476875       0.476476       0.476757       0.477609       0.478871       0.480385       0.482017       0.483669       0.485270       0.486777       0.488166       0.489427       0.490558       0.491564       0.492451       0.493231       0.493912       0.494506       0.495023       0.495472       0.495861       0.496199       0.496492       0.496746       0.496968       0.497161       0.497331       0.497480       0.497613       0.497731       0.497837       0.497933       0.498021       0.498102       0.498178       0.498249       0.498316       0.498381       0.498443       0.498502       0.498560       0.498617       0.498672       0.498726       0.498778       0.498829       0.498879       0.498927       0.498975       0.499020       0.499064       0.499107       0.499148       0.499187       0.499224       0.499259       0.499292       0.499323       0.499352       0.499379       0.499404       0.499426       0.499446       0.499464       0.499479       0.499492       0.499503       0.499511       0.499517       0.499521       0.499522       0.499521       0.499517       0.499511       0.499503       0.499492       0.499479       0.499464       0.499446       0.499426       0.499404       0.499379       0.499352       0.499323       0.499292       0.499259       0.499224       0.499187       0.499148       0.499107       0.499064       0.499020       0.498975       0.498927       0.498879       0.498829       0.498778       0.498726       0.498672       0.498617       0.498560       0.498502       0.498443       0.498381       0.498316       0.498249       0.498178       0.498102       0.498021       0.497933       0.497837       0.497731       0.497613       0.497480       0.497331       0.497161       0.496968       0.496746       0.496492       0.496199       0.495861       0.495472       0.495023       0.494506       0.493912       0.493231       0.492451       0.491564       0.490558       0.489427       0.488166       0.486777       0.485270       0.483669       0.482017       0.480385       0.478871       0.477609       0.476757       0.476476       0.476875       0.477946       0.479484       0.481062       0.482072       0.481870       0.479975       0.476310       0.471502       0.467309       0.467309
       0.467308       0.467308       0.471500       0.476308       0.479972       0.481865       0.482065       0.481052       0.479471       0.477928       0.476852       0.476447       0.476721       0.477565       0.478818       0.480322       0.481945       0.483587       0.485177       0.486674       0.488053       0.489304       0.490425       0.491420       0.492298       0.493068       0.493741       0.494326       0.494835       0.495276       0.495658       0.495990       0.496277       0.496526       0.496743       0.496933       0.497100       0.497247       0.497378       0.497495       0.497601       0.497698       0.497788       0.497871       0.497950       0.498024       0.498096       0.498165       0.498232       0.498297       0.498361       0.498424       0.498485       0.498546       0.498605       0.498663       0.498719       0.498775       0.498829       0.498881       0.498932       0.498980       0.499027       0.499072       0.499115       0.499156       0.499194       0.499230       0.499263       0.499294       0.499322       0.499348       0.499371       0.499392       0.499410       0.499425       0.499437       0.499447       0.499454       0.499458       0.499459       0.499458       0.499454       0.499447       0.499437       0.499425       0.499410       0.499392       0.499371       0.499348       0.499322       0.499294       0.499263       0.499230       0.499194       0.499156       0.499115       0.499072       0.499027       0.498980       0.498932       0.498881       0.498829       0.498775       0.498719       0.498663       0.498605       0.498546       0.498485       0.498424       0.498361       0.498297       0.498232       0.498165       0.498096       0.498024       0.497950       0.497871       0.497788       0.497698       0.497601       0.497495       0.497378       0.497247       0.497100       0.496933       0.496743       0.496526       0.496277       0.495990       0.495658       0.495276       0.494835       0.494326       0.493741       0.493068       0.492298       0.491420       0.490425       0.489304       0.488053       0.486674       0.485177       0.483587       0.481945       0.480322       0.478818       0.477565       0.476721       0.476447       0.476852       0.477928       0.479471       0.481052       0.482065       0.481865       0.479972       0.476308       0.471500       0.467308       0.467308
       0.467306       0.467306       0.471498       0.476305       0.479968       0.481860       0.482057       0.481042       0.479456       0.477908       0.476826       0.476413       0.476679       0.477514       0.478757       0.480251       0.481862       0.483492       0.485071       0.486556       0.487923       0.489162       0.490271       0.491255       0.492121       0.492880       0.493542       0.494118       0.494617       0.495049       0.495423       0.495747       0.496027       0.496270       0.496482       0.496667       0.496830       0.496975       0.497104       0.497221       0.497327       0.497425       0.497517       0.497603       0.497685       0.497764       0.497840       0.497915       0.497988       0.498060       0.498131       0.498201       0.498270       0.498338       0.498405       0.498471       0.498536       0.498599       0.498661       0.498721       0.498779       0.498835       0.498890       0.498941       0.498991       0.499038       0.499082       0.499123       0.499162       0.499198       0.499230       0.499260       0.499287       0.499311       0.499331       0.499349       0.499363       0.499374       0.499382       0.499387       0.499388       0.499387       0.499382       0.499374       0.499363       0.499349       0.499331       0.499311       0.499287       0.499260       0.499230       0.499198       0.499162       0.499123       0.499082       0.499038       0.498991       0.498941       0.498890       0.498835       0.498779       0.498721       0.498661       0.498599       0.498536       0.498471       0.498405       0.498338       0.498270       0.498201       0.498131       0.498060       0.497988       0.497915       0.497840       0.497764       0.497685       0.497603       0.497517       0.497425       0.497327       0.497221       0.497104       0.496975       0.496830       0.496667       0.496482       0.496270       0.496027       0.495747       0.495423       0.495049       0.494617       0.494118       0.493542       0.492880       0.492121       0.491255       0.490271       0.489162       0.487923       0.486556       0.485071       0.483492       0.481862       0.480251       0.478757       0.477514       0.476679       0.476413       0.476826       0.477908       0.479456       0.481042       0.482057       0.481860       0.479968       0.476305       0.471498       0.467306       0.467306
       0.467304       0.467304       0.471496       0.476302       0.479964       0.481854       0.482048       0.481029       0.479439       0.477885       0.476796       0.476375       0.476632       0.477455       0.478687       0.480168       0.481767       0.483383       0.484948       0.486420       0.487773       0.488998       0.490093       0.491063       0.491916       0.492663       0.493312       0.493876       0.494364       0.494785       0.495149       0.495464       0.495736       0.495972       0.496178       0.496358       0.496517       0.496659       0.496786       0.496902       0.497009       0.497108       0.497202       0.497291       0.497377       0.497461       0.497544       0.497625       0.497705       0.497785       0.497864       0.497943       0.498021       0.498098       0.498174       0.498250       0.498324       0.498397       0.498468       0.498537       0.498604       0.498669       0.498732       0.498792       0.498849       0.498903       0.498954       0.499002       0.499047       0.499088       0.499126       0.499160       0.499191       0.499219       0.499242       0.499262       0.499279       0.499292       0.499301       0.499306       0.499308       0.499306       0.499301       0.499292       0.499279       0.499262       0.499242       0.499219       0.499191       0.499160       0.499126       0.499088       0.499047       0.499002       0.498954       0.498903       0.498849       0.498792       0.498732       0.498669       0.498604       0.498537       0.498468       0.498397       0.498324       0.498250       0.498174       0.498098       0.498021       0.497943       0.497864       0.497785       0.497705       0.497625       0.497544       0.497461       0.497377       0.497291       0.497202       0.497108       0.497009       0.496902       0.496786       0.496659       0.496517       0.496358       0.496178       0.495972       0.495736       0.495464       0.495149       0.494785       0.494364       0.493876       0.493312       0.492663       0.491916       0.491063       0.490093       0.488998       0.487773       0.486420       0.484948       0.483383       0.481767       0.480168       0.478687       0.477455       0.476632       0.476375       0.476796       0.477885       0.479439       0.481029       0.482048       0.481854       0.479964       0.476302       0.471496       0.467304       0.467304
       0.467302       0.467302       0.471493       0.476299       0.479959       0.481846       0.482038       0.481015       0.479420       0.477859       0.476762       0.476331       0.476577       0.477388       0.478606       0.480074       0.481657       0.483258       0.484807       0.486262       0.487599       0.488808       0.489887       0.490841       0.491679       0.492410       0.493046       0.493595       0.494070       0.494479       0.494832       0.495136       0.495398       0.495626       0.495825       0.495999       0.496153       0.496291       0.496416       0.496531       0.496638       0.496739       0.496835       0.496929       0.497020       0.497110       0.497200       0.497289       0.497377       0.497466       0.497555       0.497644       0.497733       0.497821       0.497908       0.497995       0.498080       0.498164       0.498246       0.498326       0.498404       0.498479       0.498551       0.498621       0.498687       0.498749       0.498808       0.498864       0.498916       0.498963       0.499007       0.499047       0.499083       0.499114       0.499142       0.499165       0.499184       0.499199       0.499210       0.499216       0.499218       0.499216       0.499210       0.499199       0.499184       0.499165       0.499142       0.499114       0.499083       0.499047       0.499007       0.498963       0.498916       0.498864       0.498808       0.498749       0.498687       0.498621       0.498551       0.498479       0.498404       0.498326       0.498246       0.498164       0.498080       0.497995       0.497908       0.497821       0.497733       0.497644       0.497555       0.497466       0.497377       0.497289       0.497200       0.497110       0.497020       0.496929       0.496835       0.496739       0.496638       0.496531       0.496416       0.496291       0.496153       0.495999       0.495825       0.495626       0.495398       0.495136       0.494832       0.494479       0.494070       0.493595       0.493046       0.492410       0.491679       0.490841       0.489887       0.488808       0.487599       0.486262       0.484807       0.483258       0.481657       0.480074       0.478606       0.477388       0.476577       0.476331       0.476762       0.477859       0.479420       0.481015       0.482038       0.481846       0.479959       0.476299       0.471493       0.467302       0.467302
       0.467300       0.467300       0.471491       0.476295       0.479953       0.481838       0.482027       0.480998       0.479397       0.477829       0.476723       0.476281       0.476514       0.477311       0.478514       0.479965       0.481531       0.483114       0.484645       0.486081       0.487399       0.488589       0.489649       0.490585       0.491405       0.492118       0.492736       0.493270       0.493729       0.494124       0.494463       0.494754       0.495006       0.495223       0.495413       0.495580       0.495729       0.495863       0.495985       0.496099       0.496207       0.496310       0.496409       0.496508       0.496605       0.496702       0.496800       0.496898       0.496997       0.497097       0.497198       0.497299       0.497400       0.497501       0.497601       0.497701       0.497800       0.497896       0.497991       0.498084       0.498174       0.498261       0.498345       0.498425       0.498502       0.498574       0.498643       0.498707       0.498767       0.498822       0.498873       0.498919       0.498960       0.498996       0.499028       0.499055       0.499077       0.499094       0.499106       0.499114       0.499116       0.499114       0.499106       0.499094       0.499077       0.499055       0.499028       0.498996       0.498960       0.498919       0.498873       0.498822       0.498767       0.498707       0.498643       0.498574       0.498502       0.498425       0.498345       0.498261       0.498174       0.498084       0.497991       0.497896       0.497800       0.497701       0.497601       0.497501       0.497400       0.497299       0.497198       0.497097       0.496997       0.496898       0.496800       0.496702       0.496605       0.496508       0.496409       0.496310       0.496207       0.496099       0.495985       0.495863       0.495729       0.495580       0.495413       0.495223       0.495006       0.494754       0.494463       0.494124       0.493729       0.493270       0.492736       0.492118       0.491405       0.490585       0.489649       0.488589       0.487399       0.486081       0.484645       0.483114       0.481531       0.479965       0.478514       0.477311       0.476514       0.476281       0.476723       0.477829       0.479397       0.480998       0.482027       0.481838       0.479953       0.476295       0.471491       0.467300       0.467300
       0.467298       0.467298       0.471488       0.476290       0.479947       0.481829       0.482013       0.480980       0.479372       0.477795       0.476678       0.476224       0.476442       0.477223       0.478408       0.479840       0.481386       0.482948       0.484457       0.485872       0.487168       0.488336       0.489374       0.490289       0.491087       0.491780       0.492378       0.492892       0.493333       0.493711       0.494034       0.494311       0.494549       0.494755       0.494935       0.495093       0.495235       0.495365       0.495484       0.495597       0.495705       0.495810       0.495914       0.496018       0.496123       0.496229       0.496336       0.496446       0.496557       0.496670       0.496784       0.496899       0.497015       0.497131       0.497247       0.497363       0.497477       0.497589       0.497699       0.497806       0.497910       0.498011       0.498109       0.498202       0.498290       0.498374       0.498454       0.498528       0.498597       0.498661       0.498720       0.498773       0.498821       0.498863       0.498900       0.498931       0.498956       0.498976       0.498990       0.498998       0.499001       0.498998       0.498990       0.498976       0.498956       0.498931       0.498900       0.498863       0.498821       0.498773       0.498720       0.498661       0.498597       0.498528       0.498454       0.498374       0.498290       0.498202       0.498109       0.498011       0.497910       0.497806       0.497699       0.497589       0.497477       0.497363       0.497247       0.497131       0.497015       0.496899       0.496784       0.496670       0.496557       0.496446       0.496336       0.496229       0.496123       0.496018       0.495914       0.495810       0.495705       0.495597       0.495484       0.495365       0.495235       0.495093       0.494935       0.494755       0.494549       0.494311       0.494034       0.493711       0.493333       0.492892       0.492378       0.491780       0.491087       0.490289       0.489374       0.488336       0.487168       0.485872       0.484457       0.482948       0.481386       0.479840       0.478408       0.477223       0.476442       0.476224       0.476678       0.477795       0.479372       0.480980       0.482013       0.481829       0.479947       0.476290       0.471488       0.467298       0.467298
       0.467295       0.467295       0.471484       0.476285       0.479939       0.481818       0.481998       0.480959       0.479343       0.477756       0.476627       0.476158       0.476360       0.477122       0.478287       0.479696       0.481219       0.482757       0.484242       0.485631       0.486902       0.488044       0.489057       0.489946       0.490720       0.491389       0.491963       0.492455       0.492874       0.493231       0.493535       0.493795       0.494017       0.494210       0.494378       0.494526       0.494661       0.494784       0.494900       0.495012       0.495120       0.495229       0.495338       0.495449       0.495562       0.495678       0.495798       0.495920       0.496046       0.496174       0.496305       0.496437       0.496571       0.496705       0.496839       0.496973       0.497105       0.497235       0.497363       0.497487       0.497608       0.497726       0.497838       0.497946       0.498049       0.498147       0.498239       0.498325       0.498405       0.498479       0.498547       0.498608       0.498664       0.498712       0.498755       0.498790       0.498820       0.498843       0.498859       0.498869       0.498872       0.498869       0.498859       0.498843       0.498820       0.498790       0.498755       0.498712       0.498664       0.498608       0.498547       0.498479       0.498405       0.498325       0.498239       0.498147       0.498049       0.497946       0.497838       0.497726       0.497608       0.497487       0.497363       0.497235       0.497105       0.496973       0.496839       0.496705       0.496571       0.496437       0.496305       0.496174       0.496046       0.495920       0.495798       0.495678       0.495562       0.495449       0.495338       0.495229       0.495120       0.495012       0.494900       0.494784       0.494661       0.494526       0.494378       0.494210       0.494017       0.493795       0.493535       0.493231       0.492874       0.492455       0.491963       0.491389       0.490720       0.489946       0.489057       0.488044       0.486902       0.485631       0.484242       0.482757       0.481219       0.479696       0.478287       0.477122       0.476360       0.476158       0.476627       0.477756       0.479343       0.480959       0.481998       0.481818       0.479939       0.476285       0.471484       0.467295       0.467295
       0.467292       0.467292       0.471480       0.476280       0.479931       0.481807       0.481981       0.480935       0.479310       0.477711       0.476568       0.476083       0.476265       0.477006       0.478147       0.479532       0.481028       0.482538       0.483994       0.485354       0.486595       0.487707       0.488691       0.489550       0.490295       0.490935       0.491482       0.491947       0.492341       0.492674       0.492956       0.493195       0.493399       0.493575       0.493729       0.493866       0.493991       0.494108       0.494220       0.494330       0.494440       0.494552       0.494667       0.494786       0.494910       0.495039       0.495173       0.495311       0.495454       0.495601       0.495751       0.495904       0.496058       0.496213       0.496369       0.496524       0.496677       0.496828       0.496977       0.497122       0.497263       0.497399       0.497530       0.497655       0.497774       0.497887       0.497994       0.498094       0.498187       0.498272       0.498351       0.498422       0.498486       0.498542       0.498591       0.498632       0.498666       0.498692       0.498711       0.498722       0.498726       0.498722       0.498711       0.498692       0.498666       0.498632       0.498591       0.498542       0.498486       0.498422       0.498351       0.498272       0.498187       0.498094       0.497994       0.497887       0.497774       0.497655       0.497530       0.497399       0.497263       0.497122       0.496977       0.496828       0.496677       0.496524       0.496369       0.496213       0.496058       0.495904       0.495751       0.495601       0.495454       0.495311       0.495173       0.495039       0.494910       0.494786       0.494667       0.494552       0.494440       0.494330       0.494220       0.494108       0.493991       0.493866       0.493729       0.493575       0.493399       0.493195       0.492956       0.492674       0.492341       0.491947       0.491482       0.490935       0.490295       0.489550       0.488691       0.487707       0.486595       0.485354       0.483994       0.482538       0.481028       0.479532       0.478147       0.477006       0.476265       0.476083       0.476568       0.477711       0.479310       0.480935       0.481981       0.481807       0.479931       0.476280       0.471480       0.467292       0.467292
       0.467289       0.467289       0.471476       0.476274       0.479922       0.481793       0.481962       0.480907       0.479272       0.477661       0.476501       0.475997       0.476158       0.476874       0.477988       0.479343       0.480809       0.482287       0.483709       0.485035       0.486242       0.487319       0.488268       0.489093       0.489803       0.490410       0.490925       0.491358       0.491722       0.492027       0.492283       0.492498       0.492680       0.492836       0.492974       0.493097       0.493211       0.493321       0.493428       0.493536       0.493648       0.493764       0.493887       0.494016       0.494152       0.494296       0.494447       0.494604       0.494768       0.494936       0.495110       0.495286       0.495465       0.495646       0.495826       0.496007       0.496185       0.496361       0.496534       0.496703       0.496866       0.497025       0.497177       0.497322       0.497461       0.497592       0.497716       0.497831       0.497939       0.498038       0.498128       0.498211       0.498284       0.498349       0.498406       0.498453       0.498492       0.498523       0.498544       0.498557       0.498562       0.498557       0.498544       0.498523       0.498492       0.498453       0.498406       0.498349       0.498284       0.498211       0.498128       0.498038       0.497939       0.497831       0.497716       0.497592       0.497461       0.497322       0.497177       0.497025       0.496866       0.496703       0.496534       0.496361       0.496185       0.496007       0.495826       0.495646       0.495465       0.495286       0.495110       0.494936       0.494768       0.494604       0.494447       0.494296       0.494152       0.494016       0.493887       0.493764       0.493648       0.493536       0.493428       0.493321       0.493211       0.493097       0.492974       0.492836       0.492680       0.492498       0.492283       0.492027       0.491722       0.491358       0.490925       0.490410       0.489803       0.489093       0.488268       0.487319       0.486242       0.485035       0.483709       0.482287       0.480809       0.479343       0.477988       0.476874       0.476158       0.475997       0.476501       0.477661       0.479272       0.480907       0.481962       0.481793       0.479922       0.476274       0.471476       0.467289       0.467289
       0.467285       0.467285       0.471472       0.476267       0.479912       0.481778       0.481940       0.480876       0.479229       0.477603       0.476425       0.475899       0.476035       0.476723       0.477806       0.479127       0.480557       0.481998       0.483382       0.484669       0.485835       0.486872       0.487780       0.488564       0.489235       0.489802       0.490279       0.490675       0.491004       0.491276       0.491500       0.491686       0.491842       0.491976       0.492094       0.492201       0.492303       0.492403       0.492505       0.492612       0.492725       0.492847       0.492979       0.493120       0.493272       0.493433       0.493604       0.493784       0.493972       0.494167       0.494368       0.494573       0.494781       0.494991       0.495202       0.495412       0.495620       0.495825       0.496026       0.496222       0.496413       0.496597       0.496774       0.496943       0.497104       0.497256       0.497399       0.497533       0.497657       0.497772       0.497877       0.497972       0.498057       0.498132       0.498197       0.498252       0.498297       0.498332       0.498357       0.498372       0.498377       0.498372       0.498357       0.498332       0.498297       0.498252       0.498197       0.498132       0.498057       0.497972       0.497877       0.497772       0.497657       0.497533       0.497399       0.497256       0.497104       0.496943       0.496774       0.496597       0.496413       0.496222       0.496026       0.495825       0.495620       0.495412       0.495202       0.494991       0.494781       0.494573       0.494368       0.494167       0.493972       0.493784       0.493604       0.493433       0.493272       0.493120       0.492979       0.492847       0.492725       0.492612       0.492505       0.492403       0.492303       0.492201       0.492094       0.491976       0.491842       0.491686       0.491500       0.491276       0.491004       0.490675       0.490279       0.489802       0.489235       0.488564       0.487780       0.486872       0.485835       0.484669       0.483382       0.481998       0.480557       0.479127       0.477806       0.476723       0.476035       0.475899       0.476425       0.477603       0.479229       0.480876       0.481940       0.481778       0.479912       0.476267       0.471472       0.467285       0.467285
       0.467282       0.467282       0.471467       0.476260       0.479901       0.481761       0.481915       0.480841       0.479181       0.477538       0.476339       0.475788       0.475895       0.476550       0.477597       0.478880       0.480269       0.481667       0.483006       0.484247       0.485366       0.486356       0.487217       0.487954       0.488578       0.489099       0.489530       0.489883       0.490171       0.490403       0.490590       0.490742       0.490868       0.490975       0.491069       0.491157       0.491244       0.491333       0.491429       0.491534       0.491651       0.491779       0.491922       0.492078       0.492247       0.492430       0.492626       0.492833       0.493050       0.493276       0.493509       0.493748       0.493991       0.494236       0.494482       0.494727       0.494970       0.495209       0.495444       0.495672       0.495894       0.496108       0.496314       0.496510       0.496697       0.496873       0.497039       0.497194       0.497338       0.497471       0.497592       0.497702       0.497800       0.497887       0.497962       0.498025       0.498077       0.498117       0.498146       0.498163       0.498169       0.498163       0.498146       0.498117       0.498077       0.498025       0.497962       0.497887       0.497800       0.497702       0.497592       0.497471       0.497338       0.497194       0.497039       0.496873       0.496697       0.496510       0.496314       0.496108       0.495894       0.495672       0.495444       0.495209       0.494970       0.494727       0.494482       0.494236       0.493991       0.493748       0.493509       0.493276       0.493050       0.492833       0.492626       0.492430       0.492247       0.492078       0.491922       0.491779       0.491651       0.491534       0.491429       0.491333       0.491244       0.491157       0.491069       0.490975       0.490868       0.490742       0.490590       0.490403       0.490171       0.489883       0.489530       0.489099       0.488578       0.487954       0.487217       0.486356       0.485366       0.484247       0.483006       0.481667       0.480269       0.478880       0.477597       0.476550       0.475895       0.475788       0.476339       0.477538       0.479181       0.480841       0.481915       0.481761       0.479901       0.476260       0.471467       0.467282       0.467282
       0.467278       0.467278       0.471462       0.476252       0.479888       0.481742       0.481888       0.480802       0.479126       0.477463       0.476241       0.475661       0.475735       0.476353       0.477359       0.478598       0.479939       0.481287       0.482575       0.483762       0.484828       0.485763       0.486568       0.487249       0.487818       0.488285       0.488663       0.488965       0.489203       0.489388       0.489532       0.489644       0.489734       0.489808       0.489875       0.489940       0.490010       0.490087       0.490176       0.490279       0.490398       0.490536       0.490691       0.490865       0.491057       0.491266       0.491490       0.491730       0.491982       0.492245       0.492517       0.492795       0.493079       0.493365       0.493653       0.493939       0.494223       0.494502       0.494776       0.495043       0.495301       0.495550       0.495789       0.496017       0.496234       0.496439       0.496631       0.496810       0.496977       0.497130       0.497270       0.497397       0.497510       0.497610       0.497696       0.497769       0.497829       0.497876       0.497909       0.497929       0.497935       0.497929       0.497909       0.497876       0.497829       0.497769       0.497696       0.497610       0.497510       0.497397       0.497270       0.497130       0.496977       0.496810       0.496631       0.496439       0.496234       0.496017       0.495789       0.495550       0.495301       0.495043       0.494776       0.494502       0.494223       0.493939       0.493653       0.493365       0.493079       0.492795       0.492517       0.492245       0.491982       0.491730       0.491490       0.491266       0.491057       0.490865       0.490691       0.490536       0.490398       0.490279       0.490176       0.490087       0.490010       0.489940       0.489875       0.489808       0.489734       0.489644       0.489532       0.489388       0.489203       0.488965       0.488663       0.488285       0.487818       0.487249       0.486568       0.485763       0.484828       0.483762       0.482575       0.481287       0.479939       0.478598       0.477359       0.476353       0.475735       0.475661       0.476241       0.477463       0.479126       0.480802       0.481888       0.481742       0.479888       0.476252       0.471462       0.467278       0.467278
       0.467274       0.467274       0.471456       0.476243       0.479875       0.481721       0.481857       0.480758       0.479064       0.477379       0.476130       0.475517       0.475553       0.476129       0.477088       0.478275       0.479562       0.480852       0.482080       0.483206       0.484208       0.485079       0.485819       0.486436       0.486940       0.487344       0.487659       0.487900       0.488080       0.488210       0.488302       0.488367       0.488413       0.488449       0.488484       0.488522       0.488571       0.488634       0.488714       0.488816       0.488940       0.489087       0.489259       0.489454       0.489672       0.489912       0.490172       0.490450       0.490744       0.491051       0.491369       0.491695       0.492027       0.492363       0.492699       0.493034       0.493365       0.493692       0.494011       0.494322       0.494623       0.494913       0.495191       0.495456       0.495707       0.495945       0.496167       0.496375       0.496567       0.496744       0.496906       0.497052       0.497183       0.497298       0.497397       0.497482       0.497550       0.497604       0.497642       0.497665       0.497672       0.497665       0.497642       0.497604       0.497550       0.497482       0.497397       0.497298       0.497183       0.497052       0.496906       0.496744       0.496567       0.496375       0.496167       0.495945       0.495707       0.495456       0.495191       0.494913       0.494623       0.494322       0.494011       0.493692       0.493365       0.493034       0.492699       0.492363       0.492027       0.491695       0.491369       0.491051       0.490744       0.490450       0.490172       0.489912       0.489672       0.489454       0.489259       0.489087       0.488940       0.488816       0.488714       0.488634       0.488571       0.488522       0.488484       0.488449       0.488413       0.488367       0.488302       0.488210       0.488080       0.487900       0.487659       0.487344       0.486940       0.486436       0.485819       0.485079       0.484208       0.483206       0.482080       0.480852       0.479562       0.478275       0.477088       0.476129       0.475553       0.475517       0.476130       0.477379       0.479064       0.480758       0.481857       0.481721       0.479875       0.476243       0.471456       0.467274       0.467274
       0.467270       0.467270       0.471450       0.476233       0.479859       0.481698       0.481822       0.480707       0.478994       0.477284       0.476003       0.475354       0.475347       0.475873       0.476778       0.477907       0.479131       0.480355       0.481514       0.482568       0.483497       0.484293       0.484957       0.485498       0.485926       0.486255       0.486497       0.486666       0.486777       0.486842       0.486872       0.486880       0.486875       0.486867       0.486863       0.486870       0.486894       0.486940       0.487011       0.487110       0.487240       0.487400       0.487592       0.487813       0.488064       0.488341       0.488643       0.488967       0.489311       0.489670       0.490043       0.490425       0.490815       0.491208       0.491601       0.491994       0.492381       0.492763       0.493136       0.493498       0.493849       0.494186       0.494509       0.494817       0.495109       0.495383       0.495641       0.495881       0.496104       0.496308       0.496495       0.496663       0.496814       0.496946       0.497061       0.497158       0.497237       0.497298       0.497342       0.497368       0.497377       0.497368       0.497342       0.497298       0.497237       0.497158       0.497061       0.496946       0.496814       0.496663       0.496495       0.496308       0.496104       0.495881       0.495641       0.495383       0.495109       0.494817       0.494509       0.494186       0.493849       0.493498       0.493136       0.492763       0.492381       0.491994       0.491601       0.491208       0.490815       0.490425       0.490043       0.489670       0.489311       0.488967       0.488643       0.488341       0.488064       0.487813       0.487592       0.487400       0.487240       0.487110       0.487011       0.486940       0.486894       0.486870       0.486863       0.486867       0.486875       0.486880       0.486872       0.486842       0.486777       0.486666       0.486497       0.486255       0.485926       0.485498       0.484957       0.484293       0.483497       0.482568       0.481514       0.480355       0.479131       0.477907       0.476778       0.475873       0.475347       0.475354       0.476003       0.477284       0.478994       0.480707       0.481822       0.481698       0.479859       0.476233       0.471450       0.467270       0.467270
       0.467265       0.467265       0.471444       0.476223       0.479842       0.481672       0.481783       0.480651       0.478915       0.477177       0.475860       0.475169       0.475112       0.475583       0.476426       0.477487       0.478639       0.479786       0.480865       0.481836       0.482680       0.483388       0.483965       0.484417       0.484756       0.484996       0.485151       0.485236       0.485265       0.485253       0.485211       0.485151       0.485086       0.485024       0.484974       0.484943       0.484939       0.484965       0.485025       0.485123       0.485260       0.485436       0.485652       0.485905       0.486194       0.486516       0.486869       0.487248       0.487651       0.488073       0.488511       0.488960       0.489417       0.489878       0.490340       0.490799       0.491253       0.491699       0.492134       0.492557       0.492965       0.493358       0.493733       0.494090       0.494428       0.494747       0.495045       0.495323       0.495579       0.495815       0.496030       0.496224       0.496398       0.496550       0.496682       0.496793       0.496884       0.496955       0.497005       0.497035       0.497045       0.497035       0.497005       0.496955       0.496884       0.496793       0.496682       0.496550       0.496398       0.496224       0.496030       0.495815       0.495579       0.495323       0.495045       0.494747       0.494428       0.494090       0.493733       0.493358       0.492965       0.492557       0.492134       0.491699       0.491253       0.490799       0.490340       0.489878       0.489417       0.488960       0.488511       0.488073       0.487651       0.487248       0.486869       0.486516       0.486194       0.485905       0.485652       0.485436       0.485260       0.485123       0.485025       0.484965       0.484939       0.484943       0.484974       0.485024       0.485086       0.485151       0.485211       0.485253       0.485265       0.485236       0.485151       0.484996       0.484756       0.484417       0.483965       0.483388       0.482680       0.481836       0.480865       0.479786       0.478639       0.477487       0.476426       0.475583       0.475112       0.475169       0.475860       0.477177       0.478915       0.480651       0.481783       0.481672       0.479842       0.476223       0.471444       0.467265       0.467265
       0.467261       0.467261       0.471437       0.476212       0.479824       0.481643       0.481739       0.480588       0.478827       0.477055       0.475699       0.474959       0.474846       0.475253       0.476025       0.477009       0.478077       0.479137       0.480123       0.480998       0.481742       0.482350       0.482823       0.483170       0.483405       0.483541       0.483594       0.483579       0.483512       0.483407       0.483279       0.483140       0.483003       0.482877       0.482773       0.482698       0.482660       0.482663       0.482711       0.482808       0.482954       0.483150       0.483395       0.483686       0.484022       0.484398       0.484812       0.485257       0.485731       0.486228       0.486742       0.487271       0.487808       0.488349       0.488891       0.489429       0.489960       0.490481       0.490989       0.491482       0.491957       0.492414       0.492850       0.493264       0.493656       0.494025       0.494369       0.494690       0.494986       0.495259       0.495506       0.495730       0.495929       0.496104       0.496256       0.496383       0.496488       0.496569       0.496626       0.496661       0.496673       0.496661       0.496626       0.496569       0.496488       0.496383       0.496256       0.496104       0.495929       0.495730       0.495506       0.495259       0.494986       0.494690       0.494369       0.494025       0.493656       0.493264       0.492850       0.492414       0.491957       0.491482       0.490989       0.490481       0.489960       0.489429       0.488891       0.488349       0.487808       0.487271       0.486742       0.486228       0.485731       0.485257       0.484812       0.484398       0.484022       0.483686       0.483395       0.483150       0.482954       0.482808       0.482711       0.482663       0.482660       0.482698       0.482773       0.482877       0.483003       0.483140       0.483279       0.483407       0.483512       0.483579       0.483594       0.483541       0.483405       0.483170       0.482823       0.482350       0.481742       0.480998       0.480123       0.479137       0.478077       0.477009       0.476025       0.475253       0.474846       0.474959       0.475699       0.477055       0.478827       0.480588       0.481739       0.481643       0.479824       0.476212       0.471437       0.467261       0.467261
       0.467257       0.467257       0.471430       0.476200       0.479803       0.481610       0.481690       0.480517       0.478727       0.476919       0.475517       0.474722       0.474545       0.474879       0.475570       0.476465       0.477438       0.478396       0.479275       0.480039       0.480668       0.481157       0.481510       0.481735       0.481847       0.481861       0.481793       0.481661       0.481479       0.481266       0.481036       0.480802       0.480579       0.480378       0.480210       0.480083       0.480004       0.479980       0.480015       0.480111       0.480269       0.480489       0.480770       0.481108       0.481500       0.481941       0.482428       0.482953       0.483511       0.484096       0.484702       0.485324       0.485955       0.486591       0.487227       0.487858       0.488479       0.489088       0.489681       0.490256       0.490809       0.491340       0.491846       0.492327       0.492780       0.493206       0.493605       0.493975       0.494317       0.494630       0.494915       0.495172       0.495401       0.495603       0.495776       0.495923       0.496043       0.496136       0.496202       0.496241       0.496255       0.496241       0.496202       0.496136       0.496043       0.495923       0.495776       0.495603       0.495401       0.495172       0.494915       0.494630       0.494317       0.493975       0.493605       0.493206       0.492780       0.492327       0.491846       0.491340       0.490809       0.490256       0.489681       0.489088       0.488479       0.487858       0.487227       0.486591       0.485955       0.485324       0.484702       0.484096       0.483511       0.482953       0.482428       0.481941       0.481500       0.481108       0.480770       0.480489       0.480269       0.480111       0.480015       0.479980       0.480004       0.480083       0.480210       0.480378       0.480579       0.480802       0.481036       0.481266       0.481479       0.481661       0.481793       0.481861       0.481847       0.481735       0.481510       0.481157       0.480668       0.480039       0.479275       0.478396       0.477438       0.476465       0.475570       0.474879       0.474545       0.474722       0.475517       0.476919       0.478727       0.480517       0.481690       0.481610       0.479803       0.476200       0.471430       0.467257       0.467257
       0.467253       0.467253       0.471423       0.476187       0.479781       0.481575       0.481636       0.480438       0.478615       0.476765       0.475311       0.474454       0.474205       0.474455       0.475053       0.475847       0.476710       0.477551       0.478308       0.478943       0.479438       0.479790       0.480002       0.480084       0.480052       0.479923       0.479713       0.479440       0.479124       0.478782       0.478430       0.478085       0.477760       0.477470       0.477225       0.477036       0.476911       0.476855       0.476875       0.476970       0.477144       0.477394       0.477718       0.478113       0.478573       0.479093       0.479666       0.480286       0.480945       0.481635       0.482350       0.483083       0.483826       0.484573       0.485319       0.486058       0.486786       0.487497       0.488189       0.488859       0.489503       0.490119       0.490706       0.491263       0.491788       0.492280       0.492740       0.493167       0.493561       0.493921       0.494249       0.494544       0.494807       0.495038       0.495238       0.495406       0.495543       0.495649       0.495725       0.495771       0.495786       0.495771       0.495725       0.495649       0.495543       0.495406       0.495238       0.495038       0.494807       0.494544       0.494249       0.493921       0.493561       0.493167       0.492740       0.492280       0.491788       0.491263       0.490706       0.490119       0.489503       0.488859       0.488189       0.487497       0.486786       0.486058       0.485319       0.484573       0.483826       0.483083       0.482350       0.481635       0.480945       0.480286       0.479666       0.479093       0.478573       0.478113       0.477718       0.477394       0.477144       0.476970       0.476875       0.476855       0.476911       0.477036       0.477225       0.477470       0.477760       0.478085       0.478430       0.478782       0.479124       0.479440       0.479713       0.479923       0.480052       0.480084       0.480002       0.479790       0.479438       0.478943       0.478308       0.477551       0.476710       0.475847       0.475053       0.474455       0.474205       0.474454       0.475311       0.476765       0.478615       0.480438       0.481636       0.481575       0.479781       0.476187       0.471423       0.467253       0.467253
       0.467250       0.467250       0.471417       0.476173       0.479757       0.481536       0.481576       0.480350       0.478490       0.476592       0.475080       0.474153       0.473820       0.473977       0.474469       0.475146       0.475884       0.476591       0.477205       0.477692       0.478032       0.478224       0.478271       0.478187       0.477986       0.477688       0.477310       0.476873       0.476397       0.475902       0.475406       0.474928       0.474483       0.474086       0.473751       0.473489       0.473309       0.473217       0.473219       0.473316       0.473509       0.473796       0.474174       0.474637       0.475179       0.475793       0.476471       0.477204       0.477983       0.478798       0.479642       0.480505       0.481380       0.482259       0.483134       0.484000       0.484851       0.485682       0.486489       0.487268       0.488017       0.488732       0.489413       0.490057       0.490664       0.491233       0.491763       0.492255       0.492708       0.493122       0.493499       0.493838       0.494140       0.494404       0.494633       0.494825       0.494982       0.495104       0.495191       0.495243       0.495260       0.495243       0.495191       0.495104       0.494982       0.494825       0.494633       0.494404       0.494140       0.493838       0.493499       0.493122       0.492708       0.492255       0.491763       0.491233       0.490664       0.490057       0.489413       0.488732       0.488017       0.487268       0.486489       0.485682       0.484851       0.484000       0.483134       0.482259       0.481380       0.480505       0.479642       0.478798       0.477983       0.477204       0.476471       0.475793       0.475179       0.474637       0.474174       0.473796       0.473509       0.473316       0.473219       0.473217       0.473309       0.473489       0.473751       0.474086       0.474483       0.474928       0.475406       0.475902       0.476397       0.476873       0.477310       0.477688       0.477986       0.478187       0.478271       0.478224       0.478032       0.477692       0.477205       0.476591       0.475884       0.475146       0.474469       0.473977       0.473820       0.474153       0.475080       0.476592       0.478490       0.480350       0.481576       0.481536       0.479757       0.476173       0.471417       0.467250       0.467250
       0.467247       0.467247       0.471410       0.476159       0.479731       0.481492       0.481509       0.480251       0.478349       0.476399       0.474821       0.473813       0.473387       0.473436       0.473808       0.474352       0.474947       0.475499       0.475951       0.476265       0.476426       0.476432       0.476289       0.476009       0.475611       0.475113       0.474538       0.473907       0.473242       0.472566       0.471900       0.471263       0.470675       0.470153       0.469711       0.469363       0.469118       0.468984       0.468966       0.469066       0.469284       0.469617       0.470060       0.470606       0.471248       0.471975       0.472778       0.473646       0.474567       0.475531       0.476527       0.477545       0.478574       0.479607       0.480634       0.481648       0.482643       0.483613       0.484553       0.485460       0.486329       0.487159       0.487947       0.488692       0.489393       0.490049       0.490660       0.491226       0.491747       0.492223       0.492655       0.493044       0.493389       0.493692       0.493954       0.494174       0.494353       0.494492       0.494592       0.494651       0.494671       0.494651       0.494592       0.494492       0.494353       0.494174       0.493954       0.493692       0.493389       0.493044       0.492655       0.492223       0.491747       0.491226       0.490660       0.490049       0.489393       0.488692       0.487947       0.487159       0.486329       0.485460       0.484553       0.483613       0.482643       0.481648       0.480634       0.479607       0.478574       0.477545       0.476527       0.475531       0.474567       0.473646       0.472778       0.471975       0.471248       0.470606       0.470060       0.469617       0.469284       0.469066       0.468966       0.468984       0.469118       0.469363       0.469711       0.470153       0.470675       0.471263       0.471900       0.472566       0.473242       0.473907       0.474538       0.475113       0.475611       0.476009       0.476289       0.476432       0.476426       0.476265       0.475951       0.475499       0.474947       0.474352       0.473808       0.473436       0.473387       0.473813       0.474821       0.476399       0.478349       0.480251       0.481509       0.481492       0.479731       0.476159       0.471410       0.467247       0.467247
       0.467245       0.467245       0.471404       0.476144       0.479703       0.481445       0.481436       0.480142       0.478193       0.476183       0.474530       0.473432       0.472900       0.472827       0.473062       0.473455       0.473885       0.474262       0.474525       0.474642       0.474595       0.474386       0.474020       0.473512       0.472883       0.472152       0.471344       0.470484       0.469597       0.468706       0.467838       0.467014       0.466256       0.465585       0.465017       0.464567       0.464247       0.464064       0.464025       0.464130       0.464379       0.464768       0.465291       0.465938       0.466699       0.467562       0.468515       0.469543       0.470634       0.471774       0.472950       0.474149       0.475361       0.476573       0.477777       0.478964       0.480126       0.481258       0.482352       0.483406       0.484415       0.485377       0.486289       0.487149       0.487958       0.488713       0.489416       0.490067       0.490665       0.491211       0.491706       0.492151       0.492546       0.492893       0.493192       0.493443       0.493648       0.493807       0.493920       0.493988       0.494010       0.493988       0.493920       0.493807       0.493648       0.493443       0.493192       0.492893       0.492546       0.492151       0.491706       0.491211       0.490665       0.490067       0.489416       0.488713       0.487958       0.487149       0.486289       0.485377       0.484415       0.483406       0.482352       0.481258       0.480126       0.478964       0.477777       0.476573       0.475361       0.474149       0.472950       0.471774       0.470634       0.469543       0.468515       0.467562       0.466699       0.465938       0.465291       0.464768       0.464379       0.464130       0.464025       0.464064       0.464247       0.464567       0.465017       0.465585       0.466256       0.467014       0.467838       0.468706       0.469597       0.470484       0.471344       0.472152       0.472883       0.473512       0.474020       0.474386       0.474595       0.474642       0.474525       0.474262       0.473885       0.473455       0.473062       0.472827       0.472900       0.473432       0.474530       0.476183       0.478193       0.480142       0.481436       0.481445       0.479703       0.476144       0.471404       0.467245       0.467245
       0.467244       0.467244       0.471398       0.476128       0.479672       0.481393       0.481354       0.480020       0.478019       0.475941       0.474204       0.473005       0.472353       0.472142       0.472221       0.472443       0.472686       0.472861       0.472909       0.472797       0.472512       0.472052       0.471428       0.470655       0.469754       0.468751       0.467670       0.466540       0.465389       0.464245       0.463137       0.462092       0.461134       0.460286       0.459569       0.459000       0.458591       0.458352       0.458289       0.458404       0.458693       0.459151       0.459770       0.460539       0.461444       0.462469       0.463601       0.464820       0.466112       0.467460       0.468848       0.470261       0.471685       0.473108       0.474519       0.475907       0.477264       0.478582       0.479855       0.481078       0.482248       0.483360       0.484414       0.485407       0.486338       0.487208       0.488015       0.488762       0.489447       0.490073       0.490640       0.491149       0.491600       0.491996       0.492337       0.492624       0.492858       0.493039       0.493168       0.493245       0.493271       0.493245       0.493168       0.493039       0.492858       0.492624       0.492337       0.491996       0.491600       0.491149       0.490640       0.490073       0.489447       0.488762       0.488015       0.487208       0.486338       0.485407       0.484414       0.483360       0.482248       0.481078       0.479855       0.478582       0.477264       0.475907       0.474519       0.473108       0.471685       0.470261       0.468848       0.467460       0.466112       0.464820       0.463601       0.462469       0.461444       0.460539       0.459770       0.459151       0.458693       0.458404       0.458289       0.458352       0.458591       0.459000       0.459569       0.460286       0.461134       0.462092       0.463137       0.464245       0.465389       0.466540       0.467670       0.468751       0.469754       0.470655       0.471428       0.472052       0.472512       0.472797       0.472909       0.472861       0.472686       0.472443       0.472221       0.472142       0.472353       0.473005       0.474204       0.475941       0.478019       0.480020       0.481354       0.481393       0.479672       0.476128       0.471398       0.467244       0.467244
       0.467244       0.467244       0.471392       0.476112       0.479640       0.481337       0.481264       0.479886       0.477825       0.475672       0.473841       0.472527       0.471740       0.471373       0.471277       0.471304       0.471333       0.471278       0.471079       0.470706       0.470144       0.469396       0.468472       0.467390       0.466174       0.464850       0.463449       0.462001       0.460540       0.459098       0.457707       0.456400       0.455205       0.454149       0.453257       0.452547       0.452035       0.451732       0.451644       0.451771       0.452111       0.452654       0.453391       0.454306       0.455384       0.456604       0.457947       0.459394       0.460924       0.462517       0.464154       0.465817       0.467490       0.469159       0.470810       0.472431       0.474013       0.475546       0.477025       0.478443       0.479797       0.481083       0.482298       0.483442       0.484514       0.485513       0.486439       0.487295       0.488080       0.488795       0.489443       0.490024       0.490540       0.490991       0.491380       0.491707       0.491973       0.492179       0.492326       0.492414       0.492443       0.492414       0.492326       0.492179       0.491973       0.491707       0.491380       0.490991       0.490540       0.490024       0.489443       0.488795       0.488080       0.487295       0.486439       0.485513       0.484514       0.483442       0.482298       0.481083       0.479797       0.478443       0.477025       0.475546       0.474013       0.472431       0.470810       0.469159       0.467490       0.465817       0.464154       0.462517       0.460924       0.459394       0.457947       0.456604       0.455384       0.454306       0.453391       0.452654       0.452111       0.451771       0.451644       0.451732       0.452035       0.452547       0.453257       0.454149       0.455205       0.456400       0.457707       0.459098       0.460540       0.462001       0.463449       0.464850       0.466174       0.467390       0.468472       0.469396       0.470144       0.470706       0.471079       0.471278       0.471333       0.471304       0.471277       0.471373       0.471740       0.472527       0.473841       0.475672       0.477825       0.479886       0.481264       0.481337       0.479640       0.476112       0.471392       0.467244       0.467244
       0.467245       0.467245       0.471388       0.476096       0.479605       0.481275       0.481165       0.479737       0.477611       0.475373       0.473435       0.471993       0.471054       0.470512       0.470217       0.470024       0.469811       0.469493       0.469013       0.468340       0.467461       0.466380       0.465109       0.463668       0.462084       0.460387       0.458610       0.456790       0.454964       0.453170       0.451446       0.449830       0.448355       0.447054       0.445956       0.445082       0.444451       0.444075       0.443960       0.444107       0.444509       0.445157       0.446036       0.447128       0.448412       0.449863       0.451459       0.453174       0.454984       0.456864       0.458793       0.460749       0.462713       0.464667       0.466596       0.468487       0.470328       0.472110       0.473825       0.475467       0.477031       0.478515       0.479915       0.481230       0.482461       0.483607       0.484669       0.485648       0.486545       0.487362       0.488101       0.488764       0.489351       0.489865       0.490308       0.490680       0.490982       0.491217       0.491384       0.491483       0.491517       0.491483       0.491384       0.491217       0.490982       0.490680       0.490308       0.489865       0.489351       0.488764       0.488101       0.487362       0.486545       0.485648       0.484669       0.483607       0.482461       0.481230       0.479915       0.478515       0.477031       0.475467       0.473825       0.472110       0.470328       0.468487       0.466596       0.464667       0.462713       0.460749       0.458793       0.456864       0.454984       0.453174       0.451459       0.449863       0.448412       0.447128       0.446036       0.445157       0.444509       0.444107       0.443960       0.444075       0.444451       0.445082       0.445956       0.447054       0.448355       0.449830       0.451446       0.453170       0.454964       0.456790       0.458610       0.460387       0.462084       0.463668       0.465109       0.466380       0.467461       0.468340       0.469013       0.469493       0.469811       0.470024       0.470217       0.470512       0.471054       0.471993       0.473435       0.475373       0.477611       0.479737       0.481165       0.481275       0.479605       0.476096       0.471388       0.467245       0.467245
       0.467249       0.467249       0.471385       0.476079       0.479567       0.481207       0.481057       0.479573       0.477373       0.475041       0.472985       0.471399       0.470290       0.469550       0.469032       0.468589       0.468103       0.467487       0.466686       0.465670       0.464428       0.462964       0.461292       0.459436       0.457425       0.455292       0.453077       0.450821       0.448567       0.446359       0.444244       0.442264       0.440460       0.438872       0.437532       0.436467       0.435699       0.435240       0.435098       0.435271       0.435753       0.436528       0.437580       0.438883       0.440412       0.442139       0.444032       0.446063       0.448202       0.450419       0.452689       0.454985       0.457286       0.459570       0.461821       0.464022       0.466162       0.468228       0.470214       0.472111       0.473916       0.475624       0.477234       0.478745       0.480156       0.481468       0.482682       0.483800       0.484824       0.485756       0.486598       0.487352       0.488020       0.488605       0.489107       0.489530       0.489874       0.490140       0.490329       0.490442       0.490480       0.490442       0.490329       0.490140       0.489874       0.489530       0.489107       0.488605       0.488020       0.487352       0.486598       0.485756       0.484824       0.483800       0.482682       0.481468       0.480156       0.478745       0.477234       0.475624       0.473916       0.472111       0.470214       0.468228       0.466162       0.464022       0.461821       0.459570       0.457286       0.454985       0.452689       0.450419       0.448202       0.446063       0.444032       0.442139       0.440412       0.438883       0.437580       0.436528       0.435753       0.435271       0.435098       0.435240       0.435699       0.436467       0.437532       0.438872       0.440460       0.442264       0.444244       0.446359       0.448567       0.450821       0.453077       0.455292       0.457425       0.459436       0.461292       0.462964       0.464428       0.465670       0.466686       0.467487       0.468103       0.468589       0.469032       0.469550       0.470290       0.471399       0.472985       0.475041       0.477373       0.479573       0.481057       0.481207       0.479567       0.476079       0.471385       0.467249       0.467249
       0.467254       0.467254       0.471382       0.476062       0.479527       0.481134       0.480938       0.479392       0.477111       0.474673       0.472486       0.470739       0.469439       0.468479       0.467709       0.466986       0.466191       0.465238       0.464072       0.462666       0.461008       0.459104       0.456972       0.454636       0.452130       0.449493       0.446768       0.444002       0.441248       0.438556       0.435982       0.433576       0.431388       0.429463       0.427842       0.426556       0.425629       0.425078       0.424909       0.425120       0.425699       0.426630       0.427888       0.429444       0.431265       0.433315       0.435560       0.437961       0.440484       0.443093       0.445758       0.448448       0.451138       0.453803       0.456424       0.458982       0.461463       0.463855       0.466148       0.468337       0.470414       0.472378       0.474226       0.475956       0.477571       0.479071       0.480457       0.481732       0.482898       0.483958       0.484916       0.485772       0.486531       0.487195       0.487765       0.488244       0.488633       0.488935       0.489149       0.489278       0.489320       0.489278       0.489149       0.488935       0.488633       0.488244       0.487765       0.487195       0.486531       0.485772       0.484916       0.483958       0.482898       0.481732       0.480457       0.479071       0.477571       0.475956       0.474226       0.472378       0.470414       0.468337       0.466148       0.463855       0.461463       0.458982       0.456424       0.453803       0.451138       0.448448       0.445758       0.443093       0.440484       0.437961       0.435560       0.433315       0.431265       0.429444       0.427888       0.426630       0.425699       0.425120       0.424909       0.425078       0.425629       0.426556       0.427842       0.429463       0.431388       0.433576       0.435982       0.438556       0.441248       0.444002       0.446768       0.449493       0.452130       0.454636       0.456972       0.459104       0.461008       0.462666       0.464072       0.465238       0.466191       0.466986       0.467709       0.468479       0.469439       0.470739       0.472486       0.474673       0.477111       0.479392       0.480938       0.481134       0.479527       0.476062       0.471382       0.467254       0.467254
       0.467262       0.467262       0.471382       0.476045       0.479485       0.481055       0.480808       0.479193       0.476821       0.474267       0.471933       0.470008       0.468495       0.467288       0.466238       0.465200       0.464056       0.462723       0.461146       0.459296       0.457165       0.454759       0.452099       0.449212       0.446135       0.442914       0.439596       0.436240       0.432903       0.429648       0.426537       0.423634       0.420998       0.418683       0.416735       0.415194       0.414088       0.413435       0.413240       0.413501       0.414202       0.415320       0.416825       0.418681       0.420846       0.423277       0.425931       0.428764       0.431732       0.434796       0.437917       0.441061       0.444198       0.447300       0.450343       0.453308       0.456178       0.458940       0.461584       0.464102       0.466488       0.468740       0.470856       0.472835       0.474679       0.476389       0.477968       0.479419       0.480744       0.481949       0.483035       0.484006       0.484866       0.485618       0.486264       0.486806       0.487246       0.487587       0.487830       0.487975       0.488024       0.487975       0.487830       0.487587       0.487246       0.486806       0.486264       0.485618       0.484866       0.484006       0.483035       0.481949       0.480744       0.479419       0.477968       0.476389       0.474679       0.472835       0.470856       0.468740       0.466488       0.464102       0.461584       0.458940       0.456178       0.453308       0.450343       0.447300       0.444198       0.441061       0.437917       0.434796       0.431732       0.428764       0.425931       0.423277       0.420846       0.418681       0.416825       0.415320       0.414202       0.413501       0.413240       0.413435       0.414088       0.415194       0.416735       0.418683       0.420998       0.423634       0.426537       0.429648       0.432903       0.436240       0.439596       0.442914       0.446135       0.449212       0.452099       0.454759       0.457165       0.459296       0.461146       0.462723       0.464056       0.465200       0.466238       0.467288       0.468495       0.470008       0.471933       0.474267       0.476821       0.479193       0.480808       0.481055       0.479485       0.476045       0.471382       0.467262       0.467262
       0.467273       0.467273       0.471383       0.476028       0.479439       0.480969       0.480666       0.478975       0.476503       0.473819       0.471323       0.469199       0.467450       0.465968       0.464605       0.463215       0.461682       0.459921       0.457879       0.455528       0.452861       0.449885       0.446622       0.443104       0.439372       0.435478       0.431478       0.427438       0.423426       0.419517       0.415786       0.412307       0.409151       0.406383       0.404061       0.402229       0.400920       0.400155       0.399940       0.400267       0.401117       0.402461       0.404259       0.406467       0.409034       0.411909       0.415039       0.418370       0.421852       0.425438       0.429082       0.432746       0.436393       0.439992       0.443516       0.446943       0.450254       0.453435       0.456474       0.459364       0.462098       0.464675       0.467091       0.469349       0.471449       0.473395       0.475190       0.476837       0.478340       0.479705       0.480935       0.482035       0.483007       0.483857       0.484586       0.485199       0.485696       0.486081       0.486355       0.486519       0.486574       0.486519       0.486355       0.486081       0.485696       0.485199       0.484586       0.483857       0.483007       0.482035       0.480935       0.479705       0.478340       0.476837       0.475190       0.473395       0.471449       0.469349       0.467091       0.464675       0.462098       0.459364       0.456474       0.453435       0.450254       0.446943       0.443516       0.439992       0.436393       0.432746       0.429082       0.425438       0.421852       0.418370       0.415039       0.411909       0.409034       0.406467       0.404259       0.402461       0.401117       0.400267       0.399940       0.400155       0.400920       0.402229       0.404061       0.406383       0.409151       0.412307       0.415786       0.419517       0.423426       0.427438       0.431478       0.435478       0.439372       0.443104       0.446622       0.449885       0.452861       0.455528       0.457879       0.459921       0.461682       0.463215       0.464605       0.465968       0.467450       0.469199       0.471323       0.473819       0.476503       0.478975       0.480666       0.480969       0.479439       0.476028       0.471383       0.467273       0.467273
       0.467286       0.467286       0.471386       0.476011       0.479391       0.480876       0.480511       0.478737       0.476154       0.473327       0.470651       0.468308       0.466298       0.464511       0.462799       0.461017       0.459049       0.456811       0.454248       0.451334       0.448061       0.444439       0.440492       0.436255       0.431777       0.427112       0.422330       0.417503       0.412715       0.408053       0.403606       0.399464       0.395711       0.392425       0.389675       0.387514       0.385980       0.385095       0.384865       0.385279       0.386311       0.387923       0.390066       0.392685       0.395720       0.399107       0.402783       0.406686       0.410755       0.414935       0.419175       0.423428       0.427653       0.431814       0.435882       0.439829       0.443637       0.447289       0.450773       0.454079       0.457203       0.460143       0.462896       0.465464       0.467851       0.470059       0.472094       0.473959       0.475661       0.477204       0.478593       0.479835       0.480932       0.481891       0.482713       0.483404       0.483964       0.484398       0.484707       0.484892       0.484953       0.484892       0.484707       0.484398       0.483964       0.483404       0.482713       0.481891       0.480932       0.479835       0.478593       0.477204       0.475661       0.473959       0.472094       0.470059       0.467851       0.465464       0.462896       0.460143       0.457203       0.454079       0.450773       0.447289       0.443637       0.439829       0.435882       0.431814       0.427653       0.423428       0.419175       0.414935       0.410755       0.406686       0.402783       0.399107       0.395720       0.392685       0.390066       0.387923       0.386311       0.385279       0.384865       0.385095       0.385980       0.387514       0.389675       0.392425       0.395711       0.399464       0.403606       0.408053       0.412715       0.417503       0.422330       0.427112       0.431777       0.436255       0.440492       0.444439       0.448061       0.451334       0.454248       0.456811       0.459049       0.461017       0.462799       0.464511       0.466298       0.468308       0.470651       0.473327       0.476154       0.478737       0.480511       0.480876       0.479391       0.476011       0.471386       0.467286       0.467286
       0.467302       0.467302       0.471391       0.475994       0.479339       0.480775       0.480342       0.478476       0.475771       0.472787       0.469914       0.467329       0.465029       0.462906       0.460809       0.458593       0.456142       0.453371       0.450227       0.446682       0.442730       0.438382       0.433664       0.428615       0.423289       0.417750       0.412075       0.406353       0.400678       0.395155       0.389890       0.384990       0.380557       0.376684       0.373451       0.370921       0.369140       0.368131       0.367897       0.368422       0.369673       0.371600       0.374145       0.377240       0.380811       0.384782       0.389080       0.393630       0.398363       0.403214       0.408124       0.413039       0.417914       0.422706       0.427382       0.431913       0.436276       0.440454       0.444433       0.448204       0.451763       0.455106       0.458233       0.461147       0.463852       0.466351       0.468651       0.470759       0.472679       0.474419       0.475985       0.477384       0.478619       0.479698       0.480623       0.481399       0.482030       0.482518       0.482865       0.483072       0.483142       0.483072       0.482865       0.482518       0.482030       0.481399       0.480623       0.479698       0.478619       0.477384       0.475985       0.474419       0.472679       0.470759       0.468651       0.466351       0.463852       0.461147       0.458233       0.455106       0.451763       0.448204       0.444433       0.440454       0.436276       0.431913       0.427382       0.422706       0.417914       0.413039       0.408124       0.403214       0.398363       0.393630       0.389080       0.384782       0.380811       0.377240       0.374145       0.371600       0.369673       0.368422       0.367897       0.368131       0.369140       0.370921       0.373451       0.376684       0.380557       0.384990       0.389890       0.395155       0.400678       0.406353       0.412075       0.417750       0.423289       0.428615       0.433664       0.438382       0.442730       0.446682       0.450227       0.453371       0.456142       0.458593       0.460809       0.462906       0.465029       0.467329       0.469914       0.472787       0.475771       0.478476       0.480342       0.480775       0.479339       0.475994       0.471391       0.467302       0.467302
       0.467322       0.467322       0.471398       0.475976       0.479283       0.480665       0.480158       0.478191       0.475352       0.472196       0.469106       0.466255       0.463639       0.461145       0.458623       0.455929       0.452944       0.449584       0.445795       0.441550       0.436841       0.431681       0.426099       0.420138       0.413858       0.407334       0.400652       0.393916       0.387238       0.380741       0.374551       0.368795       0.363595       0.359062       0.355291       0.352356       0.350309       0.349173       0.348950       0.349616       0.351128       0.353423       0.356430       0.360066       0.364244       0.368874       0.373869       0.379143       0.384617       0.390216       0.395872       0.401524       0.407120       0.412613       0.417964       0.423142       0.428122       0.432883       0.437411       0.441698       0.445737       0.449527       0.453068       0.456363       0.459418       0.462239       0.464832       0.467206       0.469367       0.471324       0.473085       0.474656       0.476043       0.477254       0.478292       0.479163       0.479871       0.480418       0.480807       0.481040       0.481117       0.481040       0.480807       0.480418       0.479871       0.479163       0.478292       0.477254       0.476043       0.474656       0.473085       0.471324       0.469367       0.467206       0.464832       0.462239       0.459418       0.456363       0.453068       0.449527       0.445737       0.441698       0.437411       0.432883       0.428122       0.423142       0.417964       0.412613       0.407120       0.401524       0.395872       0.390216       0.384617       0.379143       0.373869       0.368874       0.364244       0.360066       0.356430       0.353423       0.351128       0.349616       0.348950       0.349173       0.350309       0.352356       0.355291       0.359062       0.363595       0.368795       0.374551       0.380741       0.387238       0.393916       0.400652       0.407334       0.413858       0.420138       0.426099       0.431681       0.436841       0.441550       0.445795       0.449584       0.452944       0.455929       0.458623       0.461145       0.463639       0.466255       0.469106       0.472196       0.475352       0.478191       0.480158       0.480665       0.479283       0.475976       0.471398       0.467322       0.467322
       0.467345       0.467345       0.471407       0.475958       0.479224       0.480547       0.479957       0.477880       0.474895       0.471550       0.468223       0.465082       0.462118       0.459219       0.456232       0.453012       0.449441       0.445434       0.440934       0.435915       0.430369       0.424309       0.417768       0.410793       0.403451       0.395825       0.388019       0.380148       0.372348       0.364759       0.357535       0.350824       0.344771       0.339509       0.335148       0.331775       0.329447       0.328189       0.327997       0.328838       0.330656       0.333375       0.336904       0.341147       0.346001       0.351361       0.357126       0.363198       0.369487       0.375907       0.382383       0.388844       0.395232       0.401494       0.407588       0.413477       0.419133       0.424535       0.429668       0.434520       0.439088       0.443368       0.447363       0.451078       0.454518       0.457690       0.460605       0.463270       0.465696       0.467891       0.469864       0.471623       0.473177       0.474532       0.475694       0.476669       0.477461       0.478073       0.478508       0.478768       0.478855       0.478768       0.478508       0.478073       0.477461       0.476669       0.475694       0.474532       0.473177       0.471623       0.469864       0.467891       0.465696       0.463270       0.460605       0.457690       0.454518       0.451078       0.447363       0.443368       0.439088       0.434520       0.429668       0.424535       0.419133       0.413477       0.407588       0.401494       0.395232       0.388844       0.382383       0.375907       0.369487       0.363198       0.357126       0.351361       0.346001       0.341147       0.336904       0.333375       0.330656       0.328838       0.327997       0.328189       0.329447       0.331775       0.335148       0.339509       0.344771       0.350824       0.357535       0.364759       0.372348       0.380148       0.388019       0.395825       0.403451       0.410793       0.417768       0.424309       0.430369       0.435915       0.440934       0.445434       0.449441       0.453012       0.456232       0.459219       0.462118       0.465082       0.468223       0.471550       0.474895       0.477880       0.479957       0.480547       0.479224       0.475958       0.471407       0.467345       0.467345
       0.467371       0.467371       0.471418       0.475939       0.479159       0.480417       0.479739       0.477541       0.474397       0.470846       0.467261       0.463803       0.460461       0.457120       0.453626       0.449833       0.445622       0.440907       0.435630       0.429763       0.423298       0.416251       0.408655       0.400563       0.392049       0.383210       0.374160       0.365037       0.355995       0.347203       0.338837       0.331076       0.324090       0.318034       0.313038       0.309201       0.306586       0.305218       0.305084       0.306139       0.308311       0.311507       0.315618       0.320529       0.326120       0.332273       0.338873       0.345808       0.352977       0.360285       0.367645       0.374982       0.382227       0.389324       0.396223       0.402884       0.409277       0.415377       0.421167       0.426637       0.431780       0.436596       0.441086       0.445258       0.449117       0.452673       0.455938       0.458921       0.461634       0.464088       0.466292       0.468257       0.469992       0.471504       0.472801       0.473889       0.474772       0.475455       0.475940       0.476230       0.476327       0.476230       0.475940       0.475455       0.474772       0.473889       0.472801       0.471504       0.469992       0.468257       0.466292       0.464088       0.461634       0.458921       0.455938       0.452673       0.449117       0.445258       0.441086       0.436596       0.431780       0.426637       0.421167       0.415377       0.409277       0.402884       0.396223       0.389324       0.382227       0.374982       0.367645       0.360285       0.352977       0.345808       0.338873       0.332273       0.326120       0.320529       0.315618       0.311507       0.308311       0.306139       0.305084       0.305218       0.306586       0.309201       0.313038       0.318034       0.324090       0.331076       0.338837       0.347203       0.355995       0.365037       0.374160       0.383210       0.392049       0.400563       0.408655       0.416251       0.423298       0.429763       0.435630       0.440907       0.445622       0.449833       0.453626       0.457120       0.460461       0.463803       0.467261       0.470846       0.474397       0.477541       0.479739       0.480417       0.479159       0.475939       0.471418       0.467371       0.467371
       0.467399       0.467399       0.471430       0.475918       0.479089       0.480276       0.479500       0.477171       0.473855       0.470081       0.466214       0.462413       0.458662       0.454841       0.450798       0.446384       0.441479       0.435995       0.429875       0.423088       0.415626       0.407505       0.398761       0.389453       0.379665       0.369503       0.359100       0.348613       0.338222       0.328121       0.318518       0.309621       0.301631       0.294728       0.289063       0.284748       0.281851       0.280393       0.280351       0.281663       0.284238       0.287961       0.292704       0.298333       0.304712       0.311707       0.319189       0.327036       0.335136       0.343383       0.351682       0.359949       0.368108       0.376096       0.383857       0.391348       0.398532       0.405384       0.411884       0.418019       0.423785       0.429179       0.434206       0.438871       0.443184       0.447157       0.450800       0.454127       0.457151       0.459884       0.462339       0.464526       0.466457       0.468139       0.469582       0.470791       0.471773       0.472533       0.473073       0.473396       0.473503       0.473396       0.473073       0.472533       0.471773       0.470791       0.469582       0.468139       0.466457       0.464526       0.462339       0.459884       0.457151       0.454127       0.450800       0.447157       0.443184       0.438871       0.434206       0.429179       0.423785       0.418019       0.411884       0.405384       0.398532       0.391348       0.383857       0.376096       0.368108       0.359949       0.351682       0.343383       0.335136       0.327036       0.319189       0.311707       0.304712       0.298333       0.292704       0.287961       0.284238       0.281663       0.280351       0.280393       0.281851       0.284748       0.289063       0.294728       0.301631       0.309621       0.318518       0.328121       0.338222       0.348613       0.359100       0.369503       0.379665       0.389453       0.398761       0.407505       0.415626       0.423088       0.429875       0.435995       0.441479       0.446384       0.450798       0.454841       0.458662       0.462413       0.466214       0.470081       0.473855       0.477171       0.479500       0.480276       0.479089       0.475918       0.471430       0.467399       0.467399
       0.467430       0.467430       0.471442       0.475895       0.479011       0.480121       0.479240       0.476768       0.473264       0.469249       0.465079       0.460907       0.456713       0.452376       0.447741       0.442658       0.437006       0.430696       0.423669       0.415892       0.407358       0.398083       0.388107       0.377495       0.366339       0.354760       0.342908       0.330962       0.319128       0.307631       0.296712       0.286613       0.277565       0.269779       0.263428       0.258637       0.255476       0.253960       0.254050       0.255665       0.258687       0.262980       0.268393       0.274773       0.281968       0.289831       0.298221       0.307007       0.316066       0.325284       0.334557       0.343792       0.352907       0.361830       0.370500       0.378867       0.386891       0.394543       0.401799       0.408646       0.415078       0.421093       0.426694       0.431890       0.436691       0.441109       0.445159       0.448856       0.452214       0.455248       0.457971       0.460398       0.462538       0.464403       0.466002       0.467343       0.468432       0.469273       0.469871       0.470229       0.470348       0.470229       0.469871       0.469273       0.468432       0.467343       0.466002       0.464403       0.462538       0.460398       0.457971       0.455248       0.452214       0.448856       0.445159       0.441109       0.436691       0.431890       0.426694       0.421093       0.415078       0.408646       0.401799       0.394543       0.386891       0.378867       0.370500       0.361830       0.352907       0.343792       0.334557       0.325284       0.316066       0.307007       0.298221       0.289831       0.281968       0.274773       0.268393       0.262980       0.258687       0.255665       0.254050       0.253960       0.255476       0.258637       0.263428       0.269779       0.277565       0.286613       0.296712       0.307631       0.319128       0.330962       0.342908       0.354760       0.366339       0.377495       0.388107       0.398083       0.407358       0.415892       0.423669       0.430696       0.437006       0.442658       0.447741       0.452376       0.456713       0.460907       0.465079       0.469249       0.473264       0.476768       0.479240       0.480121       0.479011       0.475895       0.471442       0.467430       0.467430
       0.467461       0.467461       0.471453       0.475867       0.478924       0.479950       0.478954       0.476329       0.472622       0.468346       0.463850       0.459279       0.454610       0.449719       0.444450       0.438652       0.432203       0.425011       0.417018       0.408188       0.398516       0.388018       0.376738       0.364748       0.352150       0.339079       0.325705       0.312230       0.298888       0.285935       0.273648       0.262303       0.252169       0.243486       0.236451       0.231202       0.227812       0.226282       0.226554       0.228517       0.232027       0.236918       0.243018       0.250157       0.258168       0.266894       0.276187       0.285907       0.295924       0.306117       0.316375       0.326595       0.336687       0.346573       0.356183       0.365462       0.374364       0.382854       0.390907       0.398506       0.405643       0.412316       0.418529       0.424290       0.429610       0.434504       0.438988       0.443078       0.446792       0.450146       0.453156       0.455837       0.458201       0.460261       0.462027       0.463507       0.464709       0.465638       0.466299       0.466694       0.466826       0.466694       0.466299       0.465638       0.464709       0.463507       0.462027       0.460261       0.458201       0.455837       0.453156       0.450146       0.446792       0.443078       0.438988       0.434504       0.429610       0.424290       0.418529       0.412316       0.405643       0.398506       0.390907       0.382854       0.374364       0.365462       0.356183       0.346573       0.336687       0.326595       0.316375       0.306117       0.295924       0.285907       0.276187       0.266894       0.258168       0.250157       0.243018       0.236918       0.232027       0.228517       0.226554       0.226282       0.227812       0.231202       0.236451       0.243486       0.252169       0.262303       0.273648       0.285935       0.298888       0.312230       0.325705       0.339079       0.352150       0.364748       0.376738       0.388018       0.398516       0.408188       0.417018       0.425011       0.432203       0.438652       0.444450       0.449719       0.454610       0.459279       0.463850       0.468346       0.472622       0.476329       0.478954       0.479950       0.478924       0.475867       0.471453       0.467461       0.467461
       0.467491       0.467491       0.471461       0.475832       0.478824       0.479760       0.478640       0.475848       0.471923       0.467367       0.462521       0.457524       0.452347       0.446866       0.440922       0.434365       0.427071       0.418949       0.409937       0.400001       0.389136       0.377360       0.364722       0.351302       0.337213       0.322607       0.307671       0.292632       0.277752       0.263321       0.249648       0.237048       0.225828       0.216260       0.208567       0.202901       0.199332       0.197847       0.198356       0.200713       0.204738       0.210237       0.217016       0.224888       0.233678       0.243225       0.253376       0.263989       0.274928       0.286067       0.297288       0.308481       0.319548       0.330402       0.340965       0.351175       0.360979       0.370336       0.379216       0.387600       0.395475       0.402839       0.409695       0.416050       0.421919       0.427315       0.432257       0.436764       0.440854       0.444547       0.447860       0.450809       0.453410       0.455675       0.457617       0.459245       0.460567       0.461589       0.462315       0.462750       0.462894       0.462750       0.462315       0.461589       0.460567       0.459245       0.457617       0.455675       0.453410       0.450809       0.447860       0.444547       0.440854       0.436764       0.432257       0.427315       0.421919       0.416050       0.409695       0.402839       0.395475       0.387600       0.379216       0.370336       0.360979       0.351175       0.340965       0.330402       0.319548       0.308481       0.297288       0.286067       0.274928       0.263989       0.253376       0.243225       0.233678       0.224888       0.217016       0.210237       0.204738       0.200713       0.198356       0.197847       0.199332       0.202901       0.208567       0.216260       0.225828       0.237048       0.249648       0.263321       0.277752       0.292632       0.307671       0.322607       0.337213       0.351302       0.364722       0.377360       0.389136       0.400001       0.409937       0.418949       0.427071       0.434365       0.440922       0.446866       0.452347       0.457524       0.462521       0.467367       0.471923       0.475848       0.478640       0.479760       0.478824       0.475832       0.471461       0.467491       0.467491
       0.467517       0.467517       0.471462       0.475787       0.478709       0.479546       0.478291       0.475321       0.471162       0.466306       0.461086       0.455634       0.449918       0.443812       0.437156       0.429800       0.421619       0.412523       0.402449       0.391366       0.379268       0.366180       0.352154       0.337281       0.321687       0.305538       0.289042       0.272451       0.256051       0.240163       0.225131       0.211306       0.199031       0.188618       0.180316       0.174293       0.170616       0.169245       0.170052       0.172845       0.177402       0.183494       0.190908       0.199449       0.208940       0.219220       0.230141       0.241562       0.253346       0.265364       0.277492       0.289615       0.301625       0.313426       0.324933       0.336073       0.346786       0.357023       0.366750       0.375939       0.384578       0.392659       0.400183       0.407160       0.413601       0.419523       0.424945       0.429887       0.434372       0.438419       0.442048       0.445279       0.448127       0.450607       0.452733       0.454515       0.455962       0.457081       0.457876       0.458352       0.458510       0.458352       0.457876       0.457081       0.455962       0.454515       0.452733       0.450607       0.448127       0.445279       0.442048       0.438419       0.434372       0.429887       0.424945       0.419523       0.413601       0.407160       0.400183       0.392659       0.384578       0.375939       0.366750       0.357023       0.346786       0.336073       0.324933       0.313426       0.301625       0.289615       0.277492       0.265364       0.253346       0.241562       0.230141       0.219220       0.208940       0.199449       0.190908       0.183494       0.177402       0.172845       0.170052       0.169245       0.170616       0.174293       0.180316       0.188618       0.199031       0.211306       0.225131       0.240163       0.256051       0.272451       0.289042       0.305538       0.321687       0.337281       0.352154       0.366180       0.379268       0.391366       0.402449       0.412523       0.421619       0.429800       0.437156       0.443812       0.449918       0.455634       0.461086       0.466306       0.471162       0.475321       0.478291       0.479546       0.478709       0.475787       0.471462       0.467517       0.467517
       0.467534       0.467534       0.471453       0.475726       0.478572       0.479302       0.477903       0.474740       0.470330       0.465155       0.459537       0.453604       0.447319       0.440554       0.433151       0.424959       0.415856       0.405751       0.394585       0.382328       0.368977       0.354564       0.339150       0.322836       0.305761       0.288109       0.270108       0.252028       0.234181       0.216914       0.200599       0.185621       0.172361       0.161166       0.152324       0.146021       0.142319       0.141146       0.142318       0.145584       0.150668       0.157308       0.165277       0.174378       0.184443       0.195323       0.206880       0.218980       0.231490       0.244280       0.257223       0.270197       0.283086       0.295785       0.308200       0.320246       0.331855       0.342970       0.353546       0.363552       0.372968       0.381782       0.389995       0.397612       0.404645       0.411111       0.417031       0.422425       0.427318       0.431733       0.435690       0.439211       0.442315       0.445018       0.447334       0.449275       0.450851       0.452070       0.452936       0.453454       0.453627       0.453454       0.452936       0.452070       0.450851       0.449275       0.447334       0.445018       0.442315       0.439211       0.435690       0.431733       0.427318       0.422425       0.417031       0.411111       0.404645       0.397612       0.389995       0.381782       0.372968       0.363552       0.353546       0.342970       0.331855       0.320246       0.308200       0.295785       0.283086       0.270197       0.257223       0.244280       0.231490       0.218980       0.206880       0.195323       0.184443       0.174378       0.165277       0.157308       0.150668       0.145584       0.142318       0.141146       0.142319       0.146021       0.152324       0.161166       0.172361       0.185621       0.200599       0.216914       0.234181       0.252028       0.270108       0.288109       0.305761       0.322836       0.339150       0.354564       0.368977       0.382328       0.394585       0.405751       0.415856       0.424959       0.433151       0.440554       0.447319       0.453604       0.459537       0.465155       0.470330       0.474740       0.477903       0.479302       0.478572       0.475726       0.471453       0.467534       0.467534
       0.467537       0.467537       0.471426       0.475644       0.478406       0.479021       0.477467       0.474098       0.469421       0.463906       0.457867       0.451425       0.444542       0.437088       0.428906       0.419849       0.409795       0.398658       0.386381       0.372939       0.358338       0.342615       0.325844       0.308139       0.289654       0.270591       0.251193       0.231751       0.212594       0.194086       0.176620       0.160606       0.146458       0.134566       0.125261       0.118763       0.115131       0.114250       0.115861       0.119629       0.125214       0.132324       0.140723       0.150230       0.160697       0.171998       0.184013       0.196621       0.209697       0.223114       0.236743       0.250454       0.264127       0.277645       0.290903       0.303808       0.316278       0.328246       0.339660       0.350478       0.360673       0.370230       0.379141       0.387411       0.395049       0.402073       0.408502       0.414361       0.419673       0.424463       0.428757       0.432576       0.435941       0.438870       0.441380       0.443483       0.445191       0.446510       0.447449       0.448010       0.448197       0.448010       0.447449       0.446510       0.445191       0.443483       0.441380       0.438870       0.435941       0.432576       0.428757       0.424463       0.419673       0.414361       0.408502       0.402073       0.395049       0.387411       0.379141       0.370230       0.360673       0.350478       0.339660       0.328246       0.316278       0.303808       0.290903       0.277645       0.264127       0.250454       0.236743       0.223114       0.209697       0.196621       0.184013       0.171998       0.160697       0.150230       0.140723       0.132324       0.125214       0.119629       0.115861       0.114250       0.115131       0.118763       0.125261       0.134566       0.146458       0.160606       0.176620       0.194086       0.212594       0.231751       0.251193       0.270591       0.289654       0.308139       0.325844       0.342615       0.358338       0.372939       0.386381       0.398658       0.409795       0.419849       0.428906       0.437088       0.444542       0.451425       0.457867       0.463906       0.469421       0.474098       0.477467       0.479021       0.478406       0.475644       0.471426       0.467537       0.467537
       0.467516       0.467516       0.471372       0.475529       0.478201       0.478692       0.476971       0.473383       0.468422       0.462547       0.456065       0.449090       0.441581       0.433411       0.424424       0.414476       0.403452       0.391269       0.377877       0.363260       0.347431       0.330442       0.312380       0.293375       0.273598       0.253268       0.232644       0.212030       0.191763       0.172217       0.153789       0.136903       0.121995       0.109498       0.099804       0.093188       0.089724       0.089243       0.091372       0.095662       0.101697       0.109156       0.117817       0.127530       0.138185       0.149690       0.161950       0.174862       0.188314       0.202180       0.216331       0.230636       0.244965       0.259192       0.273203       0.286891       0.300164       0.312943       0.325164       0.336774       0.347738       0.358031       0.367642       0.376569       0.384819       0.392407       0.399354       0.405682       0.411419       0.416591       0.421224       0.425344       0.428972       0.432129       0.434834       0.437099       0.438938       0.440359       0.441369       0.441974       0.442175       0.441974       0.441369       0.440359       0.438938       0.437099       0.434834       0.432129       0.428972       0.425344       0.421224       0.416591       0.411419       0.405682       0.399354       0.392407       0.384819       0.376569       0.367642       0.358031       0.347738       0.336774       0.325164       0.312943       0.300164       0.286891       0.273203       0.259192       0.244965       0.230636       0.216331       0.202180       0.188314       0.174862       0.161950       0.149690       0.138185       0.127530       0.117817       0.109156       0.101697       0.095662       0.091372       0.089243       0.089724       0.093188       0.099804       0.109498       0.121995       0.136903       0.153789       0.172217       0.191763       0.212030       0.232644       0.253268       0.273598       0.293375       0.312380       0.330442       0.347431       0.363260       0.377877       0.391269       0.403452       0.414476       0.424424       0.433411       0.441581       0.449090       0.456065       0.462547       0.468422       0.473383       0.476971       0.478692       0.478201       0.475529       0.471372       0.467516       0.467516
       0.467457       0.467457       0.471278       0.475368       0.477943       0.478300       0.476401       0.472580       0.467318       0.461065       0.454118       0.446587       0.438429       0.429519       0.419705       0.408850       0.396843       0.383612       0.369116       0.353350       0.336341       0.318157       0.298904       0.278729       0.257824       0.236422       0.214798       0.193261       0.172151       0.151832       0.132694       0.115147       0.099634       0.086624       0.076586       0.069901       0.066699       0.066739       0.069478       0.074298       0.080693       0.088336       0.097045       0.106726       0.117325       0.128791       0.141061       0.154053       0.167666       0.181781       0.196270       0.210997       0.225827       0.240628       0.255272       0.269645       0.283640       0.297165       0.310142       0.322509       0.334216       0.345230       0.355531       0.365110       0.373970       0.382123       0.389588       0.396389       0.402551       0.408104       0.413076       0.417494       0.421384       0.424766       0.427662       0.430087       0.432055       0.433575       0.434656       0.435303       0.435518       0.435303       0.434656       0.433575       0.432055       0.430087       0.427662       0.424766       0.421384       0.417494       0.413076       0.408104       0.402551       0.396389       0.389588       0.382123       0.373970       0.365110       0.355531       0.345230       0.334216       0.322509       0.310142       0.297165       0.283640       0.269645       0.255272       0.240628       0.225827       0.210997       0.196270       0.181781       0.167666       0.154053       0.141061       0.128791       0.117325       0.106726       0.097045       0.088336       0.080693       0.074298       0.069478       0.066739       0.066699       0.069901       0.076586       0.086624       0.099634       0.115147       0.132694       0.151832       0.172151       0.193261       0.214798       0.236422       0.257824       0.278729       0.298904       0.318157       0.336341       0.353350       0.369116       0.383612       0.396843       0.408850       0.419705       0.429519       0.438429       0.446587       0.454118       0.461065       0.467318       0.472580       0.476401       0.478300       0.477943       0.475368       0.471278       0.467457       0.467457
       0.467342       0.467342       0.471124       0.475142       0.477611       0.477826       0.475738       0.471671       0.466093       0.459444       0.452013       0.443904       0.435076       0.425407       0.414750       0.402976       0.389986       0.375716       0.360140       0.343268       0.325148       0.305866       0.285551       0.264371       0.242539       0.220306       0.197954       0.175796       0.154163       0.133398       0.113860       0.095923       0.079998       0.066561       0.056173       0.049399       0.046531       0.047246       0.050706       0.056036       0.062648       0.070254       0.078755       0.088142       0.098426       0.109605       0.121648       0.134492       0.148047       0.162200       0.176824       0.191785       0.206942       0.222156       0.237295       0.252229       0.266842       0.281028       0.294694       0.307764       0.320175       0.331881       0.342851       0.353069       0.362530       0.371241       0.379220       0.386487       0.393070       0.399000       0.404305       0.409016       0.413159       0.416761       0.419842       0.422421       0.424512       0.426127       0.427275       0.427962       0.428190       0.427962       0.427275       0.426127       0.424512       0.422421       0.419842       0.416761       0.413159       0.409016       0.404305       0.399000       0.393070       0.386487       0.379220       0.371241       0.362530       0.353069       0.342851       0.331881       0.320175       0.307764       0.294694       0.281028       0.266842       0.252229       0.237295       0.222156       0.206942       0.191785       0.176824       0.162200       0.148047       0.134492       0.121648       0.109605       0.098426       0.088142       0.078755       0.070254       0.062648       0.056036       0.050706       0.047246       0.046531       0.049399       0.056173       0.066561       0.079998       0.095923       0.113860       0.133398       0.154163       0.175796       0.197954       0.220306       0.242539       0.264371       0.285551       0.305866       0.325148       0.343268       0.360140       0.375716       0.389986       0.402976       0.414750       0.425407       0.435076       0.443904       0.452013       0.459444       0.466093       0.471671       0.475738       0.477826       0.477611       0.475142       0.471124       0.467342       0.467342
       0.467142       0.467142       0.470881       0.474822       0.477178       0.477242       0.474955       0.470630       0.464723       0.457663       0.449730       0.441027       0.431513       0.421070       0.409560       0.396864       0.382895       0.367606       0.350987       0.333069       0.313923       0.293661       0.272436       0.250443       0.227915       0.205118       0.182345       0.159902       0.138104       0.117266       0.097696       0.079706       0.063630       0.049884       0.039071       0.032047       0.029539       0.031156       0.035466       0.041220       0.047821       0.055107       0.063116       0.071942       0.081665       0.092328       0.103925       0.116408       0.129693       0.143676       0.158233       0.173229       0.188525       0.203979       0.219451       0.234806       0.249914       0.264656       0.278926       0.292630       0.305692       0.318049       0.329658       0.340492       0.350536       0.359793       0.368273       0.375997       0.382992       0.389287       0.394915       0.399907       0.404295       0.408105       0.411361       0.414084       0.416290       0.417994       0.419204       0.419928       0.420168       0.419928       0.419204       0.417994       0.416290       0.414084       0.411361       0.408105       0.404295       0.399907       0.394915       0.389287       0.382992       0.375997       0.368273       0.359793       0.350536       0.340492       0.329658       0.318049       0.305692       0.292630       0.278926       0.264656       0.249914       0.234806       0.219451       0.203979       0.188525       0.173229       0.158233       0.143676       0.129693       0.116408       0.103925       0.092328       0.081665       0.071942       0.063116       0.055107       0.047821       0.041220       0.035466       0.031156       0.029539       0.032047       0.039071       0.049884       0.063630       0.079706       0.097696       0.117266       0.138104       0.159902       0.182345       0.205118       0.227915       0.250443       0.272436       0.293661       0.313923       0.333069       0.350987       0.367606       0.382895       0.396864       0.409560       0.421070       0.431513       0.441027       0.449730       0.457663       0.464723       0.470630       0.474955       0.477242       0.477178       0.474822       0.470881       0.467142       0.467142
       0.466819       0.466819       0.470511       0.474368       0.476606       0.476511       0.474017       0.469425       0.463179       0.455696       0.447250       0.437940       0.427728       0.416501       0.404134       0.390519       0.375586       0.359306       0.341691       0.322798       0.302725       0.281613       0.259646       0.237046       0.214067       0.190990       0.168110       0.145730       0.124141       0.103622       0.084430       0.066795       0.050942       0.037135       0.025833       0.018122       0.015873       0.018818       0.024069       0.029994       0.036229       0.042860       0.050091       0.058118       0.067078       0.077040       0.088012       0.099952       0.112783       0.126403       0.140695       0.155530       0.170773       0.186282       0.201916       0.217534       0.232999       0.248178       0.262951       0.277207       0.290853       0.303809       0.316018       0.327436       0.338040       0.347822       0.356788       0.364953       0.372344       0.378990       0.384926       0.390186       0.394802       0.398805       0.402222       0.405077       0.407388       0.409171       0.410436       0.411193       0.411444       0.411193       0.410436       0.409171       0.407388       0.405077       0.402222       0.398805       0.394802       0.390186       0.384926       0.378990       0.372344       0.364953       0.356788       0.347822       0.338040       0.327436       0.316018       0.303809       0.290853       0.277207       0.262951       0.248178       0.232999       0.217534       0.201916       0.186282       0.170773       0.155530       0.140695       0.126403       0.112783       0.099952       0.088012       0.077040       0.067078       0.058118       0.050091       0.042860       0.036229       0.029994       0.024069       0.018818       0.015873       0.018122       0.025833       0.037135       0.050942       0.066795       0.084430       0.103622       0.124141       0.145730       0.168110       0.190990       0.214067       0.237046       0.259646       0.281613       0.302725       0.322798       0.341691       0.359306       0.375586       0.390519       0.404134       0.416501       0.427728       0.437940       0.447250       0.455696       0.463179       0.469425       0.474017       0.476511       0.476606       0.474368       0.470511       0.466819       0.466819
       0.466314       0.466314       0.469957       0.473725       0.475839       0.475582       0.472877       0.468014       0.461424       0.453512       0.444546       0.434623       0.423708       0.411697       0.398475       0.383951       0.368074       0.350837       0.332280       0.312490       0.291595       0.269772       0.247235       0.224235       0.201048       0.177966       0.155287       0.133299       0.112272       0.092450       0.074040       0.057208       0.042081       0.028747       0.017310       0.008245       0.005640       0.010843       0.016683       0.022192       0.027588       0.033226       0.039446       0.046507       0.054573       0.063717       0.073942       0.085204       0.097427       0.110517       0.124365       0.138852       0.153851       0.169229       0.184848       0.200564       0.216235       0.231720       0.246883       0.261597       0.275751       0.289246       0.302005       0.313971       0.325104       0.335387       0.344816       0.353403       0.361171       0.368151       0.374376       0.379883       0.384709       0.388888       0.392449       0.395420       0.397822       0.399673       0.400986       0.401771       0.402032       0.401771       0.400986       0.399673       0.397822       0.395420       0.392449       0.388888       0.384709       0.379883       0.374376       0.368151       0.361171       0.353403       0.344816       0.335387       0.325104       0.313971       0.302005       0.289246       0.275751       0.261597       0.246883       0.231720       0.216235       0.200564       0.184848       0.169229       0.153851       0.138852       0.124365       0.110517       0.097427       0.085204       0.073942       0.063717       0.054573       0.046507       0.039446       0.033226       0.027588       0.022192       0.016683       0.010843       0.005640       0.008245       0.017310       0.028747       0.042081       0.057208       0.074040       0.092450       0.112272       0.133299       0.155287       0.177966       0.201048       0.224235       0.247235       0.269772       0.291595       0.312490       0.332280       0.350837       0.368074       0.383951       0.398475       0.411697       0.423708       0.434623       0.444546       0.453512       0.461424       0.468014       0.472877       0.475582       0.475839       0.473725       0.469957       0.466314       0.466314
       0.465546       0.465546       0.469136       0.472814       0.474804       0.474385       0.471473       0.466341       0.459410       0.451072       0.441589       0.431055       0.419441       0.406650       0.392583       0.377167       0.360372       0.342219       0.322778       0.302169       0.280559       0.258160       0.235220       0.212018       0.188849       0.166015       0.143807       0.122499       0.102335       0.083524       0.066237       0.050603       0.036708       0.024598       0.014287       0.005895       0.003154       0.008192       0.012953       0.017194       0.021301       0.025708       0.030796       0.036836       0.043975       0.052263       0.061682       0.072179       0.083681       0.096102       0.109347       0.123314       0.137890       0.152956       0.168381       0.184027       0.199750       0.215402       0.230834       0.245905       0.260482       0.274447       0.287703       0.300173       0.311801       0.322556       0.332424       0.341411       0.349536       0.356827       0.363320       0.369054       0.374069       0.378403       0.382089       0.385158       0.387636       0.389543       0.390894       0.391700       0.391969       0.391700       0.390894       0.389543       0.387636       0.385158       0.382089       0.378403       0.374069       0.369054       0.363320       0.356827       0.349536       0.341411       0.332424       0.322556       0.311801       0.300173       0.287703       0.274447       0.260482       0.245905       0.230834       0.215402       0.199750       0.184027       0.168381       0.152956       0.137890       0.123314       0.109347       0.096102       0.083681       0.072179       0.061682       0.052263       0.043975       0.036836       0.030796       0.025708       0.021301       0.017194       0.012953       0.008192       0.003154       0.005895       0.014287       0.024598       0.036708       0.050603       0.066237       0.083524       0.102335       0.122499       0.143807       0.166015       0.188849       0.212018       0.235220       0.258160       0.280559       0.302169       0.322778       0.342219       0.360372       0.377167       0.392583       0.406650       0.419441       0.431055       0.441589       0.451072       0.459410       0.466341       0.471473       0.474385       0.474804       0.472814       0.469136       0.465546       0.465546
       0.464398       0.464398       0.467935       0.471525       0.473397       0.472827       0.469720       0.464336       0.457079       0.448331       0.438345       0.427215       0.414914       0.401360       0.386466       0.370180       0.352498       0.333471       0.313204       0.291854       0.269628       0.246777       0.223585       0.200356       0.177404       0.155030       0.133517       0.113114       0.094035       0.076453       0.060506       0.046303       0.033932       0.023486       0.015145       0.009443       0.007563       0.009033       0.011465       0.013951       0.016576       0.019707       0.023703       0.028795       0.035076       0.042545       0.051156       0.060846       0.071547       0.083189       0.095698       0.108991       0.122981       0.137563       0.152624       0.168036       0.183656       0.199334       0.214911       0.230232       0.245144       0.259508       0.273203       0.286131       0.298217       0.309414       0.319695       0.329058       0.337516       0.345097       0.351835       0.357774       0.362956       0.367422       0.371212       0.374361       0.376898       0.378847       0.380227       0.381049       0.381323       0.381049       0.380227       0.378847       0.376898       0.374361       0.371212       0.367422       0.362956       0.357774       0.351835       0.345097       0.337516       0.329058       0.319695       0.309414       0.298217       0.286131       0.273203       0.259508       0.245144       0.230232       0.214911       0.199334       0.183656       0.168036       0.152624       0.137563       0.122981       0.108991       0.095698       0.083189       0.071547       0.060846       0.051156       0.042545       0.035076       0.028795       0.023703       0.019707       0.016576       0.013951       0.011465       0.009033       0.007563       0.009443       0.015145       0.023486       0.033932       0.046303       0.060506       0.076453       0.094035       0.113114       0.133517       0.155030       0.177404       0.200356       0.223585       0.246777       0.269628       0.291854       0.313204       0.333471       0.352498       0.370180       0.386466       0.401360       0.414914       0.427215       0.438345       0.448331       0.457079       0.464336       0.469720       0.472827       0.473397       0.471525       0.467935       0.464398       0.464398
       0.462703       0.462703       0.466190       0.469701       0.471474       0.470780       0.467509       0.461906       0.454359       0.445234       0.434777       0.423079       0.410121       0.395828       0.380133       0.363006       0.344472       0.324614       0.303575       0.281554       0.258801       0.235607       0.212290       0.189181       0.166603       0.144856       0.124202       0.104860       0.087002       0.070760       0.056232       0.043497       0.032629       0.023721       0.016918       0.012434       0.010331       0.010026       0.010559       0.011421       0.012678       0.014684       0.017779       0.022116       0.027691       0.034435       0.042272       0.051140       0.060987       0.071764       0.083425       0.095916       0.109172       0.123117       0.137656       0.152676       0.168044       0.183610       0.199211       0.214676       0.229834       0.244524       0.258600       0.271940       0.284447       0.296056       0.306724       0.316440       0.325209       0.333057       0.340020       0.346140       0.351466       0.356044       0.359918       0.363127       0.365707       0.367685       0.369082       0.369914       0.370191       0.369914       0.369082       0.367685       0.365707       0.363127       0.359918       0.356044       0.351466       0.346140       0.340020       0.333057       0.325209       0.316440       0.306724       0.296056       0.284447       0.271940       0.258600       0.244524       0.229834       0.214676       0.199211       0.183610       0.168044       0.152676       0.137656       0.123117       0.109172       0.095916       0.083425       0.071764       0.060987       0.051140       0.042272       0.034435       0.027691       0.022116       0.017779       0.014684       0.012678       0.011421       0.010559       0.010026       0.010331       0.012434       0.016918       0.023721       0.032629       0.043497       0.056232       0.070760       0.087002       0.104860       0.124202       0.144856       0.166603       0.189181       0.212290       0.235607       0.258801       0.281554       0.303575       0.324614       0.344472       0.363006       0.380133       0.395828       0.410121       0.423079       0.434777       0.445234       0.454359       0.461906       0.467509       0.470780       0.471474       0.469701       0.466190       0.462703       0.462703
       0.460225       0.460225       0.463671       0.467127       0.468840       0.468071       0.464696       0.458937       0.451161       0.441718       0.430844       0.418628       0.405055       0.390063       0.373604       0.355672       0.336323       0.315676       0.293915       0.271283       0.248074       0.224623       0.201280       0.178400       0.156313       0.135309       0.115623       0.097432       0.080858       0.065977       0.052838       0.041469       0.031897       0.024151       0.018251       0.014154       0.011639       0.010242       0.009448       0.009018       0.009138       0.010278       0.012782       0.016643       0.021703       0.027825       0.034929       0.042969       0.051921       0.061768       0.072493       0.084073       0.096474       0.109646       0.123522       0.138008       0.152986       0.168312       0.183820       0.199327       0.214646       0.229592       0.243994       0.257702       0.270596       0.282588       0.293621       0.303668       0.312729       0.320824       0.327990       0.334272       0.339722       0.344391       0.348328       0.351581       0.354187       0.356181       0.357587       0.358423       0.358700       0.358423       0.357587       0.356181       0.354187       0.351581       0.348328       0.344391       0.339722       0.334272       0.327990       0.320824       0.312729       0.303668       0.293621       0.282588       0.270596       0.257702       0.243994       0.229592       0.214646       0.199327       0.183820       0.168312       0.152986       0.138008       0.123522       0.109646       0.096474       0.084073       0.072493       0.061768       0.051921       0.042969       0.034929       0.027825       0.021703       0.016643       0.012782       0.010278       0.009138       0.009018       0.009448       0.010242       0.011639       0.014154       0.018251       0.024151       0.031897       0.041469       0.052838       0.065977       0.080858       0.097432       0.115623       0.135309       0.156313       0.178400       0.201280       0.224623       0.248074       0.271283       0.293915       0.315676       0.336323       0.355672       0.373604       0.390063       0.405055       0.418628       0.430844       0.441718       0.451161       0.458937       0.464696       0.468071       0.468840       0.467127       0.463671       0.460225       0.460225
       0.456630       0.456630       0.460056       0.463504       0.465226       0.464472       0.461095       0.455285       0.447382       0.437716       0.426509       0.413847       0.399722       0.384086       0.366909       0.348215       0.328090       0.306694       0.284253       0.261056       0.237446       0.213797       0.190496       0.167916       0.146393       0.126200       0.107540       0.090538       0.075257       0.061708       0.049874       0.039722       0.031217       0.024313       0.018931       0.014923       0.012025       0.009876       0.008136       0.006671       0.005801       0.006346       0.008673       0.012364       0.017064       0.022628       0.029011       0.036209       0.044235       0.053102       0.062825       0.073411       0.084858       0.097147       0.110239       0.124067       0.138533       0.153502       0.168811       0.184270       0.199673       0.214812       0.229489       0.243526       0.256777       0.269129       0.280506       0.290867       0.300203       0.308529       0.315882       0.322308       0.327863       0.332605       0.336590       0.339870       0.342490       0.344488       0.345893       0.346728       0.347005       0.346728       0.345893       0.344488       0.342490       0.339870       0.336590       0.332605       0.327863       0.322308       0.315882       0.308529       0.300203       0.290867       0.280506       0.269129       0.256777       0.243526       0.229489       0.214812       0.199673       0.184270       0.168811       0.153502       0.138533       0.124067       0.110239       0.097147       0.084858       0.073411       0.062825       0.053102       0.044235       0.036209       0.029011       0.022628       0.017064       0.012364       0.008673       0.006346       0.005801       0.006671       0.008136       0.009876       0.012025       0.014923       0.018931       0.024313       0.031217       0.039722       0.049874       0.061708       0.075257       0.090538       0.107540       0.126200       0.146393       0.167916       0.190496       0.213797       0.237446       0.261056       0.284253       0.306694       0.328090       0.348215       0.366909       0.384086       0.399722       0.413847       0.426509       0.437716       0.447382       0.455285       0.461095       0.464472       0.465226       0.463504       0.460056       0.456630       0.456630
       0.451454       0.451454       0.454898       0.458419       0.460272       0.459685       0.456472       0.450779       0.442907       0.433157       0.421737       0.408732       0.394139       0.377929       0.360094       0.340686       0.319829       0.297720       0.274633       0.250905       0.226925       0.203111       0.179885       0.157640       0.136712       0.117357       0.099739       0.083929       0.069920       0.057652       0.047036       0.037975       0.030372       0.024125       0.019107       0.015142       0.011993       0.009376       0.007021       0.004758       0.002809       0.002983       0.005705       0.009406       0.013758       0.018736       0.024369       0.030701       0.037774       0.045631       0.054310       0.063845       0.074265       0.085584       0.097795       0.110863       0.124713       0.139228       0.154249       0.169581       0.185002       0.200281       0.215192       0.229528       0.243112       0.255805       0.267511       0.278174       0.287772       0.296318       0.303844       0.310401       0.316048       0.320850       0.324868       0.328162       0.330784       0.332777       0.334176       0.335005       0.335280       0.335005       0.334176       0.332777       0.330784       0.328162       0.324868       0.320850       0.316048       0.310401       0.303844       0.296318       0.287772       0.278174       0.267511       0.255805       0.243112       0.229528       0.215192       0.200281       0.185002       0.169581       0.154249       0.139228       0.124713       0.110863       0.097795       0.085584       0.074265       0.063845       0.054310       0.045631       0.037774       0.030701       0.024369       0.018736       0.013758       0.009406       0.005705       0.002983       0.002809       0.004758       0.007021       0.009376       0.011993       0.015142       0.019107       0.024125       0.030372       0.037975       0.047036       0.057652       0.069920       0.083929       0.099739       0.117357       0.136712       0.157640       0.179885       0.203111       0.226925       0.250905       0.274633       0.297720       0.319829       0.340686       0.360094       0.377929       0.394139       0.408732       0.421737       0.433157       0.442907       0.450779       0.456472       0.459685       0.460272       0.458419       0.454898       0.451454       0.451454
       0.444056       0.444056       0.447587       0.451317       0.453501       0.453326       0.450542       0.445226       0.437616       0.427980       0.416510       0.403295       0.388344       0.371646       0.353222       0.333157       0.311610       0.288824       0.265117       0.240877       0.216539       0.192567       0.169415       0.147500       0.127160       0.108634       0.092044       0.077404       0.064636       0.053602       0.044140       0.036090       0.029304       0.023645       0.018972       0.015124       0.011910       0.009122       0.006558       0.004049       0.001497       0.001480       0.004483       0.007874       0.011679       0.015965       0.020797       0.026241       0.032354       0.039193       0.046812       0.055267       0.064614       0.074901       0.086158       0.098386       0.111540       0.125523       0.140186       0.155331       0.170721       0.186101       0.201217       0.215829       0.229730       0.242754       0.254781       0.265737       0.275591       0.284347       0.292039       0.298717       0.304447       0.309298       0.313341       0.316640       0.319256       0.321237       0.322624       0.323445       0.323716       0.323445       0.322624       0.321237       0.319256       0.316640       0.313341       0.309298       0.304447       0.298717       0.292039       0.284347       0.275591       0.265737       0.254781       0.242754       0.229730       0.215829       0.201217       0.186101       0.170721       0.155331       0.140186       0.125523       0.111540       0.098386       0.086158       0.074901       0.064614       0.055267       0.046812       0.039193       0.032354       0.026241       0.020797       0.015965       0.011679       0.007874       0.004483       0.001480       0.001497       0.004049       0.006558       0.009122       0.011910       0.015124       0.018972       0.023645       0.029304       0.036090       0.044140       0.053602       0.064636       0.077404       0.092044       0.108634       0.127160       0.147500       0.169415       0.192567       0.216539       0.240877       0.265117       0.288824       0.311610       0.333157       0.353222       0.371646       0.388344       0.403295       0.416510       0.427980       0.437616       0.445226       0.450542       0.453326       0.453501       0.451317       0.447587       0.444056       0.444056
       0.433577       0.433577       0.437304       0.441464       0.444293       0.444915       0.442976       0.438422       0.431404       0.422147       0.410838       0.397576       0.382394       0.365310       0.346377       0.325716       0.303528       0.280097       0.255791       0.231045       0.206343       0.182192       0.159085       0.137459       0.117663       0.099920       0.084319       0.070813       0.059254       0.049422       0.041081       0.034007       0.028014       0.022944       0.018662       0.015039       0.011941       0.009244       0.006846       0.004737       0.003203       0.003220       0.004948       0.007488       0.010525       0.014027       0.018034       0.022599       0.027775       0.033618       0.040188       0.047559       0.055810       0.065027       0.075280       0.086612       0.099013       0.112412       0.126672       0.141590       0.156919       0.172379       0.187684       0.202562       0.216773       0.230122       0.242466       0.253712       0.263819       0.272782       0.280634       0.287429       0.293236       0.298131       0.302192       0.305492       0.308097       0.310063       0.311434       0.312244       0.312512       0.312244       0.311434       0.310063       0.308097       0.305492       0.302192       0.298131       0.293236       0.287429       0.280634       0.272782       0.263819       0.253712       0.242466       0.230122       0.216773       0.202562       0.187684       0.172379       0.156919       0.141590       0.126672       0.112412       0.099013       0.086612       0.075280       0.065027       0.055810       0.047559       0.040188       0.033618       0.027775       0.022599       0.018034       0.014027       0.010525       0.007488       0.004948       0.003220       0.003203       0.004737       0.006846       0.009244       0.011941       0.015039       0.018662       0.022944       0.028014       0.034007       0.041081       0.049422       0.059254       0.070813       0.084319       0.099920       0.117663       0.137459       0.159085       0.182192       0.206343       0.231045       0.255791       0.280097       0.303528       0.325716       0.346377       0.365310       0.382394       0.397576       0.410838       0.422147       0.431404       0.438422       0.442976       0.444915       0.444293       0.441464       0.437304       0.433577       0.433577
       0.418901       0.418901       0.422994       0.427916       0.431866       0.433876       0.433421       0.430195       0.424215       0.415673       0.404774       0.391652       0.376381       0.359021       0.339665       0.318476       0.295695       0.271654       0.246765       0.221510       0.196423       0.172052       0.148929       0.127520       0.108187       0.091150       0.076471       0.064054       0.053674       0.045031       0.037805       0.031710       0.026520       0.022068       0.018235       0.014928       0.012073       0.009614       0.007535       0.005902       0.004925       0.004906       0.005884       0.007596       0.009848       0.012581       0.015803       0.019545       0.023844       0.028743       0.034301       0.040603       0.047756       0.055883       0.065103       0.075507       0.087125       0.099915       0.113753       0.128435       0.143696       0.159231       0.174724       0.189868       0.204390       0.218066       0.230727       0.242265       0.252623       0.261793       0.269805       0.276714       0.282596       0.287533       0.291610       0.294908       0.297500       0.299449       0.300804       0.301603       0.301867       0.301603       0.300804       0.299449       0.297500       0.294908       0.291610       0.287533       0.282596       0.276714       0.269805       0.261793       0.252623       0.242265       0.230727       0.218066       0.204390       0.189868       0.174724       0.159231       0.143696       0.128435       0.113753       0.099915       0.087125       0.075507       0.065103       0.055883       0.047756       0.040603       0.034301       0.028743       0.023844       0.019545       0.015803       0.012581       0.009848       0.007596       0.005884       0.004906       0.004925       0.005902       0.007535       0.009614       0.012073       0.014928       0.018235       0.022068       0.026520       0.031710       0.037805       0.045031       0.053674       0.064054       0.076471       0.091150       0.108187       0.127520       0.148929       0.172052       0.196423       0.221510       0.246765       0.271654       0.295695       0.318476       0.339665       0.359021       0.376381       0.391652       0.404774       0.415673       0.424215       0.430195       0.433421       0.433876       0.431866       0.427916       0.422994       0.418901       0.418901
       0.398671       0.398671       0.403375       0.409520       0.415260       0.419534       0.421576       0.420480       0.416099       0.408657       0.398434       0.385644       0.370429       0.352905       0.333215       0.311566       0.288247       0.263630       0.238174       0.212406       0.186902       0.162254       0.139032       0.117735       0.098748       0.082304       0.068453       0.057062       0.047837       0.040384       0.034292       0.029201       0.024842       0.021043       0.017702       0.014763       0.012202       0.010013       0.008221       0.006889       0.006119       0.006002       0.006540       0.007649       0.009254       0.011327       0.013869       0.016891       0.020405       0.024436       0.029037       0.034299       0.040360       0.047390       0.055566       0.065031       0.075866       0.088057       0.101488       0.115951       0.131163       0.146791       0.162485       0.177905       0.192746       0.206753       0.219735       0.231565       0.242175       0.251551       0.259722       0.266747       0.272703       0.277682       0.281776       0.285072       0.287652       0.289584       0.290924       0.291712       0.291972       0.291712       0.290924       0.289584       0.287652       0.285072       0.281776       0.277682       0.272703       0.266747       0.259722       0.251551       0.242175       0.231565       0.219735       0.206753       0.192746       0.177905       0.162485       0.146791       0.131163       0.115951       0.101488       0.088057       0.075866       0.065031       0.055566       0.047390       0.040360       0.034299       0.029037       0.024436       0.020405       0.016891       0.013869       0.011327       0.009254       0.007649       0.006540       0.006002       0.006119       0.006889       0.008221       0.010013       0.012202       0.014763       0.017702       0.021043       0.024842       0.029201       0.034292       0.040384       0.047837       0.057062       0.068453       0.082304       0.098748       0.117735       0.139032       0.162254       0.186902       0.212406       0.238174       0.263630       0.288247       0.311566       0.333215       0.352905       0.370429       0.385644       0.398434       0.408657       0.416099       0.420480       0.421576       0.419534       0.415260       0.409520       0.403375       0.398671       0.398671
       0.371438       0.371438       0.377057       0.384983       0.393338       0.401088       0.407361       0.409461       0.407294       0.401321       0.392016       0.379729       0.364697       0.347111       0.327171       0.305134       0.281331       0.256180       0.230178       0.203894       0.177943       0.152954       0.129534       0.108217       0.089424       0.073416       0.060261       0.049811       0.041712       0.035468       0.030550       0.026504       0.023012       0.019892       0.017062       0.014504       0.012233       0.010277       0.008679       0.007486       0.006747       0.006489       0.006709       0.007387       0.008510       0.010075       0.012081       0.014513       0.017356       0.020610       0.024313       0.028567       0.033544       0.039474       0.046605       0.055151       0.065237       0.076875       0.089955       0.104252       0.119461       0.135218       0.151139       0.166853       0.182021       0.196363       0.209667       0.221787       0.232647       0.242228       0.250557       0.257696       0.263728       0.268750       0.272862       0.276159       0.278729       0.280647       0.281973       0.282751       0.283007       0.282751       0.281973       0.280647       0.278729       0.276159       0.272862       0.268750       0.263728       0.257696       0.250557       0.242228       0.232647       0.221787       0.209667       0.196363       0.182021       0.166853       0.151139       0.135218       0.119461       0.104252       0.089955       0.076875       0.065237       0.055151       0.046605       0.039474       0.033544       0.028567       0.024313       0.020610       0.017356       0.014513       0.012081       0.010075       0.008510       0.007387       0.006709       0.006489       0.006747       0.007486       0.008679       0.010277       0.012233       0.014504       0.017062       0.019892       0.023012       0.026504       0.030550       0.035468       0.041712       0.049811       0.060261       0.073416       0.089424       0.108217       0.129534       0.152954       0.177943       0.203894       0.230178       0.256180       0.281331       0.305134       0.327171       0.347111       0.364697       0.379729       0.392016       0.401321       0.407294       0.409461       0.407361       0.401088       0.393338       0.384983       0.377057       0.371438       0.371438
       0.336114       0.336114       0.342927       0.353109       0.364794       0.377326       0.391445       0.397826       0.398310       0.394038       0.385801       0.374128       0.359373       0.341807       0.321692       0.299334       0.275109       0.249471       0.222957       0.196166       0.169746       0.144358       0.120638       0.099154       0.080367       0.064589       0.051943       0.042307       0.035297       0.030297       0.026619       0.023675       0.021083       0.018654       0.016334       0.014142       0.012126       0.010342       0.008845       0.007675       0.006865       0.006432       0.006388       0.006749       0.007535       0.008753       0.010378       0.012365       0.014658       0.017225       0.020087       0.023352       0.027241       0.032063       0.038164       0.045837       0.055257       0.066443       0.079271       0.093492       0.108768       0.124704       0.140885       0.156909       0.172411       0.187087       0.200706       0.213109       0.224212       0.233990       0.242472       0.249722       0.255828       0.260894       0.265026       0.268327       0.270890       0.272797       0.274111       0.274881       0.275134       0.274881       0.274111       0.272797       0.270890       0.268327       0.265026       0.260894       0.255828       0.249722       0.242472       0.233990       0.224212       0.213109       0.200706       0.187087       0.172411       0.156909       0.140885       0.124704       0.108768       0.093492       0.079271       0.066443       0.055257       0.045837       0.038164       0.032063       0.027241       0.023352       0.020087       0.017225       0.014658       0.012365       0.010378       0.008753       0.007535       0.006749       0.006388       0.006432       0.006865       0.007675       0.008845       0.010342       0.012126       0.014142       0.016334       0.018654       0.021083       0.023675       0.026619       0.030297       0.035297       0.042307       0.051943       0.064589       0.080367       0.099154       0.120638       0.144358       0.169746       0.196166       0.222957       0.249471       0.275109       0.299334       0.321692       0.341807       0.359373       0.374128       0.385801       0.394038       0.398310       0.397826       0.391445       0.377326       0.364794       0.353109       0.342927       0.336114       0.336114
       0.306880       0.306880       0.314932       0.327390       0.342206       0.358621       0.377156       0.386984       0.389904       0.387286       0.380124       0.369095       0.354659       0.337166       0.316936       0.294323       0.269740       0.243677       0.216698       0.189429       0.162543       0.136719       0.112613       0.090817       0.071829       0.056022       0.043614       0.034593       0.028608       0.024915       0.022578       0.020808       0.019143       0.017401       0.015568       0.013705       0.011898       0.010227       0.008755       0.007529       0.006581       0.005940       0.005651       0.005773       0.006349       0.007373       0.008776       0.010460       0.012322       0.014288       0.016352       0.018629       0.021397       0.025088       0.030188       0.037091       0.045995       0.056895       0.069622       0.083886       0.099315       0.115484       0.131954       0.148296       0.164126       0.179122       0.193038       0.205706       0.217033       0.226995       0.235618       0.242971       0.249148       0.254257       0.258410       0.261717       0.264277       0.266175       0.267480       0.268243       0.268494       0.268243       0.267480       0.266175       0.264277       0.261717       0.258410       0.254257       0.249148       0.242971       0.235618       0.226995       0.217033       0.205706       0.193038       0.179122       0.164126       0.148296       0.131954       0.115484       0.099315       0.083886       0.069622       0.056895       0.045995       0.037091       0.030188       0.025088       0.021397       0.018629       0.016352       0.014288       0.012322       0.010460       0.008776       0.007373       0.006349       0.005773       0.005651       0.005940       0.006581       0.007529       0.008755       0.010227       0.011898       0.013705       0.015568       0.017401       0.019143       0.020808       0.022578       0.024915       0.028608       0.034593       0.043614       0.056022       0.071829       0.090817       0.112613       0.136719       0.162543       0.189429       0.216698       0.243677       0.269740       0.294323       0.316936       0.337166       0.354659       0.369095       0.380124       0.387286       0.389904       0.386984       0.377156       0.358621       0.342206       0.327390       0.314932       0.306880       0.306880
       0.283367       0.283367       0.292570       0.307082       0.324561       0.343961       0.365424       0.377826       0.382726       0.381525       0.375316       0.364877       0.350752       0.333354       0.313055       0.290248       0.265379       0.238963       0.211588       0.183899       0.156582       0.130325       0.105790       0.083575       0.064191       0.048058       0.035510       0.026763       0.021682       0.019412       0.018575       0.018058       0.017322       0.016230       0.014836       0.013254       0.011608       0.009999       0.008502       0.007168       0.006034       0.005150       0.004605       0.004533       0.005020       0.006008       0.007343       0.008857       0.010397       0.011843       0.013146       0.014407       0.015975       0.018477       0.022641       0.028972       0.037619       0.048476       0.061294       0.075734       0.091395       0.107836       0.124601       0.141249       0.157382       0.172665       0.186843       0.199741       0.211264       0.221384       0.230131       0.237574       0.243813       0.248960       0.253134       0.256448       0.259006       0.260899       0.262198       0.262956       0.263205       0.262956       0.262198       0.260899       0.259006       0.256448       0.253134       0.248960       0.243813       0.237574       0.230131       0.221384       0.211264       0.199741       0.186843       0.172665       0.157382       0.141249       0.124601       0.107836       0.091395       0.075734       0.061294       0.048476       0.037619       0.028972       0.022641       0.018477       0.015975       0.014407       0.013146       0.011843       0.010397       0.008857       0.007343       0.006008       0.005020       0.004533       0.004605       0.005150       0.006034       0.007168       0.008502       0.009999       0.011608       0.013254       0.014836       0.016230       0.017322       0.018058       0.018575       0.019412       0.021682       0.026763       0.035510       0.048058       0.064191       0.083575       0.105790       0.130325       0.156582       0.183899       0.211588       0.238963       0.265379       0.290248       0.313055       0.333354       0.350752       0.364877       0.375316       0.381525       0.382726       0.377826       0.365424       0.343961       0.324561       0.307082       0.292570       0.283367       0.283367
       0.265837       0.265837       0.275991       0.292156       0.311685       0.333247       0.356700       0.370909       0.377260       0.377132       0.371662       0.361693       0.347825       0.330517       0.310181       0.287238       0.262158       0.235477       0.207798       0.179777       0.152106       0.125475       0.100537       0.077877       0.057985       0.041267       0.028111       0.019030       0.014567       0.013972       0.014888       0.015666       0.015792       0.015262       0.014225       0.012861       0.011328       0.009746       0.008200       0.006739       0.005400       0.004233       0.003375       0.003112       0.003647       0.004774       0.006178       0.007631       0.008950       0.009967       0.010567       0.010777       0.010980       0.012153       0.015542       0.021709       0.030508       0.041618       0.054708       0.069420       0.085352       0.102062       0.119094       0.136002       0.152383       0.167897       0.182283       0.195362       0.207038       0.217281       0.226124       0.233638       0.239925       0.245103       0.249293       0.252614       0.255173       0.257062       0.258357       0.259112       0.259360       0.259112       0.258357       0.257062       0.255173       0.252614       0.249293       0.245103       0.239925       0.233638       0.226124       0.217281       0.207038       0.195362       0.182283       0.167897       0.152383       0.136002       0.119094       0.102062       0.085352       0.069420       0.054708       0.041618       0.030508       0.021709       0.015542       0.012153       0.010980       0.010777       0.010567       0.009967       0.008950       0.007631       0.006178       0.004774       0.003647       0.003112       0.003375       0.004233       0.005400       0.006739       0.008200       0.009746       0.011328       0.012861       0.014225       0.015262       0.015792       0.015666       0.014888       0.013972       0.014567       0.019030       0.028111       0.041267       0.057985       0.077877       0.100537       0.125475       0.152106       0.179777       0.207798       0.235477       0.262158       0.287238       0.310181       0.330517       0.347825       0.361693       0.371662       0.377132       0.377260       0.370909       0.356700       0.333247       0.311685       0.292156       0.275991       0.265837       0.265837
       0.254904       0.254904       0.265695       0.282944       0.303781       0.326673       0.351313       0.366608       0.373845       0.374383       0.369381       0.359712       0.346012       0.328768       0.308414       0.285389       0.260181       0.233335       0.205464       0.177229       0.149325       0.122436       0.097208       0.074198       0.053856       0.036508       0.022414       0.012046       0.007325       0.009120       0.012051       0.013972       0.014754       0.014617       0.013819       0.012594       0.011128       0.009554       0.007961       0.006396       0.004881       0.003434       0.002154       0.001585       0.002409       0.003848       0.005399       0.006859       0.008048       0.008767       0.008813       0.008043       0.006626       0.006028       0.009191       0.016017       0.025426       0.036983       0.050405       0.065381       0.081538       0.098452       0.115673       0.132758       0.149304       0.164969       0.179489       0.192685       0.204457       0.214780       0.223683       0.231242       0.237561       0.242759       0.246960       0.250285       0.252845       0.254733       0.256025       0.256778       0.257026       0.256778       0.256025       0.254733       0.252845       0.250285       0.246960       0.242759       0.237561       0.231242       0.223683       0.214780       0.204457       0.192685       0.179489       0.164969       0.149304       0.132758       0.115673       0.098452       0.081538       0.065381       0.050405       0.036983       0.025426       0.016017       0.009191       0.006028       0.006626       0.008043       0.008813       0.008767       0.008048       0.006859       0.005399       0.003848       0.002409       0.001585       0.002154       0.003434       0.004881       0.006396       0.007961       0.009554       0.011128       0.012594       0.013819       0.014617       0.014754       0.013972       0.012051       0.009120       0.007325       0.012046       0.022414       0.036508       0.053856       0.074198       0.097208       0.122436       0.149325       0.177229       0.205464       0.233335       0.260181       0.285389       0.308414       0.328768       0.346012       0.359712       0.369381       0.374383       0.373845       0.366608       0.351313       0.326673       0.303781       0.282944       0.265695       0.254904       0.254904
       0.251176       0.251176       0.262193       0.279821       0.301108       0.324452       0.349490       0.365149       0.372684       0.373448       0.368605       0.359040       0.345398       0.328177       0.307817       0.284766       0.259515       0.232613       0.204675       0.176367       0.148381       0.121401       0.096065       0.072922       0.052396       0.034763       0.020138       0.008483       0.000379       0.006731       0.010925       0.013348       0.014384       0.014390       0.013676       0.012499       0.011055       0.009483       0.007871       0.006265       0.004677       0.003096       0.001499       0.000133       0.001803       0.003488       0.005122       0.006595       0.007741       0.008350       0.008173       0.006936       0.004366       0.000207       0.005748       0.013638       0.023512       0.035318       0.048897       0.063985       0.080232       0.097222       0.114511       0.131660       0.148264       0.163981       0.178548       0.191784       0.203590       0.213939       0.222863       0.230438       0.236767       0.241972       0.246177       0.249505       0.252064       0.253952       0.255244       0.255996       0.256243       0.255996       0.255244       0.253952       0.252064       0.249505       0.246177       0.241972       0.236767       0.230438       0.222863       0.213939       0.203590       0.191784       0.178548       0.163981       0.148264       0.131660       0.114511       0.097222       0.080232       0.063985       0.048897       0.035318       0.023512       0.013638       0.005748       0.000207       0.004366       0.006936       0.008173       0.008350       0.007741       0.006595       0.005122       0.003488       0.001803       0.000133       0.001499       0.003096       0.004677       0.006265       0.007871       0.009483       0.011055       0.012499       0.013676       0.014390       0.014384       0.013348       0.010925       0.006731       0.000379       0.008483       0.020138       0.034763       0.052396       0.072922       0.096065       0.121401       0.148381       0.176367       0.204675       0.232613       0.259515       0.284766       0.307817       0.328177       0.345398       0.359040       0.368605       0.373448       0.372684       0.365149       0.349490       0.324452       0.301108       0.279821       0.262193       0.251176       0.251176
       0.254904       0.254904       0.265695       0.282944       0.303781       0.326673       0.351313       0.366608       0.373845       0.374383       0.369381       0.359712       0.346012       0.328768       0.308414       0.285389       0.260181       0.233335       0.205464       0.177229       0.149325       0.122436       0.097208       0.074198       0.053856       0.036508       0.022414       0.012046       0.007325       0.009120       0.012051       0.013972       0.014754       0.014617       0.013819       0.012594       0.011128       0.009554       0.007961       0.006396       0.004881       0.003434       0.002154       0.001585       0.002409       0.003848       0.005399       0.006859       0.008048       0.008767       0.008813       0.008043       0.006626       0.006028       0.009191       0.016017       0.025426       0.036983       0.050405       0.065381       0.081538       0.098452       0.115673       0.132758       0.149304       0.164969       0.179489       0.192685       0.204457       0.214780       0.223683       0.231242       0.237561       0.242759       0.246960       0.250285       0.252845       0.254733       0.256025       0.256778       0.257026       0.256778       0.256025       0.254733       0.252845       0.250285       0.246960       0.242759       0.237561       0.231242       0.223683       0.214780       0.204457       0.192685       0.179489       0.164969       0.149304       0.132758       0.115673       0.098452       0.081538       0.065381       0.050405       0.036983       0.025426       0.016017       0.009191       0.006028       0.006626       0.008043       0.008813       0.008767       0.008048       0.006859       0.005399       0.003848       0.002409       0.001585       0.002154       0.003434       0.004881       0.006396       0.007961       0.009554       0.011128       0.012594       0.013819       0.014617       0.014754       0.013972       0.012051       0.009120       0.007325       0.012046       0.022414       0.036508       0.053856       0.074198       0.097208       0.122436       0.149325       0.177229       0.205464       0.233335       0.260181       0.285389       0.308414       0.328768       0.346012       0.359712       0.369381       0.374383       0.373845       0.366608       0.351313       0.326673       0.303781       0.282944       0.265695       0.254904       0.254904
       0.265837       0.265837       0.275991       0.292156       0.311685       0.333247       0.356700       0.370909       0.377260       0.377132       0.371662       0.361693       0.347825       0.330517       0.310181       0.287238       0.262158       0.235477       0.207798       0.179777       0.152106       0.125475       0.100537       0.077877       0.057985       0.041267       0.028111       0.019030       0.014567       0.013972       0.014888       0.015666       0.015792       0.015262       0.014225       0.012861       0.011328       0.009746       0.008200       0.006739       0.005400       0.004233       0.003375       0.003112       0.003647       0.004774       0.006178       0.007631       0.008950       0.009967       0.010567       0.010777       0.010980       0.012153       0.015542       0.021709       0.030508       0.041618       0.054708       0.069420       0.085352       0.102062       0.119094       0.136002       0.152383       0.167897       0.182283       0.195362       0.207038       0.217281       0.226124       0.233638       0.239925       0.245103       0.249293       0.252614       0.255173       0.257062       0.258357       0.259112       0.259360       0.259112       0.258357       0.257062       0.255173       0.252614       0.249293       0.245103       0.239925       0.233638       0.226124       0.217281       0.207038       0.195362       0.182283       0.167897       0.152383       0.136002       0.119094       0.102062       0.085352       0.069420       0.054708       0.041618       0.030508       0.021709       0.015542       0.012153       0.010980       0.010777       0.010567       0.009967       0.008950       0.007631       0.006178       0.004774       0.003647       0.003112       0.003375       0.004233       0.005400       0.006739       0.008200       0.009746       0.011328       0.012861       0.014225       0.015262       0.015792       0.015666       0.014888       0.013972       0.014567       0.019030       0.028111       0.041267       0.057985       0.077877       0.100537       0.125475       0.152106       0.179777       0.207798       0.235477       0.262158       0.287238       0.310181       0.330517       0.347825       0.361693       0.371662       0.377132       0.377260       0.370909       0.356700       0.333247       0.311685       0.292156       0.275991       0.265837       0.265837
       0.283367       0.283367       0.292570       0.307082       0.324561       0.343961       0.365424       0.377826       0.382726       0.381525       0.375316       0.364877       0.350752       0.333354       0.313055       0.290248       0.265379       0.238963       0.211588       0.183899       0.156582       0.130325       0.105790       0.083575       0.064191       0.048058       0.035510       0.026763       0.021682       0.019412       0.018575       0.018058       0.017322       0.016230       0.014836       0.013254       0.011608       0.009999       0.008502       0.007168       0.006034       0.005150       0.004605       0.004533       0.005020       0.006008       0.007343       0.008857       0.010397       0.011843       0.013146       0.014407       0.015975       0.018477       0.022641       0.028972       0.037619       0.048476       0.061294       0.075734       0.091395       0.107836       0.124601       0.141249       0.157382       0.172665       0.186843       0.199741       0.211264       0.221384       0.230131       0.237574       0.243813       0.248960       0.253134       0.256448       0.259006       0.260899       0.262198       0.262956       0.263205       0.262956       0.262198       0.260899       0.259006       0.256448       0.253134       0.248960       0.243813       0.237574       0.230131       0.221384       0.211264       0.199741       0.186843       0.172665       0.157382       0.141249       0.124601       0.107836       0.091395       0.075734       0.061294       0.048476       0.037619       0.028972       0.022641       0.018477       0.015975       0.014407       0.013146       0.011843       0.010397       0.008857       0.007343       0.006008       0.005020       0.004533       0.004605       0.005150       0.006034       0.007168       0.008502       0.009999       0.011608       0.013254       0.014836       0.016230       0.017322       0.018058       0.018575       0.019412       0.021682       0.026763       0.035510       0.048058       0.064191       0.083575       0.105790       0.130325       0.156582       0.183899       0.211588       0.238963       0.265379       0.290248       0.313055       0.333354       0.350752       0.364877       0.375316       0.381525       0.382726       0.377826       0.365424       0.343961       0.324561       0.307082       0.292570       0.283367       0.283367
       0.306880       0.306880       0.314932       0.327390       0.342206       0.358621       0.377156       0.386984       0.389904       0.387286       0.380124       0.369095       0.354659       0.337166       0.316936       0.294323       0.269740       0.243677       0.216698       0.189429       0.162543       0.136719       0.112613       0.090817       0.071829       0.056022       0.043614       0.034593       0.028608       0.024915       0.022578       0.020808       0.019143       0.017401       0.015568       0.013705       0.011898       0.010227       0.008755       0.007529       0.006581       0.005940       0.005651       0.005773       0.006349       0.007373       0.008776       0.010460       0.012322       0.014288       0.016352       0.018629       0.021397       0.025088       0.030188       0.037091       0.045995       0.056895       0.069622       0.083886       0.099315       0.115484       0.131954       0.148296       0.164126       0.179122       0.193038       0.205706       0.217033       0.226995       0.235618       0.242971       0.249148       0.254257       0.258410       0.261717       0.264277       0.266175       0.267480       0.268243       0.268494       0.268243       0.267480       0.266175       0.264277       0.261717       0.258410       0.254257       0.249148       0.242971       0.235618       0.226995       0.217033       0.205706       0.193038       0.179122       0.164126       0.148296       0.131954       0.115484       0.099315       0.083886       0.069622       0.056895       0.045995       0.037091       0.030188       0.025088       0.021397       0.018629       0.016352       0.014288       0.012322       0.010460       0.008776       0.007373       0.006349       0.005773       0.005651       0.005940       0.006581       0.007529       0.008755       0.010227       0.011898       0.013705       0.015568       0.017401       0.019143       0.020808       0.022578       0.024915       0.028608       0.034593       0.043614       0.056022       0.071829       0.090817       0.112613       0.136719       0.162543       0.189429       0.216698       0.243677       0.269740       0.294323       0.316936       0.337166       0.354659       0.369095       0.380124       0.387286       0.389904       0.386984       0.377156       0.358621       0.342206       0.327390       0.314932       0.306880       0.306880
       0.336114       0.336114       0.342927       0.353109       0.364794       0.377326       0.391445       0.397826       0.398310       0.394038       0.385801       0.374128       0.359373       0.341807       0.321692       0.299334       0.275109       0.249471       0.222957       0.196166       0.169746       0.144358       0.120638       0.099154       0.080367       0.064589       0.051943       0.042307       0.035297       0.030297       0.026619       0.023675       0.021083       0.018654       0.016334       0.014142       0.012126       0.010342       0.008845       0.007675       0.006865       0.006432       0.006388       0.006749       0.007535       0.008753       0.010378       0.012365       0.014658       0.017225       0.020087       0.023352       0.027241       0.032063       0.038164       0.045837       0.055257       0.066443       0.079271       0.093492       0.108768       0.124704       0.140885       0.156909       0.172411       0.187087       0.200706       0.213109       0.224212       0.233990       0.242472       0.249722       0.255828       0.260894       0.265026       0.268327       0.270890       0.272797       0.274111       0.274881       0.275134       0.274881       0.274111       0.272797       0.270890       0.268327       0.265026       0.260894       0.255828       0.249722       0.242472       0.233990       0.224212       0.213109       0.200706       0.187087       0.172411       0.156909       0.140885       0.124704       0.108768       0.093492       0.079271       0.066443       0.055257       0.045837       0.038164       0.032063       0.027241       0.023352       0.020087       0.017225       0.014658       0.012365       0.010378       0.008753       0.007535       0.006749       0.006388       0.006432       0.006865       0.007675       0.008845       0.010342       0.012126       0.014142       0.016334       0.018654       0.021083       0.023675       0.026619       0.030297       0.035297       0.042307       0.051943       0.064589       0.080367       0.099154       0.120638       0.144358       0.169746       0.196166       0.222957       0.249471       0.275109       0.299334       0.321692       0.341807       0.359373       0.374128       0.385801       0.394038       0.398310       0.397826       0.391445       0.377326       0.364794       0.353109       0.342927       0.336114       0.336114
       0.371438       0.371438       0.377057       0.384983       0.393338       0.401088       0.407361       0.409461       0.407294       0.401321       0.392016       0.379729       0.364697       0.347111       0.327171       0.305134       0.281331       0.256180       0.230178       0.203894       0.177943       0.152954       0.129534       0.108217       0.089424       0.073416       0.060261       0.049811       0.041712       0.035468       0.030550       0.026504       0.023012       0.019892       0.017062       0.014504       0.012233       0.010277       0.008679       0.007486       0.006747       0.006489       0.006709       0.007387       0.008510       0.010075       0.012081       0.014513       0.017356       0.020610       0.024313       0.028567       0.033544       0.039474       0.046605       0.055151       0.065237       0.076875       0.089955       0.104252       0.119461       0.135218       0.151139       0.166853       0.182021       0.196363       0.209667       0.221787       0.232647       0.242228       0.250557       0.257696       0.263728       0.268750       0.272862       0.276159       0.278729       0.280647       0.281973       0.282751       0.283007       0.282751       0.281973       0.280647       0.278729       0.276159       0.272862       0.268750       0.263728       0.257696       0.250557       0.242228       0.232647       0.221787       0.209667       0.196363       0.182021       0.166853       0.151139       0.135218       0.119461       0.104252       0.089955       0.076875       0.065237       0.055151       0.046605       0.039474       0.033544       0.028567       0.024313       0.020610       0.017356       0.014513       0.012081       0.010075       0.008510       0.007387       0.006709       0.006489       0.006747       0.007486       0.008679       0.010277       0.012233       0.014504       0.017062       0.019892       0.023012       0.026504       0.030550       0.035468       0.041712       0.049811       0.060261       0.073416       0.089424       0.108217       0.129534       0.152954       0.177943       0.203894       0.230178       0.256180       0.281331       0.305134       0.327171       0.347111       0.364697       0.379729       0.392016       0.401321       0.407294       0.409461       0.407361       0.401088       0.393338       0.384983       0.377057       0.371438       0.371438
       0.398671       0.398671       0.403375       0.409520       0.415260       0.419534       0.421576       0.420480       0.416099       0.408657       0.398434       0.385644       0.370429       0.352905       0.333215       0.311566       0.288247       0.263630       0.238174       0.212406       0.186902       0.162254       0.139032       0.117735       0.098748       0.082304       0.068453       0.057062       0.047837       0.040384       0.034292       0.029201       0.024842       0.021043       0.017702       0.014763       0.012202       0.010013       0.008221       0.006889       0.006119       0.006002       0.006540       0.007649       0.009254       0.011327       0.013869       0.016891       0.020405       0.024436       0.029037       0.034299       0.040360       0.047390       0.055566       0.065031       0.075866       0.088057       0.101488       0.115951       0.131163       0.146791       0.162485       0.177905       0.192746       0.206753       0.219735       0.231565       0.242175       0.251551       0.259722       0.266747       0.272703       0.277682       0.281776       0.285072       0.287652       0.289584       0.290924       0.291712       0.291972       0.291712       0.290924       0.289584       0.287652       0.285072       0.281776       0.277682       0.272703       0.266747       0.259722       0.251551       0.242175       0.231565       0.219735       0.206753       0.192746       0.177905       0.162485       0.146791       0.131163       0.115951       0.101488       0.088057       0.075866       0.065031       0.055566       0.047390       0.040360       0.034299       0.029037       0.024436       0.020405       0.016891       0.013869       0.011327       0.009254       0.007649       0.006540       0.006002       0.006119       0.006889       0.008221       0.010013       0.012202       0.014763       0.017702       0.021043       0.024842       0.029201       0.034292       0.040384       0.047837       0.057062       0.068453       0.082304       0.098748       0.117735       0.139032       0.162254       0.186902       0.212406       0.238174       0.263630       0.288247       0.311566       0.333215       0.352905       0.370429       0.385644       0.398434       0.408657       0.416099       0.420480       0.421576       0.419534       0.415260       0.409520       0.403375       0.398671       0.398671
       0.418901       0.418901       0.422994       0.427916       0.431866       0.433876       0.433421       0.430195       0.424215       0.415673       0.404774       0.391652       0.376381       0.359021       0.339665       0.318476       0.295695       0.271654       0.246765       0.221510       0.196423       0.172052       0.148929       0.127520       0.108187       0.091150       0.076471       0.064054       0.053674       0.045031       0.037805       0.031710       0.026520       0.022068       0.018235       0.014928       0.012073       0.009614       0.007535       0.005902       0.004925       0.004906       0.005884       0.007596       0.009848       0.012581       0.015803       0.019545       0.023844       0.028743       0.034301       0.040603       0.047756       0.055883       0.065103       0.075507       0.087125       0.099915       0.113753       0.128435       0.143696       0.159231       0.174724       0.189868       0.204390       0.218066       0.230727       0.242265       0.252623       0.261793       0.269805       0.276714       0.282596       0.287533       0.291610       0.294908       0.297500       0.299449       0.300804       0.301603       0.301867       0.301603       0.300804       0.299449       0.297500       0.294908       0.291610       0.287533       0.282596       0.276714       0.269805       0.261793       0.252623       0.242265       0.230727       0.218066       0.204390       0.189868       0.174724       0.159231       0.143696       0.128435       0.113753       0.099915       0.087125       0.075507       0.065103       0.055883       0.047756       0.040603       0.034301       0.028743       0.023844       0.019545       0.015803       0.012581       0.009848       0.007596       0.005884       0.004906       0.004925       0.005902       0.007535       0.009614       0.012073       0.014928       0.018235       0.022068       0.026520       0.031710       0.037805       0.045031       0.053674       0.064054       0.076471       0.091150       0.108187       0.127520       0.148929       0.172052       0.196423       0.221510       0.246765       0.271654       0.295695       0.318476       0.339665       0.359021       0.376381       0.391652       0.404774       0.415673       0.424215       0.430195       0.433421       0.433876       0.431866       0.427916       0.422994       0.418901       0.418901
       0.433577       0.433577       0.437304       0.441464       0.444293       0.444915       0.442976       0.438422       0.431404       0.422147       0.410838       0.397576       0.382394       0.365310       0.346377       0.325716       0.303528       0.280097       0.255791       0.231045       0.206343       0.182192       0.159085       0.137459       0.117663       0.099920       0.084319       0.070813       0.059254       0.049422       0.041081       0.034007       0.028014       0.022944       0.018662       0.015039       0.011941       0.009244       0.006846       0.004737       0.003203       0.003220       0.004948       0.007488       0.010525       0.014027       0.018034       0.022599       0.027775       0.033618       0.040188       0.047559       0.055810       0.065027       0.075280       0.086612       0.099013       0.112412       0.126672       0.141590       0.156919       0.172379       0.187684       0.202562       0.216773       0.230122       0.242466       0.253712       0.263819       0.272782       0.280634       0.287429       0.293236       0.298131       0.302192       0.305492       0.308097       0.310063       0.311434       0.312244       0.312512       0.312244       0.311434       0.310063       0.308097       0.305492       0.302192       0.298131       0.293236       0.287429       0.280634       0.272782       0.263819       0.253712       0.242466       0.230122       0.216773       0.202562       0.187684       0.172379       0.156919       0.141590       0.126672       0.112412       0.099013       0.086612       0.075280       0.065027       0.055810       0.047559       0.040188       0.033618       0.027775       0.022599       0.018034       0.014027       0.010525       0.007488       0.004948       0.003220       0.003203       0.004737       0.006846       0.009244       0.011941       0.015039       0.018662       0.022944       0.028014       0.034007       0.041081       0.049422       0.059254       0.070813       0.084319       0.099920       0.117663       0.137459       0.159085       0.182192       0.206343       0.231045       0.255791       0.280097       0.303528       0.325716       0.346377       0.365310       0.382394       0.397576       0.410838       0.422147       0.431404       0.438422       0.442976       0.444915       0.444293       0.441464       0.437304       0.433577       0.433577
       0.444056       0.444056       0.447587       0.451317       0.453501       0.453326       0.450542       0.445226       0.437616       0.427980       0.416510       0.403295       0.388344       0.371646       0.353222       0.333157       0.311610       0.288824       0.265117       0.240877       0.216539       0.192567       0.169415       0.147500       0.127160       0.108634       0.092044       0.077404       0.064636       0.053602       0.044140       0.036090       0.029304       0.023645       0.018972       0.015124       0.011910       0.009122       0.006558       0.004049       0.001497       0.001480       0.004483       0.007874       0.011679       0.015965       0.020797       0.026241       0.032354       0.039193       0.046812       0.055267       0.064614       0.074901       0.086158       0.098386       0.111540       0.125523       0.140186       0.155331       0.170721       0.186101       0.201217       0.215829       0.229730       0.242754       0.254781       0.265737       0.275591       0.284347       0.292039       0.298717       0.304447       0.309298       0.313341       0.316640       0.319256       0.321237       0.322624       0.323445       0.323716       0.323445       0.322624       0.321237       0.319256       0.316640       0.313341       0.309298       0.304447       0.298717       0.292039       0.284347       0.275591       0.265737       0.254781       0.242754       0.229730       0.215829       0.201217       0.186101       0.170721       0.155331       0.140186       0.125523       0.111540       0.098386       0.086158       0.074901       0.064614       0.055267       0.046812       0.039193       0.032354       0.026241       0.020797       0.015965       0.011679       0.007874       0.004483       0.001480       0.001497       0.004049       0.006558       0.009122       0.011910       0.015124       0.018972       0.023645       0.029304       0.036090       0.044140       0.053602       0.064636       0.077404       0.092044       0.108634       0.127160       0.147500       0.169415       0.192567       0.216539       0.240877       0.265117       0.288824       0.311610       0.333157       0.353222       0.371646       0.388344       0.403295       0.416510       0.427980       0.437616       0.445226       0.450542       0.453326       0.453501       0.451317       0.447587       0.444056       0.444056
       0.451454       0.451454       0.454898       0.458419       0.460272       0.459685       0.456472       0.450779       0.442907       0.433157       0.421737       0.408732       0.394139       0.377929       0.360094       0.340686       0.319829       0.297720       0.274633       0.250905       0.226925       0.203111       0.179885       0.157640       0.136712       0.117357       0.099739       0.083929       0.069920       0.057652       0.047036       0.037975       0.030372       0.024125       0.019107       0.015142       0.011993       0.009376       0.007021       0.004758       0.002809       0.002983       0.005705       0.009406       0.013758       0.018736       0.024369       0.030701       0.037774       0.045631       0.054310       0.063845       0.074265       0.085584       0.097795       0.110863       0.124713       0.139228       0.154249       0.169581       0.185002       0.200281       0.215192       0.229528       0.243112       0.255805       0.267511       0.278174       0.287772       0.296318       0.303844       0.310401       0.316048       0.320850       0.324868       0.328162       0.330784       0.332777       0.334176       0.335005       0.335280       0.335005       0.334176       0.332777       0.330784       0.328162       0.324868       0.320850       0.316048       0.310401       0.303844       0.296318       0.287772       0.278174       0.267511       0.255805       0.243112       0.229528       0.215192       0.200281       0.185002       0.169581       0.154249       0.139228       0.124713       0.110863       0.097795       0.085584       0.074265       0.063845       0.054310       0.045631       0.037774       0.030701       0.024369       0.018736       0.013758       0.009406       0.005705       0.002983       0.002809       0.004758       0.007021       0.009376       0.011993       0.015142       0.019107       0.024125       0.030372       0.037975       0.047036       0.057652       0.069920       0.083929       0.099739       0.117357       0.136712       0.157640       0.179885       0.203111       0.226925       0.250905       0.274633       0.297720       0.319829       0.340686       0.360094       0.377929       0.394139       0.408732       0.421737       0.433157       0.442907       0.450779       0.456472       0.459685       0.460272       0.458419       0.454898       0.451454       0.451454
       0.456630       0.456630       0.460056       0.463504       0.465226       0.464472       0.461095       0.455285       0.447382       0.437716       0.426509       0.413847       0.399722       0.384086       0.366909       0.348215       0.328090       0.306694       0.284253       0.261056       0.237446       0.213797       0.190496       0.167916       0.146393       0.126200       0.107540       0.090538       0.075257       0.061708       0.049874       0.039722       0.031217       0.024313       0.018931       0.014923       0.012025       0.009876       0.008136       0.006671       0.005801       0.006346       0.008673       0.012364       0.017064       0.022628       0.029011       0.036209       0.044235       0.053102       0.062825       0.073411       0.084858       0.097147       0.110239       0.124067       0.138533       0.153502       0.168811       0.184270       0.199673       0.214812       0.229489       0.243526       0.256777       0.269129       0.280506       0.290867       0.300203       0.308529       0.315882       0.322308       0.327863       0.332605       0.336590       0.339870       0.342490       0.344488       0.345893       0.346728       0.347005       0.346728       0.345893       0.344488       0.342490       0.339870       0.336590       0.332605       0.327863       0.322308       0.315882       0.308529       0.300203       0.290867       0.280506       0.269129       0.256777       0.243526       0.229489       0.214812       0.199673       0.184270       0.168811       0.153502       0.138533       0.124067       0.110239       0.097147       0.084858       0.073411       0.062825       0.053102       0.044235       0.036209       0.029011       0.022628       0.017064       0.012364       0.008673       0.006346       0.005801       0.006671       0.008136       0.009876       0.012025       0.014923       0.018931       0.024313       0.031217       0.039722       0.049874       0.061708       0.075257       0.090538       0.107540       0.126200       0.146393       0.167916       0.190496       0.213797       0.237446       0.261056       0.284253       0.306694       0.328090       0.348215       0.366909       0.384086       0.399722       0.413847       0.426509       0.437716       0.447382       0.455285       0.461095       0.464472       0.465226       0.463504       0.460056       0.456630       0.456630
       0.460225       0.460225       0.463671       0.467127       0.468840       0.468071       0.464696       0.458937       0.451161       0.441718       0.430844       0.418628       0.405055       0.390063       0.373604       0.355672       0.336323       0.315676       0.293915       0.271283       0.248074       0.224623       0.201280       0.178400       0.156313       0.135309       0.115623       0.097432       0.080858       0.065977       0.052838       0.041469       0.031897       0.024151       0.018251       0.014154       0.011639       0.010242       0.009448       0.009018       0.009138       0.010278       0.012782       0.016643       0.021703       0.027825       0.034929       0.042969       0.051921       0.061768       0.072493       0.084073       0.096474       0.109646       0.123522       0.138008       0.152986       0.168312       0.183820       0.199327       0.214646       0.229592       0.243994       0.257702       0.270596       0.282588       0.293621       0.303668       0.312729       0.320824       0.327990       0.334272       0.339722       0.344391       0.348328       0.351581       0.354187       0.356181       0.357587       0.358423       0.358700       0.358423       0.357587       0.356181       0.354187       0.351581       0.348328       0.344391       0.339722       0.334272       0.327990       0.320824       0.312729       0.303668       0.293621       0.282588       0.270596       0.257702       0.243994       0.229592       0.214646       0.199327       0.183820       0.168312       0.152986       0.138008       0.123522       0.109646       0.096474       0.084073       0.072493       0.061768       0.051921       0.042969       0.034929       0.027825       0.021703       0.016643       0.012782       0.010278       0.009138       0.009018       0.009448       0.010242       0.011639       0.014154       0.018251       0.024151       0.031897       0.041469       0.052838       0.065977       0.080858       0.097432       0.115623       0.135309       0.156313       0.178400       0.201280       0.224623       0.248074       0.271283       0.293915       0.315676       0.336323       0.355672       0.373604       0.390063       0.405055       0.418628       0.430844       0.441718       0.451161       0.458937       0.464696       0.468071       0.468840       0.467127       0.463671       0.460225       0.460225
       0.462703       0.462703       0.466190       0.469701       0.471474       0.470780       0.467509       0.461906       0.454359       0.445234       0.434777       0.423079       0.410121       0.395828       0.380133       0.363006       0.344472       0.324614       0.303575       0.281554       0.258801       0.235607       0.212290       0.189181       0.166603       0.144856       0.124202       0.104860       0.087002       0.070760       0.056232       0.043497       0.032629       0.023721       0.016918       0.012434       0.010331       0.010026       0.010559       0.011421       0.012678       0.014684       0.017779       0.022116       0.027691       0.034435       0.042272       0.051140       0.060987       0.071764       0.083425       0.095916       0.109172       0.123117       0.137656       0.152676       0.168044       0.183610       0.199211       0.214676       0.229834       0.244524       0.258600       0.271940       0.284447       0.296056       0.306724       0.316440       0.325209       0.333057       0.340020       0.346140       0.351466       0.356044       0.359918       0.363127       0.365707       0.367685       0.369082       0.369914       0.370191       0.369914       0.369082       0.367685       0.365707       0.363127       0.359918       0.356044       0.351466       0.346140       0.340020       0.333057       0.325209       0.316440       0.306724       0.296056       0.284447       0.271940       0.258600       0.244524       0.229834       0.214676       0.199211       0.183610       0.168044       0.152676       0.137656       0.123117       0.109172       0.095916       0.083425       0.071764       0.060987       0.051140       0.042272       0.034435       0.027691       0.022116       0.017779       0.014684       0.012678       0.011421       0.010559       0.010026       0.010331       0.012434       0.016918       0.023721       0.032629       0.043497       0.056232       0.070760       0.087002       0.104860       0.124202       0.144856       0.166603       0.189181       0.212290       0.235607       0.258801       0.281554       0.303575       0.324614       0.344472       0.363006       0.380133       0.395828       0.410121       0.423079       0.434777       0.445234       0.454359       0.461906       0.467509       0.470780       0.471474       0.469701       0.466190       0.462703       0.462703
       0.464398       0.464398       0.467935       0.471525       0.473397       0.472827       0.469720       0.464336       0.457079       0.448331       0.438345       0.427215       0.414914       0.401360       0.386466       0.370180       0.352498       0.333471       0.313204       0.291854       0.269628       0.246777       0.223585       0.200356       0.177404       0.155030       0.133517       0.113114       0.094035       0.076453       0.060506       0.046303       0.033932       0.023486       0.015145       0.009443       0.007563       0.009033       0.011465       0.013951       0.016576       0.019707       0.023703       0.028795       0.035076       0.042545       0.051156       0.060846       0.071547       0.083189       0.095698       0.108991       0.122981       0.137563       0.152624       0.168036       0.183656       0.199334       0.214911       0.230232       0.245144       0.259508       0.273203       0.286131       0.298217       0.309414       0.319695       0.329058       0.337516       0.345097       0.351835       0.357774       0.362956       0.367422       0.371212       0.374361       0.376898       0.378847       0.380227       0.381049       0.381323       0.381049       0.380227       0.378847       0.376898       0.374361       0.371212       0.367422       0.362956       0.357774       0.351835       0.345097       0.337516       0.329058       0.319695       0.309414       0.298217       0.286131       0.273203       0.259508       0.245144       0.230232       0.214911       0.199334       0.183656       0.168036       0.152624       0.137563       0.122981       0.108991       0.095698       0.083189       0.071547       0.060846       0.051156       0.042545       0.035076       0.028795       0.023703       0.019707       0.016576       0.013951       0.011465       0.009033       0.007563       0.009443       0.015145       0.023486       0.033932       0.046303       0.060506       0.076453       0.094035       0.113114       0.133517       0.155030       0.177404       0.200356       0.223585       0.246777       0.269628       0.291854       0.313204       0.333471       0.352498       0.370180       0.386466       0.401360       0.414914       0.427215       0.438345       0.448331       0.457079       0.464336       0.469720       0.472827       0.473397       0.471525       0.467935       0.464398       0.464398
       0.465546       0.465546       0.469136       0.472814       0.474804       0.474385       0.471473       0.466341       0.459410       0.451072       0.441589       0.431055       0.419441       0.406650       0.392583       0.377167       0.360372       0.342219       0.322778       0.302169       0.280559       0.258160       0.235220       0.212018       0.188849       0.166015       0.143807       0.122499       0.102335       0.083524       0.066237       0.050603       0.036708       0.024598       0.014287       0.005895       0.003154       0.008192       0.012953       0.017194       0.021301       0.025708       0.030796       0.036836       0.043975       0.052263       0.061682       0.072179       0.083681       0.096102       0.109347       0.123314       0.137890       0.152956       0.168381       0.184027       0.199750       0.215402       0.230834       0.245905       0.260482       0.274447       0.287703       0.300173       0.311801       0.322556       0.332424       0.341411       0.349536       0.356827       0.363320       0.369054       0.374069       0.378403       0.382089       0.385158       0.387636       0.389543       0.390894       0.391700       0.391969       0.391700       0.390894       0.389543       0.387636       0.385158       0.382089       0.378403       0.374069       0.369054       0.363320       0.356827       0.349536       0.341411       0.332424       0.322556       0.311801       0.300173       0.287703       0.274447       0.260482       0.245905       0.230834       0.215402       0.199750       0.184027       0.168381       0.152956       0.137890       0.123314       0.109347       0.096102       0.083681       0.072179       0.061682       0.052263       0.043975       0.036836       0.030796       0.025708       0.021301       0.017194       0.012953       0.008192       0.003154       0.005895       0.014287       0.024598       0.036708       0.050603       0.066237       0.083524       0.102335       0.122499       0.143807       0.166015       0.188849       0.212018       0.235220       0.258160       0.280559       0.302169       0.322778       0.342219       0.360372       0.377167       0.392583       0.406650       0.419441       0.431055       0.441589       0.451072       0.459410       0.466341       0.471473       0.474385       0.474804       0.472814       0.469136       0.465546       0.465546
       0.466314       0.466314       0.469957       0.473725       0.475839       0.475582       0.472877       0.468014       0.461424       0.453512       0.444546       0.434623       0.423708       0.411697       0.398475       0.383951       0.368074       0.350837       0.332280       0.312490       0.291595       0.269772       0.247235       0.224235       0.201048       0.177966       0.155287       0.133299       0.112272       0.092450       0.074040       0.057208       0.042081       0.028747       0.017310       0.008245       0.005640       0.010843       0.016683       0.022192       0.027588       0.033226       0.039446       0.046507       0.054573       0.063717       0.073942       0.085204       0.097427       0.110517       0.124365       0.138852       0.153851       0.169229       0.184848       0.200564       0.216235       0.231720       0.246883       0.261597       0.275751       0.289246       0.302005       0.313971       0.325104       0.335387       0.344816       0.353403       0.361171       0.368151       0.374376       0.379883       0.384709       0.388888       0.392449       0.395420       0.397822       0.399673       0.400986       0.401771       0.402032       0.401771       0.400986       0.399673       0.397822       0.395420       0.392449       0.388888       0.384709       0.379883       0.374376       0.368151       0.361171       0.353403       0.344816       0.335387       0.325104       0.313971       0.302005       0.289246       0.275751       0.261597       0.246883       0.231720       0.216235       0.200564       0.184848       0.169229       0.153851       0.138852       0.124365       0.110517       0.097427       0.085204       0.073942       0.063717       0.054573       0.046507       0.039446       0.033226       0.027588       0.022192       0.016683       0.010843       0.005640       0.008245       0.017310       0.028747       0.042081       0.057208       0.074040       0.092450       0.112272       0.133299       0.155287       0.177966       0.201048       0.224235       0.247235       0.269772       0.291595       0.312490       0.332280       0.350837       0.368074       0.383951       0.398475       0.411697       0.423708       0.434623       0.444546       0.453512       0.461424       0.468014       0.472877       0.475582       0.475839       0.473725       0.469957       0.466314       0.466314
       0.466819       0.466819       0.470511       0.474368       0.476606       0.476511       0.474017       0.469425       0.463179       0.455696       0.447250       0.437940       0.427728       0.416501       0.404134       0.390519       0.375586       0.359306       0.341691       0.322798       0.302725       0.281613       0.259646       0.237046       0.214067       0.190990       0.168110       0.145730       0.124141       0.103622       0.084430       0.066795       0.050942       0.037135       0.025833       0.018122       0.015873       0.018818       0.024069       0.029994       0.036229       0.042860       0.050091       0.058118       0.067078       0.077040       0.088012       0.099952       0.112783       0.126403       0.140695       0.155530       0.170773       0.186282       0.201916       0.217534       0.232999       0.248178       0.262951       0.277207       0.290853       0.303809       0.316018       0.327436       0.338040       0.347822       0.356788       0.364953       0.372344       0.378990       0.384926       0.390186       0.394802       0.398805       0.402222       0.405077       0.407388       0.409171       0.410436       0.411193       0.411444       0.411193       0.410436       0.409171       0.407388       0.405077       0.402222       0.398805       0.394802       0.390186       0.384926       0.378990       0.372344       0.364953       0.356788       0.347822       0.338040       0.327436       0.316018       0.303809       0.290853       0.277207       0.262951       0.248178       0.232999       0.217534       0.201916       0.186282       0.170773       0.155530       0.140695       0.126403       0.112783       0.099952       0.088012       0.077040       0.067078       0.058118       0.050091       0.042860       0.036229       0.029994       0.024069       0.018818       0.015873       0.018122       0.025833       0.037135       0.050942       0.066795       0.084430       0.103622       0.124141       0.145730       0.168110       0.190990       0.214067       0.237046       0.259646       0.281613       0.302725       0.322798       0.341691       0.359306       0.375586       0.390519       0.404134       0.416501       0.427728       0.437940       0.447250       0.455696       0.463179       0.469425       0.474017       0.476511       0.476606       0.474368       0.470511       0.466819       0.466819
       0.467142       0.467142       0.470881       0.474822       0.477178       0.477242       0.474955       0.470630       0.464723       0.457663       0.449730       0.441027       0.431513       0.421070       0.409560       0.396864       0.382895       0.367606       0.350987       0.333069       0.313923       0.293661       0.272436       0.250443       0.227915       0.205118       0.182345       0.159902       0.138104       0.117266       0.097696       0.079706       0.063630       0.049884       0.039071       0.032047       0.029539       0.031156       0.035466       0.041220       0.047821       0.055107       0.063116       0.071942       0.081665       0.092328       0.103925       0.116408       0.129693       0.143676       0.158233       0.173229       0.188525       0.203979       0.219451       0.234806       0.249914       0.264656       0.278926       0.292630       0.305692       0.318049       0.329658       0.340492       0.350536       0.359793       0.368273       0.375997       0.382992       0.389287       0.394915       0.399907       0.404295       0.408105       0.411361       0.414084       0.416290       0.417994       0.419204       0.419928       0.420168       0.419928       0.419204       0.417994       0.416290       0.414084       0.411361       0.408105       0.404295       0.399907       0.394915       0.389287       0.382992       0.375997       0.368273       0.359793       0.350536       0.340492       0.329658       0.318049       0.305692       0.292630       0.278926       0.264656       0.249914       0.234806       0.219451       0.203979       0.188525       0.173229       0.158233       0.143676       0.129693       0.116408       0.103925       0.092328       0.081665       0.071942       0.063116       0.055107       0.047821       0.041220       0.035466       0.031156       0.029539       0.032047       0.039071       0.049884       0.063630       0.079706       0.097696       0.117266       0.138104       0.159902       0.182345       0.205118       0.227915       0.250443       0.272436       0.293661       0.313923       0.333069       0.350987       0.367606       0.382895       0.396864       0.409560       0.421070       0.431513       0.441027       0.449730       0.457663       0.464723       0.470630       0.474955       0.477242       0.477178       0.474822       0.470881       0.467142       0.467142
       0.467342       0.467342       0.471124       0.475142       0.477611       0.477826       0.475738       0.471671       0.466093       0.459444       0.452013       0.443904       0.435076       0.425407       0.414750       0.402976       0.389986       0.375716       0.360140       0.343268       0.325148       0.305866       0.285551       0.264371       0.242539       0.220306       0.197954       0.175796       0.154163       0.133398       0.113860       0.095923       0.079998       0.066561       0.056173       0.049399       0.046531       0.047246       0.050706       0.056036       0.062648       0.070254       0.078755       0.088142       0.098426       0.109605       0.121648       0.134492       0.148047       0.162200       0.176824       0.191785       0.206942       0.222156       0.237295       0.252229       0.266842       0.281028       0.294694       0.307764       0.320175       0.331881       0.342851       0.353069       0.362530       0.371241       0.379220       0.386487       0.393070       0.399000       0.404305       0.409016       0.413159       0.416761       0.419842       0.422421       0.424512       0.426127       0.427275       0.427962       0.428190       0.427962       0.427275       0.426127       0.424512       0.422421       0.419842       0.416761       0.413159       0.409016       0.404305       0.399000       0.393070       0.386487       0.379220       0.371241       0.362530       0.353069       0.342851       0.331881       0.320175       0.307764       0.294694       0.281028       0.266842       0.252229       0.237295       0.222156       0.206942       0.191785       0.176824       0.162200       0.148047       0.134492       0.121648       0.109605       0.098426       0.088142       0.078755       0.070254       0.062648       0.056036       0.050706       0.047246       0.046531       0.049399       0.056173       0.066561       0.079998       0.095923       0.113860       0.133398       0.154163       0.175796       0.197954       0.220306       0.242539       0.264371       0.285551       0.305866       0.325148       0.343268       0.360140       0.375716       0.389986       0.402976       0.414750       0.425407       0.435076       0.443904       0.452013       0.459444       0.466093       0.471671       0.475738       0.477826       0.477611       0.475142       0.471124       0.467342       0.467342
       0.467457       0.467457       0.471278       0.475368       0.477943       0.478300       0.476401       0.472580       0.467318       0.461065       0.454118       0.446587       0.438429       0.429519       0.419705       0.408850       0.396843       0.383612       0.369116       0.353350       0.336341       0.318157       0.298904       0.278729       0.257824       0.236422       0.214798       0.193261       0.172151       0.151832       0.132694       0.115147       0.099634       0.086624       0.076586       0.069901       0.066699       0.066739       0.069478       0.074298       0.080693       0.088336       0.097045       0.106726       0.117325       0.128791       0.141061       0.154053       0.167666       0.181781       0.196270       0.210997       0.225827       0.240628       0.255272       0.269645       0.283640       0.297165       0.310142       0.322509       0.334216       0.345230       0.355531       0.365110       0.373970       0.382123       0.389588       0.396389       0.402551       0.408104       0.413076       0.417494       0.421384       0.424766       0.427662       0.430087       0.432055       0.433575       0.434656       0.435303       0.435518       0.435303       0.434656       0.433575       0.432055       0.430087       0.427662       0.424766       0.421384       0.417494       0.413076       0.408104       0.402551       0.396389       0.389588       0.382123       0.373970       0.365110       0.355531       0.345230       0.334216       0.322509       0.310142       0.297165       0.283640       0.269645       0.255272       0.240628       0.225827       0.210997       0.196270       0.181781       0.167666       0.154053       0.141061       0.128791       0.117325       0.106726       0.097045       0.088336       0.080693       0.074298       0.069478       0.066739       0.066699       0.069901       0.076586       0.086624       0.099634       0.115147       0.132694       0.151832       0.172151       0.193261       0.214798       0.236422       0.257824       0.278729       0.298904       0.318157       0.336341       0.353350       0.369116       0.383612       0.396843       0.408850       0.419705       0.429519       0.438429       0.446587       0.454118       0.461065       0.467318       0.472580       0.476401       0.478300       0.477943       0.475368       0.471278       0.467457       0.467457
       0.467516       0.467516       0.471372       0.475529       0.478201       0.478692       0.476971       0.473383       0.468422       0.462547       0.456065       0.449090       0.441581       0.433411       0.424424       0.414476       0.403452       0.391269       0.377877       0.363260       0.347431       0.330442       0.312380       0.293375       0.273598       0.253268       0.232644       0.212030       0.191763       0.172217       0.153789       0.136903       0.121995       0.109498       0.099804       0.093188       0.089724       0.089243       0.091372       0.095662       0.101697       0.109156       0.117817       0.127530       0.138185       0.149690       0.161950       0.174862       0.188314       0.202180       0.216331       0.230636       0.244965       0.259192       0.273203       0.286891       0.300164       0.312943       0.325164       0.336774       0.347738       0.358031       0.367642       0.376569       0.384819       0.392407       0.399354       0.405682       0.411419       0.416591       0.421224       0.425344       0.428972       0.432129       0.434834       0.437099       0.438938       0.440359       0.441369       0.441974       0.442175       0.441974       0.441369       0.440359       0.438938       0.437099       0.434834       0.432129       0.428972       0.425344       0.421224       0.416591       0.411419       0.405682       0.399354       0.392407       0.384819       0.376569       0.367642       0.358031       0.347738       0.336774       0.325164       0.312943       0.300164       0.286891       0.273203       0.259192       0.244965       0.230636       0.216331       0.202180       0.188314       0.174862       0.161950       0.149690       0.138185       0.127530       0.117817       0.109156       0.101697       0.095662       0.091372       0.089243       0.089724       0.093188       0.099804       0.109498       0.121995       0.136903       0.153789       0.172217       0.191763       0.212030       0.232644       0.253268       0.273598       0.293375       0.312380       0.330442       0.347431       0.363260       0.377877       0.391269       0.403452       0.414476       0.424424       0.433411       0.441581       0.449090       0.456065       0.462547       0.468422       0.473383       0.476971       0.478692       0.478201       0.475529       0.471372       0.467516       0.467516
       0.467537       0.467537       0.471426       0.475644       0.478406       0.479021       0.477467       0.474098       0.469421       0.463906       0.457867       0.451425       0.444542       0.437088       0.428906       0.419849       0.409795       0.398658       0.386381       0.372939       0.358338       0.342615       0.325844       0.308139       0.289654       0.270591       0.251193       0.231751       0.212594       0.194086       0.176620       0.160606       0.146458       0.134566       0.125261       0.118763       0.115131       0.114250       0.115861       0.119629       0.125214       0.132324       0.140723       0.150230       0.160697       0.171998       0.184013       0.196621       0.209697       0.223114       0.236743       0.250454       0.264127       0.277645       0.290903       0.303808       0.316278       0.328246       0.339660       0.350478       0.360673       0.370230       0.379141       0.387411       0.395049       0.402073       0.408502       0.414361       0.419673       0.424463       0.428757       0.432576       0.435941       0.438870       0.441380       0.443483       0.445191       0.446510       0.447449       0.448010       0.448197       0.448010       0.447449       0.446510       0.445191       0.443483       0.441380       0.438870       0.435941       0.432576       0.428757       0.424463       0.419673       0.414361       0.408502       0.402073       0.395049       0.387411       0.379141       0.370230       0.360673       0.350478       0.339660       0.328246       0.316278       0.303808       0.290903       0.277645       0.264127       0.250454       0.236743       0.223114       0.209697       0.196621       0.184013       0.171998       0.160697       0.150230       0.140723       0.132324       0.125214       0.119629       0.115861       0.114250       0.115131       0.118763       0.125261       0.134566       0.146458       0.160606       0.176620       0.194086       0.212594       0.231751       0.251193       0.270591       0.289654       0.308139       0.325844       0.342615       0.358338       0.372939       0.386381       0.398658       0.409795       0.419849       0.428906       0.437088       0.444542       0.451425       0.457867       0.463906       0.469421       0.474098       0.477467       0.479021       0.478406       0.475644       0.471426       0.467537       0.467537
       0.467534       0.467534       0.471453       0.475726       0.478572       0.479302       0.477903       0.474740       0.470330       0.465155       0.459537       0.453604       0.447319       0.440554       0.433151       0.424959       0.415856       0.405751       0.394585       0.382328       0.368977       0.354564       0.339150       0.322836       0.305761       0.288109       0.270108       0.252028       0.234181       0.216914       0.200599       0.185621       0.172361       0.161166       0.152324       0.146021       0.142319       0.141146       0.142318       0.145584       0.150668       0.157308       0.165277       0.174378       0.184443       0.195323       0.206880       0.218980       0.231490       0.244280       0.257223       0.270197       0.283086       0.295785       0.308200       0.320246       0.331855       0.342970       0.353546       0.363552       0.372968       0.381782       0.389995       0.397612       0.404645       0.411111       0.417031       0.422425       0.427318       0.431733       0.435690       0.439211       0.442315       0.445018       0.447334       0.449275       0.450851       0.452070       0.452936       0.453454       0.453627       0.453454       0.452936       0.452070       0.450851       0.449275       0.447334       0.445018       0.442315       0.439211       0.435690       0.431733       0.427318       0.422425       0.417031       0.411111       0.404645       0.397612       0.389995       0.381782       0.372968       0.363552       0.353546       0.342970       0.331855       0.320246       0.308200       0.295785       0.283086       0.270197       0.257223       0.244280       0.231490       0.218980       0.206880       0.195323       0.184443       0.174378       0.165277       0.157308       0.150668       0.145584       0.142318       0.141146       0.142319       0.146021       0.152324       0.161166       0.172361       0.185621       0.200599       0.216914       0.234181       0.252028       0.270108       0.288109       0.305761       0.322836       0.339150       0.354564       0.368977       0.382328       0.394585       0.405751       0.415856       0.424959       0.433151       0.440554       0.447319       0.453604       0.459537       0.465155       0.470330       0.474740       0.477903       0.479302       0.478572       0.475726       0.471453       0.467534       0.467534
       0.467517       0.467517       0.471462       0.475787       0.478709       0.479546       0.478291       0.475321       0.471162       0.466306       0.461086       0.455634       0.449918       0.443812       0.437156       0.429800       0.421619       0.412523       0.402449       0.391366       0.379268       0.366180       0.352154       0.337281       0.321687       0.305538       0.289042       0.272451       0.256051       0.240163       0.225131       0.211306       0.199031       0.188618       0.180316       0.174293       0.170616       0.169245       0.170052       0.172845       0.177402       0.183494       0.190908       0.199449       0.208940       0.219220       0.230141       0.241562       0.253346       0.265364       0.277492       0.289615       0.301625       0.313426       0.324933       0.336073       0.346786       0.357023       0.366750       0.375939       0.384578       0.392659       0.400183       0.407160       0.413601       0.419523       0.424945       0.429887       0.434372       0.438419       0.442048       0.445279       0.448127       0.450607       0.452733       0.454515       0.455962       0.457081       0.457876       0.458352       0.458510       0.458352       0.457876       0.457081       0.455962       0.454515       0.452733       0.450607       0.448127       0.445279       0.442048       0.438419       0.434372       0.429887       0.424945       0.419523       0.413601       0.407160       0.400183       0.392659       0.384578       0.375939       0.366750       0.357023       0.346786       0.336073       0.324933       0.313426       0.301625       0.289615       0.277492       0.265364       0.253346       0.241562       0.230141       0.219220       0.208940       0.199449       0.190908       0.183494       0.177402       0.172845       0.170052       0.169245       0.170616       0.174293       0.180316       0.188618       0.199031       0.211306       0.225131       0.240163       0.256051       0.272451       0.289042       0.305538       0.321687       0.337281       0.352154       0.366180       0.379268       0.391366       0.402449       0.412523       0.421619       0.429800       0.437156       0.443812       0.449918       0.455634       0.461086       0.466306       0.471162       0.475321       0.478291       0.479546       0.478709       0.475787       0.471462       0.467517       0.467517
       0.467491       0.467491       0.471461       0.475832       0.478824       0.479760       0.478640       0.475848       0.471923       0.467367       0.462521       0.457524       0.452347       0.446866       0.440922       0.434365       0.427071       0.418949       0.409937       0.400001       0.389136       0.377360       0.364722       0.351302       0.337213       0.322607       0.307671       0.292632       0.277752       0.263321       0.249648       0.237048       0.225828       0.216260       0.208567       0.202901       0.199332       0.197847       0.198356       0.200713       0.204738       0.210237       0.217016       0.224888       0.233678       0.243225       0.253376       0.263989       0.274928       0.286067       0.297288       0.308481       0.319548       0.330402       0.340965       0.351175       0.360979       0.370336       0.379216       0.387600       0.395475       0.402839       0.409695       0.416050       0.421919       0.427315       0.432257       0.436764       0.440854       0.444547       0.447860       0.450809       0.453410       0.455675       0.457617       0.459245       0.460567       0.461589       0.462315       0.462750       0.462894       0.462750       0.462315       0.461589       0.460567       0.459245       0.457617       0.455675       0.453410       0.450809       0.447860       0.444547       0.440854       0.436764       0.432257       0.427315       0.421919       0.416050       0.409695       0.402839       0.395475       0.387600       0.379216       0.370336       0.360979       0.351175       0.340965       0.330402       0.319548       0.308481       0.297288       0.286067       0.274928       0.263989       0.253376       0.243225       0.233678       0.224888       0.217016       0.210237       0.204738       0.200713       0.198356       0.197847       0.199332       0.202901       0.208567       0.216260       0.225828       0.237048       0.249648       0.263321       0.277752       0.292632       0.307671       0.322607       0.337213       0.351302       0.364722       0.377360       0.389136       0.400001       0.409937       0.418949       0.427071       0.434365       0.440922       0.446866       0.452347       0.457524       0.462521       0.467367       0.471923       0.475848       0.478640       0.479760       0.478824       0.475832       0.471461       0.467491       0.467491
       0.467461       0.467461       0.471453       0.475867       0.478924       0.479950       0.478954       0.476329       0.472622       0.468346       0.463850       0.459279       0.454610       0.449719       0.444450       0.438652       0.432203       0.425011       0.417018       0.408188       0.398516       0.388018       0.376738       0.364748       0.352150       0.339079       0.325705       0.312230       0.298888       0.285935       0.273648       0.262303       0.252169       0.243486       0.236451       0.231202       0.227812       0.226282       0.226554       0.228517       0.232027       0.236918       0.243018       0.250157       0.258168       0.266894       0.276187       0.285907       0.295924       0.306117       0.316375       0.326595       0.336687       0.346573       0.356183       0.365462       0.374364       0.382854       0.390907       0.398506       0.405643       0.412316       0.418529       0.424290       0.429610       0.434504       0.438988       0.443078       0.446792       0.450146       0.453156       0.455837       0.458201       0.460261       0.462027       0.463507       0.464709       0.465638       0.466299       0.466694       0.466826       0.466694       0.466299       0.465638       0.464709       0.463507       0.462027       0.460261       0.458201       0.455837       0.453156       0.450146       0.446792       0.443078       0.438988       0.434504       0.429610       0.424290       0.418529       0.412316       0.405643       0.398506       0.390907       0.382854       0.374364       0.365462       0.356183       0.346573       0.336687       0.326595       0.316375       0.306117       0.295924       0.285907       0.276187       0.266894       0.258168       0.250157       0.243018       0.236918       0.232027       0.228517       0.226554       0.226282       0.227812       0.231202       0.236451       0.243486       0.252169       0.262303       0.273648       0.285935       0.298888       0.312230       0.325705       0.339079       0.352150       0.364748       0.376738       0.388018       0.398516       0.408188       0.417018       0.425011       0.432203       0.438652       0.444450       0.449719       0.454610       0.459279       0.463850       0.468346       0.472622       0.476329       0.478954       0.479950       0.478924       0.475867       0.471453       0.467461       0.467461
       0.467430       0.467430       0.471442       0.475895       0.479011       0.480121       0.479240       0.476768       0.473264       0.469249       0.465079       0.460907       0.456713       0.452376       0.447741       0.442658       0.437006       0.430696       0.423669       0.415892       0.407358       0.398083       0.388107       0.377495       0.366339       0.354760       0.342908       0.330962       0.319128       0.307631       0.296712       0.286613       0.277565       0.269779       0.263428       0.258637       0.255476       0.253960       0.254050       0.255665       0.258687       0.262980       0.268393       0.274773       0.281968       0.289831       0.298221       0.307007       0.316066       0.325284       0.334557       0.343792       0.352907       0.361830       0.370500       0.378867       0.386891       0.394543       0.401799       0.408646       0.415078       0.421093       0.426694       0.431890       0.436691       0.441109       0.445159       0.448856       0.452214       0.455248       0.457971       0.460398       0.462538       0.464403       0.466002       0.467343       0.468432       0.469273       0.469871       0.470229       0.470348       0.470229       0.469871       0.469273       0.468432       0.467343       0.466002       0.464403       0.462538       0.460398       0.457971       0.455248       0.452214       0.448856       0.445159       0.441109       0.436691       0.431890       0.426694       0.421093       0.415078       0.408646       0.401799       0.394543       0.386891       0.378867       0.370500       0.361830       0.352907       0.343792       0.334557       0.325284       0.316066       0.307007       0.298221       0.289831       0.281968       0.274773       0.268393       0.262980       0.258687       0.255665       0.254050       0.253960       0.255476       0.258637       0.263428       0.269779       0.277565       0.286613       0.296712       0.307631       0.319128       0.330962       0.342908       0.354760       0.366339       0.377495       0.388107       0.398083       0.407358       0.415892       0.423669       0.430696       0.437006       0.442658       0.447741       0.452376       0.456713       0.460907       0.465079       0.469249       0.473264       0.476768       0.479240       0.480121       0.479011       0.475895       0.471442       0.467430       0.467430
       0.467399       0.467399       0.471430       0.475918       0.479089       0.480276       0.479500       0.477171       0.473855       0.470081       0.466214       0.462413       0.458662       0.454841       0.450798       0.446384       0.441479       0.435995       0.429875       0.423088       0.415626       0.407505       0.398761       0.389453       0.379665       0.369503       0.359100       0.348613       0.338222       0.328121       0.318518       0.309621       0.301631       0.294728       0.289063       0.284748       0.281851       0.280393       0.280351       0.281663       0.284238       0.287961       0.292704       0.298333       0.304712       0.311707       0.319189       0.327036       0.335136       0.343383       0.351682       0.359949       0.368108       0.376096       0.383857       0.391348       0.398532       0.405384       0.411884       0.418019       0.423785       0.429179       0.434206       0.438871       0.443184       0.447157       0.450800       0.454127       0.457151       0.459884       0.462339       0.464526       0.466457       0.468139       0.469582       0.470791       0.471773       0.472533       0.473073       0.473396       0.473503       0.473396       0.473073       0.472533       0.471773       0.470791       0.469582       0.468139       0.466457       0.464526       0.462339       0.459884       0.457151       0.454127       0.450800       0.447157       0.443184       0.438871       0.434206       0.429179       0.423785       0.418019       0.411884       0.405384       0.398532       0.391348       0.383857       0.376096       0.368108       0.359949       0.351682       0.343383       0.335136       0.327036       0.319189       0.311707       0.304712       0.298333       0.292704       0.287961       0.284238       0.281663       0.280351       0.280393       0.281851       0.284748       0.289063       0.294728       0.301631       0.309621       0.318518       0.328121       0.338222       0.348613       0.359100       0.369503       0.379665       0.389453       0.398761       0.407505       0.415626       0.423088       0.429875       0.435995       0.441479       0.446384       0.450798       0.454841       0.458662       0.462413       0.466214       0.470081       0.473855       0.477171       0.479500       0.480276       0.479089       0.475918       0.471430       0.467399       0.467399
       0.467371       0.467371       0.471418       0.475939       0.479159       0.480417       0.479739       0.477541       0.474397       0.470846       0.467261       0.463803       0.460461       0.457120       0.453626       0.449833       0.445622       0.440907       0.435630       0.429763       0.423298       0.416251       0.408655       0.400563       0.392049       0.383210       0.374160       0.365037       0.355995       0.347203       0.338837       0.331076       0.324090       0.318034       0.313038       0.309201       0.306586       0.305218       0.305084       0.306139       0.308311       0.311507       0.315618       0.320529       0.326120       0.332273       0.338873       0.345808       0.352977       0.360285       0.367645       0.374982       0.382227       0.389324       0.396223       0.402884       0.409277       0.415377       0.421167       0.426637       0.431780       0.436596       0.441086       0.445258       0.449117       0.452673       0.455938       0.458921       0.461634       0.464088       0.466292       0.468257       0.469992       0.471504       0.472801       0.473889       0.474772       0.475455       0.475940       0.476230       0.476327       0.476230       0.475940       0.475455       0.474772       0.473889       0.472801       0.471504       0.469992       0.468257       0.466292       0.464088       0.461634       0.458921       0.455938       0.452673       0.449117       0.445258       0.441086       0.436596       0.431780       0.426637       0.421167       0.415377       0.409277       0.402884       0.396223       0.389324       0.382227       0.374982       0.367645       0.360285       0.352977       0.345808       0.338873       0.332273       0.326120       0.320529       0.315618       0.311507       0.308311       0.306139       0.305084       0.305218       0.306586       0.309201       0.313038       0.318034       0.324090       0.331076       0.338837       0.347203       0.355995       0.365037       0.374160       0.383210       0.392049       0.400563       0.408655       0.416251       0.423298       0.429763       0.435630       0.440907       0.445622       0.449833       0.453626       0.457120       0.460461       0.463803       0.467261       0.470846       0.474397       0.477541       0.479739       0.480417       0.479159       0.475939       0.471418       0.467371       0.467371
       0.467345       0.467345       0.471407       0.475958       0.479224       0.480547       0.479957       0.477880       0.474895       0.471550       0.468223       0.465082       0.462118       0.459219       0.456232       0.453012       0.449441       0.445434       0.440934       0.435915       0.430369       0.424309       0.417768       0.410793       0.403451       0.395825       0.388019       0.380148       0.372348       0.364759       0.357535       0.350824       0.344771       0.339509       0.335148       0.331775       0.329447       0.328189       0.327997       0.328838       0.330656       0.333375       0.336904       0.341147       0.346001       0.351361       0.357126       0.363198       0.369487       0.375907       0.382383       0.388844       0.395232       0.401494       0.407588       0.413477       0.419133       0.424535       0.429668       0.434520       0.439088       0.443368       0.447363       0.451078       0.454518       0.457690       0.460605       0.463270       0.465696       0.467891       0.469864       0.471623       0.473177       0.474532       0.475694       0.476669       0.477461       0.478073       0.478508       0.478768       0.478855       0.478768       0.478508       0.478073       0.477461       0.476669       0.475694       0.474532       0.473177       0.471623       0.469864       0.467891       0.465696       0.463270       0.460605       0.457690       0.454518       0.451078       0.447363       0.443368       0.439088       0.434520       0.429668       0.424535       0.419133       0.413477       0.407588       0.401494       0.395232       0.388844       0.382383       0.375907       0.369487       0.363198       0.357126       0.351361       0.346001       0.341147       0.336904       0.333375       0.330656       0.328838       0.327997       0.328189       0.329447       0.331775       0.335148       0.339509       0.344771       0.350824       0.357535       0.364759       0.372348       0.380148       0.388019       0.395825       0.403451       0.410793       0.417768       0.424309       0.430369       0.435915       0.440934       0.445434       0.449441       0.453012       0.456232       0.459219       0.462118       0.465082       0.468223       0.471550       0.474895       0.477880       0.479957       0.480547       0.479224       0.475958       0.471407       0.467345       0.467345
       0.467322       0.467322       0.471398       0.475976       0.479283       0.480665       0.480158       0.478191       0.475352       0.472196       0.469106       0.466255       0.463639       0.461145       0.458623       0.455929       0.452944       0.449584       0.445795       0.441550       0.436841       0.431681       0.426099       0.420138       0.413858       0.407334       0.400652       0.393916       0.387238       0.380741       0.374551       0.368795       0.363595       0.359062       0.355291       0.352356       0.350309       0.349173       0.348950       0.349616       0.351128       0.353423       0.356430       0.360066       0.364244       0.368874       0.373869       0.379143       0.384617       0.390216       0.395872       0.401524       0.407120       0.412613       0.417964       0.423142       0.428122       0.432883       0.437411       0.441698       0.445737       0.449527       0.453068       0.456363       0.459418       0.462239       0.464832       0.467206       0.469367       0.471324       0.473085       0.474656       0.476043       0.477254       0.478292       0.479163       0.479871       0.480418       0.480807       0.481040       0.481117       0.481040       0.480807       0.480418       0.479871       0.479163       0.478292       0.477254       0.476043       0.474656       0.473085       0.471324       0.469367       0.467206       0.464832       0.462239       0.459418       0.456363       0.453068       0.449527       0.445737       0.441698       0.437411       0.432883       0.428122       0.423142       0.417964       0.412613       0.407120       0.401524       0.395872       0.390216       0.384617       0.379143       0.373869       0.368874       0.364244       0.360066       0.356430       0.353423       0.351128       0.349616       0.348950       0.349173       0.350309       0.352356       0.355291       0.359062       0.363595       0.368795       0.374551       0.380741       0.387238       0.393916       0.400652       0.407334       0.413858       0.420138       0.426099       0.431681       0.436841       0.441550       0.445795       0.449584       0.452944       0.455929       0.458623       0.461145       0.463639       0.466255       0.469106       0.472196       0.475352       0.478191       0.480158       0.480665       0.479283       0.475976       0.471398       0.467322       0.467322
       0.467302       0.467302       0.471391       0.475994       0.479339       0.480775       0.480342       0.478476       0.475771       0.472787       0.469914       0.467329       0.465029       0.462906       0.460809       0.458593       0.456142       0.453371       0.450227       0.446682       0.442730       0.438382       0.433664       0.428615       0.423289       0.417750       0.412075       0.406353       0.400678       0.395155       0.389890       0.384990       0.380557       0.376684       0.373451       0.370921       0.369140       0.368131       0.367897       0.368422       0.369673       0.371600       0.374145       0.377240       0.380811       0.384782       0.389080       0.393630       0.398363       0.403214       0.408124       0.413039       0.417914       0.422706       0.427382       0.431913       0.436276       0.440454       0.444433       0.448204       0.451763       0.455106       0.458233       0.461147       0.463852       0.466351       0.468651       0.470759       0.472679       0.474419       0.475985       0.477384       0.478619       0.479698       0.480623       0.481399       0.482030       0.482518       0.482865       0.483072       0.483142       0.483072       0.482865       0.482518       0.482030       0.481399       0.480623       0.479698       0.478619       0.477384       0.475985       0.474419       0.472679       0.470759       0.468651       0.466351       0.463852       0.461147       0.458233       0.455106       0.451763       0.448204       0.444433       0.440454       0.436276       0.431913       0.427382       0.422706       0.417914       0.413039       0.408124       0.403214       0.398363       0.393630       0.389080       0.384782       0.380811       0.377240       0.374145       0.371600       0.369673       0.368422       0.367897       0.368131       0.369140       0.370921       0.373451       0.376684       0.380557       0.384990       0.389890       0.395155       0.400678       0.406353       0.412075       0.417750       0.423289       0.428615       0.433664       0.438382       0.442730       0.446682       0.450227       0.453371       0.456142       0.458593       0.460809       0.462906       0.465029       0.467329       0.469914       0.472787       0.475771       0.478476       0.480342       0.480775       0.479339       0.475994       0.471391       0.467302       0.467302
       0.467286       0.467286       0.471386       0.476011       0.479391       0.480876       0.480511       0.478737       0.476154       0.473327       0.470651       0.468308       0.466298       0.464511       0.462799       0.461017       0.459049       0.456811       0.454248       0.451334       0.448061       0.444439       0.440492       0.436255       0.431777       0.427112       0.422330       0.417503       0.412715       0.408053       0.403606       0.399464       0.395711       0.392425       0.389675       0.387514       0.385980       0.385095       0.384865       0.385279       0.386311       0.387923       0.390066       0.392685       0.395720       0.399107       0.402783       0.406686       0.410755       0.414935       0.419175       0.423428       0.427653       0.431814       0.435882       0.439829       0.443637       0.447289       0.450773       0.454079       0.457203       0.460143       0.462896       0.465464       0.467851       0.470059       0.472094       0.473959       0.475661       0.477204       0.478593       0.479835       0.480932       0.481891       0.482713       0.483404       0.483964       0.484398       0.484707       0.484892       0.484953       0.484892       0.484707       0.484398       0.483964       0.483404       0.482713       0.481891       0.480932       0.479835       0.478593       0.477204       0.475661       0.473959       0.472094       0.470059       0.467851       0.465464       0.462896       0.460143       0.457203       0.454079       0.450773       0.447289       0.443637       0.439829       0.435882       0.431814       0.427653       0.423428       0.419175       0.414935       0.410755       0.406686       0.402783       0.399107       0.395720       0.392685       0.390066       0.387923       0.386311       0.385279       0.384865       0.385095       0.385980       0.387514       0.389675       0.392425       0.395711       0.399464       0.403606       0.408053       0.412715       0.417503       0.422330       0.427112       0.431777       0.436255       0.440492       0.444439       0.448061       0.451334       0.454248       0.456811       0.459049       0.461017       0.462799       0.464511       0.466298       0.468308       0.470651       0.473327       0.476154       0.478737       0.480511       0.480876       0.479391       0.476011       0.471386       0.467286       0.467286
       0.467273       0.467273       0.471383       0.476028       0.479439       0.480969       0.480666       0.478975       0.476503       0.473819       0.471323       0.469199       0.467450       0.465968       0.464605       0.463215       0.461682       0.459921       0.457879       0.455528       0.452861       0.449885       0.446622       0.443104       0.439372       0.435478       0.431478       0.427438       0.423426       0.419517       0.415786       0.412307       0.409151       0.406383       0.404061       0.402229       0.400920       0.400155       0.399940       0.400267       0.401117       0.402461       0.404259       0.406467       0.409034       0.411909       0.415039       0.418370       0.421852       0.425438       0.429082       0.432746       0.436393       0.439992       0.443516       0.446943       0.450254       0.453435       0.456474       0.459364       0.462098       0.464675       0.467091       0.469349       0.471449       0.473395       0.475190       0.476837       0.478340       0.479705       0.480935       0.482035       0.483007       0.483857       0.484586       0.485199       0.485696       0.486081       0.486355       0.486519       0.486574       0.486519       0.486355       0.486081       0.485696       0.485199       0.484586       0.483857       0.483007       0.482035       0.480935       0.479705       0.478340       0.476837       0.475190       0.473395       0.471449       0.469349       0.467091       0.464675       0.462098       0.459364       0.456474       0.453435       0.450254       0.446943       0.443516       0.439992       0.436393       0.432746       0.429082       0.425438       0.421852       0.418370       0.415039       0.411909       0.409034       0.406467       0.404259       0.402461       0.401117       0.400267       0.399940       0.400155       0.400920       0.402229       0.404061       0.406383       0.409151       0.412307       0.415786       0.419517       0.423426       0.427438       0.431478       0.435478       0.439372       0.443104       0.446622       0.449885       0.452861       0.455528       0.457879       0.459921       0.461682       0.463215       0.464605       0.465968       0.467450       0.469199       0.471323       0.473819       0.476503       0.478975       0.480666       0.480969       0.479439       0.476028       0.471383       0.467273       0.467273
       0.467262       0.467262       0.471382       0.476045       0.479485       0.481055       0.480808       0.479193       0.476821       0.474267       0.471933       0.470008       0.468495       0.467288       0.466238       0.465200       0.464056       0.462723       0.461146       0.459296       0.457165       0.454759       0.452099       0.449212       0.446135       0.442914       0.439596       0.436240       0.432903       0.429648       0.426537       0.423634       0.420998       0.418683       0.416735       0.415194       0.414088       0.413435       0.413240       0.413501       0.414202       0.415320       0.416825       0.418681       0.420846       0.423277       0.425931       0.428764       0.431732       0.434796       0.437917       0.441061       0.444198       0.447300       0.450343       0.453308       0.456178       0.458940       0.461584       0.464102       0.466488       0.468740       0.470856       0.472835       0.474679       0.476389       0.477968       0.479419       0.480744       0.481949       0.483035       0.484006       0.484866       0.485618       0.486264       0.486806       0.487246       0.487587       0.487830       0.487975       0.488024       0.487975       0.487830       0.487587       0.487246       0.486806       0.486264       0.485618       0.484866       0.484006       0.483035       0.481949       0.480744       0.479419       0.477968       0.476389       0.474679       0.472835       0.470856       0.468740       0.466488       0.464102       0.461584       0.458940       0.456178       0.453308       0.450343       0.447300       0.444198       0.441061       0.437917       0.434796       0.431732       0.428764       0.425931       0.423277       0.420846       0.418681       0.416825       0.415320       0.414202       0.413501       0.413240       0.413435       0.414088       0.415194       0.416735       0.418683       0.420998       0.423634       0.426537       0.429648       0.432903       0.436240       0.439596       0.442914       0.446135       0.449212       0.452099       0.454759       0.457165       0.459296       0.461146       0.462723       0.464056       0.465200       0.466238       0.467288       0.468495       0.470008       0.471933       0.474267       0.476821       0.479193       0.480808       0.481055       0.479485       0.476045       0.471382       0.467262       0.467262
       0.467254       0.467254       0.471382       0.476062       0.479527       0.481134       0.480938       0.479392       0.477111       0.474673       0.472486       0.470739       0.469439       0.468479       0.467709       0.466986       0.466191       0.465238       0.464072       0.462666       0.461008       0.459104       0.456972       0.454636       0.452130       0.449493       0.446768       0.444002       0.441248       0.438556       0.435982       0.433576       0.431388       0.429463       0.427842       0.426556       0.425629       0.425078       0.424909       0.425120       0.425699       0.426630       0.427888       0.429444       0.431265       0.433315       0.435560       0.437961       0.440484       0.443093       0.445758       0.448448       0.451138       0.453803       0.456424       0.458982       0.461463       0.463855       0.466148       0.468337       0.470414       0.472378       0.474226       0.475956       0.477571       0.479071       0.480457       0.481732       0.482898       0.483958       0.484916       0.485772       0.486531       0.487195       0.487765       0.488244       0.488633       0.488935       0.489149       0.489278       0.489320       0.489278       0.489149       0.488935       0.488633       0.488244       0.487765       0.487195       0.486531       0.485772       0.484916       0.483958       0.482898       0.481732       0.480457       0.479071       0.477571       0.475956       0.474226       0.472378       0.470414       0.468337       0.466148       0.463855       0.461463       0.458982       0.456424       0.453803       0.451138       0.448448       0.445758       0.443093       0.440484       0.437961       0.435560       0.433315       0.431265       0.429444       0.427888       0.426630       0.425699       0.425120       0.424909       0.425078       0.425629       0.426556       0.427842       0.429463       0.431388       0.433576       0.435982       0.438556       0.441248       0.444002       0.446768       0.449493       0.452130       0.454636       0.456972       0.459104       0.461008       0.462666       0.464072       0.465238       0.466191       0.466986       0.467709       0.468479       0.469439       0.470739       0.472486       0.474673       0.477111       0.479392       0.480938       0.481134       0.479527       0.476062       0.471382       0.467254       0.467254
       0.467249       0.467249       0.471385       0.476079       0.479567       0.481207       0.481057       0.479573       0.477373       0.475041       0.472985       0.471399       0.470290       0.469550       0.469032       0.468589       0.468103       0.467487       0.466686       0.465670       0.464428       0.462964       0.461292       0.459436       0.457425       0.455292       0.453077       0.450821       0.448567       0.446359       0.444244       0.442264       0.440460       0.438872       0.437532       0.436467       0.435699       0.435240       0.435098       0.435271       0.435753       0.436528       0.437580       0.438883       0.440412       0.442139       0.444032       0.446063       0.448202       0.450419       0.452689       0.454985       0.457286       0.459570       0.461821       0.464022       0.466162       0.468228       0.470214       0.472111       0.473916       0.475624       0.477234       0.478745       0.480156       0.481468       0.482682       0.483800       0.484824       0.485756       0.486598       0.487352       0.488020       0.488605       0.489107       0.489530       0.489874       0.490140       0.490329       0.490442       0.490480       0.490442       0.490329       0.490140       0.489874       0.489530       0.489107       0.488605       0.488020       0.487352       0.486598       0.485756       0.484824       0.483800       0.482682       0.481468       0.480156       0.478745       0.477234       0.475624       0.473916       0.472111       0.470214       0.468228       0.466162       0.464022       0.461821       0.459570       0.457286       0.454985       0.452689       0.450419       0.448202       0.446063       0.444032       0.442139       0.440412       0.438883       0.437580       0.436528       0.435753       0.435271       0.435098       0.435240       0.435699       0.436467       0.437532       0.438872       0.440460       0.442264       0.444244       0.446359       0.448567       0.450821       0.453077       0.455292       0.457425       0.459436       0.461292       0.462964       0.464428       0.465670       0.466686       0.467487       0.468103       0.468589       0.469032       0.469550       0.470290       0.471399       0.472985       0.475041       0.477373       0.479573       0.481057       0.481207       0.479567       0.476079       0.471385       0.467249       0.467249
       0.467245       0.467245       0.471388       0.476096       0.479605       0.481275       0.481165       0.479737       0.477611       0.475373       0.473435       0.471993       0.471054       0.470512       0.470217       0.470024       0.469811       0.469493       0.469013       0.468340       0.467461       0.466380       0.465109       0.463668       0.462084       0.460387       0.458610       0.456790       0.454964       0.453170       0.451446       0.449830       0.448355       0.447054       0.445956       0.445082       0.444451       0.444075       0.443960       0.444107       0.444509       0.445157       0.446036       0.447128       0.448412       0.449863       0.451459       0.453174       0.454984       0.456864       0.458793       0.460749       0.462713       0.464667       0.466596       0.468487       0.470328       0.472110       0.473825       0.475467       0.477031       0.478515       0.479915       0.481230       0.482461       0.483607       0.484669       0.485648       0.486545       0.487362       0.488101       0.488764       0.489351       0.489865       0.490308       0.490680       0.490982       0.491217       0.491384       0.491483       0.491517       0.491483       0.491384       0.491217       0.490982       0.490680       0.490308       0.489865       0.489351       0.488764       0.488101       0.487362       0.486545       0.485648       0.484669       0.483607       0.482461       0.481230       0.479915       0.478515       0.477031       0.475467       0.473825       0.472110       0.470328       0.468487       0.466596       0.464667       0.462713       0.460749       0.458793       0.456864       0.454984       0.453174       0.451459       0.449863       0.448412       0.447128       0.446036       0.445157       0.444509       0.444107       0.443960       0.444075       0.444451       0.445082       0.445956       0.447054       0.448355       0.449830       0.451446       0.453170       0.454964       0.456790       0.458610       0.460387       0.462084       0.463668       0.465109       0.466380       0.467461       0.468340       0.469013       0.469493       0.469811       0.470024       0.470217       0.470512       0.471054       0.471993       0.473435       0.475373       0.477611       0.479737       0.481165       0.481275       0.479605       0.476096       0.471388       0.467245       0.467245
       0.467244       0.467244       0.471392       0.476112       0.479640       0.481337       0.481264       0.479886       0.477825       0.475672       0.473841       0.472527       0.471740       0.471373       0.471277       0.471304       0.471333       0.471278       0.471079       0.470706       0.470144       0.469396       0.468472       0.467390       0.466174       0.464850       0.463449       0.462001       0.460540       0.459098       0.457707       0.456400       0.455205       0.454149       0.453257       0.452547       0.452035       0.451732       0.451644       0.451771       0.452111       0.452654       0.453391       0.454306       0.455384       0.456604       0.457947       0.459394       0.460924       0.462517       0.464154       0.465817       0.467490       0.469159       0.470810       0.472431       0.474013       0.475546       0.477025       0.478443       0.479797       0.481083       0.482298       0.483442       0.484514       0.485513       0.486439       0.487295       0.488080       0.488795       0.489443       0.490024       0.490540       0.490991       0.491380       0.491707       0.491973       0.492179       0.492326       0.492414       0.492443       0.492414       0.492326       0.492179       0.491973       0.491707       0.491380       0.490991       0.490540       0.490024       0.489443       0.488795       0.488080       0.487295       0.486439       0.485513       0.484514       0.483442       0.482298       0.481083       0.479797       0.478443       0.477025       0.475546       0.474013       0.472431       0.470810       0.469159       0.467490       0.465817       0.464154       0.462517       0.460924       0.459394       0.457947       0.456604       0.455384       0.454306       0.453391       0.452654       0.452111       0.451771       0.451644       0.451732       0.452035       0.452547       0.453257       0.454149       0.455205       0.456400       0.457707       0.459098       0.460540       0.462001       0.463449       0.464850       0.466174       0.467390       0.468472       0.469396       0.470144       0.470706       0.471079       0.471278       0.471333       0.471304       0.471277       0.471373       0.471740       0.472527       0.473841       0.475672       0.477825       0.479886       0.481264       0.481337       0.479640       0.476112       0.471392       0.467244       0.467244
       0.467244       0.467244       0.471398       0.476128       0.479672       0.481393       0.481354       0.480020       0.478019       0.475941       0.474204       0.473005       0.472353       0.472142       0.472221       0.472443       0.472686       0.472861       0.472909       0.472797       0.472512       0.472052       0.471428       0.470655       0.469754       0.468751       0.467670       0.466540       0.465389       0.464245       0.463137       0.462092       0.461134       0.460286       0.459569       0.459000       0.458591       0.458352       0.458289       0.458404       0.458693       0.459151       0.459770       0.460539       0.461444       0.462469       0.463601       0.464820       0.466112       0.467460       0.468848       0.470261       0.471685       0.473108       0.474519       0.475907       0.477264       0.478582       0.479855       0.481078       0.482248       0.483360       0.484414       0.485407       0.486338       0.487208       0.488015       0.488762       0.489447       0.490073       0.490640       0.491149       0.491600       0.491996       0.492337       0.492624       0.492858       0.493039       0.493168       0.493245       0.493271       0.493245       0.493168       0.493039       0.492858       0.492624       0.492337       0.491996       0.491600       0.491149       0.490640       0.490073       0.489447       0.488762       0.488015       0.487208       0.486338       0.485407       0.484414       0.483360       0.482248       0.481078       0.479855       0.478582       0.477264       0.475907       0.474519       0.473108       0.471685       0.470261       0.468848       0.467460       0.466112       0.464820       0.463601       0.462469       0.461444       0.460539       0.459770       0.459151       0.458693       0.458404       0.458289       0.458352       0.458591       0.459000       0.459569       0.460286       0.461134       0.462092       0.463137       0.464245       0.465389       0.466540       0.467670       0.468751       0.469754       0.470655       0.471428       0.472052       0.472512       0.472797       0.472909       0.472861       0.472686       0.472443       0.472221       0.472142       0.472353       0.473005       0.474204       0.475941       0.478019       0.480020       0.481354       0.481393       0.479672       0.476128       0.471398       0.467244       0.467244
       0.467245       0.467245       0.471404       0.476144       0.479703       0.481445       0.481436       0.480142       0.478193       0.476183       0.474530       0.473432       0.472900       0.472827       0.473062       0.473455       0.473885       0.474262       0.474525       0.474642       0.474595       0.474386       0.474020       0.473512       0.472883       0.472152       0.471344       0.470484       0.469597       0.468706       0.467838       0.467014       0.466256       0.465585       0.465017       0.464567       0.464247       0.464064       0.464025       0.464130       0.464379       0.464768       0.465291       0.465938       0.466699       0.467562       0.468515       0.469543       0.470634       0.471774       0.472950       0.474149       0.475361       0.476573       0.477777       0.478964       0.480126       0.481258       0.482352       0.483406       0.484415       0.485377       0.486289       0.487149       0.487958       0.488713       0.489416       0.490067       0.490665       0.491211       0.491706       0.492151       0.492546       0.492893       0.493192       0.493443       0.493648       0.493807       0.493920       0.493988       0.494010       0.493988       0.493920       0.493807       0.493648       0.493443       0.493192       0.492893       0.492546       0.492151       0.491706       0.491211       0.490665       0.490067       0.489416       0.488713       0.487958       0.487149       0.486289       0.485377       0.484415       0.483406       0.482352       0.481258       0.480126       0.478964       0.477777       0.476573       0.475361       0.474149       0.472950       0.471774       0.470634       0.469543       0.468515       0.467562       0.466699       0.465938       0.465291       0.464768       0.464379       0.464130       0.464025       0.464064       0.464247       0.464567       0.465017       0.465585       0.466256       0.467014       0.467838       0.468706       0.469597       0.470484       0.471344       0.472152       0.472883       0.473512       0.474020       0.474386       0.474595       0.474642       0.474525       0.474262       0.473885       0.473455       0.473062       0.472827       0.472900       0.473432       0.474530       0.476183       0.478193       0.480142       0.481436       0.481445       0.479703       0.476144       0.471404       0.467245       0.467245
       0.467247       0.467247       0.471410       0.476159       0.479731       0.481492       0.481509       0.480251       0.478349       0.476399       0.474821       0.473813       0.473387       0.473436       0.473808       0.474352       0.474947       0.475499       0.475951       0.476265       0.476426       0.476432       0.476289       0.476009       0.475611       0.475113       0.474538       0.473907       0.473242       0.472566       0.471900       0.471263       0.470675       0.470153       0.469711       0.469363       0.469118       0.468984       0.468966       0.469066       0.469284       0.469617       0.470060       0.470606       0.471248       0.471975       0.472778       0.473646       0.474567       0.475531       0.476527       0.477545       0.478574       0.479607       0.480634       0.481648       0.482643       0.483613       0.484553       0.485460       0.486329       0.487159       0.487947       0.488692       0.489393       0.490049       0.490660       0.491226       0.491747       0.492223       0.492655       0.493044       0.493389       0.493692       0.493954       0.494174       0.494353       0.494492       0.494592       0.494651       0.494671       0.494651       0.494592       0.494492       0.494353       0.494174       0.493954       0.493692       0.493389       0.493044       0.492655       0.492223       0.491747       0.491226       0.490660       0.490049       0.489393       0.488692       0.487947       0.487159       0.486329       0.485460       0.484553       0.483613       0.482643       0.481648       0.480634       0.479607       0.478574       0.477545       0.476527       0.475531       0.474567       0.473646       0.472778       0.471975       0.471248       0.470606       0.470060       0.469617       0.469284       0.469066       0.468966       0.468984       0.469118       0.469363       0.469711       0.470153       0.470675       0.471263       0.471900       0.472566       0.473242       0.473907       0.474538       0.475113       0.475611       0.476009       0.476289       0.476432       0.476426       0.476265       0.475951       0.475499       0.474947       0.474352       0.473808       0.473436       0.473387       0.473813       0.474821       0.476399       0.478349       0.480251       0.481509       0.481492       0.479731       0.476159       0.471410       0.467247       0.467247
       0.467250       0.467250       0.471417       0.476173       0.479757       0.481536       0.481576       0.480350       0.478490       0.476592       0.475080       0.474153       0.473820       0.473977       0.474469       0.475146       0.475884       0.476591       0.477205       0.477692       0.478032       0.478224       0.478271       0.478187       0.477986       0.477688       0.477310       0.476873       0.476397       0.475902       0.475406       0.474928       0.474483       0.474086       0.473751       0.473489       0.473309       0.473217       0.473219       0.473316       0.473509       0.473796       0.474174       0.474637       0.475179       0.475793       0.476471       0.477204       0.477983       0.478798       0.479642       0.480505       0.481380       0.482259       0.483134       0.484000       0.484851       0.485682       0.486489       0.487268       0.488017       0.488732       0.489413       0.490057       0.490664       0.491233       0.491763       0.492255       0.492708       0.493122       0.493499       0.493838       0.494140       0.494404       0.494633       0.494825       0.494982       0.495104       0.495191       0.495243       0.495260       0.495243       0.495191       0.495104       0.494982       0.494825       0.494633       0.494404       0.494140       0.493838       0.493499       0.493122       0.492708       0.492255       0.491763       0.491233       0.490664       0.490057       0.489413       0.488732       0.488017       0.487268       0.486489       0.485682       0.484851       0.484000       0.483134       0.482259       0.481380       0.480505       0.479642       0.478798       0.477983       0.477204       0.476471       0.475793       0.475179       0.474637       0.474174       0.473796       0.473509       0.473316       0.473219       0.473217       0.473309       0.473489       0.473751       0.474086       0.474483       0.474928       0.475406       0.475902       0.476397       0.476873       0.477310       0.477688       0.477986       0.478187       0.478271       0.478224       0.478032       0.477692       0.477205       0.476591       0.475884       0.475146       0.474469       0.473977       0.473820       0.474153       0.475080       0.476592       0.478490       0.480350       0.481576       0.481536       0.479757       0.476173       0.471417       0.467250       0.467250
       0.467253       0.467253       0.471423       0.476187       0.479781       0.481575       0.481636       0.480438       0.478615       0.476765       0.475311       0.474454       0.474205       0.474455       0.475053       0.475847       0.476710       0.477551       0.478308       0.478943       0.479438       0.479790       0.480002       0.480084       0.480052       0.479923       0.479713       0.479440       0.479124       0.478782       0.478430       0.478085       0.477760       0.477470       0.477225       0.477036       0.476911       0.476855       0.476875       0.476970       0.477144       0.477394       0.477718       0.478113       0.478573       0.479093       0.479666       0.480286       0.480945       0.481635       0.482350       0.483083       0.483826       0.484573       0.485319       0.486058       0.486786       0.487497       0.488189       0.488859       0.489503       0.490119       0.490706       0.491263       0.491788       0.492280       0.492740       0.493167       0.493561       0.493921       0.494249       0.494544       0.494807       0.495038       0.495238       0.495406       0.495543       0.495649       0.495725       0.495771       0.495786       0.495771       0.495725       0.495649       0.495543       0.495406       0.495238       0.495038       0.494807       0.494544       0.494249       0.493921       0.493561       0.493167       0.492740       0.492280       0.491788       0.491263       0.490706       0.490119       0.489503       0.488859       0.488189       0.487497       0.486786       0.486058       0.485319       0.484573       0.483826       0.483083       0.482350       0.481635       0.480945       0.480286       0.479666       0.479093       0.478573       0.478113       0.477718       0.477394       0.477144       0.476970       0.476875       0.476855       0.476911       0.477036       0.477225       0.477470       0.477760       0.478085       0.478430       0.478782       0.479124       0.479440       0.479713       0.479923       0.480052       0.480084       0.480002       0.479790       0.479438       0.478943       0.478308       0.477551       0.476710       0.475847       0.475053       0.474455       0.474205       0.474454       0.475311       0.476765       0.478615       0.480438       0.481636       0.481575       0.479781       0.476187       0.471423       0.467253       0.467253
       0.467257       0.467257       0.471430       0.476200       0.479803       0.481610       0.481690       0.480517       0.478727       0.476919       0.475517       0.474722       0.474545       0.474879       0.475570       0.476465       0.477438       0.478396       0.479275       0.480039       0.480668       0.481157       0.481510       0.481735       0.481847       0.481861       0.481793       0.481661       0.481479       0.481266       0.481036       0.480802       0.480579       0.480378       0.480210       0.480083       0.480004       0.479980       0.480015       0.480111       0.480269       0.480489       0.480770       0.481108       0.481500       0.481941       0.482428       0.482953       0.483511       0.484096       0.484702       0.485324       0.485955       0.486591       0.487227       0.487858       0.488479       0.489088       0.489681       0.490256       0.490809       0.491340       0.491846       0.492327       0.492780       0.493206       0.493605       0.493975       0.494317       0.494630       0.494915       0.495172       0.495401       0.495603       0.495776       0.495923       0.496043       0.496136       0.496202       0.496241       0.496255       0.496241       0.496202       0.496136       0.496043       0.495923       0.495776       0.495603       0.495401       0.495172       0.494915       0.494630       0.494317       0.493975       0.493605       0.493206       0.492780       0.492327       0.491846       0.491340       0.490809       0.490256       0.489681       0.489088       0.488479       0.487858       0.487227       0.486591       0.485955       0.485324       0.484702       0.484096       0.483511       0.482953       0.482428       0.481941       0.481500       0.481108       0.480770       0.480489       0.480269       0.480111       0.480015       0.479980       0.480004       0.480083       0.480210       0.480378       0.480579       0.480802       0.481036       0.481266       0.481479       0.481661       0.481793       0.481861       0.481847       0.481735       0.481510       0.481157       0.480668       0.480039       0.479275       0.478396       0.477438       0.476465       0.475570       0.474879       0.474545       0.474722       0.475517       0.476919       0.478727       0.480517       0.481690       0.481610       0.479803       0.476200       0.471430       0.467257       0.467257
       0.467261       0.467261       0.471437       0.476212       0.479824       0.481643       0.481739       0.480588       0.478827       0.477055       0.475699       0.474959       0.474846       0.475253       0.476025       0.477009       0.478077       0.479137       0.480123       0.480998       0.481742       0.482350       0.482823       0.483170       0.483405       0.483541       0.483594       0.483579       0.483512       0.483407       0.483279       0.483140       0.483003       0.482877       0.482773       0.482698       0.482660       0.482663       0.482711       0.482808       0.482954       0.483150       0.483395       0.483686       0.484022       0.484398       0.484812       0.485257       0.485731       0.486228       0.486742       0.487271       0.487808       0.488349       0.488891       0.489429       0.489960       0.490481       0.490989       0.491482       0.491957       0.492414       0.492850       0.493264       0.493656       0.494025       0.494369       0.494690       0.494986       0.495259       0.495506       0.495730       0.495929       0.496104       0.496256       0.496383       0.496488       0.496569       0.496626       0.496661       0.496673       0.496661       0.496626       0.496569       0.496488       0.496383       0.496256       0.496104       0.495929       0.495730       0.495506       0.495259       0.494986       0.494690       0.494369       0.494025       0.493656       0.493264       0.492850       0.492414       0.491957       0.491482       0.490989       0.490481       0.489960       0.489429       0.488891       0.488349       0.487808       0.487271       0.486742       0.486228       0.485731       0.485257       0.484812       0.484398       0.484022       0.483686       0.483395       0.483150       0.482954       0.482808       0.482711       0.482663       0.482660       0.482698       0.482773       0.482877       0.483003       0.483140       0.483279       0.483407       0.483512       0.483579       0.483594       0.483541       0.483405       0.483170       0.482823       0.482350       0.481742       0.480998       0.480123       0.479137       0.478077       0.477009       0.476025       0.475253       0.474846       0.474959       0.475699       0.477055       0.478827       0.480588       0.481739       0.481643       0.479824       0.476212       0.471437       0.467261       0.467261
       0.467265       0.467265       0.471444       0.476223       0.479842       0.481672       0.481783       0.480651       0.478915       0.477177       0.475860       0.475169       0.475112       0.475583       0.476426       0.477487       0.478639       0.479786       0.480865       0.481836       0.482680       0.483388       0.483965       0.484417       0.484756       0.484996       0.485151       0.485236       0.485265       0.485253       0.485211       0.485151       0.485086       0.485024       0.484974       0.484943       0.484939       0.484965       0.485025       0.485123       0.485260       0.485436       0.485652       0.485905       0.486194       0.486516       0.486869       0.487248       0.487651       0.488073       0.488511       0.488960       0.489417       0.489878       0.490340       0.490799       0.491253       0.491699       0.492134       0.492557       0.492965       0.493358       0.493733       0.494090       0.494428       0.494747       0.495045       0.495323       0.495579       0.495815       0.496030       0.496224       0.496398       0.496550       0.496682       0.496793       0.496884       0.496955       0.497005       0.497035       0.497045       0.497035       0.497005       0.496955       0.496884       0.496793       0.496682       0.496550       0.496398       0.496224       0.496030       0.495815       0.495579       0.495323       0.495045       0.494747       0.494428       0.494090       0.493733       0.493358       0.492965       0.492557       0.492134       0.491699       0.491253       0.490799       0.490340       0.489878       0.489417       0.488960       0.488511       0.488073       0.487651       0.487248       0.486869       0.486516       0.486194       0.485905       0.485652       0.485436       0.485260       0.485123       0.485025       0.484965       0.484939       0.484943       0.484974       0.485024       0.485086       0.485151       0.485211       0.485253       0.485265       0.485236       0.485151       0.484996       0.484756       0.484417       0.483965       0.483388       0.482680       0.481836       0.480865       0.479786       0.478639       0.477487       0.476426       0.475583       0.475112       0.475169       0.475860       0.477177       0.478915       0.480651       0.481783       0.481672       0.479842       0.476223       0.471444       0.467265       0.467265
       0.467270       0.467270       0.471450       0.476233       0.479859       0.481698       0.481822       0.480707       0.478994       0.477284       0.476003       0.475354       0.475347       0.475873       0.476778       0.477907       0.479131       0.480355       0.481514       0.482568       0.483497       0.484293       0.484957       0.485498       0.485926       0.486255       0.486497       0.486666       0.486777       0.486842       0.486872       0.486880       0.486875       0.486867       0.486863       0.486870       0.486894       0.486940       0.487011       0.487110       0.487240       0.487400       0.487592       0.487813       0.488064       0.488341       0.488643       0.488967       0.489311       0.489670       0.490043       0.490425       0.490815       0.491208       0.491601       0.491994       0.492381       0.492763       0.493136       0.493498       0.493849       0.494186       0.494509       0.494817       0.495109       0.495383       0.495641       0.495881       0.496104       0.496308       0.496495       0.496663       0.496814       0.496946       0.497061       0.497158       0.497237       0.497298       0.497342       0.497368       0.497377       0.497368       0.497342       0.497298       0.497237       0.497158       0.497061       0.496946       0.496814       0.496663       0.496495       0.496308       0.496104       0.495881       0.495641       0.495383       0.495109       0.494817       0.494509       0.494186       0.493849       0.493498       0.493136       0.492763       0.492381       0.491994       0.491601       0.491208       0.490815       0.490425       0.490043       0.489670       0.489311       0.488967       0.488643       0.488341       0.488064       0.487813       0.487592       0.487400       0.487240       0.487110       0.487011       0.486940       0.486894       0.486870       0.486863       0.486867       0.486875       0.486880       0.486872       0.486842       0.486777       0.486666       0.486497       0.486255       0.485926       0.485498       0.484957       0.484293       0.483497       0.482568       0.481514       0.480355       0.479131       0.477907       0.476778       0.475873       0.475347       0.475354       0.476003       0.477284       0.478994       0.480707       0.481822       0.481698       0.479859       0.476233       0.471450       0.467270       0.467270
       0.467274       0.467274       0.471456       0.476243       0.479875       0.481721       0.481857       0.480758       0.479064       0.477379       0.476130       0.475517       0.475553       0.476129       0.477088       0.478275       0.479562       0.480852       0.482080       0.483206       0.484208       0.485079       0.485819       0.486436       0.486940       0.487344       0.487659       0.487900       0.488080       0.488210       0.488302       0.488367       0.488413       0.488449       0.488484       0.488522       0.488571       0.488634       0.488714       0.488816       0.488940       0.489087       0.489259       0.489454       0.489672       0.489912       0.490172       0.490450       0.490744       0.491051       0.491369       0.491695       0.492027       0.492363       0.492699       0.493034       0.493365       0.493692       0.494011       0.494322       0.494623       0.494913       0.495191       0.495456       0.495707       0.495945       0.496167       0.496375       0.496567       0.496744       0.496906       0.497052       0.497183       0.497298       0.497397       0.497482       0.497550       0.497604       0.497642       0.497665       0.497672       0.497665       0.497642       0.497604       0.497550       0.497482       0.497397       0.497298       0.497183       0.497052       0.496906       0.496744       0.496567       0.496375       0.496167       0.495945       0.495707       0.495456       0.495191       0.494913       0.494623       0.494322       0.494011       0.493692       0.493365       0.493034       0.492699       0.492363       0.492027       0.491695       0.491369       0.491051       0.490744       0.490450       0.490172       0.489912       0.489672       0.489454       0.489259       0.489087       0.488940       0.488816       0.488714       0.488634       0.488571       0.488522       0.488484       0.488449       0.488413       0.488367       0.488302       0.488210       0.488080       0.487900       0.487659       0.487344       0.486940       0.486436       0.485819       0.485079       0.484208       0.483206       0.482080       0.480852       0.479562       0.478275       0.477088       0.476129       0.475553       0.475517       0.476130       0.477379       0.479064       0.480758       0.481857       0.481721       0.479875       0.476243       0.471456       0.467274       0.467274
       0.467278       0.467278       0.471462       0.476252       0.479888       0.481742       0.481888       0.480802       0.479126       0.477463       0.476241       0.475661       0.475735       0.476353       0.477359       0.478598       0.479939       0.481287       0.482575       0.483762       0.484828       0.485763       0.486568       0.487249       0.487818       0.488285       0.488663       0.488965       0.489203       0.489388       0.489532       0.489644       0.489734       0.489808       0.489875       0.489940       0.490010       0.490087       0.490176       0.490279       0.490398       0.490536       0.490691       0.490865       0.491057       0.491266       0.491490       0.491730       0.491982       0.492245       0.492517       0.492795       0.493079       0.493365       0.493653       0.493939       0.494223       0.494502       0.494776       0.495043       0.495301       0.495550       0.495789       0.496017       0.496234       0.496439       0.496631       0.496810       0.496977       0.497130       0.497270       0.497397       0.497510       0.497610       0.497696       0.497769       0.497829       0.497876       0.497909       0.497929       0.497935       0.497929       0.497909       0.497876       0.497829       0.497769       0.497696       0.497610       0.497510       0.497397       0.497270       0.497130       0.496977       0.496810       0.496631       0.496439       0.496234       0.496017       0.495789       0.495550       0.495301       0.495043       0.494776       0.494502       0.494223       0.493939       0.493653       0.493365       0.493079       0.492795       0.492517       0.492245       0.491982       0.491730       0.491490       0.491266       0.491057       0.490865       0.490691       0.490536       0.490398       0.490279       0.490176       0.490087       0.490010       0.489940       0.489875       0.489808       0.489734       0.489644       0.489532       0.489388       0.489203       0.488965       0.488663       0.488285       0.487818       0.487249       0.486568       0.485763       0.484828       0.483762       0.482575       0.481287       0.479939       0.478598       0.477359       0.476353       0.475735       0.475661       0.476241       0.477463       0.479126       0.480802       0.481888       0.481742       0.479888       0.476252       0.471462       0.467278       0.467278
       0.467282       0.467282       0.471467       0.476260       0.479901       0.481761       0.481915       0.480841       0.479181       0.477538       0.476339       0.475788       0.475895       0.476550       0.477597       0.478880       0.480269       0.481667       0.483006       0.484247       0.485366       0.486356       0.487217       0.487954       0.488578       0.489099       0.489530       0.489883       0.490171       0.490403       0.490590       0.490742       0.490868       0.490975       0.491069       0.491157       0.491244       0.491333       0.491429       0.491534       0.491651       0.491779       0.491922       0.492078       0.492247       0.492430       0.492626       0.492833       0.493050       0.493276       0.493509       0.493748       0.493991       0.494236       0.494482       0.494727       0.494970       0.495209       0.495444       0.495672       0.495894       0.496108       0.496314       0.496510       0.496697       0.496873       0.497039       0.497194       0.497338       0.497471       0.497592       0.497702       0.497800       0.497887       0.497962       0.498025       0.498077       0.498117       0.498146       0.498163       0.498169       0.498163       0.498146       0.498117       0.498077       0.498025       0.497962       0.497887       0.497800       0.497702       0.497592       0.497471       0.497338       0.497194       0.497039       0.496873       0.496697       0.496510       0.496314       0.496108       0.495894       0.495672       0.495444       0.495209       0.494970       0.494727       0.494482       0.494236       0.493991       0.493748       0.493509       0.493276       0.493050       0.492833       0.492626       0.492430       0.492247       0.492078       0.491922       0.491779       0.491651       0.491534       0.491429       0.491333       0.491244       0.491157       0.491069       0.490975       0.490868       0.490742       0.490590       0.490403       0.490171       0.489883       0.489530       0.489099       0.488578       0.487954       0.487217       0.486356       0.485366       0.484247       0.483006       0.481667       0.480269       0.478880       0.477597       0.476550       0.475895       0.475788       0.476339       0.477538       0.479181       0.480841       0.481915       0.481761       0.479901       0.476260       0.471467       0.467282       0.467282
       0.467285       0.467285       0.471472       0.476267       0.479912       0.481778       0.481940       0.480876       0.479229       0.477603       0.476425       0.475899       0.476035       0.476723       0.477806       0.479127       0.480557       0.481998       0.483382       0.484669       0.485835       0.486872       0.487780       0.488564       0.489235       0.489802       0.490279       0.490675       0.491004       0.491276       0.491500       0.491686       0.491842       0.491976       0.492094       0.492201       0.492303       0.492403       0.492505       0.492612       0.492725       0.492847       0.492979       0.493120       0.493272       0.493433       0.493604       0.493784       0.493972       0.494167       0.494368       0.494573       0.494781       0.494991       0.495202       0.495412       0.495620       0.495825       0.496026       0.496222       0.496413       0.496597       0.496774       0.496943       0.497104       0.497256       0.497399       0.497533       0.497657       0.497772       0.497877       0.497972       0.498057       0.498132       0.498197       0.498252       0.498297       0.498332       0.498357       0.498372       0.498377       0.498372       0.498357       0.498332       0.498297       0.498252       0.498197       0.498132       0.498057       0.497972       0.497877       0.497772       0.497657       0.497533       0.497399       0.497256       0.497104       0.496943       0.496774       0.496597       0.496413       0.496222       0.496026       0.495825       0.495620       0.495412       0.495202       0.494991       0.494781       0.494573       0.494368       0.494167       0.493972       0.493784       0.493604       0.493433       0.493272       0.493120       0.492979       0.492847       0.492725       0.492612       0.492505       0.492403       0.492303       0.492201       0.492094       0.491976       0.491842       0.491686       0.491500       0.491276       0.491004       0.490675       0.490279       0.489802       0.489235       0.488564       0.487780       0.486872       0.485835       0.484669       0.483382       0.481998       0.480557       0.479127       0.477806       0.476723       0.476035       0.475899       0.476425       0.477603       0.479229       0.480876       0.481940       0.481778       0.479912       0.476267       0.471472       0.467285       0.467285
       0.467289       0.467289       0.471476       0.476274       0.479922       0.481793       0.481962       0.480907       0.479272       0.477661       0.476501       0.475997       0.476158       0.476874       0.477988       0.479343       0.480809       0.482287       0.483709       0.485035       0.486242       0.487319       0.488268       0.489093       0.489803       0.490410       0.490925       0.491358       0.491722       0.492027       0.492283       0.492498       0.492680       0.492836       0.492974       0.493097       0.493211       0.493321       0.493428       0.493536       0.493648       0.493764       0.493887       0.494016       0.494152       0.494296       0.494447       0.494604       0.494768       0.494936       0.495110       0.495286       0.495465       0.495646       0.495826       0.496007       0.496185       0.496361       0.496534       0.496703       0.496866       0.497025       0.497177       0.497322       0.497461       0.497592       0.497716       0.497831       0.497939       0.498038       0.498128       0.498211       0.498284       0.498349       0.498406       0.498453       0.498492       0.498523       0.498544       0.498557       0.498562       0.498557       0.498544       0.498523       0.498492       0.498453       0.498406       0.498349       0.498284       0.498211       0.498128       0.498038       0.497939       0.497831       0.497716       0.497592       0.497461       0.497322       0.497177       0.497025       0.496866       0.496703       0.496534       0.496361       0.496185       0.496007       0.495826       0.495646       0.495465       0.495286       0.495110       0.494936       0.494768       0.494604       0.494447       0.494296       0.494152       0.494016       0.493887       0.493764       0.493648       0.493536       0.493428       0.493321       0.493211       0.493097       0.492974       0.492836       0.492680       0.492498       0.492283       0.492027       0.491722       0.491358       0.490925       0.490410       0.489803       0.489093       0.488268       0.487319       0.486242       0.485035       0.483709       0.482287       0.480809       0.479343       0.477988       0.476874       0.476158       0.475997       0.476501       0.477661       0.479272       0.480907       0.481962       0.481793       0.479922       0.476274       0.471476       0.467289       0.467289
       0.467292       0.467292       0.471480       0.476280       0.479931       0.481807       0.481981       0.480935       0.479310       0.477711       0.476568       0.476083       0.476265       0.477006       0.478147       0.479532       0.481028       0.482538       0.483994       0.485354       0.486595       0.487707       0.488691       0.489550       0.490295       0.490935       0.491482       0.491947       0.492341       0.492674       0.492956       0.493195       0.493399       0.493575       0.493729       0.493866       0.493991       0.494108       0.494220       0.494330       0.494440       0.494552       0.494667       0.494786       0.494910       0.495039       0.495173       0.495311       0.495454       0.495601       0.495751       0.495904       0.496058       0.496213       0.496369       0.496524       0.496677       0.496828       0.496977       0.497122       0.497263       0.497399       0.497530       0.497655       0.497774       0.497887       0.497994       0.498094       0.498187       0.498272       0.498351       0.498422       0.498486       0.498542       0.498591       0.498632       0.498666       0.498692       0.498711       0.498722       0.498726       0.498722       0.498711       0.498692       0.498666       0.498632       0.498591       0.498542       0.498486       0.498422       0.498351       0.498272       0.498187       0.498094       0.497994       0.497887       0.497774       0.497655       0.497530       0.497399       0.497263       0.497122       0.496977       0.496828       0.496677       0.496524       0.496369       0.496213       0.496058       0.495904       0.495751       0.495601       0.495454       0.495311       0.495173       0.495039       0.494910       0.494786       0.494667       0.494552       0.494440       0.494330       0.494220       0.494108       0.493991       0.493866       0.493729       0.493575       0.493399       0.493195       0.492956       0.492674       0.492341       0.491947       0.491482       0.490935       0.490295       0.489550       0.488691       0.487707       0.486595       0.485354       0.483994       0.482538       0.481028       0.479532       0.478147       0.477006       0.476265       0.476083       0.476568       0.477711       0.479310       0.480935       0.481981       0.481807       0.479931       0.476280       0.471480       0.467292       0.467292
       0.467295       0.467295       0.471484       0.476285       0.479939       0.481818       0.481998       0.480959       0.479343       0.477756       0.476627       0.476158       0.476360       0.477122       0.478287       0.479696       0.481219       0.482757       0.484242       0.485631       0.486902       0.488044       0.489057       0.489946       0.490720       0.491389       0.491963       0.492455       0.492874       0.493231       0.493535       0.493795       0.494017       0.494210       0.494378       0.494526       0.494661       0.494784       0.494900       0.495012       0.495120       0.495229       0.495338       0.495449       0.495562       0.495678       0.495798       0.495920       0.496046       0.496174       0.496305       0.496437       0.496571       0.496705       0.496839       0.496973       0.497105       0.497235       0.497363       0.497487       0.497608       0.497726       0.497838       0.497946       0.498049       0.498147       0.498239       0.498325       0.498405       0.498479       0.498547       0.498608       0.498664       0.498712       0.498755       0.498790       0.498820       0.498843       0.498859       0.498869       0.498872       0.498869       0.498859       0.498843       0.498820       0.498790       0.498755       0.498712       0.498664       0.498608       0.498547       0.498479       0.498405       0.498325       0.498239       0.498147       0.498049       0.497946       0.497838       0.497726       0.497608       0.497487       0.497363       0.497235       0.497105       0.496973       0.496839       0.496705       0.496571       0.496437       0.496305       0.496174       0.496046       0.495920       0.495798       0.495678       0.495562       0.495449       0.495338       0.495229       0.495120       0.495012       0.494900       0.494784       0.494661       0.494526       0.494378       0.494210       0.494017       0.493795       0.493535       0.493231       0.492874       0.492455       0.491963       0.491389       0.490720       0.489946       0.489057       0.488044       0.486902       0.485631       0.484242       0.482757       0.481219       0.479696       0.478287       0.477122       0.476360       0.476158       0.476627       0.477756       0.479343       0.480959       0.481998       0.481818       0.479939       0.476285       0.471484       0.467295       0.467295
       0.467298       0.467298       0.471488       0.476290       0.479947       0.481829       0.482013       0.480980       0.479372       0.477795       0.476678       0.476224       0.476442       0.477223       0.478408       0.479840       0.481386       0.482948       0.484457       0.485872       0.487168       0.488336       0.489374       0.490289       0.491087       0.491780       0.492378       0.492892       0.493333       0.493711       0.494034       0.494311       0.494549       0.494755       0.494935       0.495093       0.495235       0.495365       0.495484       0.495597       0.495705       0.495810       0.495914       0.496018       0.496123       0.496229       0.496336       0.496446       0.496557       0.496670       0.496784       0.496899       0.497015       0.497131       0.497247       0.497363       0.497477       0.497589       0.497699       0.497806       0.497910       0.498011       0.498109       0.498202       0.498290       0.498374       0.498454       0.498528       0.498597       0.498661       0.498720       0.498773       0.498821       0.498863       0.498900       0.498931       0.498956       0.498976       0.498990       0.498998       0.499001       0.498998       0.498990       0.498976       0.498956       0.498931       0.498900       0.498863       0.498821       0.498773       0.498720       0.498661       0.498597       0.498528       0.498454       0.498374       0.498290       0.498202       0.498109       0.498011       0.497910       0.497806       0.497699       0.497589       0.497477       0.497363       0.497247       0.497131       0.497015       0.496899       0.496784       0.496670       0.496557       0.496446       0.496336       0.496229       0.496123       0.496018       0.495914       0.495810       0.495705       0.495597       0.495484       0.495365       0.495235       0.495093       0.494935       0.494755       0.494549       0.494311       0.494034       0.493711       0.493333       0.492892       0.492378       0.491780       0.491087       0.490289       0.489374       0.488336       0.487168       0.485872       0.484457       0.482948       0.481386       0.479840       0.478408       0.477223       0.476442       0.476224       0.476678       0.477795       0.479372       0.480980       0.482013       0.481829       0.479947       0.476290       0.471488       0.467298       0.467298
       0.467300       0.467300       0.471491       0.476295       0.479953       0.481838       0.482027       0.480998       0.479397       0.477829       0.476723       0.476281       0.476514       0.477311       0.478514       0.479965       0.481531       0.483114       0.484645       0.486081       0.487399       0.488589       0.489649       0.490585       0.491405       0.492118       0.492736       0.493270       0.493729       0.494124       0.494463       0.494754       0.495006       0.495223       0.495413       0.495580       0.495729       0.495863       0.495985       0.496099       0.496207       0.496310       0.496409       0.496508       0.496605       0.496702       0.496800       0.496898       0.496997       0.497097       0.497198       0.497299       0.497400       0.497501       0.497601       0.497701       0.497800       0.497896       0.497991       0.498084       0.498174       0.498261       0.498345       0.498425       0.498502       0.498574       0.498643       0.498707       0.498767       0.498822       0.498873       0.498919       0.498960       0.498996       0.499028       0.499055       0.499077       0.499094       0.499106       0.499114       0.499116       0.499114       0.499106       0.499094       0.499077       0.499055       0.499028       0.498996       0.498960       0.498919       0.498873       0.498822       0.498767       0.498707       0.498643       0.498574       0.498502       0.498425       0.498345       0.498261       0.498174       0.498084       0.497991       0.497896       0.497800       0.497701       0.497601       0.497501       0.497400       0.497299       0.497198       0.497097       0.496997       0.496898       0.496800       0.496702       0.496605       0.496508       0.496409       0.496310       0.496207       0.496099       0.495985       0.495863       0.495729       0.495580       0.495413       0.495223       0.495006       0.494754       0.494463       0.494124       0.493729       0.493270       0.492736       0.492118       0.491405       0.490585       0.489649       0.488589       0.487399       0.486081       0.484645       0.483114       0.481531       0.479965       0.478514       0.477311       0.476514       0.476281       0.476723       0.477829       0.479397       0.480998       0.482027       0.481838       0.479953       0.476295       0.471491       0.467300       0.467300
       0.467302       0.467302       0.471493       0.476299       0.479959       0.481846       0.482038       0.481015       0.479420       0.477859       0.476762       0.476331       0.476577       0.477388       0.478606       0.480074       0.481657       0.483258       0.484807       0.486262       0.487599       0.488808       0.489887       0.490841       0.491679       0.492410       0.493046       0.493595       0.494070       0.494479       0.494832       0.495136       0.495398       0.495626       0.495825       0.495999       0.496153       0.496291       0.496416       0.496531       0.496638       0.496739       0.496835       0.496929       0.497020       0.497110       0.497200       0.497289       0.497377       0.497466       0.497555       0.497644       0.497733       0.497821       0.497908       0.497995       0.498080       0.498164       0.498246       0.498326       0.498404       0.498479       0.498551       0.498621       0.498687       0.498749       0.498808       0.498864       0.498916       0.498963       0.499007       0.499047       0.499083       0.499114       0.499142       0.499165       0.499184       0.499199       0.499210       0.499216       0.499218       0.499216       0.499210       0.499199       0.499184       0.499165       0.499142       0.499114       0.499083       0.499047       0.499007       0.498963       0.498916       0.498864       0.498808       0.498749       0.498687       0.498621       0.498551       0.498479       0.498404       0.498326       0.498246       0.498164       0.498080       0.497995       0.497908       0.497821       0.497733       0.497644       0.497555       0.497466       0.497377       0.497289       0.497200       0.497110       0.497020       0.496929       0.496835       0.496739       0.496638       0.496531       0.496416       0.496291       0.496153       0.495999       0.495825       0.495626       0.495398       0.495136       0.494832       0.494479       0.494070       0.493595       0.493046       0.492410       0.491679       0.490841       0.489887       0.488808       0.487599       0.486262       0.484807       0.483258       0.481657       0.480074       0.478606       0.477388       0.476577       0.476331       0.476762       0.477859       0.479420       0.481015       0.482038       0.481846       0.479959       0.476299       0.471493       0.467302       0.467302
       0.467304       0.467304       0.471496       0.476302       0.479964       0.481854       0.482048       0.481029       0.479439       0.477885       0.476796       0.476375       0.476632       0.477455       0.478687       0.480168       0.481767       0.483383       0.484948       0.486420       0.487773       0.488998       0.490093       0.491063       0.491916       0.492663       0.493312       0.493876       0.494364       0.494785       0.495149       0.495464       0.495736       0.495972       0.496178       0.496358       0.496517       0.496659       0.496786       0.496902       0.497009       0.497108       0.497202       0.497291       0.497377       0.497461       0.497544       0.497625       0.497705       0.497785       0.497864       0.497943       0.498021       0.498098       0.498174       0.498250       0.498324       0.498397       0.498468       0.498537       0.498604       0.498669       0.498732       0.498792       0.498849       0.498903       0.498954       0.499002       0.499047       0.499088       0.499126       0.499160       0.499191       0.499219       0.499242       0.499262       0.499279       0.499292       0.499301       0.499306       0.499308       0.499306       0.499301       0.499292       0.499279       0.499262       0.499242       0.499219       0.499191       0.499160       0.499126       0.499088       0.499047       0.499002       0.498954       0.498903       0.498849       0.498792       0.498732       0.498669       0.498604       0.498537       0.498468       0.498397       0.498324       0.498250       0.498174       0.498098       0.498021       0.497943       0.497864       0.497785       0.497705       0.497625       0.497544       0.497461       0.497377       0.497291       0.497202       0.497108       0.497009       0.496902       0.496786       0.496659       0.496517       0.496358       0.496178       0.495972       0.495736       0.495464       0.495149       0.494785       0.494364       0.493876       0.493312       0.492663       0.491916       0.491063       0.490093       0.488998       0.487773       0.486420       0.484948       0.483383       0.481767       0.480168       0.478687       0.477455       0.476632       0.476375       0.476796       0.477885       0.479439       0.481029       0.482048       0.481854       0.479964       0.476302       0.471496       0.467304       0.467304
       0.467306       0.467306       0.471498       0.476305       0.479968       0.481860       0.482057       0.481042       0.479456       0.477908       0.476826       0.476413       0.476679       0.477514       0.478757       0.480251       0.481862       0.483492       0.485071       0.486556       0.487923       0.489162       0.490271       0.491255       0.492121       0.492880       0.493542       0.494118       0.494617       0.495049       0.495423       0.495747       0.496027       0.496270       0.496482       0.496667       0.496830       0.496975       0.497104       0.497221       0.497327       0.497425       0.497517       0.497603       0.497685       0.497764       0.497840       0.497915       0.497988       0.498060       0.498131       0.498201       0.498270       0.498338       0.498405       0.498471       0.498536       0.498599       0.498661       0.498721       0.498779       0.498835       0.498890       0.498941       0.498991       0.499038       0.499082       0.499123       0.499162       0.499198       0.499230       0.499260       0.499287       0.499311       0.499331       0.499349       0.499363       0.499374       0.499382       0.499387       0.499388       0.499387       0.499382       0.499374       0.499363       0.499349       0.499331       0.499311       0.499287       0.499260       0.499230       0.499198       0.499162       0.499123       0.499082       0.499038       0.498991       0.498941       0.498890       0.498835       0.498779       0.498721       0.498661       0.498599       0.498536       0.498471       0.498405       0.498338       0.498270       0.498201       0.498131       0.498060       0.497988       0.497915       0.497840       0.497764       0.497685       0.497603       0.497517       0.497425       0.497327       0.497221       0.497104       0.496975       0.496830       0.496667       0.496482       0.496270       0.496027       0.495747       0.495423       0.495049       0.494617       0.494118       0.493542       0.492880       0.492121       0.491255       0.490271       0.489162       0.487923       0.486556       0.485071       0.483492       0.481862       0.480251       0.478757       0.477514       0.476679       0.476413       0.476826       0.477908       0.479456       0.481042       0.482057       0.481860       0.479968       0.476305       0.471498       0.467306       0.467306
       0.467308       0.467308       0.471500       0.476308       0.479972       0.481865       0.482065       0.481052       0.479471       0.477928       0.476852       0.476447       0.476721       0.477565       0.478818       0.480322       0.481945       0.483587       0.485177       0.486674       0.488053       0.489304       0.490425       0.491420       0.492298       0.493068       0.493741       0.494326       0.494835       0.495276       0.495658       0.495990       0.496277       0.496526       0.496743       0.496933       0.497100       0.497247       0.497378       0.497495       0.497601       0.497698       0.497788       0.497871       0.497950       0.498024       0.498096       0.498165       0.498232       0.498297       0.498361       0.498424       0.498485       0.498546       0.498605       0.498663       0.498719       0.498775       0.498829       0.498881       0.498932       0.498980       0.499027       0.499072       0.499115       0.499156       0.499194       0.499230       0.499263       0.499294       0.499322       0.499348       0.499371       0.499392       0.499410       0.499425       0.499437       0.499447       0.499454       0.499458       0.499459       0.499458       0.499454       0.499447       0.499437       0.499425       0.499410       0.499392       0.499371       0.499348       0.499322       0.499294       0.499263       0.499230       0.499194       0.499156       0.499115       0.499072       0.499027       0.498980       0.498932       0.498881       0.498829       0.498775       0.498719       0.498663       0.498605       0.498546       0.498485       0.498424       0.498361       0.498297       0.498232       0.498165       0.498096       0.498024       0.497950       0.497871       0.497788       0.497698       0.497601       0.497495       0.497378       0.497247       0.497100       0.496933       0.496743       0.496526       0.496277       0.495990       0.495658       0.495276       0.494835       0.494326       0.493741       0.493068       0.492298       0.491420       0.490425       0.489304       0.488053       0.486674       0.485177       0.483587       0.481945       0.480322       0.478818       0.477565       0.476721       0.476447       0.476852       0.477928       0.479471       0.481052       0.482065       0.481865       0.479972       0.476308       0.471500       0.467308       0.467308
       0.467309       0.467309       0.471502       0.476310       0.479975       0.481870       0.482072       0.481062       0.479484       0.477946       0.476875       0.476476       0.476757       0.477609       0.478871       0.480385       0.482017       0.483669       0.485270       0.486777       0.488166       0.489427       0.490558       0.491564       0.492451       0.493231       0.493912       0.494506       0.495023       0.495472       0.495861       0.496199       0.496492       0.496746       0.496968       0.497161       0.497331       0.497480       0.497613       0.497731       0.497837       0.497933       0.498021       0.498102       0.498178       0.498249       0.498316       0.498381       0.498443       0.498502       0.498560       0.498617       0.498672       0.498726       0.498778       0.498829       0.498879       0.498927       0.498975       0.499020       0.499064       0.499107       0.499148       0.499187       0.499224       0.499259       0.499292       0.499323       0.499352       0.499379       0.499404       0.499426       0.499446       0.499464       0.499479       0.499492       0.499503       0.499511       0.499517       0.499521       0.499522       0.499521       0.499517       0.499511       0.499503       0.499492       0.499479       0.499464       0.499446       0.499426       0.499404       0.499379       0.499352       0.499323       0.499292       0.499259       0.499224       0.499187       0.499148       0.499107       0.499064       0.499020       0.498975       0.498927       0.498879       0.498829       0.498778       0.498726       0.498672       0.498617       0.498560       0.498502       0.498443       0.498381       0.498316       0.498249       0.498178       0.498102       0.498021       0.497933       0.497837       0.497731       0.497613       0.497480       0.497331       0.497161       0.496968       0.496746       0.496492       0.496199       0.495861       0.495472       0.495023       0.494506       0.493912       0.493231       0.492451       0.491564       0.490558       0.489427       0.488166       0.486777       0.485270       0.483669       0.482017       0.480385       0.478871       0.477609       0.476757       0.476476       0.476875       0.477946       0.479484       0.481062       0.482072       0.481870       0.479975       0.476310       0.471502       0.467309       0.467309
       0.467310       0.467310       0.471503       0.476312       0.479978       0.481875       0.482078       0.481070       0.479496       0.477961       0.476895       0.476501       0.476789       0.477647       0.478917       0.480439       0.482080       0.483740       0.485350       0.486866       0.488264       0.489534       0.490674       0.491687       0.492583       0.493371       0.494060       0.494662       0.495185       0.495641       0.496036       0.496379       0.496677       0.496936       0.497161       0.497358       0.497530       0.497681       0.497815       0.497933       0.498039       0.498135       0.498221       0.498301       0.498374       0.498442       0.498506       0.498567       0.498624       0.498679       0.498732       0.498784       0.498833       0.498881       0.498928       0.498973       0.499017       0.499060       0.499102       0.499142       0.499180       0.499217       0.499253       0.499287       0.499319       0.499349       0.499378       0.499405       0.499430       0.499454       0.499475       0.499494       0.499512       0.499527       0.499540       0.499552       0.499561       0.499568       0.499573       0.499577       0.499578       0.499577       0.499573       0.499568       0.499561       0.499552       0.499540       0.499527       0.499512       0.499494       0.499475       0.499454       0.499430       0.499405       0.499378       0.499349       0.499319       0.499287       0.499253       0.499217       0.499180       0.499142       0.499102       0.499060       0.499017       0.498973       0.498928       0.498881       0.498833       0.498784       0.498732       0.498679       0.498624       0.498567       0.498506       0.498442       0.498374       0.498301       0.498221       0.498135       0.498039       0.497933       0.497815       0.497681       0.497530       0.497358       0.497161       0.496936       0.496677       0.496379       0.496036       0.495641       0.495185       0.494662       0.494060       0.493371       0.492583       0.491687       0.490674       0.489534       0.488264       0.486866       0.485350       0.483740       0.482080       0.480439       0.478917       0.477647       0.476789       0.476501       0.476895       0.477961       0.479496       0.481070       0.482078       0.481875       0.479978       0.476312       0.471503       0.467310       0.467310
       0.467311       0.467311       0.471504       0.476314       0.479981       0.481878       0.482083       0.481078       0.479506       0.477974       0.476912       0.476523       0.476816       0.477681       0.478957       0.480486       0.482134       0.483801       0.485419       0.486943       0.488349       0.489626       0.490773       0.491794       0.492697       0.493492       0.494188       0.494795       0.495325       0.495786       0.496186       0.496534       0.496836       0.497099       0.497328       0.497527       0.497701       0.497854       0.497989       0.498108       0.498214       0.498308       0.498394       0.498472       0.498543       0.498609       0.498670       0.498727       0.498781       0.498832       0.498881       0.498928       0.498973       0.499016       0.499058       0.499099       0.499138       0.499175       0.499212       0.499247       0.499281       0.499313       0.499344       0.499374       0.499402       0.499429       0.499454       0.499477       0.499499       0.499519       0.499538       0.499554       0.499570       0.499583       0.499594       0.499604       0.499612       0.499619       0.499623       0.499626       0.499627       0.499626       0.499623       0.499619       0.499612       0.499604       0.499594       0.499583       0.499570       0.499554       0.499538       0.499519       0.499499       0.499477       0.499454       0.499429       0.499402       0.499374       0.499344       0.499313       0.499281       0.499247       0.499212       0.499175       0.499138       0.499099       0.499058       0.499016       0.498973       0.498928       0.498881       0.498832       0.498781       0.498727       0.498670       0.498609       0.498543       0.498472       0.498394       0.498308       0.498214       0.498108       0.497989       0.497854       0.497701       0.497527       0.497328       0.497099       0.496836       0.496534       0.496186       0.495786       0.495325       0.494795       0.494188       0.493492       0.492697       0.491794       0.490773       0.489626       0.488349       0.486943       0.485419       0.483801       0.482134       0.480486       0.478957       0.477681       0.476816       0.476523       0.476912       0.477974       0.479506       0.481078       0.482083       0.481878       0.479981       0.476314       0.471504       0.467311       0.467311
       0.467312       0.467312       0.471505       0.476315       0.479983       0.481881       0.482088       0.481084       0.479514       0.477986       0.476927       0.476542       0.476840       0.477710       0.478992       0.480527       0.482181       0.483855       0.485479       0.487009       0.488422       0.489706       0.490860       0.491887       0.492796       0.493596       0.494298       0.494911       0.495446       0.495911       0.496316       0.496668       0.496974       0.497239       0.497471       0.497672       0.497848       0.498003       0.498138       0.498258       0.498364       0.498458       0.498543       0.498619       0.498689       0.498752       0.498811       0.498865       0.498916       0.498964       0.499010       0.499053       0.499094       0.499133       0.499171       0.499207       0.499242       0.499276       0.499308       0.499339       0.499369       0.499397       0.499424       0.499450       0.499475       0.499498       0.499520       0.499540       0.499559       0.499577       0.499593       0.499607       0.499621       0.499632       0.499642       0.499651       0.499658       0.499663       0.499667       0.499669       0.499670       0.499669       0.499667       0.499663       0.499658       0.499651       0.499642       0.499632       0.499621       0.499607       0.499593       0.499577       0.499559       0.499540       0.499520       0.499498       0.499475       0.499450       0.499424       0.499397       0.499369       0.499339       0.499308       0.499276       0.499242       0.499207       0.499171       0.499133       0.499094       0.499053       0.499010       0.498964       0.498916       0.498865       0.498811       0.498752       0.498689       0.498619       0.498543       0.498458       0.498364       0.498258       0.498138       0.498003       0.497848       0.497672       0.497471       0.497239       0.496974       0.496668       0.496316       0.495911       0.495446       0.494911       0.494298       0.493596       0.492796       0.491887       0.490860       0.489706       0.488422       0.487009       0.485479       0.483855       0.482181       0.480527       0.478992       0.477710       0.476840       0.476542       0.476927       0.477986       0.479514       0.481084       0.482088       0.481881       0.479983       0.476315       0.471505       0.467312       0.467312
       0.467313       0.467313       0.471506       0.476317       0.479985       0.481884       0.482092       0.481090       0.479522       0.477996       0.476940       0.476559       0.476861       0.477735       0.479022       0.480562       0.482222       0.483901       0.485531       0.487067       0.488485       0.489775       0.490934       0.491967       0.492881       0.493686       0.494393       0.495010       0.495549       0.496019       0.496428       0.496783       0.497092       0.497360       0.497594       0.497798       0.497975       0.498131       0.498267       0.498387       0.498493       0.498587       0.498671       0.498746       0.498814       0.498876       0.498933       0.498985       0.499033       0.499078       0.499121       0.499161       0.499198       0.499234       0.499269       0.499301       0.499333       0.499363       0.499391       0.499419       0.499445       0.499470       0.499494       0.499517       0.499538       0.499559       0.499578       0.499596       0.499612       0.499627       0.499641       0.499654       0.499665       0.499676       0.499684       0.499692       0.499698       0.499703       0.499706       0.499708       0.499709       0.499708       0.499706       0.499703       0.499698       0.499692       0.499684       0.499676       0.499665       0.499654       0.499641       0.499627       0.499612       0.499596       0.499578       0.499559       0.499538       0.499517       0.499494       0.499470       0.499445       0.499419       0.499391       0.499363       0.499333       0.499301       0.499269       0.499234       0.499198       0.499161       0.499121       0.499078       0.499033       0.498985       0.498933       0.498876       0.498814       0.498746       0.498671       0.498587       0.498493       0.498387       0.498267       0.498131       0.497975       0.497798       0.497594       0.497360       0.497092       0.496783       0.496428       0.496019       0.495549       0.495010       0.494393       0.493686       0.492881       0.491967       0.490934       0.489775       0.488485       0.487067       0.485531       0.483901       0.482222       0.480562       0.479022       0.477735       0.476861       0.476559       0.476940       0.477996       0.479522       0.481090       0.482092       0.481884       0.479985       0.476317       0.471506       0.467313       0.467313
       0.467313       0.467313       0.471507       0.476318       0.479986       0.481887       0.482095       0.481094       0.479528       0.478004       0.476952       0.476573       0.476879       0.477757       0.479048       0.480593       0.482257       0.483942       0.485576       0.487117       0.488540       0.489835       0.490998       0.492036       0.492955       0.493764       0.494475       0.495096       0.495639       0.496112       0.496524       0.496882       0.497193       0.497464       0.497700       0.497905       0.498084       0.498241       0.498378       0.498498       0.498604       0.498698       0.498781       0.498855       0.498922       0.498983       0.499037       0.499088       0.499134       0.499177       0.499217       0.499254       0.499289       0.499322       0.499353       0.499383       0.499411       0.499438       0.499464       0.499488       0.499512       0.499534       0.499555       0.499575       0.499594       0.499612       0.499628       0.499644       0.499658       0.499672       0.499684       0.499695       0.499705       0.499714       0.499721       0.499728       0.499733       0.499737       0.499740       0.499742       0.499743       0.499742       0.499740       0.499737       0.499733       0.499728       0.499721       0.499714       0.499705       0.499695       0.499684       0.499672       0.499658       0.499644       0.499628       0.499612       0.499594       0.499575       0.499555       0.499534       0.499512       0.499488       0.499464       0.499438       0.499411       0.499383       0.499353       0.499322       0.499289       0.499254       0.499217       0.499177       0.499134       0.499088       0.499037       0.498983       0.498922       0.498855       0.498781       0.498698       0.498604       0.498498       0.498378       0.498241       0.498084       0.497905       0.497700       0.497464       0.497193       0.496882       0.496524       0.496112       0.495639       0.495096       0.494475       0.493764       0.492955       0.492036       0.490998       0.489835       0.488540       0.487117       0.485576       0.483942       0.482257       0.480593       0.479048       0.477757       0.476879       0.476573       0.476952       0.478004       0.479528       0.481094       0.482095       0.481887       0.479986       0.476318       0.471507       0.467313       0.467313
       0.467314       0.467314       0.471508       0.476319       0.479988       0.481889       0.482098       0.481098       0.479534       0.478012       0.476961       0.476586       0.476895       0.477776       0.479071       0.480619       0.482288       0.483976       0.485615       0.487160       0.488588       0.489886       0.491054       0.492096       0.493018       0.493831       0.494545       0.495170       0.495716       0.496192       0.496607       0.496967       0.497281       0.497554       0.497791       0.497998       0.498178       0.498335       0.498473       0.498593       0.498699       0.498793       0.498876       0.498949       0.499015       0.499075       0.499128       0.499177       0.499221       0.499262       0.499299       0.499334       0.499367       0.499398       0.499427       0.499454       0.499479       0.499504       0.499527       0.499549       0.499570       0.499589       0.499608       0.499626       0.499642       0.499658       0.499673       0.499686       0.499699       0.499711       0.499722       0.499731       0.499740       0.499748       0.499754       0.499760       0.499764       0.499768       0.499771       0.499772       0.499773       0.499772       0.499771       0.499768       0.499764       0.499760       0.499754       0.499748       0.499740       0.499731       0.499722       0.499711       0.499699       0.499686       0.499673       0.499658       0.499642       0.499626       0.499608       0.499589       0.499570       0.499549       0.499527       0.499504       0.499479       0.499454       0.499427       0.499398       0.499367       0.499334       0.499299       0.499262       0.499221       0.499177       0.499128       0.499075       0.499015       0.498949       0.498876       0.498793       0.498699       0.498593       0.498473       0.498335       0.498178       0.497998       0.497791       0.497554       0.497281       0.496967       0.496607       0.496192       0.495716       0.495170       0.494545       0.493831       0.493018       0.492096       0.491054       0.489886       0.488588       0.487160       0.485615       0.483976       0.482288       0.480619       0.479071       0.477776       0.476895       0.476586       0.476961       0.478012       0.479534       0.481098       0.482098       0.481889       0.479988       0.476319       0.471508       0.467314       0.467314
       0.467314       0.467314       0.471508       0.476319       0.479989       0.481890       0.482101       0.481102       0.479539       0.478019       0.476970       0.476597       0.476908       0.477793       0.479090       0.480642       0.482314       0.484007       0.485649       0.487198       0.488629       0.489931       0.491102       0.492147       0.493073       0.493889       0.494606       0.495234       0.495783       0.496261       0.496678       0.497041       0.497356       0.497631       0.497870       0.498078       0.498259       0.498417       0.498555       0.498676       0.498782       0.498875       0.498958       0.499031       0.499096       0.499154       0.499206       0.499253       0.499296       0.499335       0.499371       0.499404       0.499435       0.499463       0.499490       0.499515       0.499539       0.499561       0.499582       0.499602       0.499620       0.499638       0.499654       0.499670       0.499685       0.499699       0.499712       0.499724       0.499735       0.499745       0.499754       0.499763       0.499771       0.499777       0.499783       0.499788       0.499792       0.499795       0.499797       0.499799       0.499799       0.499799       0.499797       0.499795       0.499792       0.499788       0.499783       0.499777       0.499771       0.499763       0.499754       0.499745       0.499735       0.499724       0.499712       0.499699       0.499685       0.499670       0.499654       0.499638       0.499620       0.499602       0.499582       0.499561       0.499539       0.499515       0.499490       0.499463       0.499435       0.499404       0.499371       0.499335       0.499296       0.499253       0.499206       0.499154       0.499096       0.499031       0.498958       0.498875       0.498782       0.498676       0.498555       0.498417       0.498259       0.498078       0.497870       0.497631       0.497356       0.497041       0.496678       0.496261       0.495783       0.495234       0.494606       0.493889       0.493073       0.492147       0.491102       0.489931       0.488629       0.487198       0.485649       0.484007       0.482314       0.480642       0.479090       0.477793       0.476908       0.476597       0.476970       0.478019       0.479539       0.481102       0.482101       0.481890       0.479989       0.476319       0.471508       0.467314       0.467314
       0.467314       0.467314       0.471509       0.476320       0.479990       0.481892       0.482103       0.481105       0.479543       0.478024       0.476977       0.476606       0.476920       0.477807       0.479107       0.480662       0.482337       0.484033       0.485678       0.487230       0.488664       0.489970       0.491144       0.492192       0.493120       0.493939       0.494659       0.495289       0.495840       0.496321       0.496740       0.497104       0.497421       0.497697       0.497938       0.498147       0.498328       0.498487       0.498626       0.498747       0.498853       0.498946       0.499028       0.499101       0.499165       0.499222       0.499273       0.499319       0.499361       0.499399       0.499433       0.499464       0.499493       0.499520       0.499545       0.499568       0.499590       0.499610       0.499629       0.499647       0.499664       0.499680       0.499695       0.499709       0.499722       0.499734       0.499746       0.499756       0.499766       0.499775       0.499783       0.499791       0.499798       0.499803       0.499808       0.499813       0.499816       0.499819       0.499821       0.499822       0.499823       0.499822       0.499821       0.499819       0.499816       0.499813       0.499808       0.499803       0.499798       0.499791       0.499783       0.499775       0.499766       0.499756       0.499746       0.499734       0.499722       0.499709       0.499695       0.499680       0.499664       0.499647       0.499629       0.499610       0.499590       0.499568       0.499545       0.499520       0.499493       0.499464       0.499433       0.499399       0.499361       0.499319       0.499273       0.499222       0.499165       0.499101       0.499028       0.498946       0.498853       0.498747       0.498626       0.498487       0.498328       0.498147       0.497938       0.497697       0.497421       0.497104       0.496740       0.496321       0.495840       0.495289       0.494659       0.493939       0.493120       0.492192       0.491144       0.489970       0.488664       0.487230       0.485678       0.484033       0.482337       0.480662       0.479107       0.477807       0.476920       0.476606       0.476977       0.478024       0.479543       0.481105       0.482103       0.481892       0.479990       0.476320       0.471509       0.467314       0.467314
       0.467315       0.467315       0.471509       0.476321       0.479991       0.481893       0.482105       0.481108       0.479547       0.478029       0.476984       0.476614       0.476930       0.477819       0.479122       0.480679       0.482357       0.484055       0.485703       0.487258       0.488695       0.490003       0.491180       0.492230       0.493161       0.493983       0.494704       0.495337       0.495890       0.496372       0.496793       0.497159       0.497477       0.497755       0.497996       0.498206       0.498388       0.498548       0.498686       0.498808       0.498914       0.499007       0.499089       0.499161       0.499225       0.499281       0.499331       0.499376       0.499417       0.499453       0.499487       0.499517       0.499544       0.499570       0.499593       0.499615       0.499635       0.499653       0.499671       0.499687       0.499702       0.499717       0.499730       0.499743       0.499754       0.499765       0.499775       0.499785       0.499794       0.499802       0.499809       0.499815       0.499821       0.499826       0.499831       0.499835       0.499838       0.499840       0.499842       0.499843       0.499843       0.499843       0.499842       0.499840       0.499838       0.499835       0.499831       0.499826       0.499821       0.499815       0.499809       0.499802       0.499794       0.499785       0.499775       0.499765       0.499754       0.499743       0.499730       0.499717       0.499702       0.499687       0.499671       0.499653       0.499635       0.499615       0.499593       0.499570       0.499544       0.499517       0.499487       0.499453       0.499417       0.499376       0.499331       0.499281       0.499225       0.499161       0.499089       0.499007       0.498914       0.498808       0.498686       0.498548       0.498388       0.498206       0.497996       0.497755       0.497477       0.497159       0.496793       0.496372       0.495890       0.495337       0.494704       0.493983       0.493161       0.492230       0.491180       0.490003       0.488695       0.487258       0.485703       0.484055       0.482357       0.480679       0.479122       0.477819       0.476930       0.476614       0.476984       0.478029       0.479547       0.481108       0.482105       0.481893       0.479991       0.476321       0.471509       0.467315       0.467315
       0.467315       0.467315       0.471509       0.476321       0.479992       0.481894       0.482107       0.481110       0.479550       0.478033       0.476989       0.476621       0.476939       0.477830       0.479135       0.480694       0.482375       0.484075       0.485725       0.487283       0.488722       0.490032       0.491211       0.492263       0.493197       0.494020       0.494744       0.495378       0.495932       0.496416       0.496838       0.497206       0.497526       0.497804       0.498046       0.498257       0.498440       0.498600       0.498739       0.498860       0.498967       0.499060       0.499141       0.499213       0.499276       0.499332       0.499382       0.499426       0.499465       0.499501       0.499533       0.499562       0.499588       0.499612       0.499634       0.499655       0.499673       0.499691       0.499707       0.499722       0.499736       0.499749       0.499761       0.499772       0.499783       0.499792       0.499802       0.499810       0.499818       0.499825       0.499831       0.499837       0.499842       0.499847       0.499851       0.499854       0.499857       0.499859       0.499860       0.499861       0.499861       0.499861       0.499860       0.499859       0.499857       0.499854       0.499851       0.499847       0.499842       0.499837       0.499831       0.499825       0.499818       0.499810       0.499802       0.499792       0.499783       0.499772       0.499761       0.499749       0.499736       0.499722       0.499707       0.499691       0.499673       0.499655       0.499634       0.499612       0.499588       0.499562       0.499533       0.499501       0.499465       0.499426       0.499382       0.499332       0.499276       0.499213       0.499141       0.499060       0.498967       0.498860       0.498739       0.498600       0.498440       0.498257       0.498046       0.497804       0.497526       0.497206       0.496838       0.496416       0.495932       0.495378       0.494744       0.494020       0.493197       0.492263       0.491211       0.490032       0.488722       0.487283       0.485725       0.484075       0.482375       0.480694       0.479135       0.477830       0.476939       0.476621       0.476989       0.478033       0.479550       0.481110       0.482107       0.481894       0.479992       0.476321       0.471509       0.467315       0.467315
       0.467315       0.467315       0.471510       0.476322       0.479992       0.481895       0.482108       0.481112       0.479553       0.478037       0.476994       0.476628       0.476946       0.477839       0.479146       0.480707       0.482390       0.484092       0.485744       0.487303       0.488745       0.490057       0.491238       0.492292       0.493227       0.494052       0.494777       0.495413       0.495969       0.496455       0.496878       0.497246       0.497567       0.497846       0.498089       0.498301       0.498485       0.498645       0.498784       0.498906       0.499012       0.499105       0.499186       0.499258       0.499320       0.499376       0.499425       0.499468       0.499507       0.499542       0.499573       0.499601       0.499626       0.499649       0.499670       0.499689       0.499707       0.499723       0.499738       0.499752       0.499765       0.499777       0.499788       0.499798       0.499807       0.499816       0.499824       0.499832       0.499839       0.499845       0.499851       0.499856       0.499860       0.499864       0.499868       0.499871       0.499873       0.499875       0.499876       0.499877       0.499878       0.499877       0.499876       0.499875       0.499873       0.499871       0.499868       0.499864       0.499860       0.499856       0.499851       0.499845       0.499839       0.499832       0.499824       0.499816       0.499807       0.499798       0.499788       0.499777       0.499765       0.499752       0.499738       0.499723       0.499707       0.499689       0.499670       0.499649       0.499626       0.499601       0.499573       0.499542       0.499507       0.499468       0.499425       0.499376       0.499320       0.499258       0.499186       0.499105       0.499012       0.498906       0.498784       0.498645       0.498485       0.498301       0.498089       0.497846       0.497567       0.497246       0.496878       0.496455       0.495969       0.495413       0.494777       0.494052       0.493227       0.492292       0.491238       0.490057       0.488745       0.487303       0.485744       0.484092       0.482390       0.480707       0.479146       0.477839       0.476946       0.476628       0.476994       0.478037       0.479553       0.481112       0.482108       0.481895       0.479992       0.476322       0.471510       0.467315       0.467315
       0.467315       0.467315       0.471510       0.476322       0.479993       0.481896       0.482109       0.481114       0.479555       0.478040       0.476998       0.476633       0.476953       0.477847       0.479156       0.480719       0.482402       0.484106       0.485761       0.487322       0.488764       0.490078       0.491261       0.492317       0.493253       0.494080       0.494807       0.495444       0.496001       0.496488       0.496912       0.497281       0.497603       0.497883       0.498127       0.498338       0.498523       0.498683       0.498823       0.498945       0.499051       0.499144       0.499225       0.499296       0.499359       0.499414       0.499462       0.499505       0.499543       0.499577       0.499607       0.499635       0.499659       0.499681       0.499701       0.499719       0.499736       0.499751       0.499765       0.499778       0.499790       0.499801       0.499811       0.499820       0.499829       0.499837       0.499844       0.499851       0.499857       0.499863       0.499868       0.499872       0.499877       0.499880       0.499883       0.499886       0.499888       0.499890       0.499891       0.499891       0.499892       0.499891       0.499891       0.499890       0.499888       0.499886       0.499883       0.499880       0.499877       0.499872       0.499868       0.499863       0.499857       0.499851       0.499844       0.499837       0.499829       0.499820       0.499811       0.499801       0.499790       0.499778       0.499765       0.499751       0.499736       0.499719       0.499701       0.499681       0.499659       0.499635       0.499607       0.499577       0.499543       0.499505       0.499462       0.499414       0.499359       0.499296       0.499225       0.499144       0.499051       0.498945       0.498823       0.498683       0.498523       0.498338       0.498127       0.497883       0.497603       0.497281       0.496912       0.496488       0.496001       0.495444       0.494807       0.494080       0.493253       0.492317       0.491261       0.490078       0.488764       0.487322       0.485761       0.484106       0.482402       0.480719       0.479156       0.477847       0.476953       0.476633       0.476998       0.478040       0.479555       0.481114       0.482109       0.481896       0.479993       0.476322       0.471510       0.467315       0.467315
       0.467315       0.467315       0.471510       0.476322       0.479993       0.481897       0.482110       0.481115       0.479557       0.478043       0.477002       0.476637       0.476959       0.477854       0.479164       0.480728       0.482414       0.484119       0.485775       0.487337       0.488782       0.490097       0.491281       0.492338       0.493276       0.494104       0.494832       0.495470       0.496028       0.496516       0.496941       0.497311       0.497634       0.497915       0.498159       0.498371       0.498556       0.498717       0.498857       0.498978       0.499085       0.499177       0.499259       0.499329       0.499392       0.499446       0.499494       0.499537       0.499574       0.499608       0.499637       0.499664       0.499687       0.499709       0.499728       0.499745       0.499761       0.499776       0.499789       0.499801       0.499812       0.499822       0.499831       0.499840       0.499848       0.499855       0.499862       0.499868       0.499873       0.499878       0.499883       0.499887       0.499891       0.499894       0.499897       0.499899       0.499901       0.499902       0.499903       0.499904       0.499904       0.499904       0.499903       0.499902       0.499901       0.499899       0.499897       0.499894       0.499891       0.499887       0.499883       0.499878       0.499873       0.499868       0.499862       0.499855       0.499848       0.499840       0.499831       0.499822       0.499812       0.499801       0.499789       0.499776       0.499761       0.499745       0.499728       0.499709       0.499687       0.499664       0.499637       0.499608       0.499574       0.499537       0.499494       0.499446       0.499392       0.499329       0.499259       0.499177       0.499085       0.498978       0.498857       0.498717       0.498556       0.498371       0.498159       0.497915       0.497634       0.497311       0.496941       0.496516       0.496028       0.495470       0.494832       0.494104       0.493276       0.492338       0.491281       0.490097       0.488782       0.487337       0.485775       0.484119       0.482414       0.480728       0.479164       0.477854       0.476959       0.476637       0.477002       0.478043       0.479557       0.481115       0.482110       0.481897       0.479993       0.476322       0.471510       0.467315       0.467315
       0.467315       0.467315       0.471510       0.476322       0.479994       0.481897       0.482111       0.481116       0.479559       0.478045       0.477005       0.476641       0.476964       0.477860       0.479171       0.480737       0.482423       0.484130       0.485787       0.487351       0.488796       0.490113       0.491298       0.492357       0.493296       0.494124       0.494853       0.495493       0.496052       0.496540       0.496966       0.497337       0.497661       0.497942       0.498186       0.498399       0.498584       0.498745       0.498885       0.499007       0.499114       0.499206       0.499287       0.499358       0.499420       0.499474       0.499522       0.499564       0.499601       0.499634       0.499663       0.499689       0.499712       0.499733       0.499751       0.499768       0.499783       0.499797       0.499809       0.499821       0.499831       0.499840       0.499849       0.499857       0.499864       0.499871       0.499877       0.499882       0.499887       0.499892       0.499896       0.499900       0.499903       0.499906       0.499908       0.499911       0.499912       0.499914       0.499914       0.499915       0.499915       0.499915       0.499914       0.499914       0.499912       0.499911       0.499908       0.499906       0.499903       0.499900       0.499896       0.499892       0.499887       0.499882       0.499877       0.499871       0.499864       0.499857       0.499849       0.499840       0.499831       0.499821       0.499809       0.499797       0.499783       0.499768       0.499751       0.499733       0.499712       0.499689       0.499663       0.499634       0.499601       0.499564       0.499522       0.499474       0.499420       0.499358       0.499287       0.499206       0.499114       0.499007       0.498885       0.498745       0.498584       0.498399       0.498186       0.497942       0.497661       0.497337       0.496966       0.496540       0.496052       0.495493       0.494853       0.494124       0.493296       0.492357       0.491298       0.490113       0.488796       0.487351       0.485787       0.484130       0.482423       0.480737       0.479171       0.477860       0.476964       0.476641       0.477005       0.478045       0.479559       0.481116       0.482111       0.481897       0.479994       0.476322       0.471510       0.467315       0.467315
       0.467315       0.467315       0.471510       0.476322       0.479994       0.481898       0.482112       0.481118       0.479560       0.478047       0.477008       0.476645       0.476968       0.477865       0.479177       0.480744       0.482431       0.484139       0.485798       0.487362       0.488809       0.490127       0.491313       0.492372       0.493312       0.494142       0.494872       0.495512       0.496072       0.496561       0.496988       0.497360       0.497683       0.497965       0.498210       0.498423       0.498609       0.498770       0.498910       0.499032       0.499139       0.499231       0.499312       0.499383       0.499445       0.499499       0.499546       0.499588       0.499624       0.499657       0.499685       0.499711       0.499733       0.499753       0.499771       0.499788       0.499802       0.499815       0.499827       0.499838       0.499847       0.499856       0.499864       0.499872       0.499878       0.499885       0.499890       0.499895       0.499900       0.499904       0.499908       0.499911       0.499914       0.499917       0.499919       0.499921       0.499922       0.499923       0.499924       0.499925       0.499925       0.499925       0.499924       0.499923       0.499922       0.499921       0.499919       0.499917       0.499914       0.499911       0.499908       0.499904       0.499900       0.499895       0.499890       0.499885       0.499878       0.499872       0.499864       0.499856       0.499847       0.499838       0.499827       0.499815       0.499802       0.499788       0.499771       0.499753       0.499733       0.499711       0.499685       0.499657       0.499624       0.499588       0.499546       0.499499       0.499445       0.499383       0.499312       0.499231       0.499139       0.499032       0.498910       0.498770       0.498609       0.498423       0.498210       0.497965       0.497683       0.497360       0.496988       0.496561       0.496072       0.495512       0.494872       0.494142       0.493312       0.492372       0.491313       0.490127       0.488809       0.487362       0.485798       0.484139       0.482431       0.480744       0.479177       0.477865       0.476968       0.476645       0.477008       0.478047       0.479560       0.481118       0.482112       0.481898       0.479994       0.476322       0.471510       0.467315       0.467315
       0.467315       0.467315       0.471510       0.476323       0.479994       0.481898       0.482112       0.481118       0.479562       0.478049       0.477010       0.476648       0.476971       0.477870       0.479183       0.480750       0.482439       0.484147       0.485807       0.487372       0.488820       0.490139       0.491326       0.492386       0.493327       0.494158       0.494888       0.495529       0.496090       0.496580       0.497007       0.497379       0.497703       0.497985       0.498231       0.498444       0.498630       0.498791       0.498932       0.499054       0.499160       0.499253       0.499334       0.499404       0.499466       0.499520       0.499567       0.499608       0.499645       0.499677       0.499705       0.499730       0.499752       0.499771       0.499789       0.499805       0.499819       0.499831       0.499842       0.499853       0.499862       0.499870       0.499878       0.499885       0.499891       0.499897       0.499902       0.499907       0.499911       0.499915       0.499918       0.499921       0.499924       0.499926       0.499928       0.499930       0.499931       0.499932       0.499933       0.499933       0.499933       0.499933       0.499933       0.499932       0.499931       0.499930       0.499928       0.499926       0.499924       0.499921       0.499918       0.499915       0.499911       0.499907       0.499902       0.499897       0.499891       0.499885       0.499878       0.499870       0.499862       0.499853       0.499842       0.499831       0.499819       0.499805       0.499789       0.499771       0.499752       0.499730       0.499705       0.499677       0.499645       0.499608       0.499567       0.499520       0.499466       0.499404       0.499334       0.499253       0.499160       0.499054       0.498932       0.498791       0.498630       0.498444       0.498231       0.497985       0.497703       0.497379       0.497007       0.496580       0.496090       0.495529       0.494888       0.494158       0.493327       0.492386       0.491326       0.490139       0.488820       0.487372       0.485807       0.484147       0.482439       0.480750       0.479183       0.477870       0.476971       0.476648       0.477010       0.478049       0.479562       0.481118       0.482112       0.481898       0.479994       0.476323       0.471510       0.467315       0.467315
       0.467315       0.467315       0.471510       0.476323       0.479994       0.481899       0.482113       0.481119       0.479563       0.478051       0.477012       0.476650       0.476975       0.477874       0.479187       0.480756       0.482445       0.484154       0.485815       0.487381       0.488830       0.490149       0.491337       0.492398       0.493340       0.494171       0.494902       0.495544       0.496105       0.496595       0.497023       0.497396       0.497720       0.498003       0.498248       0.498462       0.498648       0.498810       0.498950       0.499073       0.499179       0.499272       0.499352       0.499423       0.499484       0.499538       0.499585       0.499626       0.499662       0.499694       0.499721       0.499746       0.499768       0.499787       0.499804       0.499819       0.499833       0.499845       0.499856       0.499866       0.499874       0.499882       0.499890       0.499896       0.499902       0.499907       0.499912       0.499916       0.499920       0.499924       0.499927       0.499930       0.499932       0.499934       0.499936       0.499938       0.499939       0.499940       0.499940       0.499941       0.499941       0.499941       0.499940       0.499940       0.499939       0.499938       0.499936       0.499934       0.499932       0.499930       0.499927       0.499924       0.499920       0.499916       0.499912       0.499907       0.499902       0.499896       0.499890       0.499882       0.499874       0.499866       0.499856       0.499845       0.499833       0.499819       0.499804       0.499787       0.499768       0.499746       0.499721       0.499694       0.499662       0.499626       0.499585       0.499538       0.499484       0.499423       0.499352       0.499272       0.499179       0.499073       0.498950       0.498810       0.498648       0.498462       0.498248       0.498003       0.497720       0.497396       0.497023       0.496595       0.496105       0.495544       0.494902       0.494171       0.493340       0.492398       0.491337       0.490149       0.488830       0.487381       0.485815       0.484154       0.482445       0.480756       0.479187       0.477874       0.476975       0.476650       0.477012       0.478051       0.479563       0.481119       0.482113       0.481899       0.479994       0.476323       0.471510       0.467315       0.467315
       0.467315       0.467315       0.471510       0.476323       0.479994       0.481899       0.482113       0.481120       0.479564       0.478052       0.477014       0.476652       0.476977       0.477877       0.479191       0.480760       0.482450       0.484161       0.485821       0.487389       0.488838       0.490158       0.491347       0.492408       0.493350       0.494182       0.494914       0.495556       0.496118       0.496609       0.497037       0.497410       0.497735       0.498018       0.498264       0.498478       0.498664       0.498825       0.498966       0.499089       0.499195       0.499288       0.499368       0.499439       0.499500       0.499553       0.499600       0.499641       0.499677       0.499708       0.499736       0.499760       0.499782       0.499800       0.499817       0.499832       0.499845       0.499857       0.499868       0.499877       0.499885       0.499893       0.499900       0.499906       0.499911       0.499916       0.499921       0.499925       0.499929       0.499932       0.499935       0.499937       0.499939       0.499941       0.499943       0.499944       0.499946       0.499946       0.499947       0.499947       0.499948       0.499947       0.499947       0.499946       0.499946       0.499944       0.499943       0.499941       0.499939       0.499937       0.499935       0.499932       0.499929       0.499925       0.499921       0.499916       0.499911       0.499906       0.499900       0.499893       0.499885       0.499877       0.499868       0.499857       0.499845       0.499832       0.499817       0.499800       0.499782       0.499760       0.499736       0.499708       0.499677       0.499641       0.499600       0.499553       0.499500       0.499439       0.499368       0.499288       0.499195       0.499089       0.498966       0.498825       0.498664       0.498478       0.498264       0.498018       0.497735       0.497410       0.497037       0.496609       0.496118       0.495556       0.494914       0.494182       0.493350       0.492408       0.491347       0.490158       0.488838       0.487389       0.485821       0.484161       0.482450       0.480760       0.479191       0.477877       0.476977       0.476652       0.477014       0.478052       0.479564       0.481120       0.482113       0.481899       0.479994       0.476323       0.471510       0.467315       0.467315
       0.467315       0.467315       0.471510       0.476323       0.479995       0.481899       0.482114       0.481120       0.479565       0.478053       0.477015       0.476654       0.476980       0.477880       0.479195       0.480764       0.482455       0.484166       0.485827       0.487395       0.488845       0.490165       0.491355       0.492417       0.493360       0.494192       0.494925       0.495567       0.496129       0.496620       0.497049       0.497422       0.497748       0.498031       0.498277       0.498491       0.498677       0.498839       0.498980       0.499102       0.499209       0.499301       0.499382       0.499452       0.499514       0.499567       0.499614       0.499654       0.499690       0.499721       0.499748       0.499772       0.499794       0.499812       0.499829       0.499843       0.499856       0.499868       0.499878       0.499887       0.499895       0.499902       0.499909       0.499914       0.499920       0.499924       0.499929       0.499932       0.499936       0.499939       0.499941       0.499944       0.499946       0.499948       0.499949       0.499951       0.499952       0.499952       0.499953       0.499953       0.499953       0.499953       0.499953       0.499952       0.499952       0.499951       0.499949       0.499948       0.499946       0.499944       0.499941       0.499939       0.499936       0.499932       0.499929       0.499924       0.499920       0.499914       0.499909       0.499902       0.499895       0.499887       0.499878       0.499868       0.499856       0.499843       0.499829       0.499812       0.499794       0.499772       0.499748       0.499721       0.499690       0.499654       0.499614       0.499567       0.499514       0.499452       0.499382       0.499301       0.499209       0.499102       0.498980       0.498839       0.498677       0.498491       0.498277       0.498031       0.497748       0.497422       0.497049       0.496620       0.496129       0.495567       0.494925       0.494192       0.493360       0.492417       0.491355       0.490165       0.488845       0.487395       0.485827       0.484166       0.482455       0.480764       0.479195       0.477880       0.476980       0.476654       0.477015       0.478053       0.479565       0.481120       0.482114       0.481899       0.479995       0.476323       0.471510       0.467315       0.467315
       0.467315       0.467315       0.471510       0.476323       0.479995       0.481899       0.482114       0.481121       0.479565       0.478054       0.477016       0.476656       0.476982       0.477882       0.479197       0.480768       0.482459       0.484170       0.485832       0.487401       0.488851       0.490172       0.491362       0.492425       0.493368       0.494201       0.494934       0.495576       0.496139       0.496630       0.497059       0.497433       0.497759       0.498042       0.498288       0.498503       0.498689       0.498851       0.498992       0.499114       0.499221       0.499313       0.499394       0.499464       0.499525       0.499579       0.499625       0.499666       0.499701       0.499732       0.499759       0.499783       0.499804       0.499822       0.499838       0.499853       0.499865       0.499877       0.499886       0.499895       0.499903       0.499910       0.499916       0.499922       0.499927       0.499931       0.499935       0.499939       0.499942       0.499945       0.499947       0.499950       0.499952       0.499953       0.499955       0.499956       0.499957       0.499958       0.499958       0.499958       0.499958       0.499958       0.499958       0.499958       0.499957       0.499956       0.499955       0.499953       0.499952       0.499950       0.499947       0.499945       0.499942       0.499939       0.499935       0.499931       0.499927       0.499922       0.499916       0.499910       0.499903       0.499895       0.499886       0.499877       0.499865       0.499853       0.499838       0.499822       0.499804       0.499783       0.499759       0.499732       0.499701       0.499666       0.499625       0.499579       0.499525       0.499464       0.499394       0.499313       0.499221       0.499114       0.498992       0.498851       0.498689       0.498503       0.498288       0.498042       0.497759       0.497433       0.497059       0.496630       0.496139       0.495576       0.494934       0.494201       0.493368       0.492425       0.491362       0.490172       0.488851       0.487401       0.485832       0.484170       0.482459       0.480768       0.479197       0.477882       0.476982       0.476656       0.477016       0.478054       0.479565       0.481121       0.482114       0.481899       0.479995       0.476323       0.471510       0.467315       0.467315
       0.467315       0.467315       0.471510       0.476323       0.479995       0.481899       0.482114       0.481121       0.479566       0.478055       0.477017       0.476657       0.476983       0.477884       0.479200       0.480771       0.482462       0.484174       0.485837       0.487406       0.488856       0.490178       0.491368       0.492431       0.493375       0.494208       0.494941       0.495584       0.496147       0.496639       0.497068       0.497442       0.497768       0.498051       0.498298       0.498512       0.498699       0.498861       0.499002       0.499125       0.499231       0.499324       0.499404       0.499474       0.499535       0.499589       0.499635       0.499675       0.499711       0.499742       0.499769       0.499792       0.499813       0.499831       0.499847       0.499861       0.499873       0.499884       0.499894       0.499903       0.499910       0.499917       0.499923       0.499928       0.499933       0.499938       0.499941       0.499945       0.499948       0.499950       0.499953       0.499955       0.499957       0.499958       0.499959       0.499961       0.499961       0.499962       0.499963       0.499963       0.499963       0.499963       0.499963       0.499962       0.499961       0.499961       0.499959       0.499958       0.499957       0.499955       0.499953       0.499950       0.499948       0.499945       0.499941       0.499938       0.499933       0.499928       0.499923       0.499917       0.499910       0.499903       0.499894       0.499884       0.499873       0.499861       0.499847       0.499831       0.499813       0.499792       0.499769       0.499742       0.499711       0.499675       0.499635       0.499589       0.499535       0.499474       0.499404       0.499324       0.499231       0.499125       0.499002       0.498861       0.498699       0.498512       0.498298       0.498051       0.497768       0.497442       0.497068       0.496639       0.496147       0.495584       0.494941       0.494208       0.493375       0.492431       0.491368       0.490178       0.488856       0.487406       0.485837       0.484174       0.482462       0.480771       0.479200       0.477884       0.476983       0.476657       0.477017       0.478055       0.479566       0.481121       0.482114       0.481899       0.479995       0.476323       0.471510       0.467315       0.467315
       0.467315       0.467315       0.471510       0.476323       0.479995       0.481900       0.482115       0.481122       0.479566       0.478055       0.477018       0.476658       0.476985       0.477886       0.479202       0.480773       0.482465       0.484178       0.485840       0.487410       0.488861       0.490183       0.491373       0.492437       0.493381       0.494215       0.494948       0.495591       0.496155       0.496647       0.497076       0.497450       0.497776       0.498060       0.498306       0.498521       0.498708       0.498870       0.499011       0.499133       0.499240       0.499333       0.499413       0.499483       0.499544       0.499597       0.499644       0.499684       0.499719       0.499750       0.499777       0.499800       0.499821       0.499839       0.499854       0.499868       0.499881       0.499891       0.499901       0.499909       0.499917       0.499923       0.499929       0.499934       0.499939       0.499943       0.499946       0.499950       0.499953       0.499955       0.499957       0.499959       0.499961       0.499962       0.499964       0.499965       0.499965       0.499966       0.499967       0.499967       0.499967       0.499967       0.499967       0.499966       0.499965       0.499965       0.499964       0.499962       0.499961       0.499959       0.499957       0.499955       0.499953       0.499950       0.499946       0.499943       0.499939       0.499934       0.499929       0.499923       0.499917       0.499909       0.499901       0.499891       0.499881       0.499868       0.499854       0.499839       0.499821       0.499800       0.499777       0.499750       0.499719       0.499684       0.499644       0.499597       0.499544       0.499483       0.499413       0.499333       0.499240       0.499133       0.499011       0.498870       0.498708       0.498521       0.498306       0.498060       0.497776       0.497450       0.497076       0.496647       0.496155       0.495591       0.494948       0.494215       0.493381       0.492437       0.491373       0.490183       0.488861       0.487410       0.485840       0.484178       0.482465       0.480773       0.479202       0.477886       0.476985       0.476658       0.477018       0.478055       0.479566       0.481122       0.482115       0.481900       0.479995       0.476323       0.471510       0.467315       0.467315
       0.467315       0.467315       0.471510       0.476323       0.479995       0.481900       0.482115       0.481122       0.479567       0.478056       0.477019       0.476660       0.476986       0.477888       0.479204       0.480775       0.482468       0.484180       0.485844       0.487413       0.488865       0.490187       0.491378       0.492442       0.493386       0.494220       0.494954       0.495597       0.496161       0.496653       0.497083       0.497457       0.497783       0.498067       0.498314       0.498528       0.498715       0.498877       0.499018       0.499141       0.499248       0.499340       0.499421       0.499491       0.499552       0.499605       0.499651       0.499691       0.499726       0.499757       0.499784       0.499807       0.499827       0.499845       0.499861       0.499875       0.499887       0.499897       0.499907       0.499915       0.499922       0.499928       0.499934       0.499939       0.499944       0.499948       0.499951       0.499954       0.499957       0.499959       0.499961       0.499963       0.499965       0.499966       0.499967       0.499968       0.499969       0.499970       0.499970       0.499970       0.499970       0.499970       0.499970       0.499970       0.499969       0.499968       0.499967       0.499966       0.499965       0.499963       0.499961       0.499959       0.499957       0.499954       0.499951       0.499948       0.499944       0.499939       0.499934       0.499928       0.499922       0.499915       0.499907       0.499897       0.499887       0.499875       0.499861       0.499845       0.499827       0.499807       0.499784       0.499757       0.499726       0.499691       0.499651       0.499605       0.499552       0.499491       0.499421       0.499340       0.499248       0.499141       0.499018       0.498877       0.498715       0.498528       0.498314       0.498067       0.497783       0.497457       0.497083       0.496653       0.496161       0.495597       0.494954       0.494220       0.493386       0.492442       0.491378       0.490187       0.488865       0.487413       0.485844       0.484180       0.482468       0.480775       0.479204       0.477888       0.476986       0.476660       0.477019       0.478056       0.479567       0.481122       0.482115       0.481900       0.479995       0.476323       0.471510       0.467315       0.467315
       0.467315       0.467315       0.471510       0.476323       0.479995       0.481900       0.482115       0.481122       0.479567       0.478056       0.477020       0.476660       0.476987       0.477889       0.479206       0.480777       0.482470       0.484183       0.485846       0.487416       0.488868       0.490191       0.491382       0.492446       0.493391       0.494225       0.494959       0.495603       0.496166       0.496659       0.497088       0.497463       0.497789       0.498073       0.498320       0.498535       0.498722       0.498884       0.499025       0.499148       0.499254       0.499347       0.499427       0.499497       0.499558       0.499611       0.499657       0.499698       0.499733       0.499763       0.499790       0.499813       0.499833       0.499851       0.499866       0.499880       0.499892       0.499902       0.499912       0.499920       0.499927       0.499933       0.499939       0.499943       0.499948       0.499952       0.499955       0.499958       0.499961       0.499963       0.499965       0.499967       0.499968       0.499969       0.499971       0.499971       0.499972       0.499973       0.499973       0.499973       0.499973       0.499973       0.499973       0.499973       0.499972       0.499971       0.499971       0.499969       0.499968       0.499967       0.499965       0.499963       0.499961       0.499958       0.499955       0.499952       0.499948       0.499943       0.499939       0.499933       0.499927       0.499920       0.499912       0.499902       0.499892       0.499880       0.499866       0.499851       0.499833       0.499813       0.499790       0.499763       0.499733       0.499698       0.499657       0.499611       0.499558       0.499497       0.499427       0.499347       0.499254       0.499148       0.499025       0.498884       0.498722       0.498535       0.498320       0.498073       0.497789       0.497463       0.497088       0.496659       0.496166       0.495603       0.494959       0.494225       0.493391       0.492446       0.491382       0.490191       0.488868       0.487416       0.485846       0.484183       0.482470       0.480777       0.479206       0.477889       0.476987       0.476660       0.477020       0.478056       0.479567       0.481122       0.482115       0.481900       0.479995       0.476323       0.471510       0.467315       0.467315
       0.467315       0.467315       0.471510       0.476323       0.479995       0.481900       0.482115       0.481122       0.479567       0.478057       0.477020       0.476661       0.476988       0.477890       0.479207       0.480779       0.482472       0.484185       0.485849       0.487419       0.488871       0.490194       0.491385       0.492450       0.493394       0.494229       0.494963       0.495607       0.496171       0.496663       0.497093       0.497468       0.497794       0.498078       0.498325       0.498540       0.498727       0.498889       0.499031       0.499153       0.499260       0.499352       0.499433       0.499503       0.499564       0.499617       0.499663       0.499703       0.499738       0.499768       0.499795       0.499818       0.499838       0.499856       0.499871       0.499885       0.499896       0.499907       0.499916       0.499924       0.499931       0.499937       0.499942       0.499947       0.499951       0.499955       0.499958       0.499961       0.499964       0.499966       0.499968       0.499970       0.499971       0.499972       0.499973       0.499974       0.499975       0.499975       0.499976       0.499976       0.499976       0.499976       0.499976       0.499975       0.499975       0.499974       0.499973       0.499972       0.499971       0.499970       0.499968       0.499966       0.499964       0.499961       0.499958       0.499955       0.499951       0.499947       0.499942       0.499937       0.499931       0.499924       0.499916       0.499907       0.499896       0.499885       0.499871       0.499856       0.499838       0.499818       0.499795       0.499768       0.499738       0.499703       0.499663       0.499617       0.499564       0.499503       0.499433       0.499352       0.499260       0.499153       0.499031       0.498889       0.498727       0.498540       0.498325       0.498078       0.497794       0.497468       0.497093       0.496663       0.496171       0.495607       0.494963       0.494229       0.493394       0.492450       0.491385       0.490194       0.488871       0.487419       0.485849       0.484185       0.482472       0.480779       0.479207       0.477890       0.476988       0.476661       0.477020       0.478057       0.479567       0.481122       0.482115       0.481900       0.479995       0.476323       0.471510       0.467315       0.467315
       0.467315       0.467315       0.471510       0.476323       0.479995       0.481900       0.482115       0.481123       0.479568       0.478057       0.477021       0.476662       0.476989       0.477891       0.479208       0.480780       0.482474       0.484187       0.485851       0.487421       0.488874       0.490197       0.491388       0.492453       0.493398       0.494232       0.494967       0.495611       0.496175       0.496668       0.497097       0.497472       0.497799       0.498083       0.498330       0.498545       0.498732       0.498894       0.499035       0.499158       0.499265       0.499357       0.499438       0.499508       0.499569       0.499622       0.499668       0.499708       0.499743       0.499773       0.499799       0.499822       0.499843       0.499860       0.499875       0.499889       0.499900       0.499911       0.499920       0.499928       0.499934       0.499940       0.499946       0.499950       0.499955       0.499958       0.499961       0.499964       0.499967       0.499969       0.499971       0.499972       0.499974       0.499975       0.499976       0.499977       0.499977       0.499978       0.499978       0.499978       0.499978       0.499978       0.499978       0.499978       0.499977       0.499977       0.499976       0.499975       0.499974       0.499972       0.499971       0.499969       0.499967       0.499964       0.499961       0.499958       0.499955       0.499950       0.499946       0.499940       0.499934       0.499928       0.499920       0.499911       0.499900       0.499889       0.499875       0.499860       0.499843       0.499822       0.499799       0.499773       0.499743       0.499708       0.499668       0.499622       0.499569       0.499508       0.499438       0.499357       0.499265       0.499158       0.499035       0.498894       0.498732       0.498545       0.498330       0.498083       0.497799       0.497472       0.497097       0.496668       0.496175       0.495611       0.494967       0.494232       0.493398       0.492453       0.491388       0.490197       0.488874       0.487421       0.485851       0.484187       0.482474       0.480780       0.479208       0.477891       0.476989       0.476662       0.477021       0.478057       0.479568       0.481123       0.482115       0.481900       0.479995       0.476323       0.471510       0.467315       0.467315
       0.467315       0.467315       0.471510       0.476323       0.479995       0.481900       0.482115       0.481123       0.479568       0.478058       0.477021       0.476662       0.476990       0.477892       0.479209       0.480782       0.482475       0.484189       0.485853       0.487423       0.488876       0.490199       0.491391       0.492456       0.493401       0.494235       0.494970       0.495614       0.496178       0.496671       0.497101       0.497476       0.497803       0.498087       0.498334       0.498549       0.498736       0.498898       0.499040       0.499162       0.499269       0.499362       0.499442       0.499512       0.499573       0.499626       0.499672       0.499712       0.499747       0.499777       0.499803       0.499826       0.499846       0.499864       0.499879       0.499892       0.499904       0.499914       0.499923       0.499931       0.499938       0.499943       0.499949       0.499953       0.499957       0.499961       0.499964       0.499967       0.499969       0.499971       0.499973       0.499975       0.499976       0.499977       0.499978       0.499979       0.499979       0.499980       0.499980       0.499980       0.499981       0.499980       0.499980       0.499980       0.499979       0.499979       0.499978       0.499977       0.499976       0.499975       0.499973       0.499971       0.499969       0.499967       0.499964       0.499961       0.499957       0.499953       0.499949       0.499943       0.499938       0.499931       0.499923       0.499914       0.499904       0.499892       0.499879       0.499864       0.499846       0.499826       0.499803       0.499777       0.499747       0.499712       0.499672       0.499626       0.499573       0.499512       0.499442       0.499362       0.499269       0.499162       0.499040       0.498898       0.498736       0.498549       0.498334       0.498087       0.497803       0.497476       0.497101       0.496671       0.496178       0.495614       0.494970       0.494235       0.493401       0.492456       0.491391       0.490199       0.488876       0.487423       0.485853       0.484189       0.482475       0.480782       0.479209       0.477892       0.476990       0.476662       0.477021       0.478058       0.479568       0.481123       0.482115       0.481900       0.479995       0.476323       0.471510       0.467315       0.467315
       0.467315       0.467315       0.471510       0.476323       0.479995       0.481900       0.482115       0.481123       0.479568       0.478058       0.477022       0.476663       0.476990       0.477893       0.479210       0.480783       0.482476       0.484190       0.485854       0.487425       0.488878       0.490201       0.491393       0.492458       0.493403       0.494238       0.494973       0.495617       0.496181       0.496674       0.497104       0.497479       0.497806       0.498090       0.498337       0.498553       0.498740       0.498902       0.499043       0.499166       0.499273       0.499365       0.499446       0.499516       0.499577       0.499629       0.499675       0.499715       0.499750       0.499780       0.499807       0.499830       0.499850       0.499867       0.499882       0.499895       0.499907       0.499917       0.499926       0.499933       0.499940       0.499946       0.499951       0.499956       0.499960       0.499963       0.499966       0.499969       0.499971       0.499973       0.499975       0.499977       0.499978       0.499979       0.499980       0.499981       0.499981       0.499982       0.499982       0.499982       0.499982       0.499982       0.499982       0.499982       0.499981       0.499981       0.499980       0.499979       0.499978       0.499977       0.499975       0.499973       0.499971       0.499969       0.499966       0.499963       0.499960       0.499956       0.499951       0.499946       0.499940       0.499933       0.499926       0.499917       0.499907       0.499895       0.499882       0.499867       0.499850       0.499830       0.499807       0.499780       0.499750       0.499715       0.499675       0.499629       0.499577       0.499516       0.499446       0.499365       0.499273       0.499166       0.499043       0.498902       0.498740       0.498553       0.498337       0.498090       0.497806       0.497479       0.497104       0.496674       0.496181       0.495617       0.494973       0.494238       0.493403       0.492458       0.491393       0.490201       0.488878       0.487425       0.485854       0.484190       0.482476       0.480783       0.479210       0.477893       0.476990       0.476663       0.477022       0.478058       0.479568       0.481123       0.482115       0.481900       0.479995       0.476323       0.471510       0.467315       0.467315
       0.467315       0.467315       0.471510       0.476323       0.479995       0.481900       0.482115       0.481123       0.479568       0.478058       0.477022       0.476663       0.476991       0.477894       0.479211       0.480784       0.482477       0.484191       0.485856       0.487427       0.488879       0.490203       0.491395       0.492460       0.493405       0.494240       0.494975       0.495619       0.496184       0.496677       0.497107       0.497482       0.497809       0.498093       0.498340       0.498556       0.498743       0.498905       0.499046       0.499169       0.499276       0.499368       0.499449       0.499519       0.499580       0.499633       0.499678       0.499718       0.499753       0.499783       0.499810       0.499832       0.499852       0.499870       0.499885       0.499898       0.499909       0.499920       0.499928       0.499936       0.499943       0.499948       0.499954       0.499958       0.499962       0.499965       0.499968       0.499971       0.499973       0.499975       0.499977       0.499978       0.499980       0.499981       0.499982       0.499982       0.499983       0.499983       0.499984       0.499984       0.499984       0.499984       0.499984       0.499983       0.499983       0.499982       0.499982       0.499981       0.499980       0.499978       0.499977       0.499975       0.499973       0.499971       0.499968       0.499965       0.499962       0.499958       0.499954       0.499948       0.499943       0.499936       0.499928       0.499920       0.499909       0.499898       0.499885       0.499870       0.499852       0.499832       0.499810       0.499783       0.499753       0.499718       0.499678       0.499633       0.499580       0.499519       0.499449       0.499368       0.499276       0.499169       0.499046       0.498905       0.498743       0.498556       0.498340       0.498093       0.497809       0.497482       0.497107       0.496677       0.496184       0.495619       0.494975       0.494240       0.493405       0.492460       0.491395       0.490203       0.488879       0.487427       0.485856       0.484191       0.482477       0.480784       0.479211       0.477894       0.476991       0.476663       0.477022       0.478058       0.479568       0.481123       0.482115       0.481900       0.479995       0.476323       0.471510       0.467315       0.467315
       0.467314       0.467314       0.471510       0.476323       0.479995       0.481900       0.482115       0.481123       0.479568       0.478058       0.477022       0.476664       0.476991       0.477894       0.479212       0.480784       0.482478       0.484192       0.485857       0.487428       0.488881       0.490204       0.491397       0.492462       0.493407       0.494242       0.494977       0.495622       0.496186       0.496679       0.497109       0.497485       0.497811       0.498096       0.498343       0.498558       0.498745       0.498908       0.499049       0.499172       0.499279       0.499371       0.499452       0.499522       0.499582       0.499635       0.499681       0.499721       0.499756       0.499786       0.499812       0.499835       0.499855       0.499872       0.499887       0.499900       0.499912       0.499922       0.499930       0.499938       0.499945       0.499950       0.499955       0.499960       0.499964       0.499967       0.499970       0.499973       0.499975       0.499977       0.499978       0.499980       0.499981       0.499982       0.499983       0.499984       0.499984       0.499985       0.499985       0.499985       0.499985       0.499985       0.499985       0.499985       0.499984       0.499984       0.499983       0.499982       0.499981       0.499980       0.499978       0.499977       0.499975       0.499973       0.499970       0.499967       0.499964       0.499960       0.499955       0.499950       0.499945       0.499938       0.499930       0.499922       0.499912       0.499900       0.499887       0.499872       0.499855       0.499835       0.499812       0.499786       0.499756       0.499721       0.499681       0.499635       0.499582       0.499522       0.499452       0.499371       0.499279       0.499172       0.499049       0.498908       0.498745       0.498558       0.498343       0.498096       0.497811       0.497485       0.497109       0.496679       0.496186       0.495622       0.494977       0.494242       0.493407       0.492462       0.491397       0.490204       0.488881       0.487428       0.485857       0.484192       0.482478       0.480784       0.479212       0.477894       0.476991       0.476664       0.477022       0.478058       0.479568       0.481123       0.482115       0.481900       0.479995       0.476323       0.471510       0.467314       0.467314
       0.467314       0.467314       0.471509       0.476322       0.479995       0.481900       0.482115       0.481123       0.479569       0.478058       0.477023       0.476664       0.476992       0.477895       0.479212       0.480785       0.482479       0.484193       0.485858       0.487429       0.488882       0.490206       0.491398       0.492463       0.493409       0.494244       0.494979       0.495623       0.496188       0.496681       0.497111       0.497487       0.497813       0.498098       0.498345       0.498560       0.498748       0.498910       0.499051       0.499174       0.499281       0.499374       0.499454       0.499524       0.499585       0.499638       0.499683       0.499723       0.499758       0.499788       0.499814       0.499837       0.499857       0.499874       0.499889       0.499902       0.499914       0.499924       0.499932       0.499940       0.499946       0.499952       0.499957       0.499961       0.499965       0.499969       0.499972       0.499974       0.499976       0.499978       0.499980       0.499981       0.499982       0.499983       0.499984       0.499985       0.499986       0.499986       0.499986       0.499986       0.499987       0.499986       0.499986       0.499986       0.499986       0.499985       0.499984       0.499983       0.499982       0.499981       0.499980       0.499978       0.499976       0.499974       0.499972       0.499969       0.499965       0.499961       0.499957       0.499952       0.499946       0.499940       0.499932       0.499924       0.499914       0.499902       0.499889       0.499874       0.499857       0.499837       0.499814       0.499788       0.499758       0.499723       0.499683       0.499638       0.499585       0.499524       0.499454       0.499374       0.499281       0.499174       0.499051       0.498910       0.498748       0.498560       0.498345       0.498098       0.497813       0.497487       0.497111       0.496681       0.496188       0.495623       0.494979       0.494244       0.493409       0.492463       0.491398       0.490206       0.488882       0.487429       0.485858       0.484193       0.482479       0.480785       0.479212       0.477895       0.476992       0.476664       0.477023       0.478058       0.479569       0.481123       0.482115       0.481900       0.479995       0.476322       0.471509       0.467314       0.467314
       0.467314       0.467314       0.471509       0.476322       0.479995       0.481900       0.482115       0.481123       0.479569       0.478059       0.477023       0.476664       0.476992       0.477895       0.479213       0.480786       0.482480       0.484194       0.485859       0.487430       0.488883       0.490207       0.491399       0.492464       0.493410       0.494245       0.494980       0.495625       0.496189       0.496683       0.497113       0.497488       0.497815       0.498100       0.498347       0.498562       0.498749       0.498912       0.499053       0.499176       0.499283       0.499376       0.499456       0.499526       0.499587       0.499640       0.499685       0.499725       0.499760       0.499790       0.499816       0.499839       0.499859       0.499876       0.499891       0.499904       0.499915       0.499925       0.499934       0.499941       0.499948       0.499954       0.499959       0.499963       0.499967       0.499970       0.499973       0.499975       0.499977       0.499979       0.499981       0.499982       0.499984       0.499985       0.499985       0.499986       0.499987       0.499987       0.499987       0.499988       0.499988       0.499988       0.499987       0.499987       0.499987       0.499986       0.499985       0.499985       0.499984       0.499982       0.499981       0.499979       0.499977       0.499975       0.499973       0.499970       0.499967       0.499963       0.499959       0.499954       0.499948       0.499941       0.499934       0.499925       0.499915       0.499904       0.499891       0.499876       0.499859       0.499839       0.499816       0.499790       0.499760       0.499725       0.499685       0.499640       0.499587       0.499526       0.499456       0.499376       0.499283       0.499176       0.499053       0.498912       0.498749       0.498562       0.498347       0.498100       0.497815       0.497488       0.497113       0.496683       0.496189       0.495625       0.494980       0.494245       0.493410       0.492464       0.491399       0.490207       0.488883       0.487430       0.485859       0.484194       0.482480       0.480786       0.479213       0.477895       0.476992       0.476664       0.477023       0.478059       0.479569       0.481123       0.482115       0.481900       0.479995       0.476322       0.471509       0.467314       0.467314
       0.467314       0.467314       0.471509       0.476322       0.479995       0.481900       0.482115       0.481123       0.479569       0.478059       0.477023       0.476664       0.476992       0.477895       0.479213       0.480786       0.482480       0.484194       0.485859       0.487431       0.488884       0.490208       0.491400       0.492466       0.493411       0.494246       0.494981       0.495626       0.496191       0.496684       0.497115       0.497490       0.497817       0.498101       0.498349       0.498564       0.498751       0.498914       0.499055       0.499178       0.499285       0.499377       0.499458       0.499528       0.499589       0.499641       0.499687       0.499727       0.499762       0.499792       0.499818       0.499841       0.499860       0.499878       0.499893       0.499906       0.499917       0.499927       0.499935       0.499943       0.499949       0.499955       0.499960       0.499964       0.499968       0.499971       0.499974       0.499976       0.499979       0.499980       0.499982       0.499983       0.499985       0.499986       0.499986       0.499987       0.499988       0.499988       0.499988       0.499988       0.499989       0.499988       0.499988       0.499988       0.499988       0.499987       0.499986       0.499986       0.499985       0.499983       0.499982       0.499980       0.499979       0.499976       0.499974       0.499971       0.499968       0.499964       0.499960       0.499955       0.499949       0.499943       0.499935       0.499927       0.499917       0.499906       0.499893       0.499878       0.499860       0.499841       0.499818       0.499792       0.499762       0.499727       0.499687       0.499641       0.499589       0.499528       0.499458       0.499377       0.499285       0.499178       0.499055       0.498914       0.498751       0.498564       0.498349       0.498101       0.497817       0.497490       0.497115       0.496684       0.496191       0.495626       0.494981       0.494246       0.493411       0.492466       0.491400       0.490208       0.488884       0.487431       0.485859       0.484194       0.482480       0.480786       0.479213       0.477895       0.476992       0.476664       0.477023       0.478059       0.479569       0.481123       0.482115       0.481900       0.479995       0.476322       0.471509       0.467314       0.467314
       0.467314       0.467314       0.471509       0.476322       0.479995       0.481900       0.482115       0.481123       0.479569       0.478059       0.477023       0.476665       0.476993       0.477896       0.479214       0.480787       0.482481       0.484195       0.485860       0.487431       0.488885       0.490208       0.491401       0.492466       0.493412       0.494248       0.494983       0.495627       0.496192       0.496685       0.497116       0.497491       0.497818       0.498103       0.498350       0.498565       0.498753       0.498915       0.499057       0.499179       0.499286       0.499379       0.499459       0.499529       0.499590       0.499643       0.499689       0.499728       0.499763       0.499793       0.499819       0.499842       0.499862       0.499879       0.499894       0.499907       0.499918       0.499928       0.499936       0.499944       0.499950       0.499956       0.499961       0.499965       0.499969       0.499972       0.499975       0.499977       0.499980       0.499981       0.499983       0.499984       0.499985       0.499986       0.499987       0.499988       0.499988       0.499989       0.499989       0.499989       0.499989       0.499989       0.499989       0.499989       0.499988       0.499988       0.499987       0.499986       0.499985       0.499984       0.499983       0.499981       0.499980       0.499977       0.499975       0.499972       0.499969       0.499965       0.499961       0.499956       0.499950       0.499944       0.499936       0.499928       0.499918       0.499907       0.499894       0.499879       0.499862       0.499842       0.499819       0.499793       0.499763       0.499728       0.499689       0.499643       0.499590       0.499529       0.499459       0.499379       0.499286       0.499179       0.499057       0.498915       0.498753       0.498565       0.498350       0.498103       0.497818       0.497491       0.497116       0.496685       0.496192       0.495627       0.494983       0.494248       0.493412       0.492466       0.491401       0.490208       0.488885       0.487431       0.485860       0.484195       0.482481       0.480787       0.479214       0.477896       0.476993       0.476665       0.477023       0.478059       0.479569       0.481123       0.482115       0.481900       0.479995       0.476322       0.471509       0.467314       0.467314
       0.467314       0.467314       0.471509       0.476322       0.479995       0.481900       0.482115       0.481123       0.479569       0.478059       0.477023       0.476665       0.476993       0.477896       0.479214       0.480787       0.482481       0.484196       0.485861       0.487432       0.488885       0.490209       0.491402       0.492467       0.493413       0.494248       0.494984       0.495628       0.496193       0.496687       0.497117       0.497492       0.497819       0.498104       0.498351       0.498567       0.498754       0.498917       0.499058       0.499181       0.499287       0.499380       0.499461       0.499531       0.499591       0.499644       0.499690       0.499730       0.499764       0.499794       0.499821       0.499843       0.499863       0.499880       0.499895       0.499908       0.499919       0.499929       0.499938       0.499945       0.499951       0.499957       0.499962       0.499966       0.499970       0.499973       0.499976       0.499978       0.499980       0.499982       0.499984       0.499985       0.499986       0.499987       0.499988       0.499989       0.499989       0.499990       0.499990       0.499990       0.499990       0.499990       0.499990       0.499990       0.499989       0.499989       0.499988       0.499987       0.499986       0.499985       0.499984       0.499982       0.499980       0.499978       0.499976       0.499973       0.499970       0.499966       0.499962       0.499957       0.499951       0.499945       0.499938       0.499929       0.499919       0.499908       0.499895       0.499880       0.499863       0.499843       0.499821       0.499794       0.499764       0.499730       0.499690       0.499644       0.499591       0.499531       0.499461       0.499380       0.499287       0.499181       0.499058       0.498917       0.498754       0.498567       0.498351       0.498104       0.497819       0.497492       0.497117       0.496687       0.496193       0.495628       0.494984       0.494248       0.493413       0.492467       0.491402       0.490209       0.488885       0.487432       0.485861       0.484196       0.482481       0.480787       0.479214       0.477896       0.476993       0.476665       0.477023       0.478059       0.479569       0.481123       0.482115       0.481900       0.479995       0.476322       0.471509       0.467314       0.467314
       0.467314       0.467314       0.471509       0.476322       0.479995       0.481900       0.482115       0.481123       0.479569       0.478059       0.477023       0.476665       0.476993       0.477896       0.479214       0.480787       0.482481       0.484196       0.485861       0.487433       0.488886       0.490210       0.491403       0.492468       0.493414       0.494249       0.494984       0.495629       0.496194       0.496687       0.497118       0.497493       0.497820       0.498105       0.498353       0.498568       0.498755       0.498918       0.499059       0.499182       0.499289       0.499381       0.499462       0.499532       0.499592       0.499645       0.499691       0.499731       0.499765       0.499795       0.499822       0.499844       0.499864       0.499881       0.499896       0.499909       0.499920       0.499930       0.499938       0.499946       0.499952       0.499958       0.499963       0.499967       0.499971       0.499974       0.499977       0.499979       0.499981       0.499983       0.499984       0.499986       0.499987       0.499988       0.499989       0.499989       0.499990       0.499990       0.499990       0.499991       0.499991       0.499991       0.499990       0.499990       0.499990       0.499989       0.499989       0.499988       0.499987       0.499986       0.499984       0.499983       0.499981       0.499979       0.499977       0.499974       0.499971       0.499967       0.499963       0.499958       0.499952       0.499946       0.499938       0.499930       0.499920       0.499909       0.499896       0.499881       0.499864       0.499844       0.499822       0.499795       0.499765       0.499731       0.499691       0.499645       0.499592       0.499532       0.499462       0.499381       0.499289       0.499182       0.499059       0.498918       0.498755       0.498568       0.498353       0.498105       0.497820       0.497493       0.497118       0.496687       0.496194       0.495629       0.494984       0.494249       0.493414       0.492468       0.491403       0.490210       0.488886       0.487433       0.485861       0.484196       0.482481       0.480787       0.479214       0.477896       0.476993       0.476665       0.477023       0.478059       0.479569       0.481123       0.482115       0.481900       0.479995       0.476322       0.471509       0.467314       0.467314
       0.467314       0.467314       0.471509       0.476322       0.479995       0.481900       0.482115       0.481123       0.479569       0.478059       0.477023       0.476665       0.476993       0.477896       0.479214       0.480788       0.482482       0.484196       0.485861       0.487433       0.488886       0.490210       0.491403       0.492469       0.493414       0.494250       0.494985       0.495630       0.496195       0.496688       0.497119       0.497494       0.497821       0.498106       0.498353       0.498569       0.498756       0.498919       0.499060       0.499183       0.499289       0.499382       0.499463       0.499533       0.499593       0.499646       0.499692       0.499732       0.499766       0.499796       0.499822       0.499845       0.499865       0.499882       0.499897       0.499910       0.499921       0.499931       0.499939       0.499947       0.499953       0.499959       0.499963       0.499968       0.499971       0.499975       0.499977       0.499980       0.499982       0.499984       0.499985       0.499986       0.499987       0.499988       0.499989       0.499990       0.499990       0.499991       0.499991       0.499991       0.499991       0.499991       0.499991       0.499991       0.499990       0.499990       0.499989       0.499988       0.499987       0.499986       0.499985       0.499984       0.499982       0.499980       0.499977       0.499975       0.499971       0.499968       0.499963       0.499959       0.499953       0.499947       0.499939       0.499931       0.499921       0.499910       0.499897       0.499882       0.499865       0.499845       0.499822       0.499796       0.499766       0.499732       0.499692       0.499646       0.499593       0.499533       0.499463       0.499382       0.499289       0.499183       0.499060       0.498919       0.498756       0.498569       0.498353       0.498106       0.497821       0.497494       0.497119       0.496688       0.496195       0.495630       0.494985       0.494250       0.493414       0.492469       0.491403       0.490210       0.488886       0.487433       0.485861       0.484196       0.482482       0.480788       0.479214       0.477896       0.476993       0.476665       0.477023       0.478059       0.479569       0.481123       0.482115       0.481900       0.479995       0.476322       0.471509       0.467314       0.467314
       0.467314       0.467314       0.471509       0.476322       0.479995       0.481900       0.482115       0.481123       0.479569       0.478059       0.477023       0.476665       0.476993       0.477897       0.479215       0.480788       0.482482       0.484197       0.485862       0.487433       0.488887       0.490211       0.491404       0.492469       0.493415       0.494250       0.494986       0.495631       0.496195       0.496689       0.497120       0.497495       0.497822       0.498107       0.498354       0.498570       0.498757       0.498919       0.499061       0.499184       0.499290       0.499383       0.499464       0.499533       0.499594       0.499647       0.499693       0.499733       0.499767       0.499797       0.499823       0.499846       0.499866       0.499883       0.499898       0.499910       0.499922       0.499931       0.499940       0.499947       0.499954       0.499959       0.499964       0.499968       0.499972       0.499975       0.499978       0.499980       0.499982       0.499984       0.499986       0.499987       0.499988       0.499989       0.499990       0.499990       0.499991       0.499991       0.499991       0.499992       0.499992       0.499992       0.499991       0.499991       0.499991       0.499990       0.499990       0.499989       0.499988       0.499987       0.499986       0.499984       0.499982       0.499980       0.499978       0.499975       0.499972       0.499968       0.499964       0.499959       0.499954       0.499947       0.499940       0.499931       0.499922       0.499910       0.499898       0.499883       0.499866       0.499846       0.499823       0.499797       0.499767       0.499733       0.499693       0.499647       0.499594       0.499533       0.499464       0.499383       0.499290       0.499184       0.499061       0.498919       0.498757       0.498570       0.498354       0.498107       0.497822       0.497495       0.497120       0.496689       0.496195       0.495631       0.494986       0.494250       0.493415       0.492469       0.491404       0.490211       0.488887       0.487433       0.485862       0.484197       0.482482       0.480788       0.479215       0.477897       0.476993       0.476665       0.477023       0.478059       0.479569       0.481123       0.482115       0.481900       0.479995       0.476322       0.471509       0.467314       0.467314
       0.467314       0.467314       0.471509       0.476322       0.479995       0.481900       0.482115       0.481123       0.479569       0.478059       0.477023       0.476665       0.476993       0.477897       0.479215       0.480788       0.482482       0.484197       0.485862       0.487434       0.488887       0.490211       0.491404       0.492470       0.493415       0.494251       0.494986       0.495631       0.496196       0.496690       0.497120       0.497496       0.497823       0.498107       0.498355       0.498570       0.498757       0.498920       0.499061       0.499184       0.499291       0.499384       0.499464       0.499534       0.499595       0.499648       0.499693       0.499733       0.499768       0.499798       0.499824       0.499847       0.499866       0.499883       0.499898       0.499911       0.499922       0.499932       0.499941       0.499948       0.499954       0.499960       0.499965       0.499969       0.499972       0.499976       0.499978       0.499981       0.499983       0.499985       0.499986       0.499987       0.499988       0.499989       0.499990       0.499991       0.499991       0.499992       0.499992       0.499992       0.499992       0.499992       0.499992       0.499992       0.499991       0.499991       0.499990       0.499989       0.499988       0.499987       0.499986       0.499985       0.499983       0.499981       0.499978       0.499976       0.499972       0.499969       0.499965       0.499960       0.499954       0.499948       0.499941       0.499932       0.499922       0.499911       0.499898       0.499883       0.499866       0.499847       0.499824       0.499798       0.499768       0.499733       0.499693       0.499648       0.499595       0.499534       0.499464       0.499384       0.499291       0.499184       0.499061       0.498920       0.498757       0.498570       0.498355       0.498107       0.497823       0.497496       0.497120       0.496690       0.496196       0.495631       0.494986       0.494251       0.493415       0.492470       0.491404       0.490211       0.488887       0.487434       0.485862       0.484197       0.482482       0.480788       0.479215       0.477897       0.476993       0.476665       0.477023       0.478059       0.479569       0.481123       0.482115       0.481900       0.479995       0.476322       0.471509       0.467314       0.467314
       0.467314       0.467314       0.471509       0.476322       0.479995       0.481900       0.482115       0.481123       0.479569       0.478059       0.477023       0.476665       0.476994       0.477897       0.479215       0.480788       0.482482       0.484197       0.485862       0.487434       0.488887       0.490211       0.491404       0.492470       0.493416       0.494251       0.494987       0.495632       0.496197       0.496690       0.497121       0.497496       0.497823       0.498108       0.498355       0.498571       0.498758       0.498921       0.499062       0.499185       0.499292       0.499384       0.499465       0.499535       0.499596       0.499648       0.499694       0.499734       0.499768       0.499798       0.499825       0.499847       0.499867       0.499884       0.499899       0.499912       0.499923       0.499933       0.499941       0.499948       0.499955       0.499960       0.499965       0.499969       0.499973       0.499976       0.499979       0.499981       0.499983       0.499985       0.499986       0.499988       0.499989       0.499990       0.499991       0.499991       0.499992       0.499992       0.499992       0.499992       0.499992       0.499992       0.499992       0.499992       0.499992       0.499991       0.499991       0.499990       0.499989       0.499988       0.499986       0.499985       0.499983       0.499981       0.499979       0.499976       0.499973       0.499969       0.499965       0.499960       0.499955       0.499948       0.499941       0.499933       0.499923       0.499912       0.499899       0.499884       0.499867       0.499847       0.499825       0.499798       0.499768       0.499734       0.499694       0.499648       0.499596       0.499535       0.499465       0.499384       0.499292       0.499185       0.499062       0.498921       0.498758       0.498571       0.498355       0.498108       0.497823       0.497496       0.497121       0.496690       0.496197       0.495632       0.494987       0.494251       0.493416       0.492470       0.491404       0.490211       0.488887       0.487434       0.485862       0.484197       0.482482       0.480788       0.479215       0.477897       0.476994       0.476665       0.477023       0.478059       0.479569       0.481123       0.482115       0.481900       0.479995       0.476322       0.471509       0.467314       0.467314
       0.467314       0.467314       0.471509       0.476322       0.479995       0.481900       0.482115       0.481123       0.479569       0.478059       0.477024       0.476665       0.476994       0.477897       0.479215       0.480788       0.482483       0.484197       0.485862       0.487434       0.488888       0.490212       0.491405       0.492470       0.493416       0.494252       0.494987       0.495632       0.496197       0.496690       0.497121       0.497497       0.497824       0.498108       0.498356       0.498571       0.498759       0.498921       0.499063       0.499185       0.499292       0.499385       0.499465       0.499535       0.499596       0.499649       0.499695       0.499734       0.499769       0.499799       0.499825       0.499848       0.499867       0.499884       0.499899       0.499912       0.499923       0.499933       0.499941       0.499949       0.499955       0.499961       0.499966       0.499970       0.499973       0.499976       0.499979       0.499982       0.499984       0.499985       0.499987       0.499988       0.499989       0.499990       0.499991       0.499991       0.499992       0.499992       0.499993       0.499993       0.499993       0.499993       0.499993       0.499992       0.499992       0.499991       0.499991       0.499990       0.499989       0.499988       0.499987       0.499985       0.499984       0.499982       0.499979       0.499976       0.499973       0.499970       0.499966       0.499961       0.499955       0.499949       0.499941       0.499933       0.499923       0.499912       0.499899       0.499884       0.499867       0.499848       0.499825       0.499799       0.499769       0.499734       0.499695       0.499649       0.499596       0.499535       0.499465       0.499385       0.499292       0.499185       0.499063       0.498921       0.498759       0.498571       0.498356       0.498108       0.497824       0.497497       0.497121       0.496690       0.496197       0.495632       0.494987       0.494252       0.493416       0.492470       0.491405       0.490212       0.488888       0.487434       0.485862       0.484197       0.482483       0.480788       0.479215       0.477897       0.476994       0.476665       0.477024       0.478059       0.479569       0.481123       0.482115       0.481900       0.479995       0.476322       0.471509       0.467314       0.467314
       0.467314       0.467314       0.471509       0.476322       0.479994       0.481900       0.482115       0.481123       0.479569       0.478059       0.477024       0.476665       0.476994       0.477897       0.479215       0.480788       0.482483       0.484197       0.485863       0.487434       0.488888       0.490212       0.491405       0.492471       0.493417       0.494252       0.494987       0.495633       0.496197       0.496691       0.497122       0.497497       0.497824       0.498109       0.498356       0.498572       0.498759       0.498922       0.499063       0.499186       0.499293       0.499385       0.499466       0.499536       0.499597       0.499649       0.499695       0.499735       0.499769       0.499799       0.499825       0.499848       0.499868       0.499885       0.499900       0.499913       0.499924       0.499933       0.499942       0.499949       0.499956       0.499961       0.499966       0.499970       0.499974       0.499977       0.499979       0.499982       0.499984       0.499986       0.499987       0.499988       0.499989       0.499990       0.499991       0.499992       0.499992       0.499993       0.499993       0.499993       0.499993       0.499993       0.499993       0.499993       0.499992       0.499992       0.499991       0.499990       0.499989       0.499988       0.499987       0.499986       0.499984       0.499982       0.499979       0.499977       0.499974       0.499970       0.499966       0.499961       0.499956       0.499949       0.499942       0.499933       0.499924       0.499913       0.499900       0.499885       0.499868       0.499848       0.499825       0.499799       0.499769       0.499735       0.499695       0.499649       0.499597       0.499536       0.499466       0.499385       0.499293       0.499186       0.499063       0.498922       0.498759       0.498572       0.498356       0.498109       0.497824       0.497497       0.497122       0.496691       0.496197       0.495633       0.494987       0.494252       0.493417       0.492471       0.491405       0.490212       0.488888       0.487434       0.485863       0.484197       0.482483       0.480788       0.479215       0.477897       0.476994       0.476665       0.477024       0.478059       0.479569       0.481123       0.482115       0.481900       0.479994       0.476322       0.471509       0.467314       0.467314
       0.467314       0.467314       0.471509       0.476322       0.479994       0.481900       0.482115       0.481123       0.479569       0.478059       0.477024       0.476665       0.476994       0.477897       0.479215       0.480788       0.482483       0.484198       0.485863       0.487435       0.488888       0.490212       0.491405       0.492471       0.493417       0.494252       0.494988       0.495633       0.496198       0.496691       0.497122       0.497497       0.497824       0.498109       0.498357       0.498572       0.498759       0.498922       0.499063       0.499186       0.499293       0.499386       0.499466       0.499536       0.499597       0.499650       0.499695       0.499735       0.499770       0.499800       0.499826       0.499848       0.499868       0.499885       0.499900       0.499913       0.499924       0.499934       0.499942       0.499950       0.499956       0.499961       0.499966       0.499970       0.499974       0.499977       0.499980       0.499982       0.499984       0.499986       0.499987       0.499989       0.499990       0.499991       0.499991       0.499992       0.499992       0.499993       0.499993       0.499993       0.499993       0.499993       0.499993       0.499993       0.499992       0.499992       0.499991       0.499991       0.499990       0.499989       0.499987       0.499986       0.499984       0.499982       0.499980       0.499977       0.499974       0.499970       0.499966       0.499961       0.499956       0.499950       0.499942       0.499934       0.499924       0.499913       0.499900       0.499885       0.499868       0.499848       0.499826       0.499800       0.499770       0.499735       0.499695       0.499650       0.499597       0.499536       0.499466       0.499386       0.499293       0.499186       0.499063       0.498922       0.498759       0.498572       0.498357       0.498109       0.497824       0.497497       0.497122       0.496691       0.496198       0.495633       0.494988       0.494252       0.493417       0.492471       0.491405       0.490212       0.488888       0.487435       0.485863       0.484198       0.482483       0.480788       0.479215       0.477897       0.476994       0.476665       0.477024       0.478059       0.479569       0.481123       0.482115       0.481900       0.479994       0.476322       0.471509       0.467314       0.467314
       0.467314       0.467314       0.471509       0.476322       0.479994       0.481900       0.482115       0.481123       0.479569       0.478059       0.477024       0.476665       0.476994       0.477897       0.479215       0.480789       0.482483       0.484198       0.485863       0.487435       0.488888       0.490212       0.491405       0.492471       0.493417       0.494253       0.494988       0.495633       0.496198       0.496691       0.497122       0.497498       0.497825       0.498109       0.498357       0.498572       0.498760       0.498922       0.499064       0.499187       0.499293       0.499386       0.499467       0.499537       0.499597       0.499650       0.499696       0.499736       0.499770       0.499800       0.499826       0.499849       0.499868       0.499886       0.499900       0.499913       0.499924       0.499934       0.499942       0.499950       0.499956       0.499962       0.499966       0.499971       0.499974       0.499977       0.499980       0.499982       0.499984       0.499986       0.499988       0.499989       0.499990       0.499991       0.499992       0.499992       0.499993       0.499993       0.499993       0.499993       0.499994       0.499993       0.499993       0.499993       0.499993       0.499992       0.499992       0.499991       0.499990       0.499989       0.499988       0.499986       0.499984       0.499982       0.499980       0.499977       0.499974       0.499971       0.499966       0.499962       0.499956       0.499950       0.499942       0.499934       0.499924       0.499913       0.499900       0.499886       0.499868       0.499849       0.499826       0.499800       0.499770       0.499736       0.499696       0.499650       0.499597       0.499537       0.499467       0.499386       0.499293       0.499187       0.499064       0.498922       0.498760       0.498572       0.498357       0.498109       0.497825       0.497498       0.497122       0.496691       0.496198       0.495633       0.494988       0.494253       0.493417       0.492471       0.491405       0.490212       0.488888       0.487435       0.485863       0.484198       0.482483       0.480789       0.479215       0.477897       0.476994       0.476665       0.477024       0.478059       0.479569       0.481123       0.482115       0.481900       0.479994       0.476322       0.471509       0.467314       0.467314
       0.467314       0.467314       0.471509       0.476322       0.479994       0.481900       0.482115       0.481123       0.479569       0.478059       0.477024       0.476665       0.476994       0.477897       0.479215       0.480789       0.482483       0.484198       0.485863       0.487435       0.488888       0.490213       0.491406       0.492471       0.493417       0.494253       0.494988       0.495633       0.496198       0.496692       0.497122       0.497498       0.497825       0.498110       0.498357       0.498573       0.498760       0.498923       0.499064       0.499187       0.499294       0.499386       0.499467       0.499537       0.499598       0.499650       0.499696       0.499736       0.499770       0.499800       0.499826       0.499849       0.499869       0.499886       0.499901       0.499913       0.499925       0.499934       0.499943       0.499950       0.499956       0.499962       0.499967       0.499971       0.499974       0.499978       0.499980       0.499983       0.499985       0.499986       0.499988       0.499989       0.499990       0.499991       0.499992       0.499992       0.499993       0.499993       0.499994       0.499994       0.499994       0.499994       0.499994       0.499993       0.499993       0.499992       0.499992       0.499991       0.499990       0.499989       0.499988       0.499986       0.499985       0.499983       0.499980       0.499978       0.499974       0.499971       0.499967       0.499962       0.499956       0.499950       0.499943       0.499934       0.499925       0.499913       0.499901       0.499886       0.499869       0.499849       0.499826       0.499800       0.499770       0.499736       0.499696       0.499650       0.499598       0.499537       0.499467       0.499386       0.499294       0.499187       0.499064       0.498923       0.498760       0.498573       0.498357       0.498110       0.497825       0.497498       0.497122       0.496692       0.496198       0.495633       0.494988       0.494253       0.493417       0.492471       0.491406       0.490213       0.488888       0.487435       0.485863       0.484198       0.482483       0.480789       0.479215       0.477897       0.476994       0.476665       0.477024       0.478059       0.479569       0.481123       0.482115       0.481900       0.479994       0.476322       0.471509       0.467314       0.467314
       0.467314       0.467314       0.471509       0.476322       0.479994       0.481900       0.482115       0.481123       0.479569       0.478059       0.477024       0.476665       0.476994       0.477897       0.479215       0.480789       0.482483       0.484198       0.485863       0.487435       0.488889       0.490213       0.491406       0.492471       0.493417       0.494253       0.494988       0.495633       0.496198       0.496692       0.497123       0.497498       0.497825       0.498110       0.498358       0.498573       0.498760       0.498923       0.499064       0.499187       0.499294       0.499387       0.499467       0.499537       0.499598       0.499651       0.499696       0.499736       0.499771       0.499801       0.499827       0.499849       0.499869       0.499886       0.499901       0.499914       0.499925       0.499935       0.499943       0.499950       0.499957       0.499962       0.499967       0.499971       0.499975       0.499978       0.499980       0.499983       0.499985       0.499986       0.499988       0.499989       0.499990       0.499991       0.499992       0.499993       0.499993       0.499993       0.499994       0.499994       0.499994       0.499994       0.499994       0.499993       0.499993       0.499993       0.499992       0.499991       0.499990       0.499989       0.499988       0.499986       0.499985       0.499983       0.499980       0.499978       0.499975       0.499971       0.499967       0.499962       0.499957       0.499950       0.499943       0.499935       0.499925       0.499914       0.499901       0.499886       0.499869       0.499849       0.499827       0.499801       0.499771       0.499736       0.499696       0.499651       0.499598       0.499537       0.499467       0.499387       0.499294       0.499187       0.499064       0.498923       0.498760       0.498573       0.498358       0.498110       0.497825       0.497498       0.497123       0.496692       0.496198       0.495633       0.494988       0.494253       0.493417       0.492471       0.491406       0.490213       0.488889       0.487435       0.485863       0.484198       0.482483       0.480789       0.479215       0.477897       0.476994       0.476665       0.477024       0.478059       0.479569       0.481123       0.482115       0.481900       0.479994       0.476322       0.471509       0.467314       0.467314
       0.467314       0.467314       0.471509       0.476322       0.479994       0.481900       0.482115       0.481123       0.479569       0.478059       0.477024       0.476665       0.476994       0.477897       0.479215       0.480789       0.482483       0.484198       0.485863       0.487435       0.488889       0.490213       0.491406       0.492472       0.493418       0.494253       0.494988       0.495634       0.496198       0.496692       0.497123       0.497498       0.497825       0.498110       0.498358       0.498573       0.498760       0.498923       0.499065       0.499187       0.499294       0.499387       0.499467       0.499537       0.499598       0.499651       0.499697       0.499736       0.499771       0.499801       0.499827       0.499850       0.499869       0.499886       0.499901       0.499914       0.499925       0.499935       0.499943       0.499950       0.499957       0.499962       0.499967       0.499971       0.499975       0.499978       0.499981       0.499983       0.499985       0.499987       0.499988       0.499989       0.499990       0.499991       0.499992       0.499993       0.499993       0.499994       0.499994       0.499994       0.499994       0.499994       0.499994       0.499994       0.499993       0.499993       0.499992       0.499991       0.499990       0.499989       0.499988       0.499987       0.499985       0.499983       0.499981       0.499978       0.499975       0.499971       0.499967       0.499962       0.499957       0.499950       0.499943       0.499935       0.499925       0.499914       0.499901       0.499886       0.499869       0.499850       0.499827       0.499801       0.499771       0.499736       0.499697       0.499651       0.499598       0.499537       0.499467       0.499387       0.499294       0.499187       0.499065       0.498923       0.498760       0.498573       0.498358       0.498110       0.497825       0.497498       0.497123       0.496692       0.496198       0.495634       0.494988       0.494253       0.493418       0.492472       0.491406       0.490213       0.488889       0.487435       0.485863       0.484198       0.482483       0.480789       0.479215       0.477897       0.476994       0.476665       0.477024       0.478059       0.479569       0.481123       0.482115       0.481900       0.479994       0.476322       0.471509       0.467314       0.467314
       0.467314       0.467314       0.471509       0.476322       0.479994       0.481900       0.482115       0.481123       0.479569       0.478059       0.477024       0.476666       0.476994       0.477897       0.479215       0.480789       0.482483       0.484198       0.485863       0.487435       0.488889       0.490213       0.491406       0.492472       0.493418       0.494253       0.494989       0.495634       0.496199       0.496692       0.497123       0.497498       0.497826       0.498110       0.498358       0.498573       0.498761       0.498923       0.499065       0.499188       0.499294       0.499387       0.499468       0.499537       0.499598       0.499651       0.499697       0.499737       0.499771       0.499801       0.499827       0.499850       0.499869       0.499886       0.499901       0.499914       0.499925       0.499935       0.499943       0.499951       0.499957       0.499962       0.499967       0.499971       0.499975       0.499978       0.499981       0.499983       0.499985       0.499987       0.499988       0.499989       0.499991       0.499991       0.499992       0.499993       0.499993       0.499994       0.499994       0.499994       0.499994       0.499994       0.499994       0.499994       0.499993       0.499993       0.499992       0.499991       0.499991       0.499989       0.499988       0.499987       0.499985       0.499983       0.499981       0.499978       0.499975       0.499971       0.499967       0.499962       0.499957       0.499951       0.499943       0.499935       0.499925       0.499914       0.499901       0.499886       0.499869       0.499850       0.499827       0.499801       0.499771       0.499737       0.499697       0.499651       0.499598       0.499537       0.499468       0.499387       0.499294       0.499188       0.499065       0.498923       0.498761       0.498573       0.498358       0.498110       0.497826       0.497498       0.497123       0.496692       0.496199       0.495634       0.494989       0.494253       0.493418       0.492472       0.491406       0.490213       0.488889       0.487435       0.485863       0.484198       0.482483       0.480789       0.479215       0.477897       0.476994       0.476666       0.477024       0.478059       0.479569       0.481123       0.482115       0.481900       0.479994       0.476322       0.471509       0.467314       0.467314
       0.467314       0.467314       0.471509       0.476322       0.479994       0.481900       0.482115       0.481123       0.479569       0.478059       0.477024       0.476666       0.476994       0.477897       0.479216       0.480789       0.482483       0.484198       0.485863       0.487435       0.488889       0.490213       0.491406       0.492472       0.493418       0.494253       0.494989       0.495634       0.496199       0.496692       0.497123       0.497499       0.497826       0.498110       0.498358       0.498573       0.498761       0.498923       0.499065       0.499188       0.499294       0.499387       0.499468       0.499538       0.499598       0.499651       0.499697       0.499737       0.499771       0.499801       0.499827       0.499850       0.499869       0.499887       0.499901       0.499914       0.499925       0.499935       0.499943       0.499951       0.499957       0.499963       0.499967       0.499971       0.499975       0.499978       0.499981       0.499983       0.499985       0.499987       0.499988       0.499990       0.499991       0.499992       0.499992       0.499993       0.499993       0.499994       0.499994       0.499994       0.499994       0.499994       0.499994       0.499994       0.499993       0.499993       0.499992       0.499992       0.499991       0.499990       0.499988       0.499987       0.499985       0.499983       0.499981       0.499978       0.499975       0.499971       0.499967       0.499963       0.499957       0.499951       0.499943       0.499935       0.499925       0.499914       0.499901       0.499887       0.499869       0.499850       0.499827       0.499801       0.499771       0.499737       0.499697       0.499651       0.499598       0.499538       0.499468       0.499387       0.499294       0.499188       0.499065       0.498923       0.498761       0.498573       0.498358       0.498110       0.497826       0.497499       0.497123       0.496692       0.496199       0.495634       0.494989       0.494253       0.493418       0.492472       0.491406       0.490213       0.488889       0.487435       0.485863       0.484198       0.482483       0.480789       0.479216       0.477897       0.476994       0.476666       0.477024       0.478059       0.479569       0.481123       0.482115       0.481900       0.479994       0.476322       0.471509       0.467314       0.467314
       0.467314       0.467314       0.471509       0.476322       0.479994       0.481900       0.482115       0.481123       0.479569       0.478059       0.477024       0.476666       0.476994       0.477897       0.479216       0.480789       0.482483       0.484198       0.485863       0.487435       0.488889       0.490213       0.491406       0.492472       0.493418       0.494253       0.494989       0.495634       0.496199       0.496692       0.497123       0.497499       0.497826       0.498110       0.498358       0.498574       0.498761       0.498924       0.499065       0.499188       0.499295       0.499387       0.499468       0.499538       0.499598       0.499651       0.499697       0.499737       0.499771       0.499801       0.499827       0.499850       0.499870       0.499887       0.499901       0.499914       0.499925       0.499935       0.499944       0.499951       0.499957       0.499963       0.499967       0.499972       0.499975       0.499978       0.499981       0.499983       0.499985       0.499987       0.499988       0.499990       0.499991       0.499992       0.499992       0.499993       0.499993       0.499994       0.499994       0.499994       0.499994       0.499994       0.499994       0.499994       0.499993       0.499993       0.499992       0.499992       0.499991       0.499990       0.499988       0.499987       0.499985       0.499983       0.499981       0.499978       0.499975       0.499972       0.499967       0.499963       0.499957       0.499951       0.499944       0.499935       0.499925       0.499914       0.499901       0.499887       0.499870       0.499850       0.499827       0.499801       0.499771       0.499737       0.499697       0.499651       0.499598       0.499538       0.499468       0.499387       0.499295       0.499188       0.499065       0.498924       0.498761       0.498574       0.498358       0.498110       0.497826       0.497499       0.497123       0.496692       0.496199       0.495634       0.494989       0.494253       0.493418       0.492472       0.491406       0.490213       0.488889       0.487435       0.485863       0.484198       0.482483       0.480789       0.479216       0.477897       0.476994       0.476666       0.477024       0.478059       0.479569       0.481123       0.482115       0.481900       0.479994       0.476322       0.471509       0.467314       0.467314
       0.467314       0.467314       0.471509       0.476322       0.479994       0.481900       0.482115       0.481123       0.479569       0.478059       0.477024       0.476666       0.476994       0.477897       0.479216       0.480789       0.482483       0.484198       0.485863       0.487435       0.488889       0.490213       0.491406       0.492472       0.493418       0.494254       0.494989       0.495634       0.496199       0.496693       0.497123       0.497499       0.497826       0.498111       0.498358       0.498574       0.498761       0.498924       0.499065       0.499188       0.499295       0.499387       0.499468       0.499538       0.499599       0.499651       0.499697       0.499737       0.499771       0.499801       0.499827       0.499850       0.499870       0.499887       0.499902       0.499914       0.499926       0.499935       0.499944       0.499951       0.499957       0.499963       0.499968       0.499972       0.499975       0.499978       0.499981       0.499983       0.499985       0.499987       0.499988       0.499990       0.499991       0.499992       0.499992       0.499993       0.499994       0.499994       0.499994       0.499994       0.499994       0.499994       0.499994       0.499994       0.499994       0.499993       0.499992       0.499992       0.499991       0.499990       0.499988       0.499987       0.499985       0.499983       0.499981       0.499978       0.499975       0.499972       0.499968       0.499963       0.499957       0.499951       0.499944       0.499935       0.499926       0.499914       0.499902       0.499887       0.499870       0.499850       0.499827       0.499801       0.499771       0.499737       0.499697       0.499651       0.499599       0.499538       0.499468       0.499387       0.499295       0.499188       0.499065       0.498924       0.498761       0.498574       0.498358       0.498111       0.497826       0.497499       0.497123       0.496693       0.496199       0.495634       0.494989       0.494254       0.493418       0.492472       0.491406       0.490213       0.488889       0.487435       0.485863       0.484198       0.482483       0.480789       0.479216       0.477897       0.476994       0.476666       0.477024       0.478059       0.479569       0.481123       0.482115       0.481900       0.479994       0.476322       0.471509       0.467314       0.467314
       0.467314       0.467314       0.471509       0.476322       0.479994       0.481900       0.482115       0.481123       0.479569       0.478059       0.477024       0.476666       0.476994       0.477897       0.479216       0.480789       0.482483       0.484198       0.485864       0.487435       0.488889       0.490213       0.491406       0.492472       0.493418       0.494254       0.494989       0.495634       0.496199       0.496693       0.497123       0.497499       0.497826       0.498111       0.498358       0.498574       0.498761       0.498924       0.499065       0.499188       0.499295       0.499387       0.499468       0.499538       0.499599       0.499651       0.499697       0.499737       0.499771       0.499801       0.499828       0.499850       0.499870       0.499887       0.499902       0.499914       0.499926       0.499935       0.499944       0.499951       0.499957       0.499963       0.499968       0.499972       0.499975       0.499978       0.499981       0.499983       0.499985       0.499987       0.499989       0.499990       0.499991       0.499992       0.499993       0.499993       0.499994       0.499994       0.499994       0.499994       0.499994       0.499994       0.499994       0.499994       0.499994       0.499993       0.499993       0.499992       0.499991       0.499990       0.499989       0.499987       0.499985       0.499983       0.499981       0.499978       0.499975       0.499972       0.499968       0.499963       0.499957       0.499951       0.499944       0.499935       0.499926       0.499914       0.499902       0.499887       0.499870       0.499850       0.499828       0.499801       0.499771       0.499737       0.499697       0.499651       0.499599       0.499538       0.499468       0.499387       0.499295       0.499188       0.499065       0.498924       0.498761       0.498574       0.498358       0.498111       0.497826       0.497499       0.497123       0.496693       0.496199       0.495634       0.494989       0.494254       0.493418       0.492472       0.491406       0.490213       0.488889       0.487435       0.485864       0.484198       0.482483       0.480789       0.479216       0.477897       0.476994       0.476666       0.477024       0.478059       0.479569       0.481123       0.482115       0.481900       0.479994       0.476322       0.471509       0.467314       0.467314
       0.467314       0.467314       0.471509       0.476322       0.479994       0.481900       0.482115       0.481123       0.479569       0.478059       0.477024       0.476666       0.476994       0.477897       0.479216       0.480789       0.482483       0.484198       0.485864       0.487435       0.488889       0.490213       0.491406       0.492472       0.493418       0.494254       0.494989       0.495634       0.496199       0.496693       0.497123       0.497499       0.497826       0.498111       0.498358       0.498574       0.498761       0.498924       0.499065       0.499188       0.499295       0.499388       0.499468       0.499538       0.499599       0.499651       0.499697       0.499737       0.499772       0.499802       0.499828       0.499850       0.499870       0.499887       0.499902       0.499915       0.499926       0.499935       0.499944       0.499951       0.499957       0.499963       0.499968       0.499972       0.499975       0.499978       0.499981       0.499983       0.499985       0.499987       0.499989       0.499990       0.499991       0.499992       0.499993       0.499993       0.499994       0.499994       0.499994       0.499994       0.499994       0.499994       0.499994       0.499994       0.499994       0.499993       0.499993       0.499992       0.499991       0.499990       0.499989       0.499987       0.499985       0.499983       0.499981       0.499978       0.499975       0.499972       0.499968       0.499963       0.499957       0.499951       0.499944       0.499935       0.499926       0.499915       0.499902       0.499887       0.499870       0.499850       0.499828       0.499802       0.499772       0.499737       0.499697       0.499651       0.499599       0.499538       0.499468       0.499388       0.499295       0.499188       0.499065       0.498924       0.498761       0.498574       0.498358       0.498111       0.497826       0.497499       0.497123       0.496693       0.496199       0.495634       0.494989       0.494254       0.493418       0.492472       0.491406       0.490213       0.488889       0.487435       0.485864       0.484198       0.482483       0.480789       0.479216       0.477897       0.476994       0.476666       0.477024       0.478059       0.479569       0.481123       0.482115       0.481900       0.479994       0.476322       0.471509       0.467314       0.467314
       0.467314       0.467314       0.471509       0.476322       0.479994       0.481900       0.482115       0.481123       0.479569       0.478059       0.477024       0.476666       0.476994       0.477897       0.479216       0.480789       0.482483       0.484198       0.485864       0.487435       0.488889       0.490213       0.491406       0.492472       0.493418       0.494254       0.494989       0.495634       0.496199       0.496693       0.497123       0.497499       0.497826       0.498111       0.498358       0.498574       0.498761       0.498924       0.499065       0.499188       0.499295       0.499388       0.499468       0.499538       0.499599       0.499652       0.499697       0.499737       0.499772       0.499802       0.499828       0.499850       0.499870       0.499887       0.499902       0.499915       0.499926       0.499935       0.499944       0.499951       0.499957       0.499963       0.499968       0.499972       0.499975       0.499978       0.499981       0.499983       0.499985       0.499987       0.499989       0.499990       0.499991       0.499992       0.499993       0.499993       0.499994       0.499994       0.499994       0.499994       0.499994       0.499994       0.499994       0.499994       0.499994       0.499993       0.499993       0.499992       0.499991       0.499990       0.499989       0.499987       0.499985       0.499983       0.499981       0.499978       0.499975       0.499972       0.499968       0.499963       0.499957       0.499951       0.499944       0.499935       0.499926       0.499915       0.499902       0.499887       0.499870       0.499850       0.499828       0.499802       0.499772       0.499737       0.499697       0.499652       0.499599       0.499538       0.499468       0.499388       0.499295       0.499188       0.499065       0.498924       0.498761       0.498574       0.498358       0.498111       0.497826       0.497499       0.497123       0.496693       0.496199       0.495634       0.494989       0.494254       0.493418       0.492472       0.491406       0.490213       0.488889       0.487435       0.485864       0.484198       0.482483       0.480789       0.479216       0.477897       0.476994       0.476666       0.477024       0.478059       0.479569       0.481123       0.482115       0.481900       0.479994       0.476322       0.471509       0.467314       0.467314
       0.467314       0.467314       0.471509       0.476322       0.479994       0.481900       0.482115       0.481123       0.479569       0.478059       0.477024       0.476666       0.476994       0.477897       0.479216       0.480789       0.482483       0.484198       0.485864       0.487435       0.488889       0.490213       0.491406       0.492472       0.493418       0.494254       0.494989       0.495634       0.496199       0.496693       0.497123       0.497499       0.497826       0.498111       0.498358       0.498574       0.498761       0.498924       0.499065       0.499188       0.499295       0.499388       0.499468       0.499538       0.499599       0.499652       0.499697       0.499737       0.499772       0.499802       0.499828       0.499850       0.499870       0.499887       0.499902       0.499915       0.499926       0.499935       0.499944       0.499951       0.499957       0.499963       0.499968       0.499972       0.499975       0.499978       0.499981       0.499983       0.499985       0.499987       0.499989       0.499990       0.499991       0.499992       0.499993       0.499993       0.499994       0.499994       0.499994       0.499994       0.499995       0.499994       0.499994       0.499994       0.499994       0.499993       0.499993       0.499992       0.499991       0.499990       0.499989       0.499987       0.499985       0.499983       0.499981       0.499978       0.499975       0.499972       0.499968       0.499963       0.499957       0.499951       0.499944       0.499935       0.499926       0.499915       0.499902       0.499887       0.499870       0.499850       0.499828       0.499802       0.499772       0.499737       0.499697       0.499652       0.499599       0.499538       0.499468       0.499388       0.499295       0.499188       0.499065       0.498924       0.498761       0.498574       0.498358       0.498111       0.497826       0.497499       0.497123       0.496693       0.496199       0.495634       0.494989       0.494254       0.493418       0.492472       0.491406       0.490213       0.488889       0.487435       0.485864       0.484198       0.482483       0.480789       0.479216       0.477897       0.476994       0.476666       0.477024       0.478059       0.479569       0.481123       0.482115       0.481900       0.479994       0.476322       0.471509       0.467314       0.467314
       0.467314       0.467314       0.471509       0.476322       0.479994       0.481900       0.482115       0.481123       0.479569       0.478059       0.477024       0.476666       0.476994       0.477897       0.479216       0.480789       0.482483       0.484198       0.485864       0.487435       0.488889       0.490213       0.491406       0.492472       0.493418       0.494254       0.494989       0.495634       0.496199       0.496693       0.497123       0.497499       0.497826       0.498111       0.498358       0.498574       0.498761       0.498924       0.499065       0.499188       0.499295       0.499388       0.499468       0.499538       0.499599       0.499652       0.499697       0.499737       0.499772       0.499802       0.499828       0.499850       0.499870       0.499887       0.499902       0.499915       0.499926       0.499935       0.499944       0.499951       0.499957       0.499963       0.499968       0.499972       0.499975       0.499978       0.499981       0.499983       0.499985       0.499987       0.499989       0.499990       0.499991       0.499992       0.499993       0.499993       0.499994       0.499994       0.499994       0.499994       0.499995       0.499994       0.499994       0.499994       0.499994       0.499993       0.499993       0.499992       0.499991       0.499990       0.499989       0.499987       0.499985       0.499983       0.499981       0.499978       0.499975       0.499972       0.499968       0.499963       0.499957       0.499951       0.499944       0.499935       0.499926       0.499915       0.499902       0.499887       0.499870       0.499850       0.499828       0.499802       0.499772       0.499737       0.499697       0.499652       0.499599       0.499538       0.499468       0.499388       0.499295       0.499188       0.499065       0.498924       0.498761       0.498574       0.498358       0.498111       0.497826       0.497499       0.497123       0.496693       0.496199       0.495634       0.494989       0.494254       0.493418       0.492472       0.491406       0.490213       0.488889       0.487435       0.485864       0.484198       0.482483       0.480789       0.479216       0.477897       0.476994       0.476666       0.477024       0.478059       0.479569       0.481123       0.482115       0.481900       0.479994       0.476322       0.471509       0.467314       0.467314
       0.467314       0.467314       0.471509       0.476322       0.479994       0.481900       0.482115       0.481123       0.479569       0.478059       0.477024       0.476666       0.476994       0.477897       0.479216       0.480789       0.482483       0.484198       0.485864       0.487435       0.488889       0.490213       0.491406       0.492472       0.493418       0.494254       0.494989       0.495634       0.496199       0.496693       0.497123       0.497499       0.497826       0.498111       0.498358       0.498574       0.498761       0.498924       0.499065       0.499188       0.499295       0.499388       0.499468       0.499538       0.499599       0.499652       0.499697       0.499737       0.499772       0.499802       0.499828       0.499850       0.499870       0.499887       0.499902       0.499915       0.499926       0.499935       0.499944       0.499951       0.499957       0.499963       0.499968       0.499972       0.499975       0.499978       0.499981       0.499983       0.499985       0.499987       0.499989       0.499990       0.499991       0.499992       0.499993       0.499993       0.499994       0.499994       0.499994       0.499994       0.499995       0.499994       0.499994       0.499994       0.499994       0.499993       0.499993       0.499992       0.499991       0.499990       0.499989       0.499987       0.499985       0.499983       0.499981       0.499978       0.499975       0.499972       0.499968       0.499963       0.499957       0.499951       0.499944       0.499935       0.499926       0.499915       0.499902       0.499887       0.499870       0.499850       0.499828       0.499802       0.499772       0.499737       0.499697       0.499652       0.499599       0.499538       0.499468       0.499388       0.499295       0.499188       0.499065       0.498924       0.498761       0.498574       0.498358       0.498111       0.497826       0.497499       0.497123       0.496693       0.496199       0.495634       0.494989       0.494254       0.493418       0.492472       0.491406       0.490213       0.488889       0.487435       0.485864       0.484198       0.482483       0.480789       0.479216       0.477897       0.476994       0.476666       0.477024       0.478059       0.479569       0.481123       0.482115       0.481900       0.479994       0.476322       0.471509       0.467314       0.467314
