       0.467314       0.467314       0.471509       0.476322       0.479994       0.481900       0.482115       0.481123       0.479569       0.478059       0.477024       0.476666       0.476994       0.477897       0.479216       0.480789       0.482483       0.484198       0.485864       0.487435       0.488889       0.490213       0.491406       0.492472       0.493418       0.494254       0.494989       0.495634       0.496199       0.496693       0.497123       0.497499       0.497826       0.498111       0.498358       0.498574       0.498761       0.498924       0.499065       0.499188       0.499295       0.499388       0.499468       0.499538       0.499599       0.499652       0.499697       0.499737       0.499772       0.499802       0.499828       0.499850       0.499870       0.499887       0.499902       0.499915       0.499926       0.499935       0.499944       0.499951       0.499957       0.499963       0.499968       0.499972       0.499975       0.499978       0.499981       0.499983       0.499985       0.499987       0.499989       0.499990       0.499991       0.499992       0.499993       0.499993       0.499994       0.499994       0.499994       0.499994       0.499995       0.499994       0.499994       0.499994       0.499994       0.499993       0.499993       0.499992       0.499991       0.499990       0.499989       0.499987       0.499985       0.499983       0.499981       0.499978       0.499975       0.499972       0.499968       0.499963       0.499957       0.499951       0.499944       0.499935       0.499926       0.499915       0.499902       0.499887       0.499870       0.499850       0.499828       0.499802       0.499772       0.499737       0.499697       0.499652       0.499599       0.499538       0.499468       0.499388       0.499295       0.499188       0.499065       0.498924       0.498761       0.498574       0.498358       0.498111       0.497826       0.497499       0.497123       0.496693       0.496199       0.495634       0.494989       0.494254       0.493418       0.492472       0.491406       0.490213       0.488889       0.487435       0.485864       0.484198       0.482483       0.480789       0.479216       0.477897       0.476994       0.476666       0.477024       0.478059       0.479569       0.481123       0.482115       0.481900       0.479994       0.476322       0.471509       0.467314       0.467314
       0.467314       0.467314       0.471509       0.476322       0.479994       0.481900       0.482115       0.481123       0.479569       0.478059       0.477024       0.476666       0.476994       0.477897       0.479216       0.480789       0.482483       0.484198       0.485864       0.487435       0.488889       0.490213       0.491406       0.492472       0.493418       0.494254       0.494989       0.495634       0.496199       0.496693       0.497123       0.497499       0.497826       0.498111       0.498358       0.498574       0.498761       0.498924       0.499065       0.499188       0.499295       0.499388       0.499468       0.499538       0.499599       0.499652       0.499697       0.499737       0.499772       0.499802       0.499828       0.499850       0.499870       0.499887       0.499902       0.499915       0.499926       0.499935       0.499944       0.499951       0.499957       0.499963       0.499968       0.499972       0.499975       0.499978       0.499981       0.499983       0.499985       0.499987       0.499989       0.499990       0.499991       0.499992       0.499993       0.499993       0.499994       0.499994       0.499994       0.499994       0.499995       0.499994       0.499994       0.499994       0.499994       0.499993       0.499993       0.499992       0.499991       0.499990       0.499989       0.499987       0.499985       0.499983       0.499981       0.499978       0.499975       0.499972       0.499968       0.499963       0.499957       0.499951       0.499944       0.499935       0.499926       0.499915       0.499902       0.499887       0.499870       0.499850       0.499828       0.499802       0.499772       0.499737       0.499697       0.499652       0.499599       0.499538       0.499468       0.499388       0.499295       0.499188       0.499065       0.498924       0.498761       0.498574       0.498358       0.498111       0.497826       0.497499       0.497123       0.496693       0.496199       0.495634       0.494989       0.494254       0.493418       0.492472       0.491406       0.490213       0.488889       0.487435       0.485864       0.484198       0.482483       0.480789       0.479216       0.477897       0.476994       0.476666       0.477024       0.478059       0.479569       0.481123       0.482115       0.481900       0.479994       0.476322       0.471509       0.467314       0.467314
       0.467314       0.467314       0.471509       0.476322       0.479994       0.481900       0.482115       0.481123       0.479569       0.478059       0.477024       0.476666       0.476994       0.477897       0.479216       0.480789       0.482483       0.484198       0.485864       0.487435       0.488889       0.490213       0.491406       0.492472       0.493418       0.494254       0.494989       0.495634       0.496199       0.496693       0.497123       0.497499       0.497826       0.498111       0.498358       0.498574       0.498761       0.498924       0.499065       0.499188       0.499295       0.499388       0.499468       0.499538       0.499599       0.499652       0.499697       0.499737       0.499772       0.499802       0.499828       0.499850       0.499870       0.499887       0.499902       0.499915       0.499926       0.499935       0.499944       0.499951       0.499957       0.499963       0.499968       0.499972       0.499975       0.499978       0.499981       0.499983       0.499985       0.499987       0.499989       0.499990       0.499991       0.499992       0.499993       0.499993       0.499994       0.499994       0.499994       0.499994       0.499995       0.499994       0.499994       0.499994       0.499994       0.499993       0.499993       0.499992       0.499991       0.499990       0.499989       0.499987       0.499985       0.499983       0.499981       0.499978       0.499975       0.499972       0.499968       0.499963       0.499957       0.499951       0.499944       0.499935       0.499926       0.499915       0.499902       0.499887       0.499870       0.499850       0.499828       0.499802       0.499772       0.499737       0.499697       0.499652       0.499599       0.499538       0.499468       0.499388       0.499295       0.499188       0.499065       0.498924       0.498761       0.498574       0.498358       0.498111       0.497826       0.497499       0.497123       0.496693       0.496199       0.495634       0.494989       0.494254       0.493418       0.492472       0.491406       0.490213       0.488889       0.487435       0.485864       0.484198       0.482483       0.480789       0.479216       0.477897       0.476994       0.476666       0.477024       0.478059       0.479569       0.481123       0.482115       0.481900       0.479994       0.476322       0.471509       0.467314       0.467314
       0.467314       0.467314       0.471509       0.476322       0.479994       0.481900       0.482115       0.481123       0.479569       0.478059       0.477024       0.476666       0.476994       0.477897       0.479216       0.480789       0.482483       0.484198       0.485864       0.487435       0.488889       0.490213       0.491406       0.492472       0.493418       0.494254       0.494989       0.495634       0.496199       0.496693       0.497123       0.497499       0.497826       0.498111       0.498358       0.498574       0.498761       0.498924       0.499065       0.499188       0.499295       0.499388       0.499468       0.499538       0.499599       0.499652       0.499697       0.499737       0.499772       0.499802       0.499828       0.499850       0.499870       0.499887       0.499902       0.499915       0.499926       0.499935       0.499944       0.499951       0.499957       0.499963       0.499968       0.499972       0.499975       0.499978       0.499981       0.499983       0.499985       0.499987       0.499989       0.499990       0.499991       0.499992       0.499993       0.499993       0.499994       0.499994       0.499994       0.499994       0.499994       0.499994       0.499994       0.499994       0.499994       0.499993       0.499993       0.499992       0.499991       0.499990       0.499989       0.499987       0.499985       0.499983       0.499981       0.499978       0.499975       0.499972       0.499968       0.499963       0.499957       0.499951       0.499944       0.499935       0.499926       0.499915       0.499902       0.499887       0.499870       0.499850       0.499828       0.499802       0.499772       0.499737       0.499697       0.499652       0.499599       0.499538       0.499468       0.499388       0.499295       0.499188       0.499065       0.498924       0.498761       0.498574       0.498358       0.498111       0.497826       0.497499       0.497123       0.496693       0.496199       0.495634       0.494989       0.494254       0.493418       0.492472       0.491406       0.490213       0.488889       0.487435       0.485864       0.484198       0.482483       0.480789       0.479216       0.477897       0.476994       0.476666       0.477024       0.478059       0.479569       0.481123       0.482115       0.481900       0.479994       0.476322       0.471509       0.467314       0.467314
       0.467314       0.467314       0.471509       0.476322       0.479994       0.481900       0.482115       0.481123       0.479569       0.478059       0.477024       0.476665       0.476994       0.477897       0.479216       0.480789       0.482483       0.484198       0.485864       0.487435       0.488889       0.490213       0.491406       0.492472       0.493418       0.494254       0.494989       0.495634       0.496199       0.496693       0.497123       0.497499       0.497826       0.498111       0.498358       0.498574       0.498761       0.498924       0.499065       0.499188       0.499295       0.499388       0.499468       0.499538       0.499599       0.499651       0.499697       0.499737       0.499772       0.499802       0.499828       0.499850       0.499870       0.499887       0.499902       0.499915       0.499926       0.499935       0.499944       0.499951       0.499957       0.499963       0.499968       0.499972       0.499975       0.499978       0.499981       0.499983       0.499985       0.499987       0.499989       0.499990       0.499991       0.499992       0.499993       0.499993       0.499994       0.499994       0.499994       0.499994       0.499994       0.499994       0.499994       0.499994       0.499994       0.499993       0.499993       0.499992       0.499991       0.499990       0.499989       0.499987       0.499985       0.499983       0.499981       0.499978       0.499975       0.499972       0.499968       0.499963       0.499957       0.499951       0.499944       0.499935       0.499926       0.499915       0.499902       0.499887       0.499870       0.499850       0.499828       0.499802       0.499772       0.499737       0.499697       0.499651       0.499599       0.499538       0.499468       0.499388       0.499295       0.499188       0.499065       0.498924       0.498761       0.498574       0.498358       0.498111       0.497826       0.497499       0.497123       0.496693       0.496199       0.495634       0.494989       0.494254       0.493418       0.492472       0.491406       0.490213       0.488889       0.487435       0.485864       0.484198       0.482483       0.480789       0.479216       0.477897       0.476994       0.476665       0.477024       0.478059       0.479569       0.481123       0.482115       0.481900       0.479994       0.476322       0.471509       0.467314       0.467314
       0.467314       0.467314       0.471509       0.476322       0.479994       0.481900       0.482115       0.481123       0.479569       0.478059       0.477024       0.476665       0.476994       0.477897       0.479216       0.480789       0.482483       0.484198       0.485863       0.487435       0.488889       0.490213       0.491406       0.492472       0.493418       0.494254       0.494989       0.495634       0.496199       0.496693       0.497123       0.497499       0.497826       0.498111       0.498358       0.498574       0.498761       0.498924       0.499065       0.499188       0.499295       0.499387       0.499468       0.499538       0.499599       0.499651       0.499697       0.499737       0.499772       0.499801       0.499828       0.499850       0.499870       0.499887       0.499902       0.499914       0.499926       0.499935       0.499944       0.499951       0.499957       0.499963       0.499968       0.499972       0.499975       0.499978       0.499981       0.499983       0.499985       0.499987       0.499989       0.499990       0.499991       0.499992       0.499993       0.499993       0.499994       0.499994       0.499994       0.499994       0.499994       0.499994       0.499994       0.499994       0.499994       0.499993       0.499993       0.499992       0.499991       0.499990       0.499989       0.499987       0.499985       0.499983       0.499981       0.499978       0.499975       0.499972       0.499968       0.499963       0.499957       0.499951       0.499944       0.499935       0.499926       0.499914       0.499902       0.499887       0.499870       0.499850       0.499828       0.499801       0.499772       0.499737       0.499697       0.499651       0.499599       0.499538       0.499468       0.499387       0.499295       0.499188       0.499065       0.498924       0.498761       0.498574       0.498358       0.498111       0.497826       0.497499       0.497123       0.496693       0.496199       0.495634       0.494989       0.494254       0.493418       0.492472       0.491406       0.490213       0.488889       0.487435       0.485863       0.484198       0.482483       0.480789       0.479216       0.477897       0.476994       0.476665       0.477024       0.478059       0.479569       0.481123       0.482115       0.481900       0.479994       0.476322       0.471509       0.467314       0.467314
       0.467314       0.467314       0.471509       0.476322       0.479994       0.481900       0.482115       0.481123       0.479569       0.478059       0.477024       0.476665       0.476994       0.477897       0.479216       0.480789       0.482483       0.484198       0.485863       0.487435       0.488889       0.490213       0.491406       0.492472       0.493418       0.494254       0.494989       0.495634       0.496199       0.496693       0.497123       0.497499       0.497826       0.498111       0.498358       0.498574       0.498761       0.498924       0.499065       0.499188       0.499295       0.499387       0.499468       0.499538       0.499599       0.499651       0.499697       0.499737       0.499771       0.499801       0.499827       0.499850       0.499870       0.499887       0.499902       0.499914       0.499926       0.499935       0.499944       0.499951       0.499957       0.499963       0.499968       0.499972       0.499975       0.499978       0.499981       0.499983       0.499985       0.499987       0.499988       0.499990       0.499991       0.499992       0.499992       0.499993       0.499994       0.499994       0.499994       0.499994       0.499994       0.499994       0.499994       0.499994       0.499994       0.499993       0.499992       0.499992       0.499991       0.499990       0.499988       0.499987       0.499985       0.499983       0.499981       0.499978       0.499975       0.499972       0.499968       0.499963       0.499957       0.499951       0.499944       0.499935       0.499926       0.499914       0.499902       0.499887       0.499870       0.499850       0.499827       0.499801       0.499771       0.499737       0.499697       0.499651       0.499599       0.499538       0.499468       0.499387       0.499295       0.499188       0.499065       0.498924       0.498761       0.498574       0.498358       0.498111       0.497826       0.497499       0.497123       0.496693       0.496199       0.495634       0.494989       0.494254       0.493418       0.492472       0.491406       0.490213       0.488889       0.487435       0.485863       0.484198       0.482483       0.480789       0.479216       0.477897       0.476994       0.476665       0.477024       0.478059       0.479569       0.481123       0.482115       0.481900       0.479994       0.476322       0.471509       0.467314       0.467314
       0.467314       0.467314       0.471509       0.476322       0.479994       0.481900       0.482115       0.481123       0.479569       0.478059       0.477024       0.476665       0.476994       0.477897       0.479215       0.480789       0.482483       0.484198       0.485863       0.487435       0.488889       0.490213       0.491406       0.492472       0.493418       0.494253       0.494989       0.495634       0.496199       0.496692       0.497123       0.497499       0.497826       0.498110       0.498358       0.498574       0.498761       0.498924       0.499065       0.499188       0.499295       0.499387       0.499468       0.499538       0.499598       0.499651       0.499697       0.499737       0.499771       0.499801       0.499827       0.499850       0.499870       0.499887       0.499901       0.499914       0.499925       0.499935       0.499944       0.499951       0.499957       0.499963       0.499967       0.499972       0.499975       0.499978       0.499981       0.499983       0.499985       0.499987       0.499988       0.499990       0.499991       0.499992       0.499992       0.499993       0.499993       0.499994       0.499994       0.499994       0.499994       0.499994       0.499994       0.499994       0.499993       0.499993       0.499992       0.499992       0.499991       0.499990       0.499988       0.499987       0.499985       0.499983       0.499981       0.499978       0.499975       0.499972       0.499967       0.499963       0.499957       0.499951       0.499944       0.499935       0.499925       0.499914       0.499901       0.499887       0.499870       0.499850       0.499827       0.499801       0.499771       0.499737       0.499697       0.499651       0.499598       0.499538       0.499468       0.499387       0.499295       0.499188       0.499065       0.498924       0.498761       0.498574       0.498358       0.498110       0.497826       0.497499       0.497123       0.496692       0.496199       0.495634       0.494989       0.494253       0.493418       0.492472       0.491406       0.490213       0.488889       0.487435       0.485863       0.484198       0.482483       0.480789       0.479215       0.477897       0.476994       0.476665       0.477024       0.478059       0.479569       0.481123       0.482115       0.481900       0.479994       0.476322       0.471509       0.467314       0.467314
       0.467314       0.467314       0.471509       0.476322       0.479994       0.481900       0.482115       0.481123       0.479569       0.478059       0.477024       0.476665       0.476994       0.477897       0.479215       0.480789       0.482483       0.484198       0.485863       0.487435       0.488889       0.490213       0.491406       0.492472       0.493418       0.494253       0.494989       0.495634       0.496199       0.496692       0.497123       0.497499       0.497826       0.498110       0.498358       0.498573       0.498761       0.498923       0.499065       0.499188       0.499294       0.499387       0.499468       0.499538       0.499598       0.499651       0.499697       0.499737       0.499771       0.499801       0.499827       0.499850       0.499869       0.499887       0.499901       0.499914       0.499925       0.499935       0.499943       0.499951       0.499957       0.499963       0.499967       0.499971       0.499975       0.499978       0.499981       0.499983       0.499985       0.499987       0.499988       0.499990       0.499991       0.499992       0.499992       0.499993       0.499993       0.499994       0.499994       0.499994       0.499994       0.499994       0.499994       0.499994       0.499993       0.499993       0.499992       0.499992       0.499991       0.499990       0.499988       0.499987       0.499985       0.499983       0.499981       0.499978       0.499975       0.499971       0.499967       0.499963       0.499957       0.499951       0.499943       0.499935       0.499925       0.499914       0.499901       0.499887       0.499869       0.499850       0.499827       0.499801       0.499771       0.499737       0.499697       0.499651       0.499598       0.499538       0.499468       0.499387       0.499294       0.499188       0.499065       0.498923       0.498761       0.498573       0.498358       0.498110       0.497826       0.497499       0.497123       0.496692       0.496199       0.495634       0.494989       0.494253       0.493418       0.492472       0.491406       0.490213       0.488889       0.487435       0.485863       0.484198       0.482483       0.480789       0.479215       0.477897       0.476994       0.476665       0.477024       0.478059       0.479569       0.481123       0.482115       0.481900       0.479994       0.476322       0.471509       0.467314       0.467314
       0.467314       0.467314       0.471509       0.476322       0.479994       0.481900       0.482115       0.481123       0.479569       0.478059       0.477024       0.476665       0.476994       0.477897       0.479215       0.480789       0.482483       0.484198       0.485863       0.487435       0.488889       0.490213       0.491406       0.492472       0.493418       0.494253       0.494989       0.495634       0.496199       0.496692       0.497123       0.497498       0.497826       0.498110       0.498358       0.498573       0.498761       0.498923       0.499065       0.499188       0.499294       0.499387       0.499468       0.499537       0.499598       0.499651       0.499697       0.499737       0.499771       0.499801       0.499827       0.499850       0.499869       0.499886       0.499901       0.499914       0.499925       0.499935       0.499943       0.499951       0.499957       0.499962       0.499967       0.499971       0.499975       0.499978       0.499981       0.499983       0.499985       0.499987       0.499988       0.499989       0.499991       0.499991       0.499992       0.499993       0.499993       0.499994       0.499994       0.499994       0.499994       0.499994       0.499994       0.499994       0.499993       0.499993       0.499992       0.499991       0.499991       0.499989       0.499988       0.499987       0.499985       0.499983       0.499981       0.499978       0.499975       0.499971       0.499967       0.499962       0.499957       0.499951       0.499943       0.499935       0.499925       0.499914       0.499901       0.499886       0.499869       0.499850       0.499827       0.499801       0.499771       0.499737       0.499697       0.499651       0.499598       0.499537       0.499468       0.499387       0.499294       0.499188       0.499065       0.498923       0.498761       0.498573       0.498358       0.498110       0.497826       0.497498       0.497123       0.496692       0.496199       0.495634       0.494989       0.494253       0.493418       0.492472       0.491406       0.490213       0.488889       0.487435       0.485863       0.484198       0.482483       0.480789       0.479215       0.477897       0.476994       0.476665       0.477024       0.478059       0.479569       0.481123       0.482115       0.481900       0.479994       0.476322       0.471509       0.467314       0.467314
       0.467314       0.467314       0.471509       0.476322       0.479994       0.481900       0.482115       0.481123       0.479569       0.478059       0.477024       0.476665       0.476994       0.477897       0.479215       0.480789       0.482483       0.484198       0.485863       0.487435       0.488889       0.490213       0.491406       0.492471       0.493417       0.494253       0.494988       0.495634       0.496198       0.496692       0.497123       0.497498       0.497825       0.498110       0.498358       0.498573       0.498760       0.498923       0.499065       0.499187       0.499294       0.499387       0.499467       0.499537       0.499598       0.499651       0.499697       0.499736       0.499771       0.499801       0.499827       0.499850       0.499869       0.499886       0.499901       0.499914       0.499925       0.499935       0.499943       0.499950       0.499957       0.499962       0.499967       0.499971       0.499975       0.499978       0.499981       0.499983       0.499985       0.499987       0.499988       0.499989       0.499990       0.499991       0.499992       0.499993       0.499993       0.499994       0.499994       0.499994       0.499994       0.499994       0.499994       0.499994       0.499993       0.499993       0.499992       0.499991       0.499990       0.499989       0.499988       0.499987       0.499985       0.499983       0.499981       0.499978       0.499975       0.499971       0.499967       0.499962       0.499957       0.499950       0.499943       0.499935       0.499925       0.499914       0.499901       0.499886       0.499869       0.499850       0.499827       0.499801       0.499771       0.499736       0.499697       0.499651       0.499598       0.499537       0.499467       0.499387       0.499294       0.499187       0.499065       0.498923       0.498760       0.498573       0.498358       0.498110       0.497825       0.497498       0.497123       0.496692       0.496198       0.495634       0.494988       0.494253       0.493417       0.492471       0.491406       0.490213       0.488889       0.487435       0.485863       0.484198       0.482483       0.480789       0.479215       0.477897       0.476994       0.476665       0.477024       0.478059       0.479569       0.481123       0.482115       0.481900       0.479994       0.476322       0.471509       0.467314       0.467314
       0.467314       0.467314       0.471509       0.476322       0.479994       0.481900       0.482115       0.481123       0.479569       0.478059       0.477024       0.476665       0.476994       0.477897       0.479215       0.480789       0.482483       0.484198       0.485863       0.487435       0.488888       0.490213       0.491406       0.492471       0.493417       0.494253       0.494988       0.495633       0.496198       0.496692       0.497123       0.497498       0.497825       0.498110       0.498358       0.498573       0.498760       0.498923       0.499064       0.499187       0.499294       0.499387       0.499467       0.499537       0.499598       0.499651       0.499696       0.499736       0.499771       0.499801       0.499827       0.499849       0.499869       0.499886       0.499901       0.499914       0.499925       0.499935       0.499943       0.499950       0.499957       0.499962       0.499967       0.499971       0.499975       0.499978       0.499980       0.499983       0.499985       0.499986       0.499988       0.499989       0.499990       0.499991       0.499992       0.499993       0.499993       0.499993       0.499994       0.499994       0.499994       0.499994       0.499994       0.499993       0.499993       0.499993       0.499992       0.499991       0.499990       0.499989       0.499988       0.499986       0.499985       0.499983       0.499980       0.499978       0.499975       0.499971       0.499967       0.499962       0.499957       0.499950       0.499943       0.499935       0.499925       0.499914       0.499901       0.499886       0.499869       0.499849       0.499827       0.499801       0.499771       0.499736       0.499696       0.499651       0.499598       0.499537       0.499467       0.499387       0.499294       0.499187       0.499064       0.498923       0.498760       0.498573       0.498358       0.498110       0.497825       0.497498       0.497123       0.496692       0.496198       0.495633       0.494988       0.494253       0.493417       0.492471       0.491406       0.490213       0.488888       0.487435       0.485863       0.484198       0.482483       0.480789       0.479215       0.477897       0.476994       0.476665       0.477024       0.478059       0.479569       0.481123       0.482115       0.481900       0.479994       0.476322       0.471509       0.467314       0.467314
       0.467314       0.467314       0.471509       0.476322       0.479994       0.481900       0.482115       0.481123       0.479569       0.478059       0.477024       0.476665       0.476994       0.477897       0.479215       0.480789       0.482483       0.484198       0.485863       0.487435       0.488888       0.490213       0.491405       0.492471       0.493417       0.494253       0.494988       0.495633       0.496198       0.496692       0.497122       0.497498       0.497825       0.498110       0.498357       0.498573       0.498760       0.498923       0.499064       0.499187       0.499294       0.499386       0.499467       0.499537       0.499598       0.499650       0.499696       0.499736       0.499770       0.499800       0.499826       0.499849       0.499869       0.499886       0.499901       0.499913       0.499925       0.499934       0.499943       0.499950       0.499956       0.499962       0.499967       0.499971       0.499974       0.499978       0.499980       0.499983       0.499985       0.499986       0.499988       0.499989       0.499990       0.499991       0.499992       0.499992       0.499993       0.499993       0.499994       0.499994       0.499994       0.499994       0.499994       0.499993       0.499993       0.499992       0.499992       0.499991       0.499990       0.499989       0.499988       0.499986       0.499985       0.499983       0.499980       0.499978       0.499974       0.499971       0.499967       0.499962       0.499956       0.499950       0.499943       0.499934       0.499925       0.499913       0.499901       0.499886       0.499869       0.499849       0.499826       0.499800       0.499770       0.499736       0.499696       0.499650       0.499598       0.499537       0.499467       0.499386       0.499294       0.499187       0.499064       0.498923       0.498760       0.498573       0.498357       0.498110       0.497825       0.497498       0.497122       0.496692       0.496198       0.495633       0.494988       0.494253       0.493417       0.492471       0.491405       0.490213       0.488888       0.487435       0.485863       0.484198       0.482483       0.480789       0.479215       0.477897       0.476994       0.476665       0.477024       0.478059       0.479569       0.481123       0.482115       0.481900       0.479994       0.476322       0.471509       0.467314       0.467314
       0.467314       0.467314       0.471509       0.476322       0.479994       0.481900       0.482115       0.481123       0.479569       0.478059       0.477024       0.476665       0.476994       0.477897       0.479215       0.480788       0.482483       0.484198       0.485863       0.487435       0.488888       0.490212       0.491405       0.492471       0.493417       0.494253       0.494988       0.495633       0.496198       0.496691       0.497122       0.497498       0.497825       0.498109       0.498357       0.498572       0.498760       0.498922       0.499064       0.499187       0.499293       0.499386       0.499467       0.499537       0.499597       0.499650       0.499696       0.499736       0.499770       0.499800       0.499826       0.499849       0.499868       0.499886       0.499900       0.499913       0.499924       0.499934       0.499943       0.499950       0.499956       0.499962       0.499966       0.499971       0.499974       0.499977       0.499980       0.499982       0.499984       0.499986       0.499988       0.499989       0.499990       0.499991       0.499992       0.499992       0.499993       0.499993       0.499993       0.499993       0.499994       0.499993       0.499993       0.499993       0.499993       0.499992       0.499992       0.499991       0.499990       0.499989       0.499988       0.499986       0.499984       0.499982       0.499980       0.499977       0.499974       0.499971       0.499966       0.499962       0.499956       0.499950       0.499943       0.499934       0.499924       0.499913       0.499900       0.499886       0.499868       0.499849       0.499826       0.499800       0.499770       0.499736       0.499696       0.499650       0.499597       0.499537       0.499467       0.499386       0.499293       0.499187       0.499064       0.498922       0.498760       0.498572       0.498357       0.498109       0.497825       0.497498       0.497122       0.496691       0.496198       0.495633       0.494988       0.494253       0.493417       0.492471       0.491405       0.490212       0.488888       0.487435       0.485863       0.484198       0.482483       0.480788       0.479215       0.477897       0.476994       0.476665       0.477024       0.478059       0.479569       0.481123       0.482115       0.481900       0.479994       0.476322       0.471509       0.467314       0.467314
       0.467314       0.467314       0.471509       0.476322       0.479994       0.481900       0.482115       0.481123       0.479569       0.478059       0.477023       0.476665       0.476994       0.477897       0.479215       0.480788       0.482483       0.484198       0.485863       0.487435       0.488888       0.490212       0.491405       0.492471       0.493417       0.494252       0.494988       0.495633       0.496198       0.496691       0.497122       0.497497       0.497824       0.498109       0.498357       0.498572       0.498759       0.498922       0.499063       0.499186       0.499293       0.499386       0.499466       0.499536       0.499597       0.499650       0.499695       0.499735       0.499770       0.499800       0.499826       0.499849       0.499868       0.499885       0.499900       0.499913       0.499924       0.499934       0.499942       0.499950       0.499956       0.499961       0.499966       0.499970       0.499974       0.499977       0.499980       0.499982       0.499984       0.499986       0.499987       0.499989       0.499990       0.499991       0.499991       0.499992       0.499992       0.499993       0.499993       0.499993       0.499993       0.499993       0.499993       0.499993       0.499992       0.499992       0.499991       0.499991       0.499990       0.499989       0.499987       0.499986       0.499984       0.499982       0.499980       0.499977       0.499974       0.499970       0.499966       0.499961       0.499956       0.499950       0.499942       0.499934       0.499924       0.499913       0.499900       0.499885       0.499868       0.499849       0.499826       0.499800       0.499770       0.499735       0.499695       0.499650       0.499597       0.499536       0.499466       0.499386       0.499293       0.499186       0.499063       0.498922       0.498759       0.498572       0.498357       0.498109       0.497824       0.497497       0.497122       0.496691       0.496198       0.495633       0.494988       0.494252       0.493417       0.492471       0.491405       0.490212       0.488888       0.487435       0.485863       0.484198       0.482483       0.480788       0.479215       0.477897       0.476994       0.476665       0.477023       0.478059       0.479569       0.481123       0.482115       0.481900       0.479994       0.476322       0.471509       0.467314       0.467314
       0.467314       0.467314       0.471509       0.476322       0.479994       0.481900       0.482115       0.481123       0.479569       0.478059       0.477023       0.476665       0.476994       0.477897       0.479215       0.480788       0.482483       0.484197       0.485863       0.487434       0.488888       0.490212       0.491405       0.492471       0.493417       0.494252       0.494987       0.495633       0.496197       0.496691       0.497122       0.497497       0.497824       0.498109       0.498356       0.498572       0.498759       0.498922       0.499063       0.499186       0.499293       0.499385       0.499466       0.499536       0.499597       0.499649       0.499695       0.499735       0.499769       0.499799       0.499825       0.499848       0.499868       0.499885       0.499900       0.499913       0.499924       0.499933       0.499942       0.499949       0.499956       0.499961       0.499966       0.499970       0.499974       0.499977       0.499980       0.499982       0.499984       0.499986       0.499987       0.499988       0.499989       0.499990       0.499991       0.499992       0.499992       0.499993       0.499993       0.499993       0.499993       0.499993       0.499993       0.499993       0.499992       0.499992       0.499991       0.499990       0.499989       0.499988       0.499987       0.499986       0.499984       0.499982       0.499980       0.499977       0.499974       0.499970       0.499966       0.499961       0.499956       0.499949       0.499942       0.499933       0.499924       0.499913       0.499900       0.499885       0.499868       0.499848       0.499825       0.499799       0.499769       0.499735       0.499695       0.499649       0.499597       0.499536       0.499466       0.499385       0.499293       0.499186       0.499063       0.498922       0.498759       0.498572       0.498356       0.498109       0.497824       0.497497       0.497122       0.496691       0.496197       0.495633       0.494987       0.494252       0.493417       0.492471       0.491405       0.490212       0.488888       0.487434       0.485863       0.484197       0.482483       0.480788       0.479215       0.477897       0.476994       0.476665       0.477023       0.478059       0.479569       0.481123       0.482115       0.481900       0.479994       0.476322       0.471509       0.467314       0.467314
       0.467314       0.467314       0.471509       0.476322       0.479994       0.481900       0.482115       0.481123       0.479569       0.478059       0.477023       0.476665       0.476993       0.477897       0.479215       0.480788       0.482483       0.484197       0.485862       0.487434       0.488888       0.490212       0.491405       0.492470       0.493416       0.494252       0.494987       0.495632       0.496197       0.496690       0.497121       0.497497       0.497824       0.498108       0.498356       0.498571       0.498759       0.498921       0.499063       0.499186       0.499292       0.499385       0.499465       0.499535       0.499596       0.499649       0.499695       0.499734       0.499769       0.499799       0.499825       0.499848       0.499867       0.499884       0.499899       0.499912       0.499923       0.499933       0.499942       0.499949       0.499955       0.499961       0.499966       0.499970       0.499973       0.499976       0.499979       0.499982       0.499984       0.499985       0.499987       0.499988       0.499989       0.499990       0.499991       0.499991       0.499992       0.499992       0.499993       0.499993       0.499993       0.499993       0.499993       0.499992       0.499992       0.499991       0.499991       0.499990       0.499989       0.499988       0.499987       0.499985       0.499984       0.499982       0.499979       0.499976       0.499973       0.499970       0.499966       0.499961       0.499955       0.499949       0.499942       0.499933       0.499923       0.499912       0.499899       0.499884       0.499867       0.499848       0.499825       0.499799       0.499769       0.499734       0.499695       0.499649       0.499596       0.499535       0.499465       0.499385       0.499292       0.499186       0.499063       0.498921       0.498759       0.498571       0.498356       0.498108       0.497824       0.497497       0.497121       0.496690       0.496197       0.495632       0.494987       0.494252       0.493416       0.492470       0.491405       0.490212       0.488888       0.487434       0.485862       0.484197       0.482483       0.480788       0.479215       0.477897       0.476993       0.476665       0.477023       0.478059       0.479569       0.481123       0.482115       0.481900       0.479994       0.476322       0.471509       0.467314       0.467314
       0.467314       0.467314       0.471509       0.476322       0.479994       0.481900       0.482115       0.481123       0.479569       0.478059       0.477023       0.476665       0.476993       0.477897       0.479215       0.480788       0.482482       0.484197       0.485862       0.487434       0.488887       0.490211       0.491404       0.492470       0.493416       0.494251       0.494987       0.495632       0.496197       0.496690       0.497121       0.497496       0.497823       0.498108       0.498355       0.498571       0.498758       0.498921       0.499062       0.499185       0.499292       0.499384       0.499465       0.499535       0.499596       0.499648       0.499694       0.499734       0.499768       0.499798       0.499825       0.499847       0.499867       0.499884       0.499899       0.499912       0.499923       0.499933       0.499941       0.499948       0.499955       0.499960       0.499965       0.499969       0.499973       0.499976       0.499979       0.499981       0.499983       0.499985       0.499986       0.499988       0.499989       0.499990       0.499991       0.499991       0.499992       0.499992       0.499992       0.499992       0.499992       0.499992       0.499992       0.499992       0.499992       0.499991       0.499991       0.499990       0.499989       0.499988       0.499986       0.499985       0.499983       0.499981       0.499979       0.499976       0.499973       0.499969       0.499965       0.499960       0.499955       0.499948       0.499941       0.499933       0.499923       0.499912       0.499899       0.499884       0.499867       0.499847       0.499825       0.499798       0.499768       0.499734       0.499694       0.499648       0.499596       0.499535       0.499465       0.499384       0.499292       0.499185       0.499062       0.498921       0.498758       0.498571       0.498355       0.498108       0.497823       0.497496       0.497121       0.496690       0.496197       0.495632       0.494987       0.494251       0.493416       0.492470       0.491404       0.490211       0.488887       0.487434       0.485862       0.484197       0.482482       0.480788       0.479215       0.477897       0.476993       0.476665       0.477023       0.478059       0.479569       0.481123       0.482115       0.481900       0.479994       0.476322       0.471509       0.467314       0.467314
       0.467314       0.467314       0.471509       0.476322       0.479994       0.481900       0.482115       0.481123       0.479569       0.478059       0.477023       0.476665       0.476993       0.477897       0.479215       0.480788       0.482482       0.484197       0.485862       0.487434       0.488887       0.490211       0.491404       0.492470       0.493415       0.494251       0.494986       0.495631       0.496196       0.496690       0.497120       0.497496       0.497823       0.498107       0.498355       0.498570       0.498757       0.498920       0.499062       0.499184       0.499291       0.499384       0.499464       0.499534       0.499595       0.499648       0.499694       0.499733       0.499768       0.499798       0.499824       0.499847       0.499866       0.499883       0.499898       0.499911       0.499922       0.499932       0.499941       0.499948       0.499954       0.499960       0.499965       0.499969       0.499972       0.499976       0.499978       0.499981       0.499983       0.499985       0.499986       0.499987       0.499988       0.499989       0.499990       0.499991       0.499991       0.499992       0.499992       0.499992       0.499992       0.499992       0.499992       0.499992       0.499991       0.499991       0.499990       0.499989       0.499988       0.499987       0.499986       0.499985       0.499983       0.499981       0.499978       0.499976       0.499972       0.499969       0.499965       0.499960       0.499954       0.499948       0.499941       0.499932       0.499922       0.499911       0.499898       0.499883       0.499866       0.499847       0.499824       0.499798       0.499768       0.499733       0.499694       0.499648       0.499595       0.499534       0.499464       0.499384       0.499291       0.499184       0.499062       0.498920       0.498757       0.498570       0.498355       0.498107       0.497823       0.497496       0.497120       0.496690       0.496196       0.495631       0.494986       0.494251       0.493415       0.492470       0.491404       0.490211       0.488887       0.487434       0.485862       0.484197       0.482482       0.480788       0.479215       0.477897       0.476993       0.476665       0.477023       0.478059       0.479569       0.481123       0.482115       0.481900       0.479994       0.476322       0.471509       0.467314       0.467314
       0.467314       0.467314       0.471509       0.476322       0.479994       0.481900       0.482115       0.481123       0.479569       0.478059       0.477023       0.476665       0.476993       0.477896       0.479214       0.480788       0.482482       0.484196       0.485862       0.487433       0.488887       0.490211       0.491404       0.492469       0.493415       0.494250       0.494986       0.495631       0.496195       0.496689       0.497120       0.497495       0.497822       0.498107       0.498354       0.498570       0.498757       0.498919       0.499061       0.499184       0.499290       0.499383       0.499464       0.499534       0.499594       0.499647       0.499693       0.499733       0.499767       0.499797       0.499823       0.499846       0.499866       0.499883       0.499898       0.499911       0.499922       0.499931       0.499940       0.499947       0.499954       0.499959       0.499964       0.499968       0.499972       0.499975       0.499978       0.499980       0.499982       0.499984       0.499986       0.499987       0.499988       0.499989       0.499990       0.499990       0.499991       0.499991       0.499992       0.499992       0.499992       0.499992       0.499992       0.499991       0.499991       0.499990       0.499990       0.499989       0.499988       0.499987       0.499986       0.499984       0.499982       0.499980       0.499978       0.499975       0.499972       0.499968       0.499964       0.499959       0.499954       0.499947       0.499940       0.499931       0.499922       0.499911       0.499898       0.499883       0.499866       0.499846       0.499823       0.499797       0.499767       0.499733       0.499693       0.499647       0.499594       0.499534       0.499464       0.499383       0.499290       0.499184       0.499061       0.498919       0.498757       0.498570       0.498354       0.498107       0.497822       0.497495       0.497120       0.496689       0.496195       0.495631       0.494986       0.494250       0.493415       0.492469       0.491404       0.490211       0.488887       0.487433       0.485862       0.484196       0.482482       0.480788       0.479214       0.477896       0.476993       0.476665       0.477023       0.478059       0.479569       0.481123       0.482115       0.481900       0.479994       0.476322       0.471509       0.467314       0.467314
       0.467314       0.467314       0.471509       0.476322       0.479994       0.481900       0.482115       0.481123       0.479569       0.478059       0.477023       0.476665       0.476993       0.477896       0.479214       0.480787       0.482482       0.484196       0.485861       0.487433       0.488886       0.490210       0.491403       0.492469       0.493414       0.494250       0.494985       0.495630       0.496195       0.496688       0.497119       0.497494       0.497821       0.498106       0.498353       0.498569       0.498756       0.498919       0.499060       0.499183       0.499290       0.499382       0.499463       0.499533       0.499593       0.499646       0.499692       0.499732       0.499766       0.499796       0.499823       0.499845       0.499865       0.499882       0.499897       0.499910       0.499921       0.499931       0.499939       0.499947       0.499953       0.499959       0.499963       0.499968       0.499971       0.499975       0.499977       0.499980       0.499982       0.499984       0.499985       0.499986       0.499987       0.499988       0.499989       0.499990       0.499990       0.499991       0.499991       0.499991       0.499991       0.499991       0.499991       0.499991       0.499990       0.499990       0.499989       0.499988       0.499987       0.499986       0.499985       0.499984       0.499982       0.499980       0.499977       0.499975       0.499971       0.499968       0.499963       0.499959       0.499953       0.499947       0.499939       0.499931       0.499921       0.499910       0.499897       0.499882       0.499865       0.499845       0.499823       0.499796       0.499766       0.499732       0.499692       0.499646       0.499593       0.499533       0.499463       0.499382       0.499290       0.499183       0.499060       0.498919       0.498756       0.498569       0.498353       0.498106       0.497821       0.497494       0.497119       0.496688       0.496195       0.495630       0.494985       0.494250       0.493414       0.492469       0.491403       0.490210       0.488886       0.487433       0.485861       0.484196       0.482482       0.480787       0.479214       0.477896       0.476993       0.476665       0.477023       0.478059       0.479569       0.481123       0.482115       0.481900       0.479994       0.476322       0.471509       0.467314       0.467314
       0.467314       0.467314       0.471509       0.476322       0.479994       0.481899       0.482115       0.481123       0.479569       0.478059       0.477023       0.476665       0.476993       0.477896       0.479214       0.480787       0.482481       0.484196       0.485861       0.487432       0.488886       0.490210       0.491402       0.492468       0.493414       0.494249       0.494984       0.495629       0.496194       0.496687       0.497118       0.497493       0.497820       0.498105       0.498353       0.498568       0.498755       0.498918       0.499059       0.499182       0.499289       0.499381       0.499462       0.499532       0.499592       0.499645       0.499691       0.499731       0.499765       0.499795       0.499822       0.499844       0.499864       0.499881       0.499896       0.499909       0.499920       0.499930       0.499938       0.499946       0.499952       0.499958       0.499963       0.499967       0.499971       0.499974       0.499977       0.499979       0.499981       0.499983       0.499984       0.499986       0.499987       0.499988       0.499989       0.499989       0.499990       0.499990       0.499990       0.499991       0.499991       0.499991       0.499990       0.499990       0.499990       0.499989       0.499989       0.499988       0.499987       0.499986       0.499984       0.499983       0.499981       0.499979       0.499977       0.499974       0.499971       0.499967       0.499963       0.499958       0.499952       0.499946       0.499938       0.499930       0.499920       0.499909       0.499896       0.499881       0.499864       0.499844       0.499822       0.499795       0.499765       0.499731       0.499691       0.499645       0.499592       0.499532       0.499462       0.499381       0.499289       0.499182       0.499059       0.498918       0.498755       0.498568       0.498353       0.498105       0.497820       0.497493       0.497118       0.496687       0.496194       0.495629       0.494984       0.494249       0.493414       0.492468       0.491402       0.490210       0.488886       0.487432       0.485861       0.484196       0.482481       0.480787       0.479214       0.477896       0.476993       0.476665       0.477023       0.478059       0.479569       0.481123       0.482115       0.481899       0.479994       0.476322       0.471509       0.467314       0.467314
       0.467314       0.467314       0.471509       0.476322       0.479994       0.481899       0.482115       0.481123       0.479569       0.478059       0.477023       0.476664       0.476993       0.477896       0.479214       0.480787       0.482481       0.484195       0.485860       0.487432       0.488885       0.490209       0.491402       0.492467       0.493413       0.494248       0.494984       0.495628       0.496193       0.496687       0.497117       0.497492       0.497819       0.498104       0.498351       0.498567       0.498754       0.498917       0.499058       0.499181       0.499287       0.499380       0.499461       0.499531       0.499591       0.499644       0.499690       0.499730       0.499764       0.499794       0.499821       0.499843       0.499863       0.499880       0.499895       0.499908       0.499919       0.499929       0.499938       0.499945       0.499951       0.499957       0.499962       0.499966       0.499970       0.499973       0.499976       0.499978       0.499980       0.499982       0.499984       0.499985       0.499986       0.499987       0.499988       0.499989       0.499989       0.499990       0.499990       0.499990       0.499990       0.499990       0.499990       0.499990       0.499989       0.499989       0.499988       0.499987       0.499986       0.499985       0.499984       0.499982       0.499980       0.499978       0.499976       0.499973       0.499970       0.499966       0.499962       0.499957       0.499951       0.499945       0.499938       0.499929       0.499919       0.499908       0.499895       0.499880       0.499863       0.499843       0.499821       0.499794       0.499764       0.499730       0.499690       0.499644       0.499591       0.499531       0.499461       0.499380       0.499287       0.499181       0.499058       0.498917       0.498754       0.498567       0.498351       0.498104       0.497819       0.497492       0.497117       0.496687       0.496193       0.495628       0.494984       0.494248       0.493413       0.492467       0.491402       0.490209       0.488885       0.487432       0.485860       0.484195       0.482481       0.480787       0.479214       0.477896       0.476993       0.476664       0.477023       0.478059       0.479569       0.481123       0.482115       0.481899       0.479994       0.476322       0.471509       0.467314       0.467314
       0.467314       0.467314       0.471509       0.476322       0.479994       0.481899       0.482115       0.481123       0.479568       0.478058       0.477023       0.476664       0.476992       0.477896       0.479213       0.480786       0.482480       0.484195       0.485860       0.487431       0.488884       0.490208       0.491401       0.492466       0.493412       0.494247       0.494983       0.495627       0.496192       0.496685       0.497116       0.497491       0.497818       0.498103       0.498350       0.498566       0.498753       0.498915       0.499057       0.499179       0.499286       0.499379       0.499459       0.499529       0.499590       0.499643       0.499689       0.499729       0.499763       0.499793       0.499819       0.499842       0.499862       0.499879       0.499894       0.499907       0.499918       0.499928       0.499937       0.499944       0.499950       0.499956       0.499961       0.499965       0.499969       0.499972       0.499975       0.499977       0.499980       0.499981       0.499983       0.499984       0.499985       0.499986       0.499987       0.499988       0.499988       0.499989       0.499989       0.499989       0.499989       0.499989       0.499989       0.499989       0.499988       0.499988       0.499987       0.499986       0.499985       0.499984       0.499983       0.499981       0.499980       0.499977       0.499975       0.499972       0.499969       0.499965       0.499961       0.499956       0.499950       0.499944       0.499937       0.499928       0.499918       0.499907       0.499894       0.499879       0.499862       0.499842       0.499819       0.499793       0.499763       0.499729       0.499689       0.499643       0.499590       0.499529       0.499459       0.499379       0.499286       0.499179       0.499057       0.498915       0.498753       0.498566       0.498350       0.498103       0.497818       0.497491       0.497116       0.496685       0.496192       0.495627       0.494983       0.494247       0.493412       0.492466       0.491401       0.490208       0.488884       0.487431       0.485860       0.484195       0.482480       0.480786       0.479213       0.477896       0.476992       0.476664       0.477023       0.478058       0.479568       0.481123       0.482115       0.481899       0.479994       0.476322       0.471509       0.467314       0.467314
       0.467314       0.467314       0.471509       0.476322       0.479994       0.481899       0.482115       0.481123       0.479568       0.478058       0.477023       0.476664       0.476992       0.477895       0.479213       0.480786       0.482480       0.484194       0.485859       0.487431       0.488884       0.490208       0.491400       0.492465       0.493411       0.494246       0.494981       0.495626       0.496191       0.496684       0.497115       0.497490       0.497817       0.498101       0.498349       0.498564       0.498751       0.498914       0.499055       0.499178       0.499285       0.499377       0.499458       0.499528       0.499589       0.499641       0.499687       0.499727       0.499762       0.499792       0.499818       0.499841       0.499860       0.499878       0.499893       0.499906       0.499917       0.499927       0.499935       0.499943       0.499949       0.499955       0.499960       0.499964       0.499968       0.499971       0.499974       0.499976       0.499979       0.499980       0.499982       0.499983       0.499985       0.499986       0.499986       0.499987       0.499988       0.499988       0.499988       0.499988       0.499989       0.499988       0.499988       0.499988       0.499988       0.499987       0.499986       0.499986       0.499985       0.499983       0.499982       0.499980       0.499979       0.499976       0.499974       0.499971       0.499968       0.499964       0.499960       0.499955       0.499949       0.499943       0.499935       0.499927       0.499917       0.499906       0.499893       0.499878       0.499860       0.499841       0.499818       0.499792       0.499762       0.499727       0.499687       0.499641       0.499589       0.499528       0.499458       0.499377       0.499285       0.499178       0.499055       0.498914       0.498751       0.498564       0.498349       0.498101       0.497817       0.497490       0.497115       0.496684       0.496191       0.495626       0.494981       0.494246       0.493411       0.492465       0.491400       0.490208       0.488884       0.487431       0.485859       0.484194       0.482480       0.480786       0.479213       0.477895       0.476992       0.476664       0.477023       0.478058       0.479568       0.481123       0.482115       0.481899       0.479994       0.476322       0.471509       0.467314       0.467314
       0.467314       0.467314       0.471509       0.476322       0.479994       0.481899       0.482115       0.481123       0.479568       0.478058       0.477022       0.476664       0.476992       0.477895       0.479213       0.480785       0.482479       0.484194       0.485858       0.487430       0.488883       0.490207       0.491399       0.492464       0.493410       0.494245       0.494980       0.495625       0.496189       0.496683       0.497113       0.497488       0.497815       0.498100       0.498347       0.498562       0.498750       0.498912       0.499053       0.499176       0.499283       0.499376       0.499456       0.499526       0.499587       0.499640       0.499685       0.499725       0.499760       0.499790       0.499816       0.499839       0.499859       0.499876       0.499891       0.499904       0.499915       0.499925       0.499934       0.499941       0.499948       0.499954       0.499959       0.499963       0.499967       0.499970       0.499973       0.499975       0.499978       0.499979       0.499981       0.499982       0.499984       0.499985       0.499985       0.499986       0.499987       0.499987       0.499987       0.499988       0.499988       0.499988       0.499987       0.499987       0.499987       0.499986       0.499985       0.499985       0.499984       0.499982       0.499981       0.499979       0.499978       0.499975       0.499973       0.499970       0.499967       0.499963       0.499959       0.499954       0.499948       0.499941       0.499934       0.499925       0.499915       0.499904       0.499891       0.499876       0.499859       0.499839       0.499816       0.499790       0.499760       0.499725       0.499685       0.499640       0.499587       0.499526       0.499456       0.499376       0.499283       0.499176       0.499053       0.498912       0.498750       0.498562       0.498347       0.498100       0.497815       0.497488       0.497113       0.496683       0.496189       0.495625       0.494980       0.494245       0.493410       0.492464       0.491399       0.490207       0.488883       0.487430       0.485858       0.484194       0.482479       0.480785       0.479213       0.477895       0.476992       0.476664       0.477022       0.478058       0.479568       0.481123       0.482115       0.481899       0.479994       0.476322       0.471509       0.467314       0.467314
       0.467314       0.467314       0.471509       0.476322       0.479994       0.481899       0.482115       0.481123       0.479568       0.478058       0.477022       0.476664       0.476991       0.477894       0.479212       0.480785       0.482479       0.484193       0.485858       0.487429       0.488882       0.490205       0.491398       0.492463       0.493409       0.494244       0.494979       0.495623       0.496188       0.496681       0.497111       0.497487       0.497813       0.498098       0.498345       0.498560       0.498748       0.498910       0.499051       0.499174       0.499281       0.499374       0.499454       0.499524       0.499585       0.499638       0.499684       0.499723       0.499758       0.499788       0.499814       0.499837       0.499857       0.499874       0.499889       0.499902       0.499914       0.499924       0.499932       0.499940       0.499946       0.499952       0.499957       0.499961       0.499965       0.499969       0.499972       0.499974       0.499976       0.499978       0.499980       0.499981       0.499982       0.499983       0.499984       0.499985       0.499986       0.499986       0.499986       0.499986       0.499987       0.499986       0.499986       0.499986       0.499986       0.499985       0.499984       0.499983       0.499982       0.499981       0.499980       0.499978       0.499976       0.499974       0.499972       0.499969       0.499965       0.499961       0.499957       0.499952       0.499946       0.499940       0.499932       0.499924       0.499914       0.499902       0.499889       0.499874       0.499857       0.499837       0.499814       0.499788       0.499758       0.499723       0.499684       0.499638       0.499585       0.499524       0.499454       0.499374       0.499281       0.499174       0.499051       0.498910       0.498748       0.498560       0.498345       0.498098       0.497813       0.497487       0.497111       0.496681       0.496188       0.495623       0.494979       0.494244       0.493409       0.492463       0.491398       0.490205       0.488882       0.487429       0.485858       0.484193       0.482479       0.480785       0.479212       0.477894       0.476991       0.476664       0.477022       0.478058       0.479568       0.481123       0.482115       0.481899       0.479994       0.476322       0.471509       0.467314       0.467314
       0.467314       0.467314       0.471509       0.476322       0.479994       0.481899       0.482115       0.481123       0.479568       0.478058       0.477022       0.476663       0.476991       0.477894       0.479211       0.480784       0.482478       0.484192       0.485857       0.487428       0.488881       0.490204       0.491396       0.492462       0.493407       0.494242       0.494977       0.495622       0.496186       0.496679       0.497109       0.497485       0.497811       0.498096       0.498343       0.498558       0.498745       0.498908       0.499049       0.499172       0.499279       0.499371       0.499452       0.499522       0.499582       0.499635       0.499681       0.499721       0.499756       0.499786       0.499812       0.499835       0.499855       0.499872       0.499887       0.499900       0.499912       0.499922       0.499930       0.499938       0.499945       0.499950       0.499955       0.499960       0.499964       0.499967       0.499970       0.499973       0.499975       0.499977       0.499978       0.499980       0.499981       0.499982       0.499983       0.499984       0.499984       0.499985       0.499985       0.499985       0.499985       0.499985       0.499985       0.499985       0.499984       0.499984       0.499983       0.499982       0.499981       0.499980       0.499978       0.499977       0.499975       0.499973       0.499970       0.499967       0.499964       0.499960       0.499955       0.499950       0.499945       0.499938       0.499930       0.499922       0.499912       0.499900       0.499887       0.499872       0.499855       0.499835       0.499812       0.499786       0.499756       0.499721       0.499681       0.499635       0.499582       0.499522       0.499452       0.499371       0.499279       0.499172       0.499049       0.498908       0.498745       0.498558       0.498343       0.498096       0.497811       0.497485       0.497109       0.496679       0.496186       0.495622       0.494977       0.494242       0.493407       0.492462       0.491396       0.490204       0.488881       0.487428       0.485857       0.484192       0.482478       0.480784       0.479211       0.477894       0.476991       0.476663       0.477022       0.478058       0.479568       0.481123       0.482115       0.481899       0.479994       0.476322       0.471509       0.467314       0.467314
       0.467314       0.467314       0.471509       0.476322       0.479994       0.481899       0.482115       0.481122       0.479568       0.478058       0.477022       0.476663       0.476991       0.477893       0.479211       0.480783       0.482477       0.484191       0.485855       0.487426       0.488879       0.490203       0.491395       0.492460       0.493405       0.494240       0.494975       0.495619       0.496184       0.496677       0.497107       0.497482       0.497809       0.498093       0.498341       0.498556       0.498743       0.498905       0.499046       0.499169       0.499276       0.499369       0.499449       0.499519       0.499580       0.499633       0.499679       0.499718       0.499753       0.499783       0.499810       0.499833       0.499852       0.499870       0.499885       0.499898       0.499909       0.499920       0.499928       0.499936       0.499943       0.499948       0.499954       0.499958       0.499962       0.499965       0.499968       0.499971       0.499973       0.499975       0.499977       0.499978       0.499980       0.499981       0.499982       0.499982       0.499983       0.499983       0.499984       0.499984       0.499984       0.499984       0.499984       0.499983       0.499983       0.499982       0.499982       0.499981       0.499980       0.499978       0.499977       0.499975       0.499973       0.499971       0.499968       0.499965       0.499962       0.499958       0.499954       0.499948       0.499943       0.499936       0.499928       0.499920       0.499909       0.499898       0.499885       0.499870       0.499852       0.499833       0.499810       0.499783       0.499753       0.499718       0.499679       0.499633       0.499580       0.499519       0.499449       0.499369       0.499276       0.499169       0.499046       0.498905       0.498743       0.498556       0.498341       0.498093       0.497809       0.497482       0.497107       0.496677       0.496184       0.495619       0.494975       0.494240       0.493405       0.492460       0.491395       0.490203       0.488879       0.487426       0.485855       0.484191       0.482477       0.480783       0.479211       0.477893       0.476991       0.476663       0.477022       0.478058       0.479568       0.481122       0.482115       0.481899       0.479994       0.476322       0.471509       0.467314       0.467314
       0.467314       0.467314       0.471509       0.476322       0.479994       0.481899       0.482115       0.481122       0.479568       0.478057       0.477021       0.476662       0.476990       0.477893       0.479210       0.480782       0.482476       0.484190       0.485854       0.487425       0.488877       0.490201       0.491393       0.492458       0.493403       0.494238       0.494972       0.495617       0.496181       0.496674       0.497104       0.497479       0.497806       0.498090       0.498338       0.498553       0.498740       0.498902       0.499043       0.499166       0.499273       0.499365       0.499446       0.499516       0.499577       0.499630       0.499675       0.499715       0.499750       0.499780       0.499807       0.499830       0.499850       0.499867       0.499882       0.499895       0.499907       0.499917       0.499926       0.499933       0.499940       0.499946       0.499951       0.499956       0.499960       0.499963       0.499966       0.499969       0.499971       0.499973       0.499975       0.499977       0.499978       0.499979       0.499980       0.499981       0.499981       0.499982       0.499982       0.499982       0.499982       0.499982       0.499982       0.499982       0.499981       0.499981       0.499980       0.499979       0.499978       0.499977       0.499975       0.499973       0.499971       0.499969       0.499966       0.499963       0.499960       0.499956       0.499951       0.499946       0.499940       0.499933       0.499926       0.499917       0.499907       0.499895       0.499882       0.499867       0.499850       0.499830       0.499807       0.499780       0.499750       0.499715       0.499675       0.499630       0.499577       0.499516       0.499446       0.499365       0.499273       0.499166       0.499043       0.498902       0.498740       0.498553       0.498338       0.498090       0.497806       0.497479       0.497104       0.496674       0.496181       0.495617       0.494972       0.494238       0.493403       0.492458       0.491393       0.490201       0.488877       0.487425       0.485854       0.484190       0.482476       0.480782       0.479210       0.477893       0.476990       0.476662       0.477021       0.478057       0.479568       0.481122       0.482115       0.481899       0.479994       0.476322       0.471509       0.467314       0.467314
       0.467314       0.467314       0.471509       0.476322       0.479994       0.481899       0.482114       0.481122       0.479567       0.478057       0.477021       0.476662       0.476989       0.477892       0.479209       0.480781       0.482475       0.484188       0.485852       0.487423       0.488876       0.490199       0.491391       0.492455       0.493400       0.494235       0.494970       0.495614       0.496178       0.496671       0.497101       0.497476       0.497803       0.498087       0.498334       0.498549       0.498736       0.498898       0.499040       0.499162       0.499269       0.499362       0.499442       0.499512       0.499573       0.499626       0.499672       0.499712       0.499747       0.499777       0.499803       0.499826       0.499846       0.499864       0.499879       0.499892       0.499904       0.499914       0.499923       0.499931       0.499938       0.499943       0.499949       0.499953       0.499957       0.499961       0.499964       0.499967       0.499969       0.499971       0.499973       0.499974       0.499976       0.499977       0.499978       0.499979       0.499979       0.499980       0.499980       0.499980       0.499980       0.499980       0.499980       0.499980       0.499979       0.499979       0.499978       0.499977       0.499976       0.499974       0.499973       0.499971       0.499969       0.499967       0.499964       0.499961       0.499957       0.499953       0.499949       0.499943       0.499938       0.499931       0.499923       0.499914       0.499904       0.499892       0.499879       0.499864       0.499846       0.499826       0.499803       0.499777       0.499747       0.499712       0.499672       0.499626       0.499573       0.499512       0.499442       0.499362       0.499269       0.499162       0.499040       0.498898       0.498736       0.498549       0.498334       0.498087       0.497803       0.497476       0.497101       0.496671       0.496178       0.495614       0.494970       0.494235       0.493400       0.492455       0.491391       0.490199       0.488876       0.487423       0.485852       0.484188       0.482475       0.480781       0.479209       0.477892       0.476989       0.476662       0.477021       0.478057       0.479567       0.481122       0.482114       0.481899       0.479994       0.476322       0.471509       0.467314       0.467314
       0.467314       0.467314       0.471509       0.476322       0.479994       0.481899       0.482114       0.481122       0.479567       0.478057       0.477020       0.476661       0.476989       0.477891       0.479208       0.480780       0.482473       0.484187       0.485851       0.487421       0.488873       0.490196       0.491388       0.492453       0.493398       0.494232       0.494966       0.495611       0.496175       0.496667       0.497097       0.497472       0.497799       0.498083       0.498330       0.498545       0.498732       0.498894       0.499035       0.499158       0.499265       0.499357       0.499438       0.499508       0.499569       0.499622       0.499668       0.499708       0.499743       0.499773       0.499799       0.499822       0.499843       0.499860       0.499875       0.499889       0.499900       0.499911       0.499920       0.499927       0.499934       0.499940       0.499946       0.499950       0.499955       0.499958       0.499961       0.499964       0.499967       0.499969       0.499971       0.499972       0.499974       0.499975       0.499976       0.499977       0.499977       0.499978       0.499978       0.499978       0.499978       0.499978       0.499978       0.499978       0.499977       0.499977       0.499976       0.499975       0.499974       0.499972       0.499971       0.499969       0.499967       0.499964       0.499961       0.499958       0.499955       0.499950       0.499946       0.499940       0.499934       0.499927       0.499920       0.499911       0.499900       0.499889       0.499875       0.499860       0.499843       0.499822       0.499799       0.499773       0.499743       0.499708       0.499668       0.499622       0.499569       0.499508       0.499438       0.499357       0.499265       0.499158       0.499035       0.498894       0.498732       0.498545       0.498330       0.498083       0.497799       0.497472       0.497097       0.496667       0.496175       0.495611       0.494966       0.494232       0.493398       0.492453       0.491388       0.490196       0.488873       0.487421       0.485851       0.484187       0.482473       0.480780       0.479208       0.477891       0.476989       0.476661       0.477020       0.478057       0.479567       0.481122       0.482114       0.481899       0.479994       0.476322       0.471509       0.467314       0.467314
       0.467314       0.467314       0.471509       0.476322       0.479994       0.481899       0.482114       0.481122       0.479567       0.478056       0.477020       0.476660       0.476988       0.477890       0.479207       0.480778       0.482471       0.484185       0.485848       0.487419       0.488871       0.490194       0.491385       0.492449       0.493394       0.494229       0.494963       0.495607       0.496171       0.496663       0.497093       0.497468       0.497794       0.498078       0.498325       0.498540       0.498727       0.498889       0.499031       0.499153       0.499260       0.499352       0.499433       0.499503       0.499564       0.499617       0.499663       0.499703       0.499738       0.499768       0.499795       0.499818       0.499838       0.499856       0.499871       0.499885       0.499896       0.499907       0.499916       0.499924       0.499931       0.499937       0.499942       0.499947       0.499951       0.499955       0.499958       0.499961       0.499964       0.499966       0.499968       0.499970       0.499971       0.499972       0.499973       0.499974       0.499975       0.499975       0.499976       0.499976       0.499976       0.499976       0.499976       0.499975       0.499975       0.499974       0.499973       0.499972       0.499971       0.499970       0.499968       0.499966       0.499964       0.499961       0.499958       0.499955       0.499951       0.499947       0.499942       0.499937       0.499931       0.499924       0.499916       0.499907       0.499896       0.499885       0.499871       0.499856       0.499838       0.499818       0.499795       0.499768       0.499738       0.499703       0.499663       0.499617       0.499564       0.499503       0.499433       0.499352       0.499260       0.499153       0.499031       0.498889       0.498727       0.498540       0.498325       0.498078       0.497794       0.497468       0.497093       0.496663       0.496171       0.495607       0.494963       0.494229       0.493394       0.492449       0.491385       0.490194       0.488871       0.487419       0.485848       0.484185       0.482471       0.480778       0.479207       0.477890       0.476988       0.476660       0.477020       0.478056       0.479567       0.481122       0.482114       0.481899       0.479994       0.476322       0.471509       0.467314       0.467314
       0.467314       0.467314       0.471509       0.476322       0.479994       0.481899       0.482114       0.481121       0.479566       0.478056       0.477019       0.476660       0.476987       0.477889       0.479205       0.480777       0.482469       0.484182       0.485846       0.487416       0.488868       0.490190       0.491382       0.492446       0.493390       0.494224       0.494958       0.495602       0.496166       0.496658       0.497088       0.497463       0.497789       0.498073       0.498320       0.498535       0.498721       0.498884       0.499025       0.499148       0.499254       0.499347       0.499427       0.499497       0.499558       0.499611       0.499657       0.499698       0.499733       0.499763       0.499790       0.499813       0.499833       0.499851       0.499866       0.499880       0.499892       0.499902       0.499911       0.499920       0.499927       0.499933       0.499938       0.499943       0.499948       0.499951       0.499955       0.499958       0.499960       0.499963       0.499965       0.499966       0.499968       0.499969       0.499970       0.499971       0.499972       0.499973       0.499973       0.499973       0.499973       0.499973       0.499973       0.499973       0.499972       0.499971       0.499970       0.499969       0.499968       0.499966       0.499965       0.499963       0.499960       0.499958       0.499955       0.499951       0.499948       0.499943       0.499938       0.499933       0.499927       0.499920       0.499911       0.499902       0.499892       0.499880       0.499866       0.499851       0.499833       0.499813       0.499790       0.499763       0.499733       0.499698       0.499657       0.499611       0.499558       0.499497       0.499427       0.499347       0.499254       0.499148       0.499025       0.498884       0.498721       0.498535       0.498320       0.498073       0.497789       0.497463       0.497088       0.496658       0.496166       0.495602       0.494958       0.494224       0.493390       0.492446       0.491382       0.490190       0.488868       0.487416       0.485846       0.484182       0.482469       0.480777       0.479205       0.477889       0.476987       0.476660       0.477019       0.478056       0.479566       0.481121       0.482114       0.481899       0.479994       0.476322       0.471509       0.467314       0.467314
       0.467314       0.467314       0.471509       0.476321       0.479994       0.481898       0.482114       0.481121       0.479566       0.478055       0.477018       0.476659       0.476985       0.477887       0.479203       0.480775       0.482467       0.484180       0.485843       0.487413       0.488864       0.490187       0.491378       0.492442       0.493386       0.494220       0.494953       0.495597       0.496161       0.496653       0.497082       0.497457       0.497783       0.498067       0.498314       0.498528       0.498715       0.498877       0.499018       0.499141       0.499247       0.499340       0.499421       0.499491       0.499552       0.499605       0.499651       0.499691       0.499726       0.499757       0.499784       0.499807       0.499827       0.499845       0.499861       0.499874       0.499886       0.499897       0.499906       0.499915       0.499922       0.499928       0.499934       0.499939       0.499943       0.499947       0.499951       0.499954       0.499957       0.499959       0.499961       0.499963       0.499965       0.499966       0.499967       0.499968       0.499969       0.499969       0.499970       0.499970       0.499970       0.499970       0.499970       0.499969       0.499969       0.499968       0.499967       0.499966       0.499965       0.499963       0.499961       0.499959       0.499957       0.499954       0.499951       0.499947       0.499943       0.499939       0.499934       0.499928       0.499922       0.499915       0.499906       0.499897       0.499886       0.499874       0.499861       0.499845       0.499827       0.499807       0.499784       0.499757       0.499726       0.499691       0.499651       0.499605       0.499552       0.499491       0.499421       0.499340       0.499247       0.499141       0.499018       0.498877       0.498715       0.498528       0.498314       0.498067       0.497783       0.497457       0.497082       0.496653       0.496161       0.495597       0.494953       0.494220       0.493386       0.492442       0.491378       0.490187       0.488864       0.487413       0.485843       0.484180       0.482467       0.480775       0.479203       0.477887       0.476985       0.476659       0.477018       0.478055       0.479566       0.481121       0.482114       0.481898       0.479994       0.476321       0.471509       0.467314       0.467314
       0.467314       0.467314       0.471509       0.476321       0.479993       0.481898       0.482113       0.481121       0.479565       0.478054       0.477017       0.476657       0.476984       0.477885       0.479201       0.480772       0.482464       0.484177       0.485840       0.487409       0.488860       0.490182       0.491373       0.492437       0.493381       0.494214       0.494948       0.495591       0.496154       0.496646       0.497076       0.497450       0.497776       0.498060       0.498306       0.498521       0.498707       0.498870       0.499011       0.499133       0.499240       0.499332       0.499413       0.499483       0.499544       0.499597       0.499643       0.499684       0.499719       0.499750       0.499776       0.499800       0.499820       0.499838       0.499854       0.499868       0.499880       0.499891       0.499901       0.499909       0.499916       0.499923       0.499929       0.499934       0.499939       0.499943       0.499946       0.499950       0.499952       0.499955       0.499957       0.499959       0.499961       0.499962       0.499963       0.499964       0.499965       0.499966       0.499966       0.499967       0.499967       0.499967       0.499966       0.499966       0.499965       0.499964       0.499963       0.499962       0.499961       0.499959       0.499957       0.499955       0.499952       0.499950       0.499946       0.499943       0.499939       0.499934       0.499929       0.499923       0.499916       0.499909       0.499901       0.499891       0.499880       0.499868       0.499854       0.499838       0.499820       0.499800       0.499776       0.499750       0.499719       0.499684       0.499643       0.499597       0.499544       0.499483       0.499413       0.499332       0.499240       0.499133       0.499011       0.498870       0.498707       0.498521       0.498306       0.498060       0.497776       0.497450       0.497076       0.496646       0.496154       0.495591       0.494948       0.494214       0.493381       0.492437       0.491373       0.490182       0.488860       0.487409       0.485840       0.484177       0.482464       0.480772       0.479201       0.477885       0.476984       0.476657       0.477017       0.478054       0.479565       0.481121       0.482113       0.481898       0.479993       0.476321       0.471509       0.467314       0.467314
       0.467313       0.467313       0.471508       0.476321       0.479993       0.481898       0.482113       0.481120       0.479565       0.478054       0.477016       0.476656       0.476982       0.477883       0.479199       0.480770       0.482461       0.484173       0.485836       0.487405       0.488856       0.490177       0.491368       0.492431       0.493374       0.494208       0.494941       0.495584       0.496147       0.496639       0.497068       0.497442       0.497768       0.498051       0.498298       0.498512       0.498699       0.498861       0.499002       0.499124       0.499231       0.499323       0.499404       0.499474       0.499535       0.499588       0.499635       0.499675       0.499711       0.499741       0.499768       0.499792       0.499813       0.499831       0.499847       0.499861       0.499873       0.499884       0.499894       0.499902       0.499910       0.499917       0.499923       0.499928       0.499933       0.499937       0.499941       0.499944       0.499947       0.499950       0.499952       0.499955       0.499956       0.499958       0.499959       0.499960       0.499961       0.499962       0.499962       0.499963       0.499963       0.499963       0.499962       0.499962       0.499961       0.499960       0.499959       0.499958       0.499956       0.499955       0.499952       0.499950       0.499947       0.499944       0.499941       0.499937       0.499933       0.499928       0.499923       0.499917       0.499910       0.499902       0.499894       0.499884       0.499873       0.499861       0.499847       0.499831       0.499813       0.499792       0.499768       0.499741       0.499711       0.499675       0.499635       0.499588       0.499535       0.499474       0.499404       0.499323       0.499231       0.499124       0.499002       0.498861       0.498699       0.498512       0.498298       0.498051       0.497768       0.497442       0.497068       0.496639       0.496147       0.495584       0.494941       0.494208       0.493374       0.492431       0.491368       0.490177       0.488856       0.487405       0.485836       0.484173       0.482461       0.480770       0.479199       0.477883       0.476982       0.476656       0.477016       0.478054       0.479565       0.481120       0.482113       0.481898       0.479993       0.476321       0.471508       0.467313       0.467313
       0.467313       0.467313       0.471508       0.476321       0.479993       0.481898       0.482113       0.481120       0.479564       0.478053       0.477015       0.476655       0.476981       0.477881       0.479196       0.480767       0.482458       0.484169       0.485831       0.487400       0.488850       0.490171       0.491361       0.492424       0.493367       0.494200       0.494933       0.495576       0.496139       0.496630       0.497059       0.497433       0.497758       0.498041       0.498288       0.498502       0.498689       0.498851       0.498991       0.499114       0.499220       0.499313       0.499394       0.499464       0.499525       0.499578       0.499625       0.499665       0.499701       0.499732       0.499759       0.499783       0.499804       0.499822       0.499838       0.499852       0.499865       0.499876       0.499886       0.499895       0.499903       0.499910       0.499916       0.499922       0.499927       0.499931       0.499935       0.499939       0.499942       0.499945       0.499947       0.499949       0.499951       0.499953       0.499954       0.499955       0.499956       0.499957       0.499958       0.499958       0.499958       0.499958       0.499958       0.499957       0.499956       0.499955       0.499954       0.499953       0.499951       0.499949       0.499947       0.499945       0.499942       0.499939       0.499935       0.499931       0.499927       0.499922       0.499916       0.499910       0.499903       0.499895       0.499886       0.499876       0.499865       0.499852       0.499838       0.499822       0.499804       0.499783       0.499759       0.499732       0.499701       0.499665       0.499625       0.499578       0.499525       0.499464       0.499394       0.499313       0.499220       0.499114       0.498991       0.498851       0.498689       0.498502       0.498288       0.498041       0.497758       0.497433       0.497059       0.496630       0.496139       0.495576       0.494933       0.494200       0.493367       0.492424       0.491361       0.490171       0.488850       0.487400       0.485831       0.484169       0.482458       0.480767       0.479196       0.477881       0.476981       0.476655       0.477015       0.478053       0.479564       0.481120       0.482113       0.481898       0.479993       0.476321       0.471508       0.467313       0.467313
       0.467313       0.467313       0.471508       0.476321       0.479993       0.481897       0.482112       0.481119       0.479563       0.478051       0.477014       0.476653       0.476978       0.477878       0.479193       0.480763       0.482454       0.484165       0.485826       0.487394       0.488844       0.490165       0.491354       0.492416       0.493359       0.494192       0.494924       0.495566       0.496129       0.496620       0.497048       0.497422       0.497747       0.498030       0.498276       0.498491       0.498677       0.498839       0.498979       0.499102       0.499208       0.499301       0.499382       0.499452       0.499513       0.499567       0.499613       0.499654       0.499689       0.499721       0.499748       0.499772       0.499793       0.499812       0.499828       0.499843       0.499856       0.499867       0.499877       0.499886       0.499894       0.499902       0.499908       0.499914       0.499919       0.499924       0.499928       0.499932       0.499935       0.499938       0.499941       0.499943       0.499945       0.499947       0.499949       0.499950       0.499951       0.499952       0.499952       0.499953       0.499953       0.499953       0.499952       0.499952       0.499951       0.499950       0.499949       0.499947       0.499945       0.499943       0.499941       0.499938       0.499935       0.499932       0.499928       0.499924       0.499919       0.499914       0.499908       0.499902       0.499894       0.499886       0.499877       0.499867       0.499856       0.499843       0.499828       0.499812       0.499793       0.499772       0.499748       0.499721       0.499689       0.499654       0.499613       0.499567       0.499513       0.499452       0.499382       0.499301       0.499208       0.499102       0.498979       0.498839       0.498677       0.498491       0.498276       0.498030       0.497747       0.497422       0.497048       0.496620       0.496129       0.495566       0.494924       0.494192       0.493359       0.492416       0.491354       0.490165       0.488844       0.487394       0.485826       0.484165       0.482454       0.480763       0.479193       0.477878       0.476978       0.476653       0.477014       0.478051       0.479563       0.481119       0.482112       0.481897       0.479993       0.476321       0.471508       0.467313       0.467313
       0.467313       0.467313       0.471508       0.476321       0.479993       0.481897       0.482112       0.481118       0.479562       0.478050       0.477012       0.476651       0.476976       0.477875       0.479190       0.480759       0.482449       0.484159       0.485820       0.487387       0.488837       0.490157       0.491345       0.492407       0.493350       0.494182       0.494913       0.495555       0.496117       0.496608       0.497036       0.497409       0.497734       0.498017       0.498263       0.498477       0.498663       0.498825       0.498966       0.499088       0.499194       0.499287       0.499368       0.499438       0.499499       0.499553       0.499600       0.499641       0.499676       0.499708       0.499735       0.499760       0.499781       0.499800       0.499817       0.499832       0.499845       0.499857       0.499867       0.499876       0.499885       0.499892       0.499899       0.499905       0.499911       0.499916       0.499920       0.499924       0.499928       0.499931       0.499934       0.499937       0.499939       0.499941       0.499942       0.499944       0.499945       0.499946       0.499946       0.499947       0.499947       0.499947       0.499946       0.499946       0.499945       0.499944       0.499942       0.499941       0.499939       0.499937       0.499934       0.499931       0.499928       0.499924       0.499920       0.499916       0.499911       0.499905       0.499899       0.499892       0.499885       0.499876       0.499867       0.499857       0.499845       0.499832       0.499817       0.499800       0.499781       0.499760       0.499735       0.499708       0.499676       0.499641       0.499600       0.499553       0.499499       0.499438       0.499368       0.499287       0.499194       0.499088       0.498966       0.498825       0.498663       0.498477       0.498263       0.498017       0.497734       0.497409       0.497036       0.496608       0.496117       0.495555       0.494913       0.494182       0.493350       0.492407       0.491345       0.490157       0.488837       0.487387       0.485820       0.484159       0.482449       0.480759       0.479190       0.477875       0.476976       0.476651       0.477012       0.478050       0.479562       0.481118       0.482112       0.481897       0.479993       0.476321       0.471508       0.467313       0.467313
       0.467313       0.467313       0.471508       0.476320       0.479992       0.481897       0.482111       0.481117       0.479561       0.478049       0.477010       0.476648       0.476973       0.477872       0.479185       0.480754       0.482443       0.484153       0.485813       0.487380       0.488828       0.490147       0.491336       0.492397       0.493338       0.494170       0.494901       0.495543       0.496104       0.496594       0.497022       0.497395       0.497719       0.498002       0.498248       0.498461       0.498647       0.498809       0.498949       0.499072       0.499178       0.499271       0.499352       0.499422       0.499483       0.499537       0.499584       0.499625       0.499661       0.499693       0.499721       0.499745       0.499767       0.499786       0.499803       0.499819       0.499832       0.499844       0.499855       0.499865       0.499874       0.499882       0.499889       0.499895       0.499901       0.499907       0.499911       0.499916       0.499920       0.499923       0.499926       0.499929       0.499931       0.499934       0.499935       0.499937       0.499938       0.499939       0.499940       0.499940       0.499940       0.499940       0.499940       0.499939       0.499938       0.499937       0.499935       0.499934       0.499931       0.499929       0.499926       0.499923       0.499920       0.499916       0.499911       0.499907       0.499901       0.499895       0.499889       0.499882       0.499874       0.499865       0.499855       0.499844       0.499832       0.499819       0.499803       0.499786       0.499767       0.499745       0.499721       0.499693       0.499661       0.499625       0.499584       0.499537       0.499483       0.499422       0.499352       0.499271       0.499178       0.499072       0.498949       0.498809       0.498647       0.498461       0.498248       0.498002       0.497719       0.497395       0.497022       0.496594       0.496104       0.495543       0.494901       0.494170       0.493338       0.492397       0.491336       0.490147       0.488828       0.487380       0.485813       0.484153       0.482443       0.480754       0.479185       0.477872       0.476973       0.476648       0.477010       0.478049       0.479561       0.481117       0.482111       0.481897       0.479992       0.476320       0.471508       0.467313       0.467313
       0.467313       0.467313       0.471508       0.476320       0.479992       0.481896       0.482110       0.481116       0.479560       0.478047       0.477008       0.476646       0.476969       0.477868       0.479181       0.480748       0.482437       0.484145       0.485805       0.487371       0.488818       0.490137       0.491324       0.492385       0.493326       0.494156       0.494887       0.495528       0.496089       0.496578       0.497006       0.497378       0.497702       0.497984       0.498230       0.498443       0.498629       0.498790       0.498931       0.499053       0.499159       0.499252       0.499333       0.499403       0.499465       0.499519       0.499566       0.499607       0.499644       0.499676       0.499704       0.499729       0.499751       0.499771       0.499788       0.499804       0.499818       0.499830       0.499842       0.499852       0.499861       0.499869       0.499877       0.499884       0.499890       0.499896       0.499901       0.499906       0.499910       0.499914       0.499917       0.499920       0.499923       0.499925       0.499927       0.499929       0.499930       0.499931       0.499932       0.499932       0.499933       0.499932       0.499932       0.499931       0.499930       0.499929       0.499927       0.499925       0.499923       0.499920       0.499917       0.499914       0.499910       0.499906       0.499901       0.499896       0.499890       0.499884       0.499877       0.499869       0.499861       0.499852       0.499842       0.499830       0.499818       0.499804       0.499788       0.499771       0.499751       0.499729       0.499704       0.499676       0.499644       0.499607       0.499566       0.499519       0.499465       0.499403       0.499333       0.499252       0.499159       0.499053       0.498931       0.498790       0.498629       0.498443       0.498230       0.497984       0.497702       0.497378       0.497006       0.496578       0.496089       0.495528       0.494887       0.494156       0.493326       0.492385       0.491324       0.490137       0.488818       0.487371       0.485805       0.484145       0.482437       0.480748       0.479181       0.477868       0.476969       0.476646       0.477008       0.478047       0.479560       0.481116       0.482110       0.481896       0.479992       0.476320       0.471508       0.467313       0.467313
       0.467313       0.467313       0.471507       0.476320       0.479991       0.481895       0.482109       0.481115       0.479558       0.478045       0.477005       0.476642       0.476966       0.477863       0.479175       0.480742       0.482429       0.484137       0.485795       0.487360       0.488807       0.490125       0.491311       0.492371       0.493311       0.494141       0.494870       0.495511       0.496071       0.496560       0.496986       0.497358       0.497682       0.497964       0.498209       0.498422       0.498607       0.498769       0.498909       0.499031       0.499137       0.499230       0.499311       0.499382       0.499443       0.499498       0.499545       0.499587       0.499623       0.499656       0.499684       0.499710       0.499732       0.499752       0.499770       0.499787       0.499801       0.499814       0.499826       0.499837       0.499847       0.499855       0.499863       0.499871       0.499878       0.499884       0.499889       0.499894       0.499899       0.499903       0.499907       0.499910       0.499913       0.499916       0.499918       0.499920       0.499921       0.499922       0.499923       0.499924       0.499924       0.499924       0.499923       0.499922       0.499921       0.499920       0.499918       0.499916       0.499913       0.499910       0.499907       0.499903       0.499899       0.499894       0.499889       0.499884       0.499878       0.499871       0.499863       0.499855       0.499847       0.499837       0.499826       0.499814       0.499801       0.499787       0.499770       0.499752       0.499732       0.499710       0.499684       0.499656       0.499623       0.499587       0.499545       0.499498       0.499443       0.499382       0.499311       0.499230       0.499137       0.499031       0.498909       0.498769       0.498607       0.498422       0.498209       0.497964       0.497682       0.497358       0.496986       0.496560       0.496071       0.495511       0.494870       0.494141       0.493311       0.492371       0.491311       0.490125       0.488807       0.487360       0.485795       0.484137       0.482429       0.480742       0.479175       0.477863       0.476966       0.476642       0.477005       0.478045       0.479558       0.481115       0.482109       0.481895       0.479991       0.476320       0.471507       0.467313       0.467313
       0.467312       0.467312       0.471507       0.476319       0.479991       0.481895       0.482108       0.481114       0.479556       0.478043       0.477002       0.476639       0.476961       0.477858       0.479168       0.480734       0.482421       0.484127       0.485784       0.487348       0.488794       0.490110       0.491296       0.492354       0.493293       0.494122       0.494851       0.495491       0.496050       0.496538       0.496964       0.497335       0.497659       0.497940       0.498184       0.498397       0.498582       0.498743       0.498884       0.499006       0.499112       0.499205       0.499286       0.499357       0.499419       0.499473       0.499521       0.499563       0.499600       0.499633       0.499662       0.499688       0.499711       0.499731       0.499750       0.499767       0.499782       0.499796       0.499808       0.499819       0.499830       0.499839       0.499848       0.499856       0.499863       0.499870       0.499876       0.499881       0.499886       0.499891       0.499895       0.499899       0.499902       0.499905       0.499907       0.499909       0.499911       0.499912       0.499913       0.499914       0.499914       0.499914       0.499913       0.499912       0.499911       0.499909       0.499907       0.499905       0.499902       0.499899       0.499895       0.499891       0.499886       0.499881       0.499876       0.499870       0.499863       0.499856       0.499848       0.499839       0.499830       0.499819       0.499808       0.499796       0.499782       0.499767       0.499750       0.499731       0.499711       0.499688       0.499662       0.499633       0.499600       0.499563       0.499521       0.499473       0.499419       0.499357       0.499286       0.499205       0.499112       0.499006       0.498884       0.498743       0.498582       0.498397       0.498184       0.497940       0.497659       0.497335       0.496964       0.496538       0.496050       0.495491       0.494851       0.494122       0.493293       0.492354       0.491296       0.490110       0.488794       0.487348       0.485784       0.484127       0.482421       0.480734       0.479168       0.477858       0.476961       0.476639       0.477002       0.478043       0.479556       0.481114       0.482108       0.481895       0.479991       0.476319       0.471507       0.467312       0.467312
       0.467312       0.467312       0.471507       0.476319       0.479990       0.481894       0.482107       0.481112       0.479554       0.478040       0.476999       0.476635       0.476956       0.477851       0.479161       0.480725       0.482410       0.484116       0.485772       0.487334       0.488779       0.490094       0.491278       0.492335       0.493273       0.494101       0.494829       0.495467       0.496026       0.496513       0.496939       0.497309       0.497632       0.497912       0.498156       0.498369       0.498554       0.498714       0.498854       0.498976       0.499083       0.499175       0.499257       0.499328       0.499390       0.499444       0.499493       0.499535       0.499573       0.499606       0.499636       0.499662       0.499686       0.499707       0.499726       0.499744       0.499760       0.499774       0.499787       0.499799       0.499810       0.499821       0.499830       0.499838       0.499846       0.499854       0.499860       0.499866       0.499872       0.499877       0.499882       0.499886       0.499889       0.499892       0.499895       0.499898       0.499899       0.499901       0.499902       0.499903       0.499903       0.499903       0.499902       0.499901       0.499899       0.499898       0.499895       0.499892       0.499889       0.499886       0.499882       0.499877       0.499872       0.499866       0.499860       0.499854       0.499846       0.499838       0.499830       0.499821       0.499810       0.499799       0.499787       0.499774       0.499760       0.499744       0.499726       0.499707       0.499686       0.499662       0.499636       0.499606       0.499573       0.499535       0.499493       0.499444       0.499390       0.499328       0.499257       0.499175       0.499083       0.498976       0.498854       0.498714       0.498554       0.498369       0.498156       0.497912       0.497632       0.497309       0.496939       0.496513       0.496026       0.495467       0.494829       0.494101       0.493273       0.492335       0.491278       0.490094       0.488779       0.487334       0.485772       0.484116       0.482410       0.480725       0.479161       0.477851       0.476956       0.476635       0.476999       0.478040       0.479554       0.481112       0.482107       0.481894       0.479990       0.476319       0.471507       0.467312       0.467312
       0.467312       0.467312       0.471506       0.476318       0.479989       0.481893       0.482106       0.481111       0.479552       0.478037       0.476995       0.476630       0.476950       0.477844       0.479152       0.480715       0.482399       0.484103       0.485757       0.487318       0.488761       0.490075       0.491257       0.492313       0.493250       0.494076       0.494803       0.495440       0.495998       0.496484       0.496909       0.497278       0.497600       0.497880       0.498124       0.498336       0.498520       0.498680       0.498820       0.498942       0.499048       0.499141       0.499223       0.499294       0.499356       0.499411       0.499460       0.499503       0.499541       0.499575       0.499605       0.499633       0.499657       0.499679       0.499699       0.499718       0.499734       0.499749       0.499763       0.499776       0.499788       0.499799       0.499809       0.499819       0.499827       0.499835       0.499843       0.499849       0.499856       0.499861       0.499866       0.499871       0.499875       0.499878       0.499882       0.499884       0.499886       0.499888       0.499889       0.499890       0.499890       0.499890       0.499889       0.499888       0.499886       0.499884       0.499882       0.499878       0.499875       0.499871       0.499866       0.499861       0.499856       0.499849       0.499843       0.499835       0.499827       0.499819       0.499809       0.499799       0.499788       0.499776       0.499763       0.499749       0.499734       0.499718       0.499699       0.499679       0.499657       0.499633       0.499605       0.499575       0.499541       0.499503       0.499460       0.499411       0.499356       0.499294       0.499223       0.499141       0.499048       0.498942       0.498820       0.498680       0.498520       0.498336       0.498124       0.497880       0.497600       0.497278       0.496909       0.496484       0.495998       0.495440       0.494803       0.494076       0.493250       0.492313       0.491257       0.490075       0.488761       0.487318       0.485757       0.484103       0.482399       0.480715       0.479152       0.477844       0.476950       0.476630       0.476995       0.478037       0.479552       0.481111       0.482106       0.481893       0.479989       0.476318       0.471506       0.467312       0.467312
       0.467311       0.467311       0.471506       0.476318       0.479989       0.481892       0.482104       0.481109       0.479549       0.478034       0.476991       0.476624       0.476943       0.477835       0.479142       0.480703       0.482385       0.484087       0.485740       0.487299       0.488740       0.490052       0.491233       0.492288       0.493223       0.494048       0.494773       0.495409       0.495965       0.496451       0.496874       0.497243       0.497563       0.497843       0.498086       0.498297       0.498481       0.498641       0.498781       0.498902       0.499009       0.499102       0.499183       0.499255       0.499317       0.499373       0.499422       0.499466       0.499505       0.499539       0.499570       0.499598       0.499624       0.499647       0.499668       0.499687       0.499705       0.499721       0.499736       0.499750       0.499763       0.499775       0.499786       0.499796       0.499805       0.499814       0.499822       0.499830       0.499837       0.499843       0.499849       0.499854       0.499858       0.499862       0.499866       0.499869       0.499871       0.499873       0.499874       0.499875       0.499875       0.499875       0.499874       0.499873       0.499871       0.499869       0.499866       0.499862       0.499858       0.499854       0.499849       0.499843       0.499837       0.499830       0.499822       0.499814       0.499805       0.499796       0.499786       0.499775       0.499763       0.499750       0.499736       0.499721       0.499705       0.499687       0.499668       0.499647       0.499624       0.499598       0.499570       0.499539       0.499505       0.499466       0.499422       0.499373       0.499317       0.499255       0.499183       0.499102       0.499009       0.498902       0.498781       0.498641       0.498481       0.498297       0.498086       0.497843       0.497563       0.497243       0.496874       0.496451       0.495965       0.495409       0.494773       0.494048       0.493223       0.492288       0.491233       0.490052       0.488740       0.487299       0.485740       0.484087       0.482385       0.480703       0.479142       0.477835       0.476943       0.476624       0.476991       0.478034       0.479549       0.481109       0.482104       0.481892       0.479989       0.476318       0.471506       0.467311       0.467311
       0.467311       0.467311       0.471505       0.476317       0.479988       0.481890       0.482103       0.481106       0.479546       0.478029       0.476985       0.476617       0.476934       0.477825       0.479130       0.480690       0.482370       0.484070       0.485720       0.487277       0.488717       0.490027       0.491206       0.492258       0.493191       0.494015       0.494739       0.495373       0.495927       0.496412       0.496834       0.497201       0.497521       0.497799       0.498041       0.498252       0.498436       0.498595       0.498735       0.498856       0.498963       0.499056       0.499137       0.499209       0.499272       0.499329       0.499378       0.499423       0.499462       0.499498       0.499530       0.499559       0.499585       0.499610       0.499632       0.499652       0.499671       0.499688       0.499704       0.499719       0.499733       0.499746       0.499759       0.499770       0.499780       0.499790       0.499799       0.499808       0.499815       0.499822       0.499829       0.499835       0.499840       0.499844       0.499848       0.499852       0.499854       0.499856       0.499858       0.499859       0.499859       0.499859       0.499858       0.499856       0.499854       0.499852       0.499848       0.499844       0.499840       0.499835       0.499829       0.499822       0.499815       0.499808       0.499799       0.499790       0.499780       0.499770       0.499759       0.499746       0.499733       0.499719       0.499704       0.499688       0.499671       0.499652       0.499632       0.499610       0.499585       0.499559       0.499530       0.499498       0.499462       0.499423       0.499378       0.499329       0.499272       0.499209       0.499137       0.499056       0.498963       0.498856       0.498735       0.498595       0.498436       0.498252       0.498041       0.497799       0.497521       0.497201       0.496834       0.496412       0.495927       0.495373       0.494739       0.494015       0.493191       0.492258       0.491206       0.490027       0.488717       0.487277       0.485720       0.484070       0.482370       0.480690       0.479130       0.477825       0.476934       0.476617       0.476985       0.478029       0.479546       0.481106       0.482103       0.481890       0.479988       0.476317       0.471505       0.467311       0.467311
       0.467310       0.467310       0.471504       0.476316       0.479987       0.481889       0.482101       0.481104       0.479543       0.478025       0.476979       0.476610       0.476925       0.477814       0.479117       0.480674       0.482352       0.484049       0.485698       0.487252       0.488689       0.489997       0.491174       0.492224       0.493155       0.493976       0.494698       0.495331       0.495884       0.496366       0.496787       0.497153       0.497472       0.497749       0.497990       0.498200       0.498383       0.498542       0.498681       0.498803       0.498909       0.499002       0.499084       0.499156       0.499220       0.499277       0.499328       0.499373       0.499413       0.499450       0.499483       0.499513       0.499541       0.499567       0.499590       0.499612       0.499632       0.499651       0.499668       0.499685       0.499700       0.499714       0.499728       0.499740       0.499752       0.499763       0.499773       0.499782       0.499791       0.499799       0.499806       0.499813       0.499819       0.499824       0.499828       0.499832       0.499835       0.499837       0.499839       0.499840       0.499840       0.499840       0.499839       0.499837       0.499835       0.499832       0.499828       0.499824       0.499819       0.499813       0.499806       0.499799       0.499791       0.499782       0.499773       0.499763       0.499752       0.499740       0.499728       0.499714       0.499700       0.499685       0.499668       0.499651       0.499632       0.499612       0.499590       0.499567       0.499541       0.499513       0.499483       0.499450       0.499413       0.499373       0.499328       0.499277       0.499220       0.499156       0.499084       0.499002       0.498909       0.498803       0.498681       0.498542       0.498383       0.498200       0.497990       0.497749       0.497472       0.497153       0.496787       0.496366       0.495884       0.495331       0.494698       0.493976       0.493155       0.492224       0.491174       0.489997       0.488689       0.487252       0.485698       0.484049       0.482352       0.480674       0.479117       0.477814       0.476925       0.476610       0.476979       0.478025       0.479543       0.481104       0.482101       0.481889       0.479987       0.476316       0.471504       0.467310       0.467310
       0.467309       0.467309       0.471504       0.476315       0.479985       0.481887       0.482098       0.481100       0.479538       0.478019       0.476972       0.476601       0.476914       0.477801       0.479101       0.480656       0.482331       0.484026       0.485671       0.487223       0.488657       0.489962       0.491137       0.492184       0.493113       0.493932       0.494652       0.495282       0.495833       0.496313       0.496732       0.497097       0.497414       0.497690       0.497931       0.498140       0.498322       0.498481       0.498619       0.498741       0.498847       0.498940       0.499023       0.499095       0.499160       0.499217       0.499269       0.499315       0.499357       0.499394       0.499429       0.499461       0.499490       0.499517       0.499542       0.499565       0.499587       0.499607       0.499626       0.499644       0.499661       0.499677       0.499692       0.499706       0.499719       0.499731       0.499743       0.499753       0.499763       0.499772       0.499780       0.499788       0.499794       0.499800       0.499805       0.499810       0.499813       0.499816       0.499818       0.499819       0.499819       0.499819       0.499818       0.499816       0.499813       0.499810       0.499805       0.499800       0.499794       0.499788       0.499780       0.499772       0.499763       0.499753       0.499743       0.499731       0.499719       0.499706       0.499692       0.499677       0.499661       0.499644       0.499626       0.499607       0.499587       0.499565       0.499542       0.499517       0.499490       0.499461       0.499429       0.499394       0.499357       0.499315       0.499269       0.499217       0.499160       0.499095       0.499023       0.498940       0.498847       0.498741       0.498619       0.498481       0.498322       0.498140       0.497931       0.497690       0.497414       0.497097       0.496732       0.496313       0.495833       0.495282       0.494652       0.493932       0.493113       0.492184       0.491137       0.489962       0.488657       0.487223       0.485671       0.484026       0.482331       0.480656       0.479101       0.477801       0.476914       0.476601       0.476972       0.478019       0.479538       0.481100       0.482098       0.481887       0.479985       0.476315       0.471504       0.467309       0.467309
       0.467309       0.467309       0.471503       0.476314       0.479984       0.481885       0.482096       0.481097       0.479534       0.478013       0.476964       0.476591       0.476902       0.477786       0.479083       0.480635       0.482307       0.483998       0.485641       0.487189       0.488620       0.489922       0.491093       0.492138       0.493064       0.493880       0.494597       0.495225       0.495774       0.496252       0.496669       0.497032       0.497348       0.497623       0.497862       0.498070       0.498251       0.498409       0.498547       0.498668       0.498775       0.498868       0.498951       0.499024       0.499090       0.499148       0.499200       0.499248       0.499291       0.499330       0.499366       0.499400       0.499431       0.499459       0.499486       0.499511       0.499535       0.499557       0.499578       0.499598       0.499617       0.499635       0.499651       0.499667       0.499682       0.499695       0.499708       0.499720       0.499732       0.499742       0.499751       0.499759       0.499767       0.499774       0.499779       0.499784       0.499788       0.499791       0.499794       0.499795       0.499795       0.499795       0.499794       0.499791       0.499788       0.499784       0.499779       0.499774       0.499767       0.499759       0.499751       0.499742       0.499732       0.499720       0.499708       0.499695       0.499682       0.499667       0.499651       0.499635       0.499617       0.499598       0.499578       0.499557       0.499535       0.499511       0.499486       0.499459       0.499431       0.499400       0.499366       0.499330       0.499291       0.499248       0.499200       0.499148       0.499090       0.499024       0.498951       0.498868       0.498775       0.498668       0.498547       0.498409       0.498251       0.498070       0.497862       0.497623       0.497348       0.497032       0.496669       0.496252       0.495774       0.495225       0.494597       0.493880       0.493064       0.492138       0.491093       0.489922       0.488620       0.487189       0.485641       0.483998       0.482307       0.480635       0.479083       0.477786       0.476902       0.476591       0.476964       0.478013       0.479534       0.481097       0.482096       0.481885       0.479984       0.476314       0.471503       0.467309       0.467309
       0.467308       0.467308       0.471502       0.476313       0.479982       0.481883       0.482093       0.481093       0.479528       0.478006       0.476955       0.476579       0.476887       0.477768       0.479062       0.480610       0.482279       0.483967       0.485605       0.487150       0.488578       0.489876       0.491044       0.492085       0.493007       0.493821       0.494534       0.495159       0.495705       0.496181       0.496596       0.496957       0.497271       0.497544       0.497781       0.497988       0.498168       0.498326       0.498464       0.498585       0.498691       0.498785       0.498868       0.498942       0.499008       0.499068       0.499121       0.499170       0.499215       0.499256       0.499294       0.499329       0.499362       0.499393       0.499422       0.499449       0.499475       0.499500       0.499523       0.499545       0.499566       0.499586       0.499604       0.499622       0.499639       0.499654       0.499669       0.499683       0.499695       0.499707       0.499718       0.499727       0.499736       0.499744       0.499750       0.499756       0.499760       0.499764       0.499766       0.499768       0.499768       0.499768       0.499766       0.499764       0.499760       0.499756       0.499750       0.499744       0.499736       0.499727       0.499718       0.499707       0.499695       0.499683       0.499669       0.499654       0.499639       0.499622       0.499604       0.499586       0.499566       0.499545       0.499523       0.499500       0.499475       0.499449       0.499422       0.499393       0.499362       0.499329       0.499294       0.499256       0.499215       0.499170       0.499121       0.499068       0.499008       0.498942       0.498868       0.498785       0.498691       0.498585       0.498464       0.498326       0.498168       0.497988       0.497781       0.497544       0.497271       0.496957       0.496596       0.496181       0.495705       0.495159       0.494534       0.493821       0.493007       0.492085       0.491044       0.489876       0.488578       0.487150       0.485605       0.483967       0.482279       0.480610       0.479062       0.477768       0.476887       0.476579       0.476955       0.478006       0.479528       0.481093       0.482093       0.481883       0.479982       0.476313       0.471502       0.467308       0.467308
       0.467307       0.467307       0.471501       0.476311       0.479980       0.481880       0.482089       0.481088       0.479522       0.477997       0.476944       0.476565       0.476870       0.477748       0.479038       0.480582       0.482247       0.483930       0.485565       0.487105       0.488528       0.489822       0.490986       0.492023       0.492942       0.493751       0.494462       0.495083       0.495626       0.496099       0.496511       0.496869       0.497181       0.497452       0.497688       0.497893       0.498073       0.498229       0.498367       0.498487       0.498594       0.498688       0.498772       0.498846       0.498914       0.498975       0.499030       0.499080       0.499127       0.499170       0.499210       0.499248       0.499283       0.499317       0.499348       0.499378       0.499407       0.499434       0.499460       0.499484       0.499508       0.499530       0.499551       0.499571       0.499590       0.499608       0.499624       0.499640       0.499654       0.499668       0.499680       0.499691       0.499701       0.499709       0.499717       0.499723       0.499729       0.499733       0.499736       0.499737       0.499738       0.499737       0.499736       0.499733       0.499729       0.499723       0.499717       0.499709       0.499701       0.499691       0.499680       0.499668       0.499654       0.499640       0.499624       0.499608       0.499590       0.499571       0.499551       0.499530       0.499508       0.499484       0.499460       0.499434       0.499407       0.499378       0.499348       0.499317       0.499283       0.499248       0.499210       0.499170       0.499127       0.499080       0.499030       0.498975       0.498914       0.498846       0.498772       0.498688       0.498594       0.498487       0.498367       0.498229       0.498073       0.497893       0.497688       0.497452       0.497181       0.496869       0.496511       0.496099       0.495626       0.495083       0.494462       0.493751       0.492942       0.492023       0.490986       0.489822       0.488528       0.487105       0.485565       0.483930       0.482247       0.480582       0.479038       0.477748       0.476870       0.476565       0.476944       0.477997       0.479522       0.481088       0.482089       0.481880       0.479980       0.476311       0.471501       0.467307       0.467307
       0.467305       0.467305       0.471499       0.476310       0.479978       0.481877       0.482085       0.481082       0.479514       0.477988       0.476932       0.476550       0.476851       0.477725       0.479011       0.480550       0.482209       0.483888       0.485517       0.487053       0.488471       0.489760       0.490919       0.491952       0.492866       0.493671       0.494377       0.494995       0.495534       0.496003       0.496412       0.496768       0.497077       0.497346       0.497579       0.497783       0.497961       0.498117       0.498254       0.498374       0.498481       0.498575       0.498660       0.498736       0.498804       0.498867       0.498924       0.498976       0.499025       0.499071       0.499114       0.499154       0.499192       0.499228       0.499263       0.499296       0.499327       0.499358       0.499387       0.499414       0.499441       0.499466       0.499490       0.499512       0.499534       0.499554       0.499573       0.499591       0.499607       0.499623       0.499637       0.499649       0.499661       0.499671       0.499679       0.499687       0.499693       0.499697       0.499701       0.499703       0.499703       0.499703       0.499701       0.499697       0.499693       0.499687       0.499679       0.499671       0.499661       0.499649       0.499637       0.499623       0.499607       0.499591       0.499573       0.499554       0.499534       0.499512       0.499490       0.499466       0.499441       0.499414       0.499387       0.499358       0.499327       0.499296       0.499263       0.499228       0.499192       0.499154       0.499114       0.499071       0.499025       0.498976       0.498924       0.498867       0.498804       0.498736       0.498660       0.498575       0.498481       0.498374       0.498254       0.498117       0.497961       0.497783       0.497579       0.497346       0.497077       0.496768       0.496412       0.496003       0.495534       0.494995       0.494377       0.493671       0.492866       0.491952       0.490919       0.489760       0.488471       0.487053       0.485517       0.483888       0.482209       0.480550       0.479011       0.477725       0.476851       0.476550       0.476932       0.477988       0.479514       0.481082       0.482085       0.481877       0.479978       0.476310       0.471499       0.467305       0.467305
       0.467304       0.467304       0.471498       0.476308       0.479975       0.481874       0.482080       0.481076       0.479506       0.477977       0.476918       0.476532       0.476829       0.477698       0.478979       0.480513       0.482166       0.483840       0.485463       0.486993       0.488405       0.489688       0.490842       0.491869       0.492778       0.493578       0.494279       0.494892       0.495427       0.495893       0.496298       0.496650       0.496956       0.497222       0.497454       0.497656       0.497832       0.497987       0.498123       0.498243       0.498349       0.498444       0.498530       0.498607       0.498677       0.498741       0.498801       0.498856       0.498907       0.498956       0.499002       0.499045       0.499087       0.499126       0.499165       0.499201       0.499236       0.499270       0.499303       0.499334       0.499364       0.499392       0.499419       0.499445       0.499470       0.499493       0.499515       0.499535       0.499554       0.499572       0.499588       0.499602       0.499615       0.499627       0.499637       0.499645       0.499652       0.499657       0.499661       0.499664       0.499664       0.499664       0.499661       0.499657       0.499652       0.499645       0.499637       0.499627       0.499615       0.499602       0.499588       0.499572       0.499554       0.499535       0.499515       0.499493       0.499470       0.499445       0.499419       0.499392       0.499364       0.499334       0.499303       0.499270       0.499236       0.499201       0.499165       0.499126       0.499087       0.499045       0.499002       0.498956       0.498907       0.498856       0.498801       0.498741       0.498677       0.498607       0.498530       0.498444       0.498349       0.498243       0.498123       0.497987       0.497832       0.497656       0.497454       0.497222       0.496956       0.496650       0.496298       0.495893       0.495427       0.494892       0.494279       0.493578       0.492778       0.491869       0.490842       0.489688       0.488405       0.486993       0.485463       0.483840       0.482166       0.480513       0.478979       0.477698       0.476829       0.476532       0.476918       0.477977       0.479506       0.481076       0.482080       0.481874       0.479975       0.476308       0.471498       0.467304       0.467304
       0.467303       0.467303       0.471496       0.476305       0.479972       0.481870       0.482075       0.481069       0.479496       0.477964       0.476901       0.476511       0.476803       0.477667       0.478942       0.480470       0.482117       0.483783       0.485400       0.486923       0.488329       0.489605       0.490752       0.491773       0.492676       0.493470       0.494165       0.494773       0.495303       0.495764       0.496165       0.496513       0.496815       0.497078       0.497307       0.497507       0.497682       0.497835       0.497971       0.498090       0.498197       0.498293       0.498379       0.498458       0.498530       0.498596       0.498658       0.498716       0.498771       0.498823       0.498872       0.498920       0.498965       0.499009       0.499051       0.499092       0.499131       0.499170       0.499206       0.499242       0.499275       0.499308       0.499339       0.499369       0.499397       0.499423       0.499448       0.499472       0.499493       0.499513       0.499532       0.499549       0.499564       0.499577       0.499588       0.499598       0.499606       0.499612       0.499617       0.499619       0.499620       0.499619       0.499617       0.499612       0.499606       0.499598       0.499588       0.499577       0.499564       0.499549       0.499532       0.499513       0.499493       0.499472       0.499448       0.499423       0.499397       0.499369       0.499339       0.499308       0.499275       0.499242       0.499206       0.499170       0.499131       0.499092       0.499051       0.499009       0.498965       0.498920       0.498872       0.498823       0.498771       0.498716       0.498658       0.498596       0.498530       0.498458       0.498379       0.498293       0.498197       0.498090       0.497971       0.497835       0.497682       0.497507       0.497307       0.497078       0.496815       0.496513       0.496165       0.495764       0.495303       0.494773       0.494165       0.493470       0.492676       0.491773       0.490752       0.489605       0.488329       0.486923       0.485400       0.483783       0.482117       0.480470       0.478942       0.477667       0.476803       0.476511       0.476901       0.477964       0.479496       0.481069       0.482075       0.481870       0.479972       0.476305       0.471496       0.467303       0.467303
       0.467301       0.467301       0.471494       0.476303       0.479969       0.481865       0.482069       0.481060       0.479485       0.477949       0.476882       0.476487       0.476774       0.477631       0.478899       0.480420       0.482060       0.483719       0.485328       0.486843       0.488240       0.489510       0.490649       0.491662       0.492558       0.493345       0.494034       0.494635       0.495159       0.495615       0.496010       0.496354       0.496652       0.496911       0.497137       0.497335       0.497507       0.497659       0.497794       0.497913       0.498020       0.498116       0.498204       0.498284       0.498359       0.498428       0.498493       0.498554       0.498613       0.498669       0.498722       0.498774       0.498825       0.498873       0.498921       0.498966       0.499011       0.499054       0.499095       0.499136       0.499174       0.499212       0.499247       0.499281       0.499313       0.499344       0.499373       0.499399       0.499424       0.499448       0.499469       0.499488       0.499505       0.499520       0.499534       0.499545       0.499554       0.499561       0.499566       0.499569       0.499570       0.499569       0.499566       0.499561       0.499554       0.499545       0.499534       0.499520       0.499505       0.499488       0.499469       0.499448       0.499424       0.499399       0.499373       0.499344       0.499313       0.499281       0.499247       0.499212       0.499174       0.499136       0.499095       0.499054       0.499011       0.498966       0.498921       0.498873       0.498825       0.498774       0.498722       0.498669       0.498613       0.498554       0.498493       0.498428       0.498359       0.498284       0.498204       0.498116       0.498020       0.497913       0.497794       0.497659       0.497507       0.497335       0.497137       0.496911       0.496652       0.496354       0.496010       0.495615       0.495159       0.494635       0.494034       0.493345       0.492558       0.491662       0.490649       0.489510       0.488240       0.486843       0.485328       0.483719       0.482060       0.480420       0.478899       0.477631       0.476774       0.476487       0.476882       0.477949       0.479485       0.481060       0.482069       0.481865       0.479969       0.476303       0.471494       0.467301       0.467301
       0.467299       0.467299       0.471492       0.476300       0.479965       0.481860       0.482062       0.481051       0.479473       0.477933       0.476861       0.476460       0.476740       0.477590       0.478851       0.480363       0.481994       0.483644       0.485244       0.486750       0.488139       0.489399       0.490529       0.491534       0.492421       0.493200       0.493881       0.494475       0.494992       0.495441       0.495831       0.496169       0.496462       0.496718       0.496940       0.497134       0.497305       0.497455       0.497588       0.497707       0.497814       0.497912       0.498001       0.498083       0.498160       0.498232       0.498301       0.498367       0.498430       0.498490       0.498549       0.498607       0.498662       0.498717       0.498770       0.498822       0.498872       0.498921       0.498968       0.499014       0.499059       0.499101       0.499142       0.499181       0.499218       0.499253       0.499286       0.499317       0.499346       0.499373       0.499397       0.499419       0.499439       0.499457       0.499472       0.499485       0.499495       0.499504       0.499510       0.499513       0.499514       0.499513       0.499510       0.499504       0.499495       0.499485       0.499472       0.499457       0.499439       0.499419       0.499397       0.499373       0.499346       0.499317       0.499286       0.499253       0.499218       0.499181       0.499142       0.499101       0.499059       0.499014       0.498968       0.498921       0.498872       0.498822       0.498770       0.498717       0.498662       0.498607       0.498549       0.498490       0.498430       0.498367       0.498301       0.498232       0.498160       0.498083       0.498001       0.497912       0.497814       0.497707       0.497588       0.497455       0.497305       0.497134       0.496940       0.496718       0.496462       0.496169       0.495831       0.495441       0.494992       0.494475       0.493881       0.493200       0.492421       0.491534       0.490529       0.489399       0.488139       0.486750       0.485244       0.483644       0.481994       0.480363       0.478851       0.477590       0.476740       0.476460       0.476861       0.477933       0.479473       0.481051       0.482062       0.481860       0.479965       0.476300       0.471492       0.467299       0.467299
       0.467297       0.467297       0.471489       0.476297       0.479961       0.481854       0.482054       0.481040       0.479458       0.477914       0.476836       0.476429       0.476701       0.477543       0.478794       0.480297       0.481918       0.483558       0.485147       0.486643       0.488021       0.489271       0.490391       0.491385       0.492263       0.493032       0.493705       0.494290       0.494799       0.495240       0.495623       0.495955       0.496242       0.496492       0.496710       0.496901       0.497069       0.497217       0.497349       0.497468       0.497575       0.497674       0.497765       0.497850       0.497930       0.498006       0.498079       0.498149       0.498218       0.498284       0.498349       0.498413       0.498475       0.498536       0.498596       0.498655       0.498712       0.498768       0.498822       0.498875       0.498926       0.498975       0.499022       0.499067       0.499109       0.499150       0.499188       0.499224       0.499257       0.499288       0.499316       0.499341       0.499364       0.499385       0.499402       0.499417       0.499429       0.499439       0.499446       0.499450       0.499451       0.499450       0.499446       0.499439       0.499429       0.499417       0.499402       0.499385       0.499364       0.499341       0.499316       0.499288       0.499257       0.499224       0.499188       0.499150       0.499109       0.499067       0.499022       0.498975       0.498926       0.498875       0.498822       0.498768       0.498712       0.498655       0.498596       0.498536       0.498475       0.498413       0.498349       0.498284       0.498218       0.498149       0.498079       0.498006       0.497930       0.497850       0.497765       0.497674       0.497575       0.497468       0.497349       0.497217       0.497069       0.496901       0.496710       0.496492       0.496242       0.495955       0.495623       0.495240       0.494799       0.494290       0.493705       0.493032       0.492263       0.491385       0.490391       0.489271       0.488021       0.486643       0.485147       0.483558       0.481918       0.480297       0.478794       0.477543       0.476701       0.476429       0.476836       0.477914       0.479458       0.481040       0.482054       0.481854       0.479961       0.476297       0.471489       0.467297       0.467297
       0.467294       0.467294       0.471486       0.476293       0.479956       0.481848       0.482045       0.481028       0.479441       0.477892       0.476808       0.476393       0.476657       0.477489       0.478730       0.480222       0.481831       0.483459       0.485036       0.486520       0.487885       0.489123       0.490231       0.491214       0.492080       0.492838       0.493500       0.494075       0.494575       0.495007       0.495381       0.495706       0.495987       0.496231       0.496444       0.496631       0.496795       0.496941       0.497072       0.497190       0.497298       0.497398       0.497491       0.497579       0.497663       0.497743       0.497821       0.497898       0.497972       0.498045       0.498118       0.498189       0.498259       0.498328       0.498396       0.498463       0.498528       0.498592       0.498655       0.498715       0.498774       0.498830       0.498884       0.498936       0.498985       0.499032       0.499076       0.499117       0.499156       0.499191       0.499224       0.499253       0.499280       0.499303       0.499323       0.499341       0.499355       0.499366       0.499374       0.499378       0.499380       0.499378       0.499374       0.499366       0.499355       0.499341       0.499323       0.499303       0.499280       0.499253       0.499224       0.499191       0.499156       0.499117       0.499076       0.499032       0.498985       0.498936       0.498884       0.498830       0.498774       0.498715       0.498655       0.498592       0.498528       0.498463       0.498396       0.498328       0.498259       0.498189       0.498118       0.498045       0.497972       0.497898       0.497821       0.497743       0.497663       0.497579       0.497491       0.497398       0.497298       0.497190       0.497072       0.496941       0.496795       0.496631       0.496444       0.496231       0.495987       0.495706       0.495381       0.495007       0.494575       0.494075       0.493500       0.492838       0.492080       0.491214       0.490231       0.489123       0.487885       0.486520       0.485036       0.483459       0.481831       0.480222       0.478730       0.477489       0.476657       0.476393       0.476808       0.477892       0.479441       0.481028       0.482045       0.481848       0.479956       0.476293       0.471486       0.467294       0.467294
       0.467292       0.467292       0.471483       0.476289       0.479951       0.481840       0.482034       0.481014       0.479422       0.477867       0.476775       0.476352       0.476606       0.477427       0.478656       0.480135       0.481731       0.483345       0.484908       0.486377       0.487729       0.488952       0.490046       0.491015       0.491868       0.492614       0.493263       0.493826       0.494315       0.494736       0.495101       0.495417       0.495690       0.495927       0.496134       0.496316       0.496477       0.496620       0.496749       0.496867       0.496975       0.497077       0.497173       0.497264       0.497353       0.497439       0.497523       0.497606       0.497688       0.497769       0.497850       0.497930       0.498010       0.498088       0.498166       0.498242       0.498317       0.498390       0.498462       0.498532       0.498599       0.498665       0.498727       0.498787       0.498844       0.498898       0.498949       0.498996       0.499041       0.499082       0.499119       0.499153       0.499184       0.499211       0.499235       0.499254       0.499271       0.499283       0.499292       0.499298       0.499300       0.499298       0.499292       0.499283       0.499271       0.499254       0.499235       0.499211       0.499184       0.499153       0.499119       0.499082       0.499041       0.498996       0.498949       0.498898       0.498844       0.498787       0.498727       0.498665       0.498599       0.498532       0.498462       0.498390       0.498317       0.498242       0.498166       0.498088       0.498010       0.497930       0.497850       0.497769       0.497688       0.497606       0.497523       0.497439       0.497353       0.497264       0.497173       0.497077       0.496975       0.496867       0.496749       0.496620       0.496477       0.496316       0.496134       0.495927       0.495690       0.495417       0.495101       0.494736       0.494315       0.493826       0.493263       0.492614       0.491868       0.491015       0.490046       0.488952       0.487729       0.486377       0.484908       0.483345       0.481731       0.480135       0.478656       0.477427       0.476606       0.476352       0.476775       0.477867       0.479422       0.481014       0.482034       0.481840       0.479951       0.476289       0.471483       0.467292       0.467292
       0.467289       0.467289       0.471480       0.476285       0.479944       0.481831       0.482022       0.480997       0.479401       0.477838       0.476738       0.476305       0.476547       0.477356       0.478571       0.480035       0.481616       0.483214       0.484760       0.486213       0.487548       0.488755       0.489833       0.490786       0.491623       0.492354       0.492988       0.493538       0.494013       0.494423       0.494776       0.495081       0.495345       0.495574       0.495774       0.495950       0.496107       0.496247       0.496374       0.496491       0.496601       0.496704       0.496803       0.496899       0.496993       0.497085       0.497177       0.497268       0.497359       0.497450       0.497541       0.497631       0.497722       0.497811       0.497900       0.497988       0.498074       0.498159       0.498241       0.498322       0.498400       0.498475       0.498548       0.498617       0.498683       0.498745       0.498804       0.498859       0.498911       0.498958       0.499001       0.499041       0.499076       0.499107       0.499134       0.499157       0.499176       0.499191       0.499201       0.499207       0.499209       0.499207       0.499201       0.499191       0.499176       0.499157       0.499134       0.499107       0.499076       0.499041       0.499001       0.498958       0.498911       0.498859       0.498804       0.498745       0.498683       0.498617       0.498548       0.498475       0.498400       0.498322       0.498241       0.498159       0.498074       0.497988       0.497900       0.497811       0.497722       0.497631       0.497541       0.497450       0.497359       0.497268       0.497177       0.497085       0.496993       0.496899       0.496803       0.496704       0.496601       0.496491       0.496374       0.496247       0.496107       0.495950       0.495774       0.495574       0.495345       0.495081       0.494776       0.494423       0.494013       0.493538       0.492988       0.492354       0.491623       0.490786       0.489833       0.488755       0.487548       0.486213       0.484760       0.483214       0.481616       0.480035       0.478571       0.477356       0.476547       0.476305       0.476738       0.477838       0.479401       0.480997       0.482022       0.481831       0.479944       0.476285       0.471480       0.467289       0.467289
       0.467286       0.467286       0.471476       0.476280       0.479937       0.481822       0.482009       0.480979       0.479376       0.477805       0.476696       0.476251       0.476480       0.477274       0.478473       0.479920       0.481483       0.483063       0.484591       0.486024       0.487340       0.488528       0.489587       0.490521       0.491340       0.492053       0.492671       0.493204       0.493664       0.494059       0.494399       0.494692       0.494945       0.495164       0.495356       0.495525       0.495676       0.495813       0.495938       0.496055       0.496165       0.496271       0.496374       0.496475       0.496575       0.496675       0.496776       0.496877       0.496978       0.497081       0.497183       0.497286       0.497389       0.497492       0.497594       0.497695       0.497795       0.497892       0.497988       0.498081       0.498172       0.498259       0.498343       0.498423       0.498499       0.498571       0.498640       0.498703       0.498763       0.498817       0.498868       0.498913       0.498954       0.498990       0.499021       0.499048       0.499069       0.499086       0.499098       0.499105       0.499108       0.499105       0.499098       0.499086       0.499069       0.499048       0.499021       0.498990       0.498954       0.498913       0.498868       0.498817       0.498763       0.498703       0.498640       0.498571       0.498499       0.498423       0.498343       0.498259       0.498172       0.498081       0.497988       0.497892       0.497795       0.497695       0.497594       0.497492       0.497389       0.497286       0.497183       0.497081       0.496978       0.496877       0.496776       0.496675       0.496575       0.496475       0.496374       0.496271       0.496165       0.496055       0.495938       0.495813       0.495676       0.495525       0.495356       0.495164       0.494945       0.494692       0.494399       0.494059       0.493664       0.493204       0.492671       0.492053       0.491340       0.490521       0.489587       0.488528       0.487340       0.486024       0.484591       0.483063       0.481483       0.479920       0.478473       0.477274       0.476480       0.476251       0.476696       0.477805       0.479376       0.480979       0.482009       0.481822       0.479937       0.476280       0.471476       0.467286       0.467286
       0.467282       0.467282       0.471472       0.476274       0.479930       0.481811       0.481994       0.480958       0.479348       0.477768       0.476648       0.476189       0.476404       0.477180       0.478361       0.479789       0.481331       0.482889       0.484395       0.485807       0.487100       0.488266       0.489303       0.490216       0.491013       0.491705       0.492303       0.492817       0.493259       0.493637       0.493961       0.494240       0.494480       0.494688       0.494870       0.495032       0.495177       0.495309       0.495431       0.495547       0.495659       0.495768       0.495875       0.495983       0.496091       0.496200       0.496311       0.496423       0.496537       0.496653       0.496770       0.496888       0.497006       0.497124       0.497242       0.497358       0.497473       0.497587       0.497698       0.497805       0.497910       0.498011       0.498109       0.498201       0.498290       0.498374       0.498453       0.498526       0.498595       0.498658       0.498716       0.498769       0.498816       0.498858       0.498894       0.498924       0.498949       0.498969       0.498983       0.498991       0.498994       0.498991       0.498983       0.498969       0.498949       0.498924       0.498894       0.498858       0.498816       0.498769       0.498716       0.498658       0.498595       0.498526       0.498453       0.498374       0.498290       0.498201       0.498109       0.498011       0.497910       0.497805       0.497698       0.497587       0.497473       0.497358       0.497242       0.497124       0.497006       0.496888       0.496770       0.496653       0.496537       0.496423       0.496311       0.496200       0.496091       0.495983       0.495875       0.495768       0.495659       0.495547       0.495431       0.495309       0.495177       0.495032       0.494870       0.494688       0.494480       0.494240       0.493961       0.493637       0.493259       0.492817       0.492303       0.491705       0.491013       0.490216       0.489303       0.488266       0.487100       0.485807       0.484395       0.482889       0.481331       0.479789       0.478361       0.477180       0.476404       0.476189       0.476648       0.477768       0.479348       0.480958       0.481994       0.481811       0.479930       0.476274       0.471472       0.467282       0.467282
       0.467278       0.467278       0.471467       0.476268       0.479921       0.481799       0.481977       0.480935       0.479316       0.477726       0.476592       0.476119       0.476316       0.477074       0.478233       0.479638       0.481157       0.482690       0.484171       0.485557       0.486824       0.487964       0.488975       0.489863       0.490635       0.491303       0.491878       0.492369       0.492789       0.493148       0.493453       0.493715       0.493940       0.494135       0.494306       0.494458       0.494595       0.494722       0.494842       0.494958       0.495071       0.495183       0.495296       0.495411       0.495528       0.495648       0.495772       0.495898       0.496027       0.496159       0.496292       0.496427       0.496564       0.496700       0.496836       0.496971       0.497105       0.497236       0.497364       0.497490       0.497611       0.497729       0.497841       0.497949       0.498052       0.498149       0.498240       0.498326       0.498405       0.498478       0.498546       0.498606       0.498661       0.498709       0.498750       0.498786       0.498815       0.498837       0.498853       0.498863       0.498866       0.498863       0.498853       0.498837       0.498815       0.498786       0.498750       0.498709       0.498661       0.498606       0.498546       0.498478       0.498405       0.498326       0.498240       0.498149       0.498052       0.497949       0.497841       0.497729       0.497611       0.497490       0.497364       0.497236       0.497105       0.496971       0.496836       0.496700       0.496564       0.496427       0.496292       0.496159       0.496027       0.495898       0.495772       0.495648       0.495528       0.495411       0.495296       0.495183       0.495071       0.494958       0.494842       0.494722       0.494595       0.494458       0.494306       0.494135       0.493940       0.493715       0.493453       0.493148       0.492789       0.492369       0.491878       0.491303       0.490635       0.489863       0.488975       0.487964       0.486824       0.485557       0.484171       0.482690       0.481157       0.479638       0.478233       0.477074       0.476316       0.476119       0.476592       0.477726       0.479316       0.480935       0.481977       0.481799       0.479921       0.476268       0.471467       0.467278       0.467278
       0.467274       0.467274       0.471462       0.476261       0.479911       0.481785       0.481957       0.480908       0.479280       0.477678       0.476530       0.476039       0.476216       0.476951       0.478087       0.479466       0.480957       0.482462       0.483914       0.485270       0.486507       0.487617       0.488598       0.489456       0.490199       0.490839       0.491385       0.491851       0.492246       0.492581       0.492864       0.493106       0.493313       0.493492       0.493649       0.493790       0.493920       0.494041       0.494157       0.494272       0.494387       0.494503       0.494623       0.494747       0.494875       0.495009       0.495147       0.495289       0.495436       0.495587       0.495740       0.495896       0.496053       0.496211       0.496369       0.496526       0.496681       0.496833       0.496983       0.497128       0.497270       0.497406       0.497537       0.497662       0.497781       0.497893       0.497999       0.498098       0.498190       0.498275       0.498352       0.498423       0.498486       0.498541       0.498589       0.498630       0.498663       0.498689       0.498707       0.498718       0.498722       0.498718       0.498707       0.498689       0.498663       0.498630       0.498589       0.498541       0.498486       0.498423       0.498352       0.498275       0.498190       0.498098       0.497999       0.497893       0.497781       0.497662       0.497537       0.497406       0.497270       0.497128       0.496983       0.496833       0.496681       0.496526       0.496369       0.496211       0.496053       0.495896       0.495740       0.495587       0.495436       0.495289       0.495147       0.495009       0.494875       0.494747       0.494623       0.494503       0.494387       0.494272       0.494157       0.494041       0.493920       0.493790       0.493649       0.493492       0.493313       0.493106       0.492864       0.492581       0.492246       0.491851       0.491385       0.490839       0.490199       0.489456       0.488598       0.487617       0.486507       0.485270       0.483914       0.482462       0.480957       0.479466       0.478087       0.476951       0.476216       0.476039       0.476530       0.477678       0.479280       0.480908       0.481957       0.481785       0.479911       0.476261       0.471462       0.467274       0.467274
       0.467270       0.467270       0.471457       0.476253       0.479900       0.481769       0.481936       0.480878       0.479239       0.477623       0.476458       0.475948       0.476102       0.476812       0.477919       0.479269       0.480728       0.482200       0.483618       0.484940       0.486142       0.487217       0.488163       0.488986       0.489695       0.490302       0.490816       0.491251       0.491616       0.491923       0.492181       0.492399       0.492585       0.492745       0.492887       0.493015       0.493134       0.493248       0.493361       0.493475       0.493592       0.493714       0.493842       0.493976       0.494118       0.494267       0.494423       0.494585       0.494753       0.494926       0.495103       0.495283       0.495465       0.495648       0.495832       0.496014       0.496194       0.496372       0.496545       0.496715       0.496879       0.497037       0.497189       0.497335       0.497473       0.497603       0.497726       0.497840       0.497947       0.498045       0.498134       0.498216       0.498288       0.498352       0.498408       0.498454       0.498493       0.498523       0.498544       0.498557       0.498561       0.498557       0.498544       0.498523       0.498493       0.498454       0.498408       0.498352       0.498288       0.498216       0.498134       0.498045       0.497947       0.497840       0.497726       0.497603       0.497473       0.497335       0.497189       0.497037       0.496879       0.496715       0.496545       0.496372       0.496194       0.496014       0.495832       0.495648       0.495465       0.495283       0.495103       0.494926       0.494753       0.494585       0.494423       0.494267       0.494118       0.493976       0.493842       0.493714       0.493592       0.493475       0.493361       0.493248       0.493134       0.493015       0.492887       0.492745       0.492585       0.492399       0.492181       0.491923       0.491616       0.491251       0.490816       0.490302       0.489695       0.488986       0.488163       0.487217       0.486142       0.484940       0.483618       0.482200       0.480728       0.479269       0.477919       0.476812       0.476102       0.475948       0.476458       0.477623       0.479239       0.480878       0.481936       0.481769       0.479900       0.476253       0.471457       0.467270       0.467270
       0.467265       0.467265       0.471451       0.476245       0.479888       0.481752       0.481911       0.480844       0.479192       0.477561       0.476377       0.475844       0.475972       0.476653       0.477728       0.479043       0.480466       0.481901       0.483279       0.484561       0.485723       0.486757       0.487662       0.488445       0.489115       0.489682       0.490159       0.490557       0.490887       0.491161       0.491389       0.491579       0.491739       0.491878       0.492001       0.492113       0.492221       0.492327       0.492435       0.492548       0.492668       0.492796       0.492934       0.493081       0.493239       0.493406       0.493583       0.493768       0.493961       0.494161       0.494366       0.494575       0.494787       0.495000       0.495213       0.495426       0.495636       0.495842       0.496045       0.496242       0.496433       0.496617       0.496793       0.496962       0.497122       0.497273       0.497416       0.497548       0.497671       0.497785       0.497888       0.497982       0.498066       0.498140       0.498204       0.498258       0.498302       0.498336       0.498361       0.498375       0.498380       0.498375       0.498361       0.498336       0.498302       0.498258       0.498204       0.498140       0.498066       0.497982       0.497888       0.497785       0.497671       0.497548       0.497416       0.497273       0.497122       0.496962       0.496793       0.496617       0.496433       0.496242       0.496045       0.495842       0.495636       0.495426       0.495213       0.495000       0.494787       0.494575       0.494366       0.494161       0.493961       0.493768       0.493583       0.493406       0.493239       0.493081       0.492934       0.492796       0.492668       0.492548       0.492435       0.492327       0.492221       0.492113       0.492001       0.491878       0.491739       0.491579       0.491389       0.491161       0.490887       0.490557       0.490159       0.489682       0.489115       0.488445       0.487662       0.486757       0.485723       0.484561       0.483279       0.481901       0.480466       0.479043       0.477728       0.476653       0.475972       0.475844       0.476377       0.477561       0.479192       0.480844       0.481911       0.481752       0.479888       0.476245       0.471451       0.467265       0.467265
       0.467260       0.467260       0.471444       0.476236       0.479875       0.481733       0.481884       0.480805       0.479140       0.477490       0.476285       0.475726       0.475825       0.476472       0.477511       0.478786       0.480167       0.481558       0.482891       0.484127       0.485242       0.486228       0.487086       0.487822       0.488445       0.488966       0.489399       0.489754       0.490043       0.490279       0.490470       0.490627       0.490758       0.490871       0.490971       0.491066       0.491159       0.491256       0.491359       0.491471       0.491594       0.491730       0.491879       0.492042       0.492219       0.492408       0.492610       0.492823       0.493046       0.493277       0.493515       0.493758       0.494005       0.494253       0.494502       0.494750       0.494995       0.495236       0.495471       0.495701       0.495923       0.496137       0.496342       0.496538       0.496724       0.496899       0.497064       0.497218       0.497360       0.497491       0.497611       0.497719       0.497816       0.497901       0.497975       0.498037       0.498088       0.498127       0.498155       0.498172       0.498178       0.498172       0.498155       0.498127       0.498088       0.498037       0.497975       0.497901       0.497816       0.497719       0.497611       0.497491       0.497360       0.497218       0.497064       0.496899       0.496724       0.496538       0.496342       0.496137       0.495923       0.495701       0.495471       0.495236       0.494995       0.494750       0.494502       0.494253       0.494005       0.493758       0.493515       0.493277       0.493046       0.492823       0.492610       0.492408       0.492219       0.492042       0.491879       0.491730       0.491594       0.491471       0.491359       0.491256       0.491159       0.491066       0.490971       0.490871       0.490758       0.490627       0.490470       0.490279       0.490043       0.489754       0.489399       0.488966       0.488445       0.487822       0.487086       0.486228       0.485242       0.484127       0.482891       0.481558       0.480167       0.478786       0.477511       0.476472       0.475825       0.475726       0.476285       0.477490       0.479140       0.480805       0.481884       0.481733       0.479875       0.476236       0.471444       0.467260       0.467260
       0.467255       0.467255       0.471438       0.476226       0.479860       0.481711       0.481853       0.480762       0.479081       0.477411       0.476181       0.475592       0.475657       0.476266       0.477263       0.478492       0.479826       0.481166       0.482447       0.483629       0.484690       0.485621       0.486424       0.487105       0.487673       0.488141       0.488521       0.488825       0.489067       0.489257       0.489406       0.489524       0.489619       0.489701       0.489775       0.489848       0.489925       0.490010       0.490107       0.490218       0.490346       0.490491       0.490654       0.490836       0.491035       0.491251       0.491483       0.491729       0.491987       0.492256       0.492533       0.492816       0.493104       0.493394       0.493685       0.493974       0.494260       0.494541       0.494815       0.495083       0.495341       0.495590       0.495829       0.496056       0.496272       0.496475       0.496666       0.496844       0.497008       0.497160       0.497298       0.497423       0.497534       0.497632       0.497717       0.497789       0.497848       0.497893       0.497926       0.497945       0.497952       0.497945       0.497926       0.497893       0.497848       0.497789       0.497717       0.497632       0.497534       0.497423       0.497298       0.497160       0.497008       0.496844       0.496666       0.496475       0.496272       0.496056       0.495829       0.495590       0.495341       0.495083       0.494815       0.494541       0.494260       0.493974       0.493685       0.493394       0.493104       0.492816       0.492533       0.492256       0.491987       0.491729       0.491483       0.491251       0.491035       0.490836       0.490654       0.490491       0.490346       0.490218       0.490107       0.490010       0.489925       0.489848       0.489775       0.489701       0.489619       0.489524       0.489406       0.489257       0.489067       0.488825       0.488521       0.488141       0.487673       0.487105       0.486424       0.485621       0.484690       0.483629       0.482447       0.481166       0.479826       0.478492       0.477263       0.476266       0.475657       0.475592       0.476181       0.477411       0.479081       0.480762       0.481853       0.481711       0.479860       0.476226       0.471438       0.467255       0.467255
       0.467250       0.467250       0.471431       0.476216       0.479844       0.481688       0.481819       0.480714       0.479014       0.477321       0.476063       0.475441       0.475467       0.476032       0.476980       0.478158       0.479436       0.480719       0.481940       0.483060       0.484058       0.484925       0.485663       0.486280       0.486784       0.487189       0.487508       0.487753       0.487937       0.488073       0.488172       0.488243       0.488297       0.488342       0.488385       0.488433       0.488490       0.488562       0.488652       0.488762       0.488895       0.489052       0.489232       0.489436       0.489662       0.489910       0.490177       0.490462       0.490762       0.491075       0.491399       0.491730       0.492067       0.492406       0.492745       0.493083       0.493417       0.493745       0.494065       0.494377       0.494678       0.494968       0.495245       0.495509       0.495759       0.495994       0.496215       0.496421       0.496611       0.496786       0.496945       0.497089       0.497218       0.497331       0.497429       0.497511       0.497579       0.497631       0.497668       0.497691       0.497698       0.497691       0.497668       0.497631       0.497579       0.497511       0.497429       0.497331       0.497218       0.497089       0.496945       0.496786       0.496611       0.496421       0.496215       0.495994       0.495759       0.495509       0.495245       0.494968       0.494678       0.494377       0.494065       0.493745       0.493417       0.493083       0.492745       0.492406       0.492067       0.491730       0.491399       0.491075       0.490762       0.490462       0.490177       0.489910       0.489662       0.489436       0.489232       0.489052       0.488895       0.488762       0.488652       0.488562       0.488490       0.488433       0.488385       0.488342       0.488297       0.488243       0.488172       0.488073       0.487937       0.487753       0.487508       0.487189       0.486784       0.486280       0.485663       0.484925       0.484058       0.483060       0.481940       0.480719       0.479436       0.478158       0.476980       0.476032       0.475467       0.475441       0.476063       0.477321       0.479014       0.480714       0.481819       0.481688       0.479844       0.476216       0.471431       0.467250       0.467250
       0.467245       0.467245       0.471424       0.476204       0.479827       0.481661       0.481780       0.480660       0.478939       0.477220       0.475929       0.475269       0.475251       0.475766       0.476660       0.477778       0.478993       0.480209       0.481361       0.482409       0.483334       0.484127       0.484790       0.485331       0.485761       0.486092       0.486339       0.486514       0.486631       0.486703       0.486742       0.486759       0.486764       0.486765       0.486771       0.486788       0.486822       0.486879       0.486960       0.487070       0.487209       0.487379       0.487580       0.487810       0.488069       0.488355       0.488665       0.488996       0.489346       0.489712       0.490091       0.490478       0.490872       0.491269       0.491666       0.492061       0.492451       0.492834       0.493208       0.493571       0.493921       0.494258       0.494580       0.494887       0.495177       0.495449       0.495705       0.495943       0.496163       0.496365       0.496549       0.496714       0.496863       0.496993       0.497105       0.497200       0.497278       0.497338       0.497381       0.497407       0.497415       0.497407       0.497381       0.497338       0.497278       0.497200       0.497105       0.496993       0.496863       0.496714       0.496549       0.496365       0.496163       0.495943       0.495705       0.495449       0.495177       0.494887       0.494580       0.494258       0.493921       0.493571       0.493208       0.492834       0.492451       0.492061       0.491666       0.491269       0.490872       0.490478       0.490091       0.489712       0.489346       0.488996       0.488665       0.488355       0.488069       0.487810       0.487580       0.487379       0.487209       0.487070       0.486960       0.486879       0.486822       0.486788       0.486771       0.486765       0.486764       0.486759       0.486742       0.486703       0.486631       0.486514       0.486339       0.486092       0.485761       0.485331       0.484790       0.484127       0.483334       0.482409       0.481361       0.480209       0.478993       0.477778       0.476660       0.475766       0.475251       0.475269       0.475929       0.477220       0.478939       0.480660       0.481780       0.481661       0.479827       0.476204       0.471424       0.467245       0.467245
       0.467240       0.467240       0.471416       0.476192       0.479808       0.481632       0.481738       0.480599       0.478855       0.477106       0.475779       0.475076       0.475007       0.475466       0.476297       0.477347       0.478489       0.479628       0.480700       0.481666       0.482506       0.483213       0.483789       0.484242       0.484585       0.484830       0.484991       0.485084       0.485122       0.485118       0.485087       0.485039       0.484985       0.484934       0.484896       0.484877       0.484884       0.484922       0.484994       0.485103       0.485250       0.485437       0.485662       0.485924       0.486222       0.486553       0.486914       0.487301       0.487710       0.488139       0.488582       0.489036       0.489498       0.489963       0.490428       0.490890       0.491345       0.491793       0.492229       0.492652       0.493060       0.493451       0.493825       0.494181       0.494517       0.494833       0.495128       0.495403       0.495657       0.495890       0.496102       0.496293       0.496464       0.496613       0.496743       0.496852       0.496941       0.497010       0.497060       0.497089       0.497099       0.497089       0.497060       0.497010       0.496941       0.496852       0.496743       0.496613       0.496464       0.496293       0.496102       0.495890       0.495657       0.495403       0.495128       0.494833       0.494517       0.494181       0.493825       0.493451       0.493060       0.492652       0.492229       0.491793       0.491345       0.490890       0.490428       0.489963       0.489498       0.489036       0.488582       0.488139       0.487710       0.487301       0.486914       0.486553       0.486222       0.485924       0.485662       0.485437       0.485250       0.485103       0.484994       0.484922       0.484884       0.484877       0.484896       0.484934       0.484985       0.485039       0.485087       0.485118       0.485122       0.485084       0.484991       0.484830       0.484585       0.484242       0.483789       0.483213       0.482506       0.481666       0.480700       0.479628       0.478489       0.477347       0.476297       0.475466       0.475007       0.475076       0.475779       0.477106       0.478855       0.480599       0.481738       0.481632       0.479808       0.476192       0.471416       0.467240       0.467240
       0.467235       0.467235       0.471409       0.476180       0.479787       0.481601       0.481690       0.480531       0.478761       0.476979       0.475610       0.474858       0.474732       0.475126       0.475885       0.476858       0.477917       0.478968       0.479948       0.480819       0.481560       0.482167       0.482642       0.482993       0.483233       0.483377       0.483438       0.483434       0.483378       0.483286       0.483171       0.483045       0.482922       0.482810       0.482719       0.482658       0.482633       0.482649       0.482709       0.482818       0.482975       0.483181       0.483436       0.483737       0.484081       0.484466       0.484887       0.485340       0.485820       0.486323       0.486843       0.487376       0.487917       0.488462       0.489007       0.489547       0.490080       0.490602       0.491111       0.491603       0.492078       0.492534       0.492968       0.493380       0.493769       0.494135       0.494477       0.494794       0.495087       0.495356       0.495600       0.495820       0.496016       0.496188       0.496337       0.496463       0.496565       0.496644       0.496701       0.496735       0.496746       0.496735       0.496701       0.496644       0.496565       0.496463       0.496337       0.496188       0.496016       0.495820       0.495600       0.495356       0.495087       0.494794       0.494477       0.494135       0.493769       0.493380       0.492968       0.492534       0.492078       0.491603       0.491111       0.490602       0.490080       0.489547       0.489007       0.488462       0.487917       0.487376       0.486843       0.486323       0.485820       0.485340       0.484887       0.484466       0.484081       0.483737       0.483436       0.483181       0.482975       0.482818       0.482709       0.482649       0.482633       0.482658       0.482719       0.482810       0.482922       0.483045       0.483171       0.483286       0.483378       0.483434       0.483438       0.483377       0.483233       0.482993       0.482642       0.482167       0.481560       0.480819       0.479948       0.478968       0.477917       0.476858       0.475885       0.475126       0.474732       0.474858       0.475610       0.476979       0.478761       0.480531       0.481690       0.481601       0.479787       0.476180       0.471409       0.467235       0.467235
       0.467231       0.467231       0.471402       0.476167       0.479765       0.481566       0.481638       0.480456       0.478655       0.476836       0.475421       0.474613       0.474422       0.474743       0.475421       0.476304       0.477268       0.478218       0.479093       0.479853       0.480482       0.480973       0.481329       0.481561       0.481682       0.481707       0.481651       0.481532       0.481366       0.481168       0.480954       0.480737       0.480530       0.480346       0.480193       0.480082       0.480018       0.480008       0.480055       0.480163       0.480333       0.480563       0.480853       0.481200       0.481600       0.482050       0.482543       0.483074       0.483638       0.484228       0.484840       0.485466       0.486101       0.486740       0.487378       0.488010       0.488633       0.489243       0.489836       0.490410       0.490962       0.491491       0.491995       0.492473       0.492923       0.493346       0.493741       0.494107       0.494445       0.494755       0.495036       0.495289       0.495514       0.495712       0.495883       0.496027       0.496145       0.496236       0.496301       0.496339       0.496352       0.496339       0.496301       0.496236       0.496145       0.496027       0.495883       0.495712       0.495514       0.495289       0.495036       0.494755       0.494445       0.494107       0.493741       0.493346       0.492923       0.492473       0.491995       0.491491       0.490962       0.490410       0.489836       0.489243       0.488633       0.488010       0.487378       0.486740       0.486101       0.485466       0.484840       0.484228       0.483638       0.483074       0.482543       0.482050       0.481600       0.481200       0.480853       0.480563       0.480333       0.480163       0.480055       0.480008       0.480018       0.480082       0.480193       0.480346       0.480530       0.480737       0.480954       0.481168       0.481366       0.481532       0.481651       0.481707       0.481682       0.481561       0.481329       0.480973       0.480482       0.479853       0.479093       0.478218       0.477268       0.476304       0.475421       0.474743       0.474422       0.474613       0.475421       0.476836       0.478655       0.480456       0.481638       0.481566       0.479765       0.476167       0.471402       0.467231       0.467231
       0.467228       0.467228       0.471395       0.476153       0.479741       0.481528       0.481581       0.480373       0.478538       0.476676       0.475208       0.474337       0.474074       0.474311       0.474896       0.475679       0.476534       0.477369       0.478122       0.478756       0.479254       0.479610       0.479830       0.479923       0.479903       0.479788       0.479595       0.479341       0.479044       0.478722       0.478390       0.478065       0.477761       0.477489       0.477263       0.477091       0.476982       0.476941       0.476974       0.477082       0.477266       0.477525       0.477858       0.478261       0.478728       0.479254       0.479833       0.480457       0.481121       0.481815       0.482534       0.483269       0.484015       0.484764       0.485512       0.486252       0.486980       0.487691       0.488383       0.489051       0.489693       0.490307       0.490891       0.491445       0.491966       0.492455       0.492911       0.493333       0.493723       0.494079       0.494402       0.494693       0.494952       0.495180       0.495376       0.495541       0.495675       0.495780       0.495854       0.495899       0.495913       0.495899       0.495854       0.495780       0.495675       0.495541       0.495376       0.495180       0.494952       0.494693       0.494402       0.494079       0.493723       0.493333       0.492911       0.492455       0.491966       0.491445       0.490891       0.490307       0.489693       0.489051       0.488383       0.487691       0.486980       0.486252       0.485512       0.484764       0.484015       0.483269       0.482534       0.481815       0.481121       0.480457       0.479833       0.479254       0.478728       0.478261       0.477858       0.477525       0.477266       0.477082       0.476974       0.476941       0.476982       0.477091       0.477263       0.477489       0.477761       0.478065       0.478390       0.478722       0.479044       0.479341       0.479595       0.479788       0.479903       0.479923       0.479830       0.479610       0.479254       0.478756       0.478122       0.477369       0.476534       0.475679       0.474896       0.474311       0.474074       0.474337       0.475208       0.476676       0.478538       0.480373       0.481581       0.481528       0.479741       0.476153       0.471395       0.467228       0.467228
       0.467226       0.467226       0.471389       0.476139       0.479716       0.481486       0.481518       0.480280       0.478408       0.476498       0.474971       0.474029       0.473682       0.473825       0.474306       0.474973       0.475705       0.476407       0.477021       0.477510       0.477857       0.478058       0.478118       0.478049       0.477867       0.477588       0.477233       0.476820       0.476369       0.475899       0.475429       0.474975       0.474554       0.474180       0.473866       0.473623       0.473460       0.473383       0.473398       0.473506       0.473708       0.474003       0.474388       0.474856       0.475403       0.476021       0.476702       0.477438       0.478219       0.479036       0.479882       0.480746       0.481622       0.482501       0.483376       0.484242       0.485093       0.485923       0.486728       0.487505       0.488252       0.488964       0.489642       0.490282       0.490885       0.491449       0.491975       0.492462       0.492910       0.493320       0.493692       0.494026       0.494323       0.494584       0.494809       0.494998       0.495152       0.495271       0.495357       0.495408       0.495425       0.495408       0.495357       0.495271       0.495152       0.494998       0.494809       0.494584       0.494323       0.494026       0.493692       0.493320       0.492910       0.492462       0.491975       0.491449       0.490885       0.490282       0.489642       0.488964       0.488252       0.487505       0.486728       0.485923       0.485093       0.484242       0.483376       0.482501       0.481622       0.480746       0.479882       0.479036       0.478219       0.477438       0.476702       0.476021       0.475403       0.474856       0.474388       0.474003       0.473708       0.473506       0.473398       0.473383       0.473460       0.473623       0.473866       0.474180       0.474554       0.474975       0.475429       0.475899       0.476369       0.476820       0.477233       0.477588       0.477867       0.478049       0.478118       0.478058       0.477857       0.477510       0.477021       0.476407       0.475705       0.474973       0.474306       0.473825       0.473682       0.474029       0.474971       0.476498       0.478408       0.480280       0.481518       0.481486       0.479716       0.476139       0.471389       0.467226       0.467226
       0.467225       0.467225       0.471384       0.476126       0.479690       0.481442       0.481448       0.480178       0.478264       0.476299       0.474706       0.473684       0.473245       0.473281       0.473642       0.474180       0.474770       0.475322       0.475777       0.476098       0.476271       0.476292       0.476167       0.475910       0.475537       0.475068       0.474522       0.473923       0.473290       0.472646       0.472011       0.471404       0.470845       0.470348       0.469930       0.469603       0.469376       0.469257       0.469251       0.469360       0.469585       0.469923       0.470369       0.470917       0.471560       0.472287       0.473090       0.473957       0.474877       0.475840       0.476835       0.477851       0.478879       0.479910       0.480935       0.481948       0.482941       0.483908       0.484846       0.485750       0.486616       0.487443       0.488227       0.488968       0.489664       0.490315       0.490921       0.491482       0.491997       0.492468       0.492895       0.493279       0.493619       0.493918       0.494176       0.494392       0.494569       0.494705       0.494803       0.494861       0.494880       0.494861       0.494803       0.494705       0.494569       0.494392       0.494176       0.493918       0.493619       0.493279       0.492895       0.492468       0.491997       0.491482       0.490921       0.490315       0.489664       0.488968       0.488227       0.487443       0.486616       0.485750       0.484846       0.483908       0.482941       0.481948       0.480935       0.479910       0.478879       0.477851       0.476835       0.475840       0.474877       0.473957       0.473090       0.472287       0.471560       0.470917       0.470369       0.469923       0.469585       0.469360       0.469251       0.469257       0.469376       0.469603       0.469930       0.470348       0.470845       0.471404       0.472011       0.472646       0.473290       0.473923       0.474522       0.475068       0.475537       0.475910       0.476167       0.476292       0.476271       0.476098       0.475777       0.475322       0.474770       0.474180       0.473642       0.473281       0.473245       0.473684       0.474706       0.476299       0.478264       0.480178       0.481448       0.481442       0.479690       0.476126       0.471384       0.467225       0.467225
       0.467226       0.467226       0.471380       0.476112       0.479662       0.481394       0.481373       0.480066       0.478104       0.476079       0.474412       0.473300       0.472755       0.472672       0.472899       0.473289       0.473719       0.474099       0.474372       0.474502       0.474474       0.474288       0.473949       0.473473       0.472878       0.472184       0.471416       0.470596       0.469749       0.468899       0.468069       0.467282       0.466558       0.465917       0.465375       0.464947       0.464645       0.464476       0.464446       0.464558       0.464810       0.465200       0.465720       0.466364       0.467120       0.467978       0.468925       0.469948       0.471033       0.472168       0.473338       0.474533       0.475740       0.476948       0.478148       0.479331       0.480490       0.481617       0.482708       0.483758       0.484763       0.485720       0.486627       0.487483       0.488287       0.489037       0.489735       0.490380       0.490972       0.491513       0.492003       0.492442       0.492833       0.493175       0.493469       0.493717       0.493919       0.494075       0.494186       0.494253       0.494275       0.494253       0.494186       0.494075       0.493919       0.493717       0.493469       0.493175       0.492833       0.492442       0.492003       0.491513       0.490972       0.490380       0.489735       0.489037       0.488287       0.487483       0.486627       0.485720       0.484763       0.483758       0.482708       0.481617       0.480490       0.479331       0.478148       0.476948       0.475740       0.474533       0.473338       0.472168       0.471033       0.469948       0.468925       0.467978       0.467120       0.466364       0.465720       0.465200       0.464810       0.464558       0.464446       0.464476       0.464645       0.464947       0.465375       0.465917       0.466558       0.467282       0.468069       0.468899       0.469749       0.470596       0.471416       0.472184       0.472878       0.473473       0.473949       0.474288       0.474474       0.474502       0.474372       0.474099       0.473719       0.473289       0.472899       0.472672       0.472755       0.473300       0.474412       0.476079       0.478104       0.480066       0.481373       0.481394       0.479662       0.476112       0.471380       0.467226       0.467226
       0.467230       0.467230       0.471378       0.476100       0.479633       0.481342       0.481291       0.479944       0.477928       0.475836       0.474085       0.472873       0.472211       0.471992       0.472068       0.472290       0.472539       0.472725       0.472789       0.472700       0.472443       0.472017       0.471430       0.470700       0.469846       0.468892       0.467862       0.466784       0.465684       0.464591       0.463530       0.462529       0.461610       0.460797       0.460109       0.459563       0.459171       0.458943       0.458886       0.459001       0.459288       0.459740       0.460350       0.461108       0.462000       0.463013       0.464132       0.465339       0.466619       0.467955       0.469332       0.470736       0.472151       0.473566       0.474970       0.476351       0.477702       0.479014       0.480282       0.481500       0.482665       0.483772       0.484821       0.485809       0.486735       0.487599       0.488401       0.489142       0.489822       0.490442       0.491004       0.491507       0.491954       0.492345       0.492682       0.492965       0.493195       0.493374       0.493501       0.493577       0.493602       0.493577       0.493501       0.493374       0.493195       0.492965       0.492682       0.492345       0.491954       0.491507       0.491004       0.490442       0.489822       0.489142       0.488401       0.487599       0.486735       0.485809       0.484821       0.483772       0.482665       0.481500       0.480282       0.479014       0.477702       0.476351       0.474970       0.473566       0.472151       0.470736       0.469332       0.467955       0.466619       0.465339       0.464132       0.463013       0.462000       0.461108       0.460350       0.459740       0.459288       0.459001       0.458886       0.458943       0.459171       0.459563       0.460109       0.460797       0.461610       0.462529       0.463530       0.464591       0.465684       0.466784       0.467862       0.468892       0.469846       0.470700       0.471430       0.472017       0.472443       0.472700       0.472789       0.472725       0.472539       0.472290       0.472068       0.471992       0.472211       0.472873       0.474085       0.475836       0.477928       0.479944       0.481291       0.481342       0.479633       0.476100       0.471378       0.467230       0.467230
       0.467237       0.467237       0.471379       0.476089       0.479604       0.481288       0.481202       0.479809       0.477735       0.475568       0.473724       0.472400       0.471605       0.471235       0.471141       0.471175       0.471219       0.471183       0.471012       0.470672       0.470151       0.469449       0.468577       0.467553       0.466398       0.465138       0.463803       0.462421       0.461025       0.459645       0.458312       0.457057       0.455908       0.454891       0.454030       0.453343       0.452846       0.452550       0.452461       0.452582       0.452910       0.453438       0.454156       0.455050       0.456104       0.457302       0.458623       0.460048       0.461557       0.463130       0.464749       0.466397       0.468056       0.469712       0.471352       0.472963       0.474536       0.476061       0.477533       0.478945       0.480293       0.481573       0.482783       0.483922       0.484988       0.485982       0.486904       0.487754       0.488534       0.489244       0.489886       0.490462       0.490973       0.491420       0.491805       0.492128       0.492391       0.492594       0.492739       0.492826       0.492855       0.492826       0.492739       0.492594       0.492391       0.492128       0.491805       0.491420       0.490973       0.490462       0.489886       0.489244       0.488534       0.487754       0.486904       0.485982       0.484988       0.483922       0.482783       0.481573       0.480293       0.478945       0.477533       0.476061       0.474536       0.472963       0.471352       0.469712       0.468056       0.466397       0.464749       0.463130       0.461557       0.460048       0.458623       0.457302       0.456104       0.455050       0.454156       0.453438       0.452910       0.452582       0.452461       0.452550       0.452846       0.453343       0.454030       0.454891       0.455908       0.457057       0.458312       0.459645       0.461025       0.462421       0.463803       0.465138       0.466398       0.467553       0.468577       0.469449       0.470151       0.470672       0.471012       0.471183       0.471219       0.471175       0.471141       0.471235       0.471605       0.472400       0.473724       0.475568       0.477735       0.479809       0.481202       0.481288       0.479604       0.476089       0.471379       0.467237       0.467237
       0.467248       0.467248       0.471383       0.476079       0.479574       0.481230       0.481106       0.479663       0.477524       0.475273       0.473326       0.471877       0.470935       0.470396       0.470110       0.469933       0.469745       0.469459       0.469020       0.468395       0.467572       0.466555       0.465353       0.463988       0.462484       0.460869       0.459177       0.457440       0.455694       0.453977       0.452323       0.450769       0.449348       0.448090       0.447024       0.446171       0.445551       0.445175       0.445051       0.445180       0.445559       0.446178       0.447025       0.448081       0.449329       0.450744       0.452304       0.453986       0.455764       0.457615       0.459517       0.461449       0.463392       0.465327       0.467240       0.469117       0.470946       0.472717       0.474423       0.476058       0.477615       0.479093       0.480488       0.481798       0.483024       0.484166       0.485223       0.486198       0.487091       0.487904       0.488638       0.489296       0.489879       0.490390       0.490828       0.491197       0.491496       0.491728       0.491893       0.491992       0.492025       0.491992       0.491893       0.491728       0.491496       0.491197       0.490828       0.490390       0.489879       0.489296       0.488638       0.487904       0.487091       0.486198       0.485223       0.484166       0.483024       0.481798       0.480488       0.479093       0.477615       0.476058       0.474423       0.472717       0.470946       0.469117       0.467240       0.465327       0.463392       0.461449       0.459517       0.457615       0.455764       0.453986       0.452304       0.450744       0.449329       0.448081       0.447025       0.446178       0.445559       0.445180       0.445051       0.445175       0.445551       0.446171       0.447024       0.448090       0.449348       0.450769       0.452323       0.453977       0.455694       0.457440       0.459177       0.460869       0.462484       0.463988       0.465353       0.466555       0.467572       0.468395       0.469020       0.469459       0.469745       0.469933       0.470110       0.470396       0.470935       0.471877       0.473326       0.475273       0.477524       0.479663       0.481106       0.481230       0.479574       0.476079       0.471383       0.467248       0.467248
       0.467264       0.467264       0.471391       0.476072       0.479545       0.481169       0.481003       0.479505       0.477293       0.474950       0.472888       0.471300       0.470195       0.469467       0.468968       0.468554       0.468106       0.467538       0.466794       0.465845       0.464679       0.463300       0.461720       0.459962       0.458053       0.456026       0.453917       0.451765       0.449611       0.447496       0.445465       0.443558       0.441816       0.440275       0.438967       0.437920       0.437155       0.436687       0.436523       0.436664       0.437105       0.437835       0.438835       0.440085       0.441560       0.443233       0.445076       0.447058       0.449150       0.451326       0.453557       0.455820       0.458090       0.460349       0.462577       0.464760       0.466883       0.468937       0.470911       0.472800       0.474598       0.476300       0.477905       0.479412       0.480820       0.482129       0.483340       0.484456       0.485477       0.486406       0.487245       0.487996       0.488661       0.489242       0.489742       0.490162       0.490503       0.490768       0.490955       0.491068       0.491105       0.491068       0.490955       0.490768       0.490503       0.490162       0.489742       0.489242       0.488661       0.487996       0.487245       0.486406       0.485477       0.484456       0.483340       0.482129       0.480820       0.479412       0.477905       0.476300       0.474598       0.472800       0.470911       0.468937       0.466883       0.464760       0.462577       0.460349       0.458090       0.455820       0.453557       0.451326       0.449150       0.447058       0.445076       0.443233       0.441560       0.440085       0.438835       0.437835       0.437105       0.436664       0.436523       0.436687       0.437155       0.437920       0.438967       0.440275       0.441816       0.443558       0.445465       0.447496       0.449611       0.451765       0.453917       0.456026       0.458053       0.459962       0.461720       0.463300       0.464679       0.465845       0.466794       0.467538       0.468106       0.468554       0.468968       0.469467       0.470195       0.471300       0.472888       0.474950       0.477293       0.479505       0.481003       0.481169       0.479545       0.476072       0.471391       0.467264       0.467264
       0.467287       0.467287       0.471404       0.476069       0.479516       0.481106       0.480894       0.479334       0.477042       0.474597       0.472408       0.470667       0.469380       0.468443       0.467707       0.467028       0.466288       0.465403       0.464317       0.463000       0.461444       0.459651       0.457638       0.455428       0.453052       0.450547       0.447954       0.445318       0.442686       0.440107       0.437633       0.435312       0.433192       0.431318       0.429727       0.428452       0.427519       0.426944       0.426735       0.426894       0.427412       0.428274       0.429457       0.430937       0.432681       0.434657       0.436829       0.439162       0.441621       0.444174       0.446786       0.449431       0.452080       0.454711       0.457302       0.459835       0.462296       0.464672       0.466953       0.469131       0.471202       0.473161       0.475005       0.476734       0.478347       0.479846       0.481232       0.482507       0.483674       0.484734       0.485691       0.486547       0.487304       0.487967       0.488536       0.489013       0.489401       0.489702       0.489916       0.490043       0.490086       0.490043       0.489916       0.489702       0.489401       0.489013       0.488536       0.487967       0.487304       0.486547       0.485691       0.484734       0.483674       0.482507       0.481232       0.479846       0.478347       0.476734       0.475005       0.473161       0.471202       0.469131       0.466953       0.464672       0.462296       0.459835       0.457302       0.454711       0.452080       0.449431       0.446786       0.444174       0.441621       0.439162       0.436829       0.434657       0.432681       0.430937       0.429457       0.428274       0.427412       0.426894       0.426735       0.426944       0.427519       0.428452       0.429727       0.431318       0.433192       0.435312       0.437633       0.440107       0.442686       0.445318       0.447954       0.450547       0.453052       0.455428       0.457638       0.459651       0.461444       0.463000       0.464317       0.465403       0.466288       0.467028       0.467707       0.468443       0.469380       0.470667       0.472408       0.474597       0.477042       0.479334       0.480894       0.481106       0.479516       0.476069       0.471404       0.467287       0.467287
       0.467316       0.467316       0.471424       0.476070       0.479489       0.481041       0.480778       0.479150       0.476770       0.474213       0.471884       0.469974       0.468487       0.467317       0.466318       0.465344       0.464279       0.463038       0.461567       0.459837       0.457837       0.455575       0.453066       0.450339       0.447426       0.444370       0.441216       0.438017       0.434828       0.431708       0.428715       0.425910       0.423349       0.421084       0.419163       0.417623       0.416495       0.415798       0.415541       0.415724       0.416335       0.417356       0.418757       0.420507       0.422567       0.424896       0.427453       0.430195       0.433079       0.436066       0.439119       0.442203       0.445287       0.448344       0.451349       0.454283       0.457128       0.459871       0.462501       0.465009       0.467389       0.469637       0.471752       0.473733       0.475579       0.477293       0.478876       0.480331       0.481661       0.482869       0.483959       0.484933       0.485796       0.486549       0.487196       0.487739       0.488180       0.488521       0.488764       0.488909       0.488957       0.488909       0.488764       0.488521       0.488180       0.487739       0.487196       0.486549       0.485796       0.484933       0.483959       0.482869       0.481661       0.480331       0.478876       0.477293       0.475579       0.473733       0.471752       0.469637       0.467389       0.465009       0.462501       0.459871       0.457128       0.454283       0.451349       0.448344       0.445287       0.442203       0.439119       0.436066       0.433079       0.430195       0.427453       0.424896       0.422567       0.420507       0.418757       0.417356       0.416335       0.415724       0.415541       0.415798       0.416495       0.417623       0.419163       0.421084       0.423349       0.425910       0.428715       0.431708       0.434828       0.438017       0.441216       0.444370       0.447426       0.450339       0.453066       0.455575       0.457837       0.459837       0.461567       0.463038       0.464279       0.465344       0.466318       0.467317       0.468487       0.469974       0.471884       0.474213       0.476770       0.479150       0.480778       0.481041       0.479489       0.476070       0.471424       0.467316       0.467316
       0.467355       0.467355       0.471451       0.476076       0.479465       0.480975       0.480655       0.478953       0.476476       0.473796       0.471315       0.469218       0.467511       0.466085       0.464795       0.463495       0.462068       0.460431       0.458528       0.456332       0.453834       0.451039       0.447968       0.444649       0.441121       0.437430       0.433630       0.429780       0.425946       0.422196       0.418601       0.415231       0.412156       0.409437       0.407132       0.405286       0.403934       0.403099       0.402791       0.403007       0.403733       0.404942       0.406600       0.408667       0.411095       0.413836       0.416838       0.420050       0.423423       0.426910       0.430467       0.434053       0.437633       0.441175       0.444652       0.448041       0.451323       0.454481       0.457505       0.460385       0.463116       0.465692       0.468112       0.470376       0.472485       0.474441       0.476246       0.477903       0.479418       0.480793       0.482032       0.483140       0.484119       0.484975       0.485709       0.486326       0.486826       0.487214       0.487489       0.487654       0.487709       0.487654       0.487489       0.487214       0.486826       0.486326       0.485709       0.484975       0.484119       0.483140       0.482032       0.480793       0.479418       0.477903       0.476246       0.474441       0.472485       0.470376       0.468112       0.465692       0.463116       0.460385       0.457505       0.454481       0.451323       0.448041       0.444652       0.441175       0.437633       0.434053       0.430467       0.426910       0.423423       0.420050       0.416838       0.413836       0.411095       0.408667       0.406600       0.404942       0.403733       0.403007       0.402791       0.403099       0.403934       0.405286       0.407132       0.409437       0.412156       0.415231       0.418601       0.422196       0.425946       0.429780       0.433630       0.437430       0.441121       0.444649       0.447968       0.451039       0.453834       0.456332       0.458528       0.460431       0.462068       0.463495       0.464795       0.466085       0.467511       0.469218       0.471315       0.473796       0.476476       0.478953       0.480655       0.480975       0.479465       0.476076       0.471451       0.467355       0.467355
       0.467404       0.467404       0.471488       0.476089       0.479444       0.480908       0.480526       0.478743       0.476161       0.473346       0.470698       0.468398       0.466449       0.464743       0.463131       0.461471       0.459644       0.457567       0.455184       0.452467       0.449408       0.446014       0.442305       0.438315       0.434085       0.429669       0.425126       0.420528       0.415949       0.411471       0.407179       0.403156       0.399486       0.396243       0.393496       0.391298       0.389692       0.388704       0.388343       0.388604       0.389467       0.390900       0.392860       0.395295       0.398151       0.401365       0.404878       0.408630       0.412561       0.416616       0.420745       0.424901       0.429043       0.433134       0.437144       0.441046       0.444820       0.448447       0.451915       0.455214       0.458338       0.461282       0.464046       0.466628       0.469032       0.471259       0.473313       0.475199       0.476920       0.478482       0.479890       0.481147       0.482259       0.483229       0.484062       0.484761       0.485329       0.485768       0.486080       0.486266       0.486329       0.486266       0.486080       0.485768       0.485329       0.484761       0.484062       0.483229       0.482259       0.481147       0.479890       0.478482       0.476920       0.475199       0.473313       0.471259       0.469032       0.466628       0.464046       0.461282       0.458338       0.455214       0.451915       0.448447       0.444820       0.441046       0.437144       0.433134       0.429043       0.424901       0.420745       0.416616       0.412561       0.408630       0.404878       0.401365       0.398151       0.395295       0.392860       0.390900       0.389467       0.388604       0.388343       0.388704       0.389692       0.391298       0.393496       0.396243       0.399486       0.403156       0.407179       0.411471       0.415949       0.420528       0.425126       0.429669       0.434085       0.438315       0.442305       0.446014       0.449408       0.452467       0.455184       0.457567       0.459644       0.461471       0.463131       0.464743       0.466449       0.468398       0.470698       0.473346       0.476161       0.478743       0.480526       0.480908       0.479444       0.476089       0.471488       0.467404       0.467404
       0.467466       0.467466       0.471536       0.476111       0.479429       0.480841       0.480392       0.478520       0.475823       0.472863       0.470032       0.467510       0.465298       0.463285       0.461323       0.459267       0.457000       0.454436       0.451521       0.448225       0.444540       0.440473       0.436047       0.431298       0.426273       0.421031       0.415642       0.410187       0.404755       0.399442       0.394348       0.389576       0.385222       0.381379       0.378126       0.375530       0.373639       0.372481       0.372068       0.372389       0.373419       0.375115       0.377425       0.380287       0.383631       0.387387       0.391481       0.395843       0.400404       0.405101       0.409875       0.414671       0.419444       0.424151       0.428759       0.433236       0.437560       0.441712       0.445677       0.449445       0.453009       0.456366       0.459513       0.462452       0.465185       0.467716       0.470049       0.472190       0.474143       0.475915       0.477510       0.478935       0.480195       0.481295       0.482238       0.483030       0.483672       0.484169       0.484523       0.484734       0.484805       0.484734       0.484523       0.484169       0.483672       0.483030       0.482238       0.481295       0.480195       0.478935       0.477510       0.475915       0.474143       0.472190       0.470049       0.467716       0.465185       0.462452       0.459513       0.456366       0.453009       0.449445       0.445677       0.441712       0.437560       0.433236       0.428759       0.424151       0.419444       0.414671       0.409875       0.405101       0.400404       0.395843       0.391481       0.387387       0.383631       0.380287       0.377425       0.375115       0.373419       0.372389       0.372068       0.372481       0.373639       0.375530       0.378126       0.381379       0.385222       0.389576       0.394348       0.399442       0.404755       0.410187       0.415642       0.421031       0.426273       0.431298       0.436047       0.440473       0.444540       0.448225       0.451521       0.454436       0.457000       0.459267       0.461323       0.463285       0.465298       0.467510       0.470032       0.472863       0.475823       0.478520       0.480392       0.480841       0.479429       0.476111       0.471536       0.467466       0.467466
       0.467542       0.467542       0.471596       0.476143       0.479419       0.480776       0.480253       0.478285       0.475463       0.472344       0.469316       0.466554       0.464056       0.461709       0.459365       0.456877       0.454128       0.451030       0.447528       0.443592       0.439212       0.434396       0.429169       0.423568       0.417648       0.411474       0.405126       0.398699       0.392296       0.386031       0.380025       0.374397       0.369267       0.364742       0.360920       0.357878       0.355671       0.354332       0.353870       0.354271       0.355500       0.357504       0.360217       0.363564       0.367462       0.371827       0.376574       0.381620       0.386885       0.392297       0.397788       0.403297       0.408771       0.414163       0.419434       0.424551       0.429488       0.434222       0.438740       0.443029       0.447083       0.450897       0.454472       0.457808       0.460909       0.463778       0.466423       0.468847       0.471059       0.473065       0.474871       0.476484       0.477909       0.479153       0.480221       0.481116       0.481843       0.482405       0.482805       0.483044       0.483123       0.483044       0.482805       0.482405       0.481843       0.481116       0.480221       0.479153       0.477909       0.476484       0.474871       0.473065       0.471059       0.468847       0.466423       0.463778       0.460909       0.457808       0.454472       0.450897       0.447083       0.443029       0.438740       0.434222       0.429488       0.424551       0.419434       0.414163       0.408771       0.403297       0.397788       0.392297       0.386885       0.381620       0.376574       0.371827       0.367462       0.363564       0.360217       0.357504       0.355500       0.354271       0.353870       0.354332       0.355671       0.357878       0.360920       0.364742       0.369267       0.374397       0.380025       0.386031       0.392296       0.398699       0.405126       0.411474       0.417648       0.423568       0.429169       0.434396       0.439212       0.443592       0.447528       0.451030       0.454128       0.456877       0.459365       0.461709       0.464056       0.466554       0.469316       0.472344       0.475463       0.478285       0.480253       0.480776       0.479419       0.476143       0.471596       0.467542       0.467542
       0.467636       0.467636       0.471673       0.476188       0.479418       0.480713       0.480110       0.478038       0.475081       0.471791       0.468550       0.465529       0.462721       0.460015       0.457256       0.454300       0.451026       0.447346       0.443202       0.438562       0.433415       0.427771       0.421654       0.415106       0.408185       0.400967       0.393543       0.386021       0.378524       0.371186       0.364150       0.357559       0.351555       0.346268       0.341811       0.338276       0.335726       0.334198       0.333698       0.334203       0.335667       0.338026       0.341197       0.345090       0.349607       0.354649       0.360117       0.365917       0.371957       0.378156       0.384435       0.390727       0.396971       0.403116       0.409117       0.414938       0.420548       0.425925       0.431052       0.435916       0.440511       0.444832       0.448880       0.452656       0.456164       0.459409       0.462399       0.465140       0.467640       0.469907       0.471948       0.473770       0.475380       0.476785       0.477991       0.479002       0.479824       0.480459       0.480910       0.481180       0.481270       0.481180       0.480910       0.480459       0.479824       0.479002       0.477991       0.476785       0.475380       0.473770       0.471948       0.469907       0.467640       0.465140       0.462399       0.459409       0.456164       0.452656       0.448880       0.444832       0.440511       0.435916       0.431052       0.425925       0.420548       0.414938       0.409117       0.403116       0.396971       0.390727       0.384435       0.378156       0.371957       0.365917       0.360117       0.354649       0.349607       0.345090       0.341197       0.338026       0.335667       0.334203       0.333698       0.334198       0.335726       0.338276       0.341811       0.346268       0.351555       0.357559       0.364150       0.371186       0.378524       0.386021       0.393543       0.400967       0.408185       0.415106       0.421654       0.427771       0.433415       0.438562       0.443202       0.447346       0.451026       0.454300       0.457256       0.460015       0.462721       0.465529       0.468550       0.471791       0.475081       0.478038       0.480110       0.480713       0.479418       0.476188       0.471673       0.467636       0.467636
       0.467749       0.467749       0.471767       0.476246       0.479426       0.480655       0.479964       0.477779       0.474677       0.471203       0.467734       0.464434       0.461295       0.458201       0.454997       0.451536       0.447694       0.443383       0.438541       0.433134       0.427150       0.420597       0.413501       0.405907       0.397880       0.389503       0.380882       0.372142       0.363425       0.354890       0.346706       0.339043       0.332069       0.325939       0.320787       0.316718       0.313806       0.312088       0.311564       0.312203       0.313944       0.316706       0.320390       0.324887       0.330083       0.335863       0.342115       0.348731       0.355610       0.362658       0.369790       0.376929       0.384008       0.390970       0.397763       0.404349       0.410694       0.416772       0.422565       0.428060       0.433248       0.438126       0.442693       0.446954       0.450911       0.454572       0.457944       0.461035       0.463855       0.466411       0.468713       0.470768       0.472585       0.474170       0.475530       0.476671       0.477598       0.478314       0.478824       0.479129       0.479230       0.479129       0.478824       0.478314       0.477598       0.476671       0.475530       0.474170       0.472585       0.470768       0.468713       0.466411       0.463855       0.461035       0.457944       0.454572       0.450911       0.446954       0.442693       0.438126       0.433248       0.428060       0.422565       0.416772       0.410694       0.404349       0.397763       0.390970       0.384008       0.376929       0.369790       0.362658       0.355610       0.348731       0.342115       0.335863       0.330083       0.324887       0.320390       0.316706       0.313944       0.312203       0.311564       0.312088       0.313806       0.316718       0.320787       0.325939       0.332069       0.339043       0.346706       0.354890       0.363425       0.372142       0.380882       0.389503       0.397880       0.405907       0.413501       0.420597       0.427150       0.433134       0.438541       0.443383       0.447694       0.451536       0.454997       0.458201       0.461295       0.464434       0.467734       0.471203       0.474677       0.477779       0.479964       0.480655       0.479426       0.476246       0.471767       0.467749       0.467749
       0.467886       0.467886       0.471881       0.476321       0.479446       0.480601       0.479816       0.477508       0.474251       0.470580       0.466866       0.463270       0.459777       0.456269       0.452589       0.448587       0.444137       0.439147       0.433552       0.427317       0.420426       0.412886       0.404723       0.395987       0.386747       0.377100       0.367164       0.357083       0.347024       0.337172       0.327724       0.318885       0.310852       0.303807       0.297908       0.293275       0.289991       0.288090       0.287567       0.288376       0.290438       0.293652       0.297898       0.303049       0.308973       0.315541       0.322626       0.330108       0.337875       0.345823       0.353860       0.361900       0.369868       0.377702       0.385345       0.392753       0.399889       0.406724       0.413238       0.419416       0.425249       0.430733       0.435869       0.440659       0.445109       0.449227       0.453020       0.456498       0.459670       0.462548       0.465139       0.467453       0.469499       0.471285       0.472817       0.474103       0.475147       0.475955       0.476529       0.476872       0.476987       0.476872       0.476529       0.475955       0.475147       0.474103       0.472817       0.471285       0.469499       0.467453       0.465139       0.462548       0.459670       0.456498       0.453020       0.449227       0.445109       0.440659       0.435869       0.430733       0.425249       0.419416       0.413238       0.406724       0.399889       0.392753       0.385345       0.377702       0.369868       0.361900       0.353860       0.345823       0.337875       0.330108       0.322626       0.315541       0.308973       0.303049       0.297898       0.293652       0.290438       0.288376       0.287567       0.288090       0.289991       0.293275       0.297908       0.303807       0.310852       0.318885       0.327724       0.337172       0.347024       0.357083       0.367164       0.377100       0.386747       0.395987       0.404723       0.412886       0.420426       0.427317       0.433552       0.439147       0.444137       0.448587       0.452589       0.456269       0.459777       0.463270       0.466866       0.470580       0.474251       0.477508       0.479816       0.480601       0.479446       0.476321       0.471881       0.467886       0.467886
       0.468049       0.468049       0.472019       0.476415       0.479478       0.480553       0.479666       0.477227       0.473803       0.469922       0.465949       0.462037       0.458168       0.454221       0.450036       0.445459       0.440363       0.434649       0.428252       0.421130       0.413265       0.404663       0.395352       0.385382       0.374833       0.363809       0.352448       0.340913       0.329398       0.318119       0.307306       0.297198       0.288028       0.280010       0.273325       0.268112       0.264458       0.262396       0.261908       0.262929       0.265357       0.269067       0.273917       0.279760       0.286446       0.293831       0.301776       0.310152       0.318836       0.327716       0.336691       0.345668       0.354567       0.363315       0.371854       0.380131       0.388107       0.395749       0.403035       0.409946       0.416474       0.422614       0.428365       0.433731       0.438718       0.443335       0.447589       0.451492       0.455053       0.458285       0.461196       0.463797       0.466097       0.468106       0.469830       0.471277       0.472452       0.473361       0.474008       0.474394       0.474523       0.474394       0.474008       0.473361       0.472452       0.471277       0.469830       0.468106       0.466097       0.463797       0.461196       0.458285       0.455053       0.451492       0.447589       0.443335       0.438718       0.433731       0.428365       0.422614       0.416474       0.409946       0.403035       0.395749       0.388107       0.380131       0.371854       0.363315       0.354567       0.345668       0.336691       0.327716       0.318836       0.310152       0.301776       0.293831       0.286446       0.279760       0.273917       0.269067       0.265357       0.262929       0.261908       0.262396       0.264458       0.268112       0.273325       0.280010       0.288028       0.297198       0.307306       0.318119       0.329398       0.340913       0.352448       0.363809       0.374833       0.385382       0.395352       0.404663       0.413265       0.421130       0.428252       0.434649       0.440363       0.445459       0.450036       0.454221       0.458168       0.462037       0.465949       0.469922       0.473803       0.477227       0.479666       0.480553       0.479478       0.476415       0.472019       0.468049       0.468049
       0.468241       0.468241       0.472184       0.476531       0.479525       0.480512       0.479513       0.476934       0.473332       0.469229       0.464980       0.460735       0.456472       0.452063       0.447346       0.442164       0.436385       0.429908       0.422662       0.414601       0.405704       0.395974       0.385441       0.374158       0.362212       0.349721       0.336839       0.323754       0.310688       0.297889       0.285627       0.274178       0.263813       0.254781       0.247291       0.241499       0.237498       0.235312       0.234905       0.236185       0.239024       0.243267       0.248748       0.255299       0.262755       0.270960       0.279766       0.289034       0.298635       0.308452       0.318374       0.328304       0.338152       0.347841       0.357305       0.366486       0.375340       0.383831       0.391930       0.399620       0.406888       0.413729       0.420142       0.426129       0.431697       0.436855       0.441612       0.445979       0.449967       0.453588       0.456852       0.459770       0.462352       0.464608       0.466545       0.468171       0.469492       0.470514       0.471241       0.471676       0.471821       0.471676       0.471241       0.470514       0.469492       0.468171       0.466545       0.464608       0.462352       0.459770       0.456852       0.453588       0.449967       0.445979       0.441612       0.436855       0.431697       0.426129       0.420142       0.413729       0.406888       0.399620       0.391930       0.383831       0.375340       0.366486       0.357305       0.347841       0.338152       0.328304       0.318374       0.308452       0.298635       0.289034       0.279766       0.270960       0.262755       0.255299       0.248748       0.243267       0.239024       0.236185       0.234905       0.235312       0.237498       0.241499       0.247291       0.254781       0.263813       0.274178       0.285627       0.297889       0.310688       0.323754       0.336839       0.349721       0.362212       0.374158       0.385441       0.395974       0.405704       0.414601       0.422662       0.429908       0.436385       0.442164       0.447346       0.452063       0.456472       0.460735       0.464980       0.469229       0.473332       0.476934       0.479513       0.480512       0.479525       0.476531       0.472184       0.468241       0.468241
       0.468466       0.468466       0.472377       0.476669       0.479588       0.480478       0.479359       0.476628       0.472836       0.468498       0.463960       0.459367       0.454690       0.449798       0.444527       0.438714       0.432223       0.424949       0.416815       0.407771       0.397793       0.386882       0.375066       0.362407       0.348996       0.334968       0.320494       0.305788       0.291101       0.276719       0.262950       0.250114       0.238522       0.228462       0.220172       0.213826       0.209518       0.207262       0.206993       0.208587       0.211878       0.216678       0.222797       0.230046       0.238250       0.247242       0.256871       0.266995       0.277479       0.288203       0.299051       0.309918       0.320710       0.331342       0.341741       0.351844       0.361599       0.370966       0.379912       0.388417       0.396464       0.404046       0.411162       0.417814       0.424006       0.429749       0.435050       0.439922       0.444376       0.448423       0.452075       0.455342       0.458235       0.460764       0.462937       0.464762       0.466245       0.467393       0.468210       0.468699       0.468862       0.468699       0.468210       0.467393       0.466245       0.464762       0.462937       0.460764       0.458235       0.455342       0.452075       0.448423       0.444376       0.439922       0.435050       0.429749       0.424006       0.417814       0.411162       0.404046       0.396464       0.388417       0.379912       0.370966       0.361599       0.351844       0.341741       0.331342       0.320710       0.309918       0.299051       0.288203       0.277479       0.266995       0.256871       0.247242       0.238250       0.230046       0.222797       0.216678       0.211878       0.208587       0.206993       0.207262       0.209518       0.213826       0.220172       0.228462       0.238522       0.250114       0.262950       0.276719       0.291101       0.305788       0.320494       0.334968       0.348996       0.362407       0.375066       0.386882       0.397793       0.407771       0.416815       0.424949       0.432223       0.438714       0.444527       0.449798       0.454690       0.459367       0.463960       0.468498       0.472836       0.476628       0.479359       0.480478       0.479588       0.476669       0.472377       0.468466       0.468466
       0.468727       0.468727       0.472602       0.476831       0.479665       0.480450       0.479199       0.476306       0.472314       0.467728       0.462888       0.457931       0.452825       0.447434       0.441589       0.435124       0.427898       0.419801       0.410750       0.400692       0.389597       0.377467       0.364329       0.350250       0.335333       0.319726       0.303620       0.287256       0.270917       0.254926       0.239631       0.225395       0.212576       0.201500       0.192439       0.185587       0.181039       0.178785       0.178725       0.180689       0.184467       0.189832       0.196568       0.204472       0.213360       0.223067       0.233440       0.244339       0.255632       0.267195       0.278910       0.290668       0.302367       0.313917       0.325237       0.336256       0.346917       0.357172       0.366984       0.376327       0.385183       0.393541       0.401396       0.408750       0.415608       0.421976       0.427863       0.433281       0.438241       0.442753       0.446829       0.450480       0.453716       0.456547       0.458981       0.461026       0.462690       0.463978       0.464895       0.465443       0.465626       0.465443       0.464895       0.463978       0.462690       0.461026       0.458981       0.456547       0.453716       0.450480       0.446829       0.442753       0.438241       0.433281       0.427863       0.421976       0.415608       0.408750       0.401396       0.393541       0.385183       0.376327       0.366984       0.357172       0.346917       0.336256       0.325237       0.313917       0.302367       0.290668       0.278910       0.267195       0.255632       0.244339       0.233440       0.223067       0.213360       0.204472       0.196568       0.189832       0.184467       0.180689       0.178725       0.178785       0.181039       0.185587       0.192439       0.201500       0.212576       0.225395       0.239631       0.254926       0.270917       0.287256       0.303620       0.319726       0.335333       0.350250       0.364329       0.377467       0.389597       0.400692       0.410750       0.419801       0.427898       0.435124       0.441589       0.447434       0.452825       0.457931       0.462888       0.467728       0.472314       0.476306       0.479199       0.480450       0.479665       0.476831       0.472602       0.468727       0.468727
       0.469024       0.469024       0.472859       0.477017       0.479757       0.480424       0.479031       0.475964       0.471759       0.466913       0.461759       0.456427       0.450879       0.444976       0.438544       0.431413       0.423438       0.414501       0.404517       0.393426       0.381197       0.367828       0.353352       0.337839       0.321405       0.304212       0.286475       0.268461       0.250485       0.232904       0.216108       0.200502       0.186488       0.174438       0.164661       0.157373       0.152667       0.150507       0.150740       0.153135       0.157423       0.163339       0.170640       0.179114       0.188580       0.198881       0.209873       0.221425       0.233408       0.245701       0.258187       0.270751       0.283288       0.295700       0.307897       0.319803       0.331351       0.342486       0.353166       0.363357       0.373039       0.382195       0.390819       0.398908       0.406466       0.413498       0.420012       0.426017       0.431523       0.436540       0.441080       0.445151       0.448764       0.451927       0.454650       0.456940       0.458804       0.460247       0.461274       0.461889       0.462094       0.461889       0.461274       0.460247       0.458804       0.456940       0.454650       0.451927       0.448764       0.445151       0.441080       0.436540       0.431523       0.426017       0.420012       0.413498       0.406466       0.398908       0.390819       0.382195       0.373039       0.363357       0.353166       0.342486       0.331351       0.319803       0.307897       0.295700       0.283288       0.270751       0.258187       0.245701       0.233408       0.221425       0.209873       0.198881       0.188580       0.179114       0.170640       0.163339       0.157423       0.153135       0.150740       0.150507       0.152667       0.157373       0.164661       0.174438       0.186488       0.200502       0.216108       0.232904       0.250485       0.268461       0.286475       0.304212       0.321405       0.337839       0.353352       0.367828       0.381197       0.393426       0.404517       0.414501       0.423438       0.431413       0.438544       0.444976       0.450879       0.456427       0.461759       0.466913       0.471759       0.475964       0.479031       0.480424       0.479757       0.477017       0.472859       0.469024       0.469024
       0.469359       0.469359       0.473147       0.477224       0.479858       0.480395       0.478847       0.475593       0.471163       0.466046       0.460566       0.454849       0.448851       0.442428       0.435403       0.427601       0.418870       0.409091       0.398171       0.386046       0.372683       0.358081       0.342276       0.325346       0.307421       0.288679       0.269360       0.249755       0.230210       0.211115       0.192893       0.175990       0.160850       0.147892       0.137469       0.129830       0.125069       0.123111       0.123733       0.126619       0.131429       0.137851       0.145625       0.154542       0.164435       0.175165       0.186607       0.198643       0.211157       0.224032       0.237153       0.250404       0.263673       0.276858       0.289860       0.302593       0.314984       0.326968       0.338497       0.349529       0.360038       0.370003       0.379413       0.388262       0.396551       0.404281       0.411459       0.418091       0.424184       0.429748       0.434791       0.439321       0.443347       0.446877       0.449918       0.452478       0.454563       0.456178       0.457329       0.458018       0.458247       0.458018       0.457329       0.456178       0.454563       0.452478       0.449918       0.446877       0.443347       0.439321       0.434791       0.429748       0.424184       0.418091       0.411459       0.404281       0.396551       0.388262       0.379413       0.370003       0.360038       0.349529       0.338497       0.326968       0.314984       0.302593       0.289860       0.276858       0.263673       0.250404       0.237153       0.224032       0.211157       0.198643       0.186607       0.175165       0.164435       0.154542       0.145625       0.137851       0.131429       0.126619       0.123733       0.123111       0.125069       0.129830       0.137469       0.147892       0.160850       0.175990       0.192893       0.211115       0.230210       0.249755       0.269360       0.288679       0.307421       0.325346       0.342276       0.358081       0.372683       0.386046       0.398171       0.409091       0.418870       0.427601       0.435403       0.442428       0.448851       0.454849       0.460566       0.466046       0.471163       0.475593       0.478847       0.480395       0.479858       0.477224       0.473147       0.469359       0.469359
       0.469729       0.469729       0.473462       0.477447       0.479960       0.480353       0.478634       0.475181       0.470513       0.465113       0.459300       0.453191       0.446738       0.439794       0.432177       0.423706       0.414228       0.403614       0.391770       0.378628       0.364154       0.348349       0.331255       0.312961       0.293610       0.273404       0.252601       0.231522       0.210536       0.190062       0.170549       0.152470       0.136307       0.122523       0.111530       0.103625       0.098917       0.097286       0.098406       0.101842       0.107164       0.114015       0.122128       0.131315       0.141439       0.152391       0.164075       0.176392       0.189242       0.202517       0.216103       0.229886       0.243751       0.257587       0.271290       0.284764       0.297926       0.310703       0.323038       0.334883       0.346202       0.356971       0.367172       0.376796       0.385837       0.394294       0.402169       0.409465       0.416187       0.422339       0.427927       0.432956       0.437434       0.441365       0.444757       0.447615       0.449945       0.451751       0.453038       0.453809       0.454066       0.453809       0.453038       0.451751       0.449945       0.447615       0.444757       0.441365       0.437434       0.432956       0.427927       0.422339       0.416187       0.409465       0.402169       0.394294       0.385837       0.376796       0.367172       0.356971       0.346202       0.334883       0.323038       0.310703       0.297926       0.284764       0.271290       0.257587       0.243751       0.229886       0.216103       0.202517       0.189242       0.176392       0.164075       0.152391       0.141439       0.131315       0.122128       0.114015       0.107164       0.101842       0.098406       0.097286       0.098917       0.103625       0.111530       0.122523       0.136307       0.152470       0.170549       0.190062       0.210536       0.231522       0.252601       0.273404       0.293610       0.312961       0.331255       0.348349       0.364154       0.378628       0.391770       0.403614       0.414228       0.423706       0.432177       0.439794       0.446738       0.453191       0.459300       0.465113       0.470513       0.475181       0.478634       0.480353       0.479960       0.477447       0.473462       0.469729       0.469729
       0.470126       0.470126       0.473795       0.477673       0.480049       0.480281       0.478376       0.474707       0.469789       0.464096       0.457942       0.451438       0.444533       0.437073       0.428873       0.419748       0.409539       0.398115       0.385376       0.371253       0.355713       0.338762       0.320449       0.300878       0.280210       0.258667       0.236534       0.214153       0.191918       0.170263       0.149654       0.130574       0.113523       0.099005       0.087500       0.079392       0.074842       0.073677       0.075419       0.079460       0.085256       0.092414       0.100685       0.109926       0.120049       0.130987       0.142678       0.155049       0.168016       0.181481       0.195339       0.209474       0.223768       0.238107       0.252377       0.266476       0.280310       0.293798       0.306872       0.319477       0.331570       0.343119       0.354101       0.364499       0.374304       0.383509       0.392110       0.400105       0.407493       0.414275       0.420450       0.426022       0.430992       0.435364       0.439141       0.442328       0.444928       0.446945       0.448384       0.449245       0.449533       0.449245       0.448384       0.446945       0.444928       0.442328       0.439141       0.435364       0.430992       0.426022       0.420450       0.414275       0.407493       0.400105       0.392110       0.383509       0.374304       0.364499       0.354101       0.343119       0.331570       0.319477       0.306872       0.293798       0.280310       0.266476       0.252377       0.238107       0.223768       0.209474       0.195339       0.181481       0.168016       0.155049       0.142678       0.130987       0.120049       0.109926       0.100685       0.092414       0.085256       0.079460       0.075419       0.073677       0.074842       0.079392       0.087500       0.099005       0.113523       0.130574       0.149654       0.170263       0.191918       0.214153       0.236534       0.258667       0.280210       0.300878       0.320449       0.338762       0.355713       0.371253       0.385376       0.398115       0.409539       0.419748       0.428873       0.437073       0.444533       0.451438       0.457942       0.464096       0.469789       0.474707       0.478376       0.480281       0.480049       0.477673       0.473795       0.470126       0.470126
       0.470534       0.470534       0.474129       0.477884       0.480103       0.480153       0.478042       0.474141       0.468960       0.462966       0.456467       0.449571       0.442219       0.434258       0.425494       0.415741       0.404834       0.392638       0.379050       0.364002       0.347463       0.329447       0.310015       0.289287       0.267446       0.244739       0.221474       0.198018       0.174782       0.152210       0.130763       0.110915       0.093155       0.078000       0.066002       0.057693       0.053376       0.052839       0.055352       0.060041       0.066225       0.073510       0.081710       0.090754       0.100621       0.111294       0.122749       0.134938       0.147795       0.161233       0.175152       0.189440       0.203979       0.218647       0.233328       0.247910       0.262290       0.276380       0.290101       0.303390       0.316197       0.328482       0.340216       0.351375       0.361943       0.371907       0.381255       0.389978       0.398069       0.405521       0.412328       0.418486       0.423992       0.428846       0.433046       0.436594       0.439492       0.441742       0.443348       0.444310       0.444631       0.444310       0.443348       0.441742       0.439492       0.436594       0.433046       0.428846       0.423992       0.418486       0.412328       0.405521       0.398069       0.389978       0.381255       0.371907       0.361943       0.351375       0.340216       0.328482       0.316197       0.303390       0.290101       0.276380       0.262290       0.247910       0.233328       0.218647       0.203979       0.189440       0.175152       0.161233       0.147795       0.134938       0.122749       0.111294       0.100621       0.090754       0.081710       0.073510       0.066225       0.060041       0.055352       0.052839       0.053376       0.057693       0.066002       0.078000       0.093155       0.110915       0.130763       0.152210       0.174782       0.198018       0.221474       0.244739       0.267446       0.289287       0.310015       0.329447       0.347463       0.364002       0.379050       0.392638       0.404834       0.415741       0.425494       0.434258       0.442219       0.449571       0.456467       0.462966       0.468960       0.474141       0.478042       0.480153       0.480103       0.477884       0.474129       0.470534       0.470534
       0.470928       0.470928       0.474436       0.478047       0.480086       0.479930       0.477591       0.473440       0.467982       0.461680       0.454836       0.447555       0.439774       0.431334       0.422038       0.411695       0.400136       0.387221       0.372847       0.356948       0.339499       0.320522       0.300096       0.278360       0.255521       0.231854       0.207694       0.183430       0.159489       0.136314       0.114353       0.094042       0.075818       0.060153       0.047630       0.038996       0.034913       0.035213       0.038689       0.044023       0.050427       0.057588       0.065440       0.074019       0.083374       0.093543       0.104531       0.116315       0.128842       0.142038       0.155809       0.170045       0.184631       0.199443       0.214359       0.229261       0.244039       0.258596       0.272847       0.286720       0.300157       0.313112       0.325548       0.337436       0.348752       0.359473       0.369581       0.379057       0.387883       0.396045       0.403528       0.410318       0.416406       0.421784       0.426447       0.430392       0.433618       0.436126       0.437916       0.438990       0.439347       0.438990       0.437916       0.436126       0.433618       0.430392       0.426447       0.421784       0.416406       0.410318       0.403528       0.396045       0.387883       0.379057       0.369581       0.359473       0.348752       0.337436       0.325548       0.313112       0.300157       0.286720       0.272847       0.258596       0.244039       0.229261       0.214359       0.199443       0.184631       0.170045       0.155809       0.142038       0.128842       0.116315       0.104531       0.093543       0.083374       0.074019       0.065440       0.057588       0.050427       0.044023       0.038689       0.035213       0.034913       0.038996       0.047630       0.060153       0.075818       0.094042       0.114353       0.136314       0.159489       0.183430       0.207694       0.231854       0.255521       0.278360       0.300096       0.320522       0.339499       0.356948       0.372847       0.387221       0.400136       0.411695       0.422038       0.431334       0.439774       0.447555       0.454836       0.461680       0.467982       0.473440       0.477591       0.479930       0.480086       0.478047       0.474436       0.470928       0.470928
       0.471264       0.471264       0.474669       0.478112       0.479942       0.479552       0.476962       0.472541       0.466793       0.460178       0.452996       0.445344       0.437159       0.428276       0.418492       0.407612       0.395460       0.381896       0.366817       0.350158       0.331904       0.312090       0.290813       0.268237       0.244596       0.220194       0.195396       0.170615       0.146289       0.122863       0.100760       0.080366       0.062030       0.046095       0.033028       0.023722       0.019676       0.021165       0.025838       0.031682       0.037997       0.044700       0.051905       0.059758       0.068378       0.077836       0.088163       0.099349       0.111354       0.124110       0.137533       0.151520       0.165956       0.180718       0.195683       0.210728       0.225738       0.240609       0.255248       0.269580       0.283539       0.297074       0.310143       0.322708       0.334738       0.346203       0.357073       0.367318       0.376910       0.385819       0.394020       0.401490       0.408207       0.414156       0.419325       0.423706       0.427293       0.430084       0.432078       0.433274       0.433673       0.433274       0.432078       0.430084       0.427293       0.423706       0.419325       0.414156       0.408207       0.401490       0.394020       0.385819       0.376910       0.367318       0.357073       0.346203       0.334738       0.322708       0.310143       0.297074       0.283539       0.269580       0.255248       0.240609       0.225738       0.210728       0.195683       0.180718       0.165956       0.151520       0.137533       0.124110       0.111354       0.099349       0.088163       0.077836       0.068378       0.059758       0.051905       0.044700       0.037997       0.031682       0.025838       0.021165       0.019676       0.023722       0.033028       0.046095       0.062030       0.080366       0.100760       0.122863       0.146289       0.170615       0.195396       0.220194       0.244596       0.268237       0.290813       0.312090       0.331904       0.350158       0.366817       0.381896       0.395460       0.407612       0.418492       0.428276       0.437159       0.445344       0.452996       0.460178       0.466793       0.472541       0.476962       0.479552       0.479942       0.478112       0.474669       0.471264       0.471264
       0.471475       0.471475       0.474757       0.478002       0.479591       0.478935       0.476064       0.471352       0.465303       0.458377       0.450868       0.442873       0.434322       0.425044       0.414833       0.403483       0.390816       0.376688       0.360997       0.343685       0.324745       0.304231       0.282259       0.259021       0.234782       0.209876       0.184698       0.159686       0.135294       0.111967       0.090110       0.070064       0.052089       0.036367       0.023056       0.012612       0.007704       0.011267       0.017179       0.023039       0.028769       0.034633       0.040912       0.047835       0.055554       0.064160       0.073685       0.084128       0.095453       0.107604       0.120504       0.134058       0.148157       0.162682       0.177508       0.192512       0.207574       0.222588       0.237457       0.252100       0.266450       0.280452       0.294059       0.307229       0.319923       0.332102       0.343725       0.354748       0.365128       0.374820       0.383783       0.391980       0.399376       0.405946       0.411667       0.416525       0.420508       0.423610       0.425828       0.427159       0.427603       0.427159       0.425828       0.423610       0.420508       0.416525       0.411667       0.405946       0.399376       0.391980       0.383783       0.374820       0.365128       0.354748       0.343725       0.332102       0.319923       0.307229       0.294059       0.280452       0.266450       0.252100       0.237457       0.222588       0.207574       0.192512       0.177508       0.162682       0.148157       0.134058       0.120504       0.107604       0.095453       0.084128       0.073685       0.064160       0.055554       0.047835       0.040912       0.034633       0.028769       0.023039       0.017179       0.011267       0.007704       0.012612       0.023056       0.036367       0.052089       0.070064       0.090110       0.111967       0.135294       0.159686       0.184698       0.209876       0.234782       0.259021       0.282259       0.304231       0.324745       0.343685       0.360997       0.376688       0.390816       0.403483       0.414833       0.425044       0.434322       0.442873       0.450868       0.458377       0.465303       0.471352       0.476064       0.478935       0.479591       0.478002       0.474757       0.471475       0.471475
       0.471456       0.471456       0.474594       0.477605       0.478912       0.477952       0.474769       0.469745       0.463388       0.456157       0.448346       0.440048       0.431187       0.421583       0.411022       0.399288       0.386199       0.371608       0.355414       0.337566       0.318071       0.296999       0.274493       0.250772       0.226132       0.200940       0.175621       0.150637       0.126459       0.103537       0.082268       0.062972       0.045867       0.031062       0.018550       0.008232       0.001206       0.007212       0.012794       0.017649       0.022216       0.026914       0.032085       0.037971       0.044720       0.052406       0.061056       0.070663       0.081198       0.092614       0.104846       0.117809       0.131403       0.145513       0.160020       0.174799       0.189732       0.204708       0.219631       0.234421       0.249009       0.263341       0.277370       0.291050       0.304339       0.317187       0.329540       0.341340       0.352525       0.363032       0.372800       0.381773       0.389901       0.397142       0.403465       0.408843       0.413260       0.416704       0.419167       0.420646       0.421140       0.420646       0.419167       0.416704       0.413260       0.408843       0.403465       0.397142       0.389901       0.381773       0.372800       0.363032       0.352525       0.341340       0.329540       0.317187       0.304339       0.291050       0.277370       0.263341       0.249009       0.234421       0.219631       0.204708       0.189732       0.174799       0.160020       0.145513       0.131403       0.117809       0.104846       0.092614       0.081198       0.070663       0.061056       0.052406       0.044720       0.037971       0.032085       0.026914       0.022216       0.017649       0.012794       0.007212       0.001206       0.008232       0.018550       0.031062       0.045867       0.062972       0.082268       0.103537       0.126459       0.150637       0.175621       0.200940       0.226132       0.250772       0.274493       0.296999       0.318071       0.337566       0.355414       0.371608       0.386199       0.399288       0.411022       0.421583       0.431187       0.440048       0.448346       0.456157       0.463388       0.469745       0.474769       0.477952       0.478912       0.477605       0.474594       0.471456       0.471456
       0.471055       0.471055       0.474020       0.476755       0.477733       0.476424       0.472895       0.467539       0.460872       0.453356       0.445285       0.436745       0.427652       0.417814       0.407003       0.394994       0.381595       0.366657       0.350081       0.331824       0.311908       0.290424       0.267540       0.243504       0.218645       0.193359       0.168101       0.143354       0.119604       0.097306       0.076857       0.058573       0.042673       0.029295       0.018548       0.010757       0.007216       0.008509       0.011440       0.014447       0.017504       0.020909       0.024951       0.029827       0.035637       0.042420       0.050181       0.058912       0.068590       0.079180       0.090632       0.102875       0.115820       0.129362       0.143384       0.157765       0.172387       0.187141       0.201935       0.216690       0.231345       0.245850       0.260161       0.274237       0.288029       0.301483       0.314531       0.327097       0.339099       0.350450       0.361064       0.370864       0.379777       0.387745       0.394720       0.400666       0.405556       0.409373       0.412106       0.413747       0.414295       0.413747       0.412106       0.409373       0.405556       0.400666       0.394720       0.387745       0.379777       0.370864       0.361064       0.350450       0.339099       0.327097       0.314531       0.301483       0.288029       0.274237       0.260161       0.245850       0.231345       0.216690       0.201935       0.187141       0.172387       0.157765       0.143384       0.129362       0.115820       0.102875       0.090632       0.079180       0.068590       0.058912       0.050181       0.042420       0.035637       0.029827       0.024951       0.020909       0.017504       0.014447       0.011440       0.008509       0.007216       0.010757       0.018548       0.029295       0.042673       0.058573       0.076857       0.097306       0.119604       0.143354       0.168101       0.193359       0.218645       0.243504       0.267540       0.290424       0.311908       0.331824       0.350081       0.366657       0.381595       0.394994       0.407003       0.417814       0.427652       0.436745       0.445285       0.453356       0.460872       0.467539       0.472895       0.476424       0.477733       0.476755       0.474020       0.471055       0.471055
       0.470050       0.470050       0.472808       0.475216       0.475809       0.474101       0.470188       0.464484       0.457516       0.449753       0.441488       0.432797       0.423582       0.413633       0.402703       0.390551       0.376975       0.361822       0.344995       0.326464       0.306264       0.284510       0.261394       0.237196       0.212273       0.187051       0.162006       0.137641       0.114449       0.092888       0.073347       0.056134       0.041465       0.029481       0.020295       0.014063       0.010897       0.010269       0.010954       0.012154       0.013767       0.015999       0.019066       0.023083       0.028075       0.034032       0.040942       0.048795       0.057584       0.067291       0.077885       0.089312       0.101496       0.114340       0.127733       0.141558       0.155699       0.170052       0.184528       0.199060       0.213595       0.228096       0.242531       0.256864       0.271051       0.285030       0.298724       0.312036       0.324860       0.337080       0.348583       0.359260       0.369015       0.377767       0.385449       0.392011       0.397416       0.401639       0.404665       0.406484       0.407090       0.406484       0.404665       0.401639       0.397416       0.392011       0.385449       0.377767       0.369015       0.359260       0.348583       0.337080       0.324860       0.312036       0.298724       0.285030       0.271051       0.256864       0.242531       0.228096       0.213595       0.199060       0.184528       0.170052       0.155699       0.141558       0.127733       0.114340       0.101496       0.089312       0.077885       0.067291       0.057584       0.048795       0.040942       0.034032       0.028075       0.023083       0.019066       0.015999       0.013767       0.012154       0.010954       0.010269       0.010897       0.014063       0.020295       0.029481       0.041465       0.056134       0.073347       0.092888       0.114449       0.137641       0.162006       0.187051       0.212273       0.237196       0.261394       0.284510       0.306264       0.326464       0.344995       0.361822       0.376975       0.390551       0.402703       0.413633       0.423582       0.432797       0.441488       0.449753       0.457516       0.464484       0.470188       0.474101       0.475809       0.475216       0.472808       0.470050       0.470050
       0.468130       0.468130       0.470639       0.472656       0.472797       0.470631       0.466296       0.460235       0.452995       0.445051       0.436693       0.427985       0.418801       0.408906       0.398024       0.385893       0.372297       0.357079       0.340145       0.321477       0.301129       0.279237       0.256023       0.231793       0.206932       0.181889       0.157161       0.133259       0.110676       0.089862       0.071189       0.054935       0.041280       0.030305       0.022001       0.016254       0.012758       0.010935       0.010119       0.009933       0.010400       0.011744       0.014117       0.017511       0.021856       0.027095       0.033210       0.040206       0.048098       0.056895       0.066585       0.077132       0.088474       0.100522       0.113170       0.126304       0.139810       0.153591       0.167566       0.181679       0.195898       0.210204       0.224583       0.239017       0.253470       0.267880       0.282158       0.296188       0.309834       0.322947       0.335378       0.346986       0.357640       0.367234       0.375679       0.382908       0.388871       0.393535       0.396879       0.398890       0.399561       0.398890       0.396879       0.393535       0.388871       0.382908       0.375679       0.367234       0.357640       0.346986       0.335378       0.322947       0.309834       0.296188       0.282158       0.267880       0.253470       0.239017       0.224583       0.210204       0.195898       0.181679       0.167566       0.153591       0.139810       0.126304       0.113170       0.100522       0.088474       0.077132       0.066585       0.056895       0.048098       0.040206       0.033210       0.027095       0.021856       0.017511       0.014117       0.011744       0.010400       0.009933       0.010119       0.010935       0.012758       0.016254       0.022001       0.030305       0.041280       0.054935       0.071189       0.089862       0.110676       0.133259       0.157161       0.181889       0.206932       0.231793       0.256023       0.279237       0.301129       0.321477       0.340145       0.357079       0.372297       0.385893       0.398024       0.408906       0.418801       0.427985       0.436693       0.445051       0.452995       0.460235       0.466296       0.470631       0.472797       0.472656       0.470639       0.468130       0.468130
       0.464862       0.464862       0.467072       0.468624       0.468231       0.465540       0.460745       0.454331       0.446871       0.438854       0.430559       0.422024       0.413086       0.403465       0.392847       0.380939       0.367509       0.352394       0.335507       0.316843       0.296477       0.274571       0.251374       0.227218       0.202514       0.177730       0.153375       0.129961       0.107976       0.087849       0.069921       0.054430       0.041494       0.031114       0.023167       0.017394       0.013394       0.010670       0.008782       0.007549       0.007157       0.007950       0.009975       0.013012       0.016872       0.021485       0.026854       0.033017       0.040021       0.047901       0.056670       0.066306       0.076759       0.087946       0.099764       0.112099       0.124840       0.137893       0.151190       0.164692       0.178391       0.192297       0.206428       0.220790       0.235365       0.250096       0.264887       0.279599       0.294063       0.308092       0.321494       0.334085       0.345699       0.356196       0.365462       0.373408       0.379973       0.385113       0.388800       0.391017       0.391757       0.391017       0.388800       0.385113       0.379973       0.373408       0.365462       0.356196       0.345699       0.334085       0.321494       0.308092       0.294063       0.279599       0.264887       0.250096       0.235365       0.220790       0.206428       0.192297       0.178391       0.164692       0.151190       0.137893       0.124840       0.112099       0.099764       0.087946       0.076759       0.066306       0.056670       0.047901       0.040021       0.033017       0.026854       0.021485       0.016872       0.013012       0.009975       0.007950       0.007157       0.007549       0.008782       0.010670       0.013394       0.017394       0.023167       0.031114       0.041494       0.054430       0.069921       0.087849       0.107976       0.129961       0.153375       0.177730       0.202514       0.227218       0.251374       0.274571       0.296477       0.316843       0.335507       0.352394       0.367509       0.380939       0.392847       0.403465       0.413086       0.422024       0.430559       0.438854       0.446871       0.454331       0.460745       0.465540       0.468231       0.468624       0.467072       0.464862       0.464862
       0.459670       0.459670       0.461520       0.462515       0.461492       0.458197       0.452905       0.446160       0.438575       0.430649       0.422646       0.414559       0.406162       0.397110       0.387032       0.375598       0.362552       0.347728       0.331050       0.312532       0.292274       0.270465       0.247382       0.223384       0.198902       0.174423       0.150459       0.127521       0.106082       0.086545       0.069215       0.054283       0.041810       0.031732       0.023857       0.017877       0.013396       0.009989       0.007303       0.005208       0.004065       0.004645       0.006714       0.009598       0.013059       0.017082       0.021727       0.027077       0.033211       0.040191       0.048047       0.056773       0.066324       0.076620       0.087556       0.099015       0.110885       0.123075       0.135530       0.148232       0.161205       0.174500       0.188176       0.202279       0.216820       0.231754       0.246980       0.262335       0.277613       0.292582       0.306999       0.320630       0.333265       0.344726       0.354869       0.363585       0.370793       0.376442       0.380496       0.382935       0.383749       0.382935       0.380496       0.376442       0.370793       0.363585       0.354869       0.344726       0.333265       0.320630       0.306999       0.292582       0.277613       0.262335       0.246980       0.231754       0.216820       0.202279       0.188176       0.174500       0.161205       0.148232       0.135530       0.123075       0.110885       0.099015       0.087556       0.076620       0.066324       0.056773       0.048047       0.040191       0.033211       0.027077       0.021727       0.017082       0.013059       0.009598       0.006714       0.004645       0.004065       0.005208       0.007303       0.009989       0.013396       0.017877       0.023857       0.031732       0.041810       0.054283       0.069215       0.086545       0.106082       0.127521       0.150459       0.174423       0.198902       0.223384       0.247382       0.270465       0.292274       0.312532       0.331050       0.347728       0.362552       0.375598       0.387032       0.397110       0.406162       0.414559       0.422646       0.430649       0.438575       0.446160       0.452905       0.458197       0.461492       0.462515       0.461520       0.459670       0.459670
       0.451809       0.451809       0.453227       0.453552       0.451782       0.447795       0.441973       0.434945       0.427379       0.419789       0.412408       0.405154       0.397703       0.389610       0.380427       0.369770       0.357363       0.343041       0.326744       0.308513       0.288480       0.266865       0.243976       0.220197       0.195981       0.171825       0.148245       0.125746       0.104782       0.085730       0.068861       0.054322       0.042136       0.032196       0.024285       0.018096       0.013266       0.009428       0.006258       0.003527       0.001360       0.002187       0.004614       0.007325       0.010330       0.013732       0.017651       0.022207       0.027503       0.033620       0.040601       0.048447       0.057116       0.066523       0.076558       0.087095       0.098017       0.109233       0.120697       0.132419       0.144462       0.156927       0.169934       0.183582       0.197925       0.212940       0.228522       0.244485       0.260580       0.276517       0.291995       0.306724       0.320442       0.332928       0.344004       0.353536       0.361428       0.367616       0.372059       0.374732       0.375625       0.374732       0.372059       0.367616       0.361428       0.353536       0.344004       0.332928       0.320442       0.306724       0.291995       0.276517       0.260580       0.244485       0.228522       0.212940       0.197925       0.183582       0.169934       0.156927       0.144462       0.132419       0.120697       0.109233       0.098017       0.087095       0.076558       0.066523       0.057116       0.048447       0.040601       0.033620       0.027503       0.022207       0.017651       0.013732       0.010330       0.007325       0.004614       0.002187       0.001360       0.003527       0.006258       0.009428       0.013266       0.018096       0.024285       0.032196       0.042136       0.054322       0.068861       0.085730       0.104782       0.125746       0.148245       0.171825       0.195981       0.220197       0.243976       0.266865       0.288480       0.308513       0.326744       0.343041       0.357363       0.369770       0.380427       0.389610       0.397703       0.405154       0.412408       0.419789       0.427379       0.434945       0.441973       0.447795       0.451782       0.453552       0.453227       0.451809       0.451809
       0.440358       0.440358       0.441258       0.440782       0.438125       0.433344       0.426969       0.419738       0.412396       0.405485       0.399187       0.393297       0.387339       0.380718       0.372875       0.363365       0.351891       0.338300       0.322563       0.304757       0.285056       0.263718       0.241085       0.217568       0.193639       0.169806       0.146588       0.124478       0.103916       0.085253       0.068732       0.054471       0.042465       0.032593       0.024638       0.018317       0.013315       0.009324       0.006080       0.003400       0.001418       0.001964       0.003924       0.006096       0.008488       0.011215       0.014410       0.018206       0.022718       0.028034       0.034204       0.041229       0.049064       0.057617       0.066764       0.076364       0.086289       0.096442       0.106788       0.117360       0.128270       0.139686       0.151802       0.164794       0.178774       0.193751       0.209621       0.226168       0.243090       0.260033       0.276626       0.292513       0.307374       0.320941       0.333000       0.343391       0.352001       0.358755       0.363604       0.366522       0.367496       0.366522       0.363604       0.358755       0.352001       0.343391       0.333000       0.320941       0.307374       0.292513       0.276626       0.260033       0.243090       0.226168       0.209621       0.193751       0.178774       0.164794       0.151802       0.139686       0.128270       0.117360       0.106788       0.096442       0.086289       0.076364       0.066764       0.057617       0.049064       0.041229       0.034204       0.028034       0.022718       0.018206       0.014410       0.011215       0.008488       0.006096       0.003924       0.001964       0.001418       0.003400       0.006080       0.009324       0.013315       0.018317       0.024638       0.032593       0.042465       0.054471       0.068732       0.085253       0.103916       0.124478       0.146588       0.169806       0.193639       0.217568       0.241085       0.263718       0.285056       0.304757       0.322563       0.338300       0.351891       0.363365       0.372875       0.380718       0.387339       0.393297       0.399187       0.405485       0.412396       0.419738       0.426969       0.433344       0.438125       0.440782       0.441258       0.440358       0.440358
       0.424240       0.424240       0.424529       0.423104       0.419402       0.413719       0.406788       0.399460       0.392607       0.386829       0.382235       0.378429       0.374687       0.370197       0.364246       0.356318       0.346108       0.333492       0.318492       0.301242       0.281967       0.260974       0.238642       0.215413       0.191778       0.168256       0.145365       0.123593       0.103364       0.085010       0.068752       0.054690       0.042808       0.032983       0.025014       0.018647       0.013616       0.009671       0.006621       0.004389       0.003132       0.003149       0.004113       0.005512       0.007209       0.009257       0.011770       0.014872       0.018681       0.023283       0.028728       0.035016       0.042092       0.049851       0.058149       0.066827       0.075735       0.084763       0.093880       0.103145       0.112723       0.122866       0.133866       0.146001       0.159460       0.174297       0.190407       0.207535       0.225316       0.243316       0.261084       0.278189       0.294250       0.308947       0.322031       0.333314       0.342666       0.350002       0.355270       0.358440       0.359498       0.358440       0.355270       0.350002       0.342666       0.333314       0.322031       0.308947       0.294250       0.278189       0.261084       0.243316       0.225316       0.207535       0.190407       0.174297       0.159460       0.146001       0.133866       0.122866       0.112723       0.103145       0.093880       0.084763       0.075735       0.066827       0.058149       0.049851       0.042092       0.035016       0.028728       0.023283       0.018681       0.014872       0.011770       0.009257       0.007209       0.005512       0.004113       0.003149       0.003132       0.004389       0.006621       0.009671       0.013616       0.018647       0.025014       0.032983       0.042808       0.054690       0.068752       0.085010       0.103364       0.123593       0.145365       0.168256       0.191778       0.215413       0.238642       0.260974       0.281967       0.301242       0.318492       0.333492       0.346108       0.356318       0.364246       0.370197       0.374687       0.378429       0.382235       0.386829       0.392607       0.399460       0.406788       0.413719       0.419402       0.423104       0.424529       0.424240       0.424240
       0.402301       0.402301       0.401890       0.399356       0.394434       0.387755       0.380336       0.373026       0.366944       0.362853       0.360771       0.359994       0.359409       0.357873       0.354474       0.348623       0.340030       0.328635       0.314541       0.297961       0.279190       0.258592       0.236591       0.213660       0.190313       0.167079       0.144478       0.122994       0.103037       0.084926       0.068868       0.054954       0.043163       0.033381       0.025422       0.019063       0.014069       0.010228       0.007373       0.005410       0.004307       0.004013       0.004338       0.005076       0.006149       0.007598       0.009519       0.012030       0.015240       0.019235       0.024061       0.029712       0.036122       0.043168       0.050683       0.058478       0.066374       0.074241       0.082039       0.089852       0.097902       0.106543       0.116198       0.127277       0.140077       0.154704       0.171045       0.188791       0.207490       0.226615       0.245623       0.264005       0.281312       0.297175       0.311308       0.323499       0.333605       0.341531       0.347221       0.350645       0.351787       0.350645       0.347221       0.341531       0.333605       0.323499       0.311308       0.297175       0.281312       0.264005       0.245623       0.226615       0.207490       0.188791       0.171045       0.154704       0.140077       0.127277       0.116198       0.106543       0.097902       0.089852       0.082039       0.074241       0.066374       0.058478       0.050683       0.043168       0.036122       0.029712       0.024061       0.019235       0.015240       0.012030       0.009519       0.007598       0.006149       0.005076       0.004338       0.004013       0.004307       0.005410       0.007373       0.010228       0.014069       0.019063       0.025422       0.033381       0.043163       0.054954       0.068868       0.084926       0.103037       0.122994       0.144478       0.167079       0.190313       0.213660       0.236591       0.258592       0.279190       0.297961       0.314541       0.328635       0.340030       0.348623       0.354474       0.357873       0.359409       0.359994       0.360771       0.362853       0.366944       0.373026       0.380336       0.387755       0.394434       0.399356       0.401890       0.402301       0.402301
       0.373449       0.373449       0.372271       0.368477       0.362142       0.354406       0.346839       0.339593       0.334460       0.332652       0.334091       0.337556       0.341306       0.343713       0.343614       0.340365       0.333739       0.323793       0.310748       0.294927       0.276714       0.256541       0.234882       0.212246       0.189171       0.166197       0.143848       0.122603       0.102865       0.084945       0.069039       0.055235       0.043513       0.033766       0.025824       0.019482       0.014524       0.010747       0.007977       0.006071       0.004903       0.004339       0.004236       0.004492       0.005084       0.006060       0.007514       0.009553       0.012284       0.015790       0.020112       0.025236       0.031085       0.037513       0.044327       0.051301       0.058219       0.064914       0.071328       0.077554       0.083880       0.090778       0.098848       0.108683       0.120720       0.135124       0.151751       0.170205       0.189920       0.210257       0.230574       0.250278       0.268858       0.285900       0.301084       0.314180       0.325031       0.333538       0.339642       0.343314       0.344540       0.343314       0.339642       0.333538       0.325031       0.314180       0.301084       0.285900       0.268858       0.250278       0.230574       0.210257       0.189920       0.170205       0.151751       0.135124       0.120720       0.108683       0.098848       0.090778       0.083880       0.077554       0.071328       0.064914       0.058219       0.051301       0.044327       0.037513       0.031085       0.025236       0.020112       0.015790       0.012284       0.009553       0.007514       0.006060       0.005084       0.004492       0.004236       0.004339       0.004903       0.006071       0.007977       0.010747       0.014524       0.019482       0.025824       0.033766       0.043513       0.055235       0.069039       0.084945       0.102865       0.122603       0.143848       0.166197       0.189171       0.212246       0.234882       0.256541       0.276714       0.294927       0.310748       0.323793       0.333739       0.340365       0.343614       0.343713       0.341306       0.337556       0.334091       0.332652       0.334460       0.339593       0.346839       0.354406       0.362142       0.368477       0.372271       0.373449       0.373449
       0.336898       0.336898       0.334928       0.329730       0.321704       0.312772       0.306518       0.298953       0.294552       0.295563       0.301756       0.310989       0.320495       0.327954       0.331925       0.331771       0.327412       0.319085       0.307186       0.292174       0.274542       0.254800       0.233477       0.211122       0.188293       0.165546       0.143410       0.122360       0.102797       0.085023       0.069232       0.055507       0.043833       0.034108       0.026173       0.019831       0.014873       0.011095       0.008305       0.006330       0.005010       0.004199       0.003780       0.003693       0.003940       0.004577       0.005689       0.007380       0.009751       0.012882       0.016814       0.021523       0.026918       0.032833       0.039040       0.045276       0.051274       0.056818       0.061810       0.066334       0.070733       0.075625       0.081847       0.090261       0.101495       0.115758       0.132825       0.152151       0.173022       0.194668       0.216348       0.237395       0.257244       0.275442       0.291647       0.305613       0.317177       0.326237       0.332735       0.336642       0.337946       0.336642       0.332735       0.326237       0.317177       0.305613       0.291647       0.275442       0.257244       0.237395       0.216348       0.194668       0.173022       0.152151       0.132825       0.115758       0.101495       0.090261       0.081847       0.075625       0.070733       0.066334       0.061810       0.056818       0.051274       0.045276       0.039040       0.032833       0.026918       0.021523       0.016814       0.012882       0.009751       0.007380       0.005689       0.004577       0.003940       0.003693       0.003780       0.004199       0.005010       0.006330       0.008305       0.011095       0.014873       0.019831       0.026173       0.034108       0.043833       0.055507       0.069232       0.085023       0.102797       0.122360       0.143410       0.165546       0.188293       0.211122       0.233477       0.254800       0.274542       0.292174       0.307186       0.319085       0.327412       0.331771       0.331925       0.327954       0.320495       0.310989       0.301756       0.295563       0.294552       0.298953       0.306518       0.312772       0.321704       0.329730       0.334928       0.336898       0.336898
       0.306645       0.306645       0.303552       0.296209       0.285114       0.272494       0.262463       0.251976       0.247151       0.251384       0.263897       0.280792       0.297645       0.311250       0.319950       0.323248       0.321329       0.314697       0.303965       0.289760       0.272694       0.253362       0.232351       0.210247       0.187633       0.165077       0.143113       0.122219       0.102790       0.085127       0.069418       0.055749       0.044103       0.034385       0.026440       0.020074       0.015079       0.011246       0.008372       0.006272       0.004778       0.003749       0.003087       0.002753       0.002762       0.003172       0.004054       0.005504       0.007619       0.010482       0.014128       0.018527       0.023573       0.029078       0.034783       0.040380       0.045547       0.050001       0.053575       0.056312       0.058576       0.061151       0.065210       0.072038       0.082538       0.096906       0.114708       0.135157       0.157349       0.180389       0.203450       0.225811       0.246873       0.266158       0.283310       0.298077       0.310291       0.319853       0.326707       0.330827       0.332201       0.330827       0.326707       0.319853       0.310291       0.298077       0.283310       0.266158       0.246873       0.225811       0.203450       0.180389       0.157349       0.135157       0.114708       0.096906       0.082538       0.072038       0.065210       0.061151       0.058576       0.056312       0.053575       0.050001       0.045547       0.040380       0.034783       0.029078       0.023573       0.018527       0.014128       0.010482       0.007619       0.005504       0.004054       0.003172       0.002762       0.002753       0.003087       0.003749       0.004778       0.006272       0.008372       0.011246       0.015079       0.020074       0.026440       0.034385       0.044103       0.055749       0.069418       0.085127       0.102790       0.122219       0.143113       0.165077       0.187633       0.210247       0.232351       0.253362       0.272694       0.289760       0.303965       0.314697       0.321329       0.323248       0.319950       0.311250       0.297645       0.280792       0.263897       0.251384       0.247151       0.251976       0.262463       0.272494       0.285114       0.296209       0.303552       0.306645       0.306645
       0.282243       0.282243       0.277829       0.267828       0.252550       0.234083       0.216723       0.199914       0.192670       0.200659       0.221750       0.248587       0.274301       0.294834       0.308575       0.315395       0.315880       0.310868       0.301225       0.287758       0.271200       0.252229       0.231486       0.209592       0.187153       0.164749       0.142920       0.122143       0.102814       0.085229       0.069578       0.055944       0.044311       0.034587       0.026618       0.020212       0.015159       0.011246       0.008267       0.006033       0.004379       0.003172       0.002326       0.001811       0.001659       0.001926       0.002664       0.003955       0.005900       0.008582       0.012033       0.016216       0.021009       0.026206       0.031518       0.036594       0.041051       0.044528       0.046761       0.047690       0.047630       0.047493       0.048946       0.054033       0.064090       0.079085       0.098094       0.119972       0.143627       0.168078       0.192459       0.216030       0.238178       0.258419       0.276393       0.291848       0.304618       0.314606       0.321762       0.326060       0.327494       0.326060       0.321762       0.314606       0.304618       0.291848       0.276393       0.258419       0.238178       0.216030       0.192459       0.168078       0.143627       0.119972       0.098094       0.079085       0.064090       0.054033       0.048946       0.047493       0.047630       0.047690       0.046761       0.044528       0.041051       0.036594       0.031518       0.026206       0.021009       0.016216       0.012033       0.008582       0.005900       0.003955       0.002664       0.001926       0.001659       0.001811       0.002326       0.003172       0.004379       0.006033       0.008267       0.011246       0.015159       0.020212       0.026618       0.034587       0.044311       0.055944       0.069578       0.085229       0.102814       0.122143       0.142920       0.164749       0.187153       0.209592       0.231486       0.252229       0.271200       0.287758       0.301225       0.310868       0.315880       0.315395       0.308575       0.294834       0.274301       0.248587       0.221750       0.200659       0.192670       0.199914       0.216723       0.234083       0.252550       0.267828       0.277829       0.282243       0.282243
       0.264015       0.264015       0.258324       0.245637       0.225832       0.200337       0.172885       0.145295       0.132156       0.145347       0.178727       0.217836       0.253162       0.280561       0.298998       0.308957       0.311515       0.307865       0.299120       0.286250       0.270097       0.251408       0.230871       0.209137       0.186829       0.164535       0.142801       0.122107       0.102846       0.085314       0.069699       0.056084       0.044455       0.034719       0.026722       0.020273       0.015161       0.011170       0.008095       0.005750       0.003974       0.002642       0.001670       0.001026       0.000757       0.000943       0.001593       0.002783       0.004623       0.007196       0.010527       0.014571       0.019197       0.024183       0.029213       0.033901       0.037808       0.040493       0.041574       0.040825       0.038364       0.035038       0.033113       0.036283       0.046708       0.063290       0.084096       0.107631       0.132747       0.158482       0.183996       0.208564       0.231585       0.252581       0.271196       0.287183       0.300380       0.310695       0.318080       0.322516       0.323995       0.322516       0.318080       0.310695       0.300380       0.287183       0.271196       0.252581       0.231585       0.208564       0.183996       0.158482       0.132747       0.107631       0.084096       0.063290       0.046708       0.036283       0.033113       0.035038       0.038364       0.040825       0.041574       0.040493       0.037808       0.033901       0.029213       0.024183       0.019197       0.014571       0.010527       0.007196       0.004623       0.002783       0.001593       0.000943       0.000757       0.001026       0.001670       0.002642       0.003974       0.005750       0.008095       0.011170       0.015161       0.020273       0.026722       0.034719       0.044455       0.056084       0.069699       0.085314       0.102846       0.122107       0.142801       0.164535       0.186829       0.209137       0.230871       0.251408       0.270097       0.286250       0.299120       0.307865       0.311515       0.308957       0.298998       0.280561       0.253162       0.217836       0.178727       0.145347       0.132156       0.145295       0.172885       0.200337       0.225832       0.245637       0.258324       0.264015       0.264015
       0.252648       0.252648       0.246015       0.231286       0.207837       0.176106       0.138046       0.094518       0.067355       0.091330       0.142629       0.194411       0.237958       0.270668       0.292533       0.304699       0.308675       0.305941       0.297790       0.285310       0.269418       0.250910       0.230504       0.208869       0.186641       0.164414       0.142738       0.122092       0.102870       0.085369       0.069774       0.056169       0.044539       0.034791       0.026773       0.020292       0.015136       0.011091       0.007952       0.005536       0.003687       0.002288       0.001256       0.000550       0.000174       0.000322       0.000912       0.002042       0.003829       0.006348       0.009617       0.013586       0.018118       0.022980       0.027841       0.032289       0.035845       0.038007       0.038284       0.036269       0.031742       0.024983       0.018119       0.019042       0.032082       0.051510       0.074378       0.099410       0.125677       0.152342       0.178636       0.203870       0.227460       0.248943       0.267967       0.284291       0.297758       0.308279       0.315809       0.320330       0.321837       0.320330       0.315809       0.308279       0.297758       0.284291       0.267967       0.248943       0.227460       0.203870       0.178636       0.152342       0.125677       0.099410       0.074378       0.051510       0.032082       0.019042       0.018119       0.024983       0.031742       0.036269       0.038284       0.038007       0.035845       0.032289       0.027841       0.022980       0.018118       0.013586       0.009617       0.006348       0.003829       0.002042       0.000912       0.000322       0.000174       0.000550       0.001256       0.002288       0.003687       0.005536       0.007952       0.011091       0.015136       0.020292       0.026773       0.034791       0.044539       0.056169       0.069774       0.085369       0.102870       0.122092       0.142738       0.164414       0.186641       0.208869       0.230504       0.250910       0.269418       0.285310       0.297790       0.305941       0.308675       0.304699       0.292533       0.270668       0.237958       0.194411       0.142629       0.091330       0.067355       0.094518       0.138046       0.176106       0.207837       0.231286       0.246015       0.252648       0.252648
       0.248774       0.248774       0.241793       0.226295       0.201424       0.167090       0.123896       0.068786       0.005366       0.061964       0.127432       0.185415       0.232357       0.267107       0.290240       0.303205       0.307689       0.305278       0.297335       0.284990       0.269189       0.250743       0.230382       0.208781       0.186579       0.164375       0.142718       0.122088       0.102880       0.085388       0.069799       0.056197       0.044566       0.034814       0.026788       0.020295       0.015123       0.011059       0.007897       0.005457       0.003585       0.002166       0.001124       0.000425       0.000081       0.000138       0.000675       0.001785       0.003558       0.006062       0.009312       0.013258       0.017760       0.022581       0.027386       0.031752       0.035188       0.037164       0.037150       0.034649       0.029243       0.020621       0.008614       0.006785       0.025411       0.046926       0.070832       0.096500       0.123214       0.150224       0.176798       0.202266       0.226055       0.247706       0.266872       0.283311       0.296871       0.307462       0.315041       0.319591       0.321108       0.319591       0.315041       0.307462       0.296871       0.283311       0.266872       0.247706       0.226055       0.202266       0.176798       0.150224       0.123214       0.096500       0.070832       0.046926       0.025411       0.006785       0.008614       0.020621       0.029243       0.034649       0.037150       0.037164       0.035188       0.031752       0.027386       0.022581       0.017760       0.013258       0.009312       0.006062       0.003558       0.001785       0.000675       0.000138       0.000081       0.000425       0.001124       0.002166       0.003585       0.005457       0.007897       0.011059       0.015123       0.020295       0.026788       0.034814       0.044566       0.056197       0.069799       0.085388       0.102880       0.122088       0.142718       0.164375       0.186579       0.208781       0.230382       0.250743       0.269189       0.284990       0.297335       0.305278       0.307689       0.303205       0.290240       0.267107       0.232357       0.185415       0.127432       0.061964       0.005366       0.068786       0.123896       0.167090       0.201424       0.226295       0.241793       0.248774       0.248774
       0.252648       0.252648       0.246015       0.231286       0.207837       0.176106       0.138046       0.094518       0.067355       0.091330       0.142629       0.194411       0.237958       0.270668       0.292533       0.304699       0.308675       0.305941       0.297790       0.285310       0.269418       0.250910       0.230504       0.208869       0.186641       0.164414       0.142738       0.122092       0.102870       0.085369       0.069774       0.056169       0.044539       0.034791       0.026773       0.020292       0.015136       0.011091       0.007952       0.005536       0.003687       0.002288       0.001256       0.000550       0.000174       0.000322       0.000912       0.002042       0.003829       0.006348       0.009617       0.013586       0.018118       0.022980       0.027841       0.032289       0.035845       0.038007       0.038284       0.036269       0.031742       0.024983       0.018119       0.019042       0.032082       0.051510       0.074378       0.099410       0.125677       0.152342       0.178636       0.203870       0.227460       0.248943       0.267967       0.284291       0.297758       0.308279       0.315809       0.320330       0.321837       0.320330       0.315809       0.308279       0.297758       0.284291       0.267967       0.248943       0.227460       0.203870       0.178636       0.152342       0.125677       0.099410       0.074378       0.051510       0.032082       0.019042       0.018119       0.024983       0.031742       0.036269       0.038284       0.038007       0.035845       0.032289       0.027841       0.022980       0.018118       0.013586       0.009617       0.006348       0.003829       0.002042       0.000912       0.000322       0.000174       0.000550       0.001256       0.002288       0.003687       0.005536       0.007952       0.011091       0.015136       0.020292       0.026773       0.034791       0.044539       0.056169       0.069774       0.085369       0.102870       0.122092       0.142738       0.164414       0.186641       0.208869       0.230504       0.250910       0.269418       0.285310       0.297790       0.305941       0.308675       0.304699       0.292533       0.270668       0.237958       0.194411       0.142629       0.091330       0.067355       0.094518       0.138046       0.176106       0.207837       0.231286       0.246015       0.252648       0.252648
       0.264015       0.264015       0.258324       0.245637       0.225832       0.200337       0.172885       0.145295       0.132156       0.145347       0.178727       0.217836       0.253162       0.280561       0.298998       0.308957       0.311515       0.307865       0.299120       0.286250       0.270097       0.251408       0.230871       0.209137       0.186829       0.164535       0.142801       0.122107       0.102846       0.085314       0.069699       0.056084       0.044455       0.034719       0.026722       0.020273       0.015161       0.011170       0.008095       0.005750       0.003974       0.002642       0.001670       0.001026       0.000757       0.000943       0.001593       0.002783       0.004623       0.007196       0.010527       0.014571       0.019197       0.024183       0.029213       0.033901       0.037808       0.040493       0.041574       0.040825       0.038364       0.035038       0.033113       0.036283       0.046708       0.063290       0.084096       0.107631       0.132747       0.158482       0.183996       0.208564       0.231585       0.252581       0.271196       0.287183       0.300380       0.310695       0.318080       0.322516       0.323995       0.322516       0.318080       0.310695       0.300380       0.287183       0.271196       0.252581       0.231585       0.208564       0.183996       0.158482       0.132747       0.107631       0.084096       0.063290       0.046708       0.036283       0.033113       0.035038       0.038364       0.040825       0.041574       0.040493       0.037808       0.033901       0.029213       0.024183       0.019197       0.014571       0.010527       0.007196       0.004623       0.002783       0.001593       0.000943       0.000757       0.001026       0.001670       0.002642       0.003974       0.005750       0.008095       0.011170       0.015161       0.020273       0.026722       0.034719       0.044455       0.056084       0.069699       0.085314       0.102846       0.122107       0.142801       0.164535       0.186829       0.209137       0.230871       0.251408       0.270097       0.286250       0.299120       0.307865       0.311515       0.308957       0.298998       0.280561       0.253162       0.217836       0.178727       0.145347       0.132156       0.145295       0.172885       0.200337       0.225832       0.245637       0.258324       0.264015       0.264015
       0.282243       0.282243       0.277829       0.267828       0.252550       0.234083       0.216723       0.199914       0.192670       0.200659       0.221750       0.248587       0.274301       0.294834       0.308575       0.315395       0.315880       0.310868       0.301225       0.287758       0.271200       0.252229       0.231486       0.209592       0.187153       0.164749       0.142920       0.122143       0.102814       0.085229       0.069578       0.055944       0.044311       0.034587       0.026618       0.020212       0.015159       0.011246       0.008267       0.006033       0.004379       0.003172       0.002326       0.001811       0.001659       0.001926       0.002664       0.003955       0.005900       0.008582       0.012033       0.016216       0.021009       0.026206       0.031518       0.036594       0.041051       0.044528       0.046761       0.047690       0.047630       0.047493       0.048946       0.054033       0.064090       0.079085       0.098094       0.119972       0.143627       0.168078       0.192459       0.216030       0.238178       0.258419       0.276393       0.291848       0.304618       0.314606       0.321762       0.326060       0.327494       0.326060       0.321762       0.314606       0.304618       0.291848       0.276393       0.258419       0.238178       0.216030       0.192459       0.168078       0.143627       0.119972       0.098094       0.079085       0.064090       0.054033       0.048946       0.047493       0.047630       0.047690       0.046761       0.044528       0.041051       0.036594       0.031518       0.026206       0.021009       0.016216       0.012033       0.008582       0.005900       0.003955       0.002664       0.001926       0.001659       0.001811       0.002326       0.003172       0.004379       0.006033       0.008267       0.011246       0.015159       0.020212       0.026618       0.034587       0.044311       0.055944       0.069578       0.085229       0.102814       0.122143       0.142920       0.164749       0.187153       0.209592       0.231486       0.252229       0.271200       0.287758       0.301225       0.310868       0.315880       0.315395       0.308575       0.294834       0.274301       0.248587       0.221750       0.200659       0.192670       0.199914       0.216723       0.234083       0.252550       0.267828       0.277829       0.282243       0.282243
       0.306645       0.306645       0.303552       0.296209       0.285114       0.272494       0.262463       0.251976       0.247151       0.251384       0.263897       0.280792       0.297645       0.311250       0.319950       0.323248       0.321329       0.314697       0.303965       0.289760       0.272694       0.253362       0.232351       0.210247       0.187633       0.165077       0.143113       0.122219       0.102790       0.085127       0.069418       0.055749       0.044103       0.034385       0.026440       0.020074       0.015079       0.011246       0.008372       0.006272       0.004778       0.003749       0.003087       0.002753       0.002762       0.003172       0.004054       0.005504       0.007619       0.010482       0.014128       0.018527       0.023573       0.029078       0.034783       0.040380       0.045547       0.050001       0.053575       0.056312       0.058576       0.061151       0.065210       0.072038       0.082538       0.096906       0.114708       0.135157       0.157349       0.180389       0.203450       0.225811       0.246873       0.266158       0.283310       0.298077       0.310291       0.319853       0.326707       0.330827       0.332201       0.330827       0.326707       0.319853       0.310291       0.298077       0.283310       0.266158       0.246873       0.225811       0.203450       0.180389       0.157349       0.135157       0.114708       0.096906       0.082538       0.072038       0.065210       0.061151       0.058576       0.056312       0.053575       0.050001       0.045547       0.040380       0.034783       0.029078       0.023573       0.018527       0.014128       0.010482       0.007619       0.005504       0.004054       0.003172       0.002762       0.002753       0.003087       0.003749       0.004778       0.006272       0.008372       0.011246       0.015079       0.020074       0.026440       0.034385       0.044103       0.055749       0.069418       0.085127       0.102790       0.122219       0.143113       0.165077       0.187633       0.210247       0.232351       0.253362       0.272694       0.289760       0.303965       0.314697       0.321329       0.323248       0.319950       0.311250       0.297645       0.280792       0.263897       0.251384       0.247151       0.251976       0.262463       0.272494       0.285114       0.296209       0.303552       0.306645       0.306645
       0.336898       0.336898       0.334928       0.329730       0.321704       0.312772       0.306518       0.298953       0.294552       0.295563       0.301756       0.310989       0.320495       0.327954       0.331925       0.331771       0.327412       0.319085       0.307186       0.292174       0.274542       0.254800       0.233477       0.211122       0.188293       0.165546       0.143410       0.122360       0.102797       0.085023       0.069232       0.055507       0.043833       0.034108       0.026173       0.019831       0.014873       0.011095       0.008305       0.006330       0.005010       0.004199       0.003780       0.003693       0.003940       0.004577       0.005689       0.007380       0.009751       0.012882       0.016814       0.021523       0.026918       0.032833       0.039040       0.045276       0.051274       0.056818       0.061810       0.066334       0.070733       0.075625       0.081847       0.090261       0.101495       0.115758       0.132825       0.152151       0.173022       0.194668       0.216348       0.237395       0.257244       0.275442       0.291647       0.305613       0.317177       0.326237       0.332735       0.336642       0.337946       0.336642       0.332735       0.326237       0.317177       0.305613       0.291647       0.275442       0.257244       0.237395       0.216348       0.194668       0.173022       0.152151       0.132825       0.115758       0.101495       0.090261       0.081847       0.075625       0.070733       0.066334       0.061810       0.056818       0.051274       0.045276       0.039040       0.032833       0.026918       0.021523       0.016814       0.012882       0.009751       0.007380       0.005689       0.004577       0.003940       0.003693       0.003780       0.004199       0.005010       0.006330       0.008305       0.011095       0.014873       0.019831       0.026173       0.034108       0.043833       0.055507       0.069232       0.085023       0.102797       0.122360       0.143410       0.165546       0.188293       0.211122       0.233477       0.254800       0.274542       0.292174       0.307186       0.319085       0.327412       0.331771       0.331925       0.327954       0.320495       0.310989       0.301756       0.295563       0.294552       0.298953       0.306518       0.312772       0.321704       0.329730       0.334928       0.336898       0.336898
       0.373449       0.373449       0.372271       0.368477       0.362142       0.354406       0.346839       0.339593       0.334460       0.332652       0.334091       0.337556       0.341306       0.343713       0.343614       0.340365       0.333739       0.323793       0.310748       0.294927       0.276714       0.256541       0.234882       0.212246       0.189171       0.166197       0.143848       0.122603       0.102865       0.084945       0.069039       0.055235       0.043513       0.033766       0.025824       0.019482       0.014524       0.010747       0.007977       0.006071       0.004903       0.004339       0.004236       0.004492       0.005084       0.006060       0.007514       0.009553       0.012284       0.015790       0.020112       0.025236       0.031085       0.037513       0.044327       0.051301       0.058219       0.064914       0.071328       0.077554       0.083880       0.090778       0.098848       0.108683       0.120720       0.135124       0.151751       0.170205       0.189920       0.210257       0.230574       0.250278       0.268858       0.285900       0.301084       0.314180       0.325031       0.333538       0.339642       0.343314       0.344540       0.343314       0.339642       0.333538       0.325031       0.314180       0.301084       0.285900       0.268858       0.250278       0.230574       0.210257       0.189920       0.170205       0.151751       0.135124       0.120720       0.108683       0.098848       0.090778       0.083880       0.077554       0.071328       0.064914       0.058219       0.051301       0.044327       0.037513       0.031085       0.025236       0.020112       0.015790       0.012284       0.009553       0.007514       0.006060       0.005084       0.004492       0.004236       0.004339       0.004903       0.006071       0.007977       0.010747       0.014524       0.019482       0.025824       0.033766       0.043513       0.055235       0.069039       0.084945       0.102865       0.122603       0.143848       0.166197       0.189171       0.212246       0.234882       0.256541       0.276714       0.294927       0.310748       0.323793       0.333739       0.340365       0.343614       0.343713       0.341306       0.337556       0.334091       0.332652       0.334460       0.339593       0.346839       0.354406       0.362142       0.368477       0.372271       0.373449       0.373449
       0.402301       0.402301       0.401890       0.399356       0.394434       0.387755       0.380336       0.373026       0.366944       0.362853       0.360771       0.359994       0.359409       0.357873       0.354474       0.348623       0.340030       0.328635       0.314541       0.297961       0.279190       0.258592       0.236591       0.213660       0.190313       0.167079       0.144478       0.122994       0.103037       0.084926       0.068868       0.054954       0.043163       0.033381       0.025422       0.019063       0.014069       0.010228       0.007373       0.005410       0.004307       0.004013       0.004338       0.005076       0.006149       0.007598       0.009519       0.012030       0.015240       0.019235       0.024061       0.029712       0.036122       0.043168       0.050683       0.058478       0.066374       0.074241       0.082039       0.089852       0.097902       0.106543       0.116198       0.127277       0.140077       0.154704       0.171045       0.188791       0.207490       0.226615       0.245623       0.264005       0.281312       0.297175       0.311308       0.323499       0.333605       0.341531       0.347221       0.350645       0.351787       0.350645       0.347221       0.341531       0.333605       0.323499       0.311308       0.297175       0.281312       0.264005       0.245623       0.226615       0.207490       0.188791       0.171045       0.154704       0.140077       0.127277       0.116198       0.106543       0.097902       0.089852       0.082039       0.074241       0.066374       0.058478       0.050683       0.043168       0.036122       0.029712       0.024061       0.019235       0.015240       0.012030       0.009519       0.007598       0.006149       0.005076       0.004338       0.004013       0.004307       0.005410       0.007373       0.010228       0.014069       0.019063       0.025422       0.033381       0.043163       0.054954       0.068868       0.084926       0.103037       0.122994       0.144478       0.167079       0.190313       0.213660       0.236591       0.258592       0.279190       0.297961       0.314541       0.328635       0.340030       0.348623       0.354474       0.357873       0.359409       0.359994       0.360771       0.362853       0.366944       0.373026       0.380336       0.387755       0.394434       0.399356       0.401890       0.402301       0.402301
       0.424240       0.424240       0.424529       0.423104       0.419402       0.413719       0.406788       0.399460       0.392607       0.386829       0.382235       0.378429       0.374687       0.370197       0.364246       0.356318       0.346108       0.333492       0.318492       0.301242       0.281967       0.260974       0.238642       0.215413       0.191778       0.168256       0.145365       0.123593       0.103364       0.085010       0.068752       0.054690       0.042808       0.032983       0.025014       0.018647       0.013616       0.009671       0.006621       0.004389       0.003132       0.003149       0.004113       0.005512       0.007209       0.009257       0.011770       0.014872       0.018681       0.023283       0.028728       0.035016       0.042092       0.049851       0.058149       0.066827       0.075735       0.084763       0.093880       0.103145       0.112723       0.122866       0.133866       0.146001       0.159460       0.174297       0.190407       0.207535       0.225316       0.243316       0.261084       0.278189       0.294250       0.308947       0.322031       0.333314       0.342666       0.350002       0.355270       0.358440       0.359498       0.358440       0.355270       0.350002       0.342666       0.333314       0.322031       0.308947       0.294250       0.278189       0.261084       0.243316       0.225316       0.207535       0.190407       0.174297       0.159460       0.146001       0.133866       0.122866       0.112723       0.103145       0.093880       0.084763       0.075735       0.066827       0.058149       0.049851       0.042092       0.035016       0.028728       0.023283       0.018681       0.014872       0.011770       0.009257       0.007209       0.005512       0.004113       0.003149       0.003132       0.004389       0.006621       0.009671       0.013616       0.018647       0.025014       0.032983       0.042808       0.054690       0.068752       0.085010       0.103364       0.123593       0.145365       0.168256       0.191778       0.215413       0.238642       0.260974       0.281967       0.301242       0.318492       0.333492       0.346108       0.356318       0.364246       0.370197       0.374687       0.378429       0.382235       0.386829       0.392607       0.399460       0.406788       0.413719       0.419402       0.423104       0.424529       0.424240       0.424240
       0.440358       0.440358       0.441258       0.440782       0.438125       0.433344       0.426969       0.419738       0.412396       0.405485       0.399187       0.393297       0.387339       0.380718       0.372875       0.363365       0.351891       0.338300       0.322563       0.304757       0.285056       0.263718       0.241085       0.217568       0.193639       0.169806       0.146588       0.124478       0.103916       0.085253       0.068732       0.054471       0.042465       0.032593       0.024638       0.018317       0.013315       0.009324       0.006080       0.003400       0.001418       0.001964       0.003924       0.006096       0.008488       0.011215       0.014410       0.018206       0.022718       0.028034       0.034204       0.041229       0.049064       0.057617       0.066764       0.076364       0.086289       0.096442       0.106788       0.117360       0.128270       0.139686       0.151802       0.164794       0.178774       0.193751       0.209621       0.226168       0.243090       0.260033       0.276626       0.292513       0.307374       0.320941       0.333000       0.343391       0.352001       0.358755       0.363604       0.366522       0.367496       0.366522       0.363604       0.358755       0.352001       0.343391       0.333000       0.320941       0.307374       0.292513       0.276626       0.260033       0.243090       0.226168       0.209621       0.193751       0.178774       0.164794       0.151802       0.139686       0.128270       0.117360       0.106788       0.096442       0.086289       0.076364       0.066764       0.057617       0.049064       0.041229       0.034204       0.028034       0.022718       0.018206       0.014410       0.011215       0.008488       0.006096       0.003924       0.001964       0.001418       0.003400       0.006080       0.009324       0.013315       0.018317       0.024638       0.032593       0.042465       0.054471       0.068732       0.085253       0.103916       0.124478       0.146588       0.169806       0.193639       0.217568       0.241085       0.263718       0.285056       0.304757       0.322563       0.338300       0.351891       0.363365       0.372875       0.380718       0.387339       0.393297       0.399187       0.405485       0.412396       0.419738       0.426969       0.433344       0.438125       0.440782       0.441258       0.440358       0.440358
       0.451809       0.451809       0.453227       0.453552       0.451782       0.447795       0.441973       0.434945       0.427379       0.419789       0.412408       0.405154       0.397703       0.389610       0.380427       0.369770       0.357363       0.343041       0.326744       0.308513       0.288480       0.266865       0.243976       0.220197       0.195981       0.171825       0.148245       0.125746       0.104782       0.085730       0.068861       0.054322       0.042136       0.032196       0.024285       0.018096       0.013266       0.009428       0.006258       0.003527       0.001360       0.002187       0.004614       0.007325       0.010330       0.013732       0.017651       0.022207       0.027503       0.033620       0.040601       0.048447       0.057116       0.066523       0.076558       0.087095       0.098017       0.109233       0.120697       0.132419       0.144462       0.156927       0.169934       0.183582       0.197925       0.212940       0.228522       0.244485       0.260580       0.276517       0.291995       0.306724       0.320442       0.332928       0.344004       0.353536       0.361428       0.367616       0.372059       0.374732       0.375625       0.374732       0.372059       0.367616       0.361428       0.353536       0.344004       0.332928       0.320442       0.306724       0.291995       0.276517       0.260580       0.244485       0.228522       0.212940       0.197925       0.183582       0.169934       0.156927       0.144462       0.132419       0.120697       0.109233       0.098017       0.087095       0.076558       0.066523       0.057116       0.048447       0.040601       0.033620       0.027503       0.022207       0.017651       0.013732       0.010330       0.007325       0.004614       0.002187       0.001360       0.003527       0.006258       0.009428       0.013266       0.018096       0.024285       0.032196       0.042136       0.054322       0.068861       0.085730       0.104782       0.125746       0.148245       0.171825       0.195981       0.220197       0.243976       0.266865       0.288480       0.308513       0.326744       0.343041       0.357363       0.369770       0.380427       0.389610       0.397703       0.405154       0.412408       0.419789       0.427379       0.434945       0.441973       0.447795       0.451782       0.453552       0.453227       0.451809       0.451809
       0.459670       0.459670       0.461520       0.462515       0.461492       0.458197       0.452905       0.446160       0.438575       0.430649       0.422646       0.414559       0.406162       0.397110       0.387032       0.375598       0.362552       0.347728       0.331050       0.312532       0.292274       0.270465       0.247382       0.223384       0.198902       0.174423       0.150459       0.127521       0.106082       0.086545       0.069215       0.054283       0.041810       0.031732       0.023857       0.017877       0.013396       0.009989       0.007303       0.005208       0.004065       0.004645       0.006714       0.009598       0.013059       0.017082       0.021727       0.027077       0.033211       0.040191       0.048047       0.056773       0.066324       0.076620       0.087556       0.099015       0.110885       0.123075       0.135530       0.148232       0.161205       0.174500       0.188176       0.202279       0.216820       0.231754       0.246980       0.262335       0.277613       0.292582       0.306999       0.320630       0.333265       0.344726       0.354869       0.363585       0.370793       0.376442       0.380496       0.382935       0.383749       0.382935       0.380496       0.376442       0.370793       0.363585       0.354869       0.344726       0.333265       0.320630       0.306999       0.292582       0.277613       0.262335       0.246980       0.231754       0.216820       0.202279       0.188176       0.174500       0.161205       0.148232       0.135530       0.123075       0.110885       0.099015       0.087556       0.076620       0.066324       0.056773       0.048047       0.040191       0.033211       0.027077       0.021727       0.017082       0.013059       0.009598       0.006714       0.004645       0.004065       0.005208       0.007303       0.009989       0.013396       0.017877       0.023857       0.031732       0.041810       0.054283       0.069215       0.086545       0.106082       0.127521       0.150459       0.174423       0.198902       0.223384       0.247382       0.270465       0.292274       0.312532       0.331050       0.347728       0.362552       0.375598       0.387032       0.397110       0.406162       0.414559       0.422646       0.430649       0.438575       0.446160       0.452905       0.458197       0.461492       0.462515       0.461520       0.459670       0.459670
       0.464862       0.464862       0.467072       0.468624       0.468231       0.465540       0.460745       0.454331       0.446871       0.438854       0.430559       0.422024       0.413086       0.403465       0.392847       0.380939       0.367509       0.352394       0.335507       0.316843       0.296477       0.274571       0.251374       0.227218       0.202514       0.177730       0.153375       0.129961       0.107976       0.087849       0.069921       0.054430       0.041494       0.031114       0.023167       0.017394       0.013394       0.010670       0.008782       0.007549       0.007157       0.007950       0.009975       0.013012       0.016872       0.021485       0.026854       0.033017       0.040021       0.047901       0.056670       0.066306       0.076759       0.087946       0.099764       0.112099       0.124840       0.137893       0.151190       0.164692       0.178391       0.192297       0.206428       0.220790       0.235365       0.250096       0.264887       0.279599       0.294063       0.308092       0.321494       0.334085       0.345699       0.356196       0.365462       0.373408       0.379973       0.385113       0.388800       0.391017       0.391757       0.391017       0.388800       0.385113       0.379973       0.373408       0.365462       0.356196       0.345699       0.334085       0.321494       0.308092       0.294063       0.279599       0.264887       0.250096       0.235365       0.220790       0.206428       0.192297       0.178391       0.164692       0.151190       0.137893       0.124840       0.112099       0.099764       0.087946       0.076759       0.066306       0.056670       0.047901       0.040021       0.033017       0.026854       0.021485       0.016872       0.013012       0.009975       0.007950       0.007157       0.007549       0.008782       0.010670       0.013394       0.017394       0.023167       0.031114       0.041494       0.054430       0.069921       0.087849       0.107976       0.129961       0.153375       0.177730       0.202514       0.227218       0.251374       0.274571       0.296477       0.316843       0.335507       0.352394       0.367509       0.380939       0.392847       0.403465       0.413086       0.422024       0.430559       0.438854       0.446871       0.454331       0.460745       0.465540       0.468231       0.468624       0.467072       0.464862       0.464862
       0.468130       0.468130       0.470639       0.472656       0.472797       0.470631       0.466296       0.460235       0.452995       0.445051       0.436693       0.427985       0.418801       0.408906       0.398024       0.385893       0.372297       0.357079       0.340145       0.321477       0.301129       0.279237       0.256023       0.231793       0.206932       0.181889       0.157161       0.133259       0.110676       0.089862       0.071189       0.054935       0.041280       0.030305       0.022001       0.016254       0.012758       0.010935       0.010119       0.009933       0.010400       0.011744       0.014117       0.017511       0.021856       0.027095       0.033210       0.040206       0.048098       0.056895       0.066585       0.077132       0.088474       0.100522       0.113170       0.126304       0.139810       0.153591       0.167566       0.181679       0.195898       0.210204       0.224583       0.239017       0.253470       0.267880       0.282158       0.296188       0.309834       0.322947       0.335378       0.346986       0.357640       0.367234       0.375679       0.382908       0.388871       0.393535       0.396879       0.398890       0.399561       0.398890       0.396879       0.393535       0.388871       0.382908       0.375679       0.367234       0.357640       0.346986       0.335378       0.322947       0.309834       0.296188       0.282158       0.267880       0.253470       0.239017       0.224583       0.210204       0.195898       0.181679       0.167566       0.153591       0.139810       0.126304       0.113170       0.100522       0.088474       0.077132       0.066585       0.056895       0.048098       0.040206       0.033210       0.027095       0.021856       0.017511       0.014117       0.011744       0.010400       0.009933       0.010119       0.010935       0.012758       0.016254       0.022001       0.030305       0.041280       0.054935       0.071189       0.089862       0.110676       0.133259       0.157161       0.181889       0.206932       0.231793       0.256023       0.279237       0.301129       0.321477       0.340145       0.357079       0.372297       0.385893       0.398024       0.408906       0.418801       0.427985       0.436693       0.445051       0.452995       0.460235       0.466296       0.470631       0.472797       0.472656       0.470639       0.468130       0.468130
       0.470050       0.470050       0.472808       0.475216       0.475809       0.474101       0.470188       0.464484       0.457516       0.449753       0.441488       0.432797       0.423582       0.413633       0.402703       0.390551       0.376975       0.361822       0.344995       0.326464       0.306264       0.284510       0.261394       0.237196       0.212273       0.187051       0.162006       0.137641       0.114449       0.092888       0.073347       0.056134       0.041465       0.029481       0.020295       0.014063       0.010897       0.010269       0.010954       0.012154       0.013767       0.015999       0.019066       0.023083       0.028075       0.034032       0.040942       0.048795       0.057584       0.067291       0.077885       0.089312       0.101496       0.114340       0.127733       0.141558       0.155699       0.170052       0.184528       0.199060       0.213595       0.228096       0.242531       0.256864       0.271051       0.285030       0.298724       0.312036       0.324860       0.337080       0.348583       0.359260       0.369015       0.377767       0.385449       0.392011       0.397416       0.401639       0.404665       0.406484       0.407090       0.406484       0.404665       0.401639       0.397416       0.392011       0.385449       0.377767       0.369015       0.359260       0.348583       0.337080       0.324860       0.312036       0.298724       0.285030       0.271051       0.256864       0.242531       0.228096       0.213595       0.199060       0.184528       0.170052       0.155699       0.141558       0.127733       0.114340       0.101496       0.089312       0.077885       0.067291       0.057584       0.048795       0.040942       0.034032       0.028075       0.023083       0.019066       0.015999       0.013767       0.012154       0.010954       0.010269       0.010897       0.014063       0.020295       0.029481       0.041465       0.056134       0.073347       0.092888       0.114449       0.137641       0.162006       0.187051       0.212273       0.237196       0.261394       0.284510       0.306264       0.326464       0.344995       0.361822       0.376975       0.390551       0.402703       0.413633       0.423582       0.432797       0.441488       0.449753       0.457516       0.464484       0.470188       0.474101       0.475809       0.475216       0.472808       0.470050       0.470050
       0.471055       0.471055       0.474020       0.476755       0.477733       0.476424       0.472895       0.467539       0.460872       0.453356       0.445285       0.436745       0.427652       0.417814       0.407003       0.394994       0.381595       0.366657       0.350081       0.331824       0.311908       0.290424       0.267540       0.243504       0.218645       0.193359       0.168101       0.143354       0.119604       0.097306       0.076857       0.058573       0.042673       0.029295       0.018548       0.010757       0.007216       0.008509       0.011440       0.014447       0.017504       0.020909       0.024951       0.029827       0.035637       0.042420       0.050181       0.058912       0.068590       0.079180       0.090632       0.102875       0.115820       0.129362       0.143384       0.157765       0.172387       0.187141       0.201935       0.216690       0.231345       0.245850       0.260161       0.274237       0.288029       0.301483       0.314531       0.327097       0.339099       0.350450       0.361064       0.370864       0.379777       0.387745       0.394720       0.400666       0.405556       0.409373       0.412106       0.413747       0.414295       0.413747       0.412106       0.409373       0.405556       0.400666       0.394720       0.387745       0.379777       0.370864       0.361064       0.350450       0.339099       0.327097       0.314531       0.301483       0.288029       0.274237       0.260161       0.245850       0.231345       0.216690       0.201935       0.187141       0.172387       0.157765       0.143384       0.129362       0.115820       0.102875       0.090632       0.079180       0.068590       0.058912       0.050181       0.042420       0.035637       0.029827       0.024951       0.020909       0.017504       0.014447       0.011440       0.008509       0.007216       0.010757       0.018548       0.029295       0.042673       0.058573       0.076857       0.097306       0.119604       0.143354       0.168101       0.193359       0.218645       0.243504       0.267540       0.290424       0.311908       0.331824       0.350081       0.366657       0.381595       0.394994       0.407003       0.417814       0.427652       0.436745       0.445285       0.453356       0.460872       0.467539       0.472895       0.476424       0.477733       0.476755       0.474020       0.471055       0.471055
       0.471456       0.471456       0.474594       0.477605       0.478912       0.477952       0.474769       0.469745       0.463388       0.456157       0.448346       0.440048       0.431187       0.421583       0.411022       0.399288       0.386199       0.371608       0.355414       0.337566       0.318071       0.296999       0.274493       0.250772       0.226132       0.200940       0.175621       0.150637       0.126459       0.103537       0.082268       0.062972       0.045867       0.031062       0.018550       0.008232       0.001206       0.007212       0.012794       0.017649       0.022216       0.026914       0.032085       0.037971       0.044720       0.052406       0.061056       0.070663       0.081198       0.092614       0.104846       0.117809       0.131403       0.145513       0.160020       0.174799       0.189732       0.204708       0.219631       0.234421       0.249009       0.263341       0.277370       0.291050       0.304339       0.317187       0.329540       0.341340       0.352525       0.363032       0.372800       0.381773       0.389901       0.397142       0.403465       0.408843       0.413260       0.416704       0.419167       0.420646       0.421140       0.420646       0.419167       0.416704       0.413260       0.408843       0.403465       0.397142       0.389901       0.381773       0.372800       0.363032       0.352525       0.341340       0.329540       0.317187       0.304339       0.291050       0.277370       0.263341       0.249009       0.234421       0.219631       0.204708       0.189732       0.174799       0.160020       0.145513       0.131403       0.117809       0.104846       0.092614       0.081198       0.070663       0.061056       0.052406       0.044720       0.037971       0.032085       0.026914       0.022216       0.017649       0.012794       0.007212       0.001206       0.008232       0.018550       0.031062       0.045867       0.062972       0.082268       0.103537       0.126459       0.150637       0.175621       0.200940       0.226132       0.250772       0.274493       0.296999       0.318071       0.337566       0.355414       0.371608       0.386199       0.399288       0.411022       0.421583       0.431187       0.440048       0.448346       0.456157       0.463388       0.469745       0.474769       0.477952       0.478912       0.477605       0.474594       0.471456       0.471456
       0.471475       0.471475       0.474757       0.478002       0.479591       0.478935       0.476064       0.471352       0.465303       0.458377       0.450868       0.442873       0.434322       0.425044       0.414833       0.403483       0.390816       0.376688       0.360997       0.343685       0.324745       0.304231       0.282259       0.259021       0.234782       0.209876       0.184698       0.159686       0.135294       0.111967       0.090110       0.070064       0.052089       0.036367       0.023056       0.012612       0.007704       0.011267       0.017179       0.023039       0.028769       0.034633       0.040912       0.047835       0.055554       0.064160       0.073685       0.084128       0.095453       0.107604       0.120504       0.134058       0.148157       0.162682       0.177508       0.192512       0.207574       0.222588       0.237457       0.252100       0.266450       0.280452       0.294059       0.307229       0.319923       0.332102       0.343725       0.354748       0.365128       0.374820       0.383783       0.391980       0.399376       0.405946       0.411667       0.416525       0.420508       0.423610       0.425828       0.427159       0.427603       0.427159       0.425828       0.423610       0.420508       0.416525       0.411667       0.405946       0.399376       0.391980       0.383783       0.374820       0.365128       0.354748       0.343725       0.332102       0.319923       0.307229       0.294059       0.280452       0.266450       0.252100       0.237457       0.222588       0.207574       0.192512       0.177508       0.162682       0.148157       0.134058       0.120504       0.107604       0.095453       0.084128       0.073685       0.064160       0.055554       0.047835       0.040912       0.034633       0.028769       0.023039       0.017179       0.011267       0.007704       0.012612       0.023056       0.036367       0.052089       0.070064       0.090110       0.111967       0.135294       0.159686       0.184698       0.209876       0.234782       0.259021       0.282259       0.304231       0.324745       0.343685       0.360997       0.376688       0.390816       0.403483       0.414833       0.425044       0.434322       0.442873       0.450868       0.458377       0.465303       0.471352       0.476064       0.478935       0.479591       0.478002       0.474757       0.471475       0.471475
       0.471264       0.471264       0.474669       0.478112       0.479942       0.479552       0.476962       0.472541       0.466793       0.460178       0.452996       0.445344       0.437159       0.428276       0.418492       0.407612       0.395460       0.381896       0.366817       0.350158       0.331904       0.312090       0.290813       0.268237       0.244596       0.220194       0.195396       0.170615       0.146289       0.122863       0.100760       0.080366       0.062030       0.046095       0.033028       0.023722       0.019676       0.021165       0.025838       0.031682       0.037997       0.044700       0.051905       0.059758       0.068378       0.077836       0.088163       0.099349       0.111354       0.124110       0.137533       0.151520       0.165956       0.180718       0.195683       0.210728       0.225738       0.240609       0.255248       0.269580       0.283539       0.297074       0.310143       0.322708       0.334738       0.346203       0.357073       0.367318       0.376910       0.385819       0.394020       0.401490       0.408207       0.414156       0.419325       0.423706       0.427293       0.430084       0.432078       0.433274       0.433673       0.433274       0.432078       0.430084       0.427293       0.423706       0.419325       0.414156       0.408207       0.401490       0.394020       0.385819       0.376910       0.367318       0.357073       0.346203       0.334738       0.322708       0.310143       0.297074       0.283539       0.269580       0.255248       0.240609       0.225738       0.210728       0.195683       0.180718       0.165956       0.151520       0.137533       0.124110       0.111354       0.099349       0.088163       0.077836       0.068378       0.059758       0.051905       0.044700       0.037997       0.031682       0.025838       0.021165       0.019676       0.023722       0.033028       0.046095       0.062030       0.080366       0.100760       0.122863       0.146289       0.170615       0.195396       0.220194       0.244596       0.268237       0.290813       0.312090       0.331904       0.350158       0.366817       0.381896       0.395460       0.407612       0.418492       0.428276       0.437159       0.445344       0.452996       0.460178       0.466793       0.472541       0.476962       0.479552       0.479942       0.478112       0.474669       0.471264       0.471264
       0.470928       0.470928       0.474436       0.478047       0.480086       0.479930       0.477591       0.473440       0.467982       0.461680       0.454836       0.447555       0.439774       0.431334       0.422038       0.411695       0.400136       0.387221       0.372847       0.356948       0.339499       0.320522       0.300096       0.278360       0.255521       0.231854       0.207694       0.183430       0.159489       0.136314       0.114353       0.094042       0.075818       0.060153       0.047630       0.038996       0.034913       0.035213       0.038689       0.044023       0.050427       0.057588       0.065440       0.074019       0.083374       0.093543       0.104531       0.116315       0.128842       0.142038       0.155809       0.170045       0.184631       0.199443       0.214359       0.229261       0.244039       0.258596       0.272847       0.286720       0.300157       0.313112       0.325548       0.337436       0.348752       0.359473       0.369581       0.379057       0.387883       0.396045       0.403528       0.410318       0.416406       0.421784       0.426447       0.430392       0.433618       0.436126       0.437916       0.438990       0.439347       0.438990       0.437916       0.436126       0.433618       0.430392       0.426447       0.421784       0.416406       0.410318       0.403528       0.396045       0.387883       0.379057       0.369581       0.359473       0.348752       0.337436       0.325548       0.313112       0.300157       0.286720       0.272847       0.258596       0.244039       0.229261       0.214359       0.199443       0.184631       0.170045       0.155809       0.142038       0.128842       0.116315       0.104531       0.093543       0.083374       0.074019       0.065440       0.057588       0.050427       0.044023       0.038689       0.035213       0.034913       0.038996       0.047630       0.060153       0.075818       0.094042       0.114353       0.136314       0.159489       0.183430       0.207694       0.231854       0.255521       0.278360       0.300096       0.320522       0.339499       0.356948       0.372847       0.387221       0.400136       0.411695       0.422038       0.431334       0.439774       0.447555       0.454836       0.461680       0.467982       0.473440       0.477591       0.479930       0.480086       0.478047       0.474436       0.470928       0.470928
       0.470534       0.470534       0.474129       0.477884       0.480103       0.480153       0.478042       0.474141       0.468960       0.462966       0.456467       0.449571       0.442219       0.434258       0.425494       0.415741       0.404834       0.392638       0.379050       0.364002       0.347463       0.329447       0.310015       0.289287       0.267446       0.244739       0.221474       0.198018       0.174782       0.152210       0.130763       0.110915       0.093155       0.078000       0.066002       0.057693       0.053376       0.052839       0.055352       0.060041       0.066225       0.073510       0.081710       0.090754       0.100621       0.111294       0.122749       0.134938       0.147795       0.161233       0.175152       0.189440       0.203979       0.218647       0.233328       0.247910       0.262290       0.276380       0.290101       0.303390       0.316197       0.328482       0.340216       0.351375       0.361943       0.371907       0.381255       0.389978       0.398069       0.405521       0.412328       0.418486       0.423992       0.428846       0.433046       0.436594       0.439492       0.441742       0.443348       0.444310       0.444631       0.444310       0.443348       0.441742       0.439492       0.436594       0.433046       0.428846       0.423992       0.418486       0.412328       0.405521       0.398069       0.389978       0.381255       0.371907       0.361943       0.351375       0.340216       0.328482       0.316197       0.303390       0.290101       0.276380       0.262290       0.247910       0.233328       0.218647       0.203979       0.189440       0.175152       0.161233       0.147795       0.134938       0.122749       0.111294       0.100621       0.090754       0.081710       0.073510       0.066225       0.060041       0.055352       0.052839       0.053376       0.057693       0.066002       0.078000       0.093155       0.110915       0.130763       0.152210       0.174782       0.198018       0.221474       0.244739       0.267446       0.289287       0.310015       0.329447       0.347463       0.364002       0.379050       0.392638       0.404834       0.415741       0.425494       0.434258       0.442219       0.449571       0.456467       0.462966       0.468960       0.474141       0.478042       0.480153       0.480103       0.477884       0.474129       0.470534       0.470534
       0.470126       0.470126       0.473795       0.477673       0.480049       0.480281       0.478376       0.474707       0.469789       0.464096       0.457942       0.451438       0.444533       0.437073       0.428873       0.419748       0.409539       0.398115       0.385376       0.371253       0.355713       0.338762       0.320449       0.300878       0.280210       0.258667       0.236534       0.214153       0.191918       0.170263       0.149654       0.130574       0.113523       0.099005       0.087500       0.079392       0.074842       0.073677       0.075419       0.079460       0.085256       0.092414       0.100685       0.109926       0.120049       0.130987       0.142678       0.155049       0.168016       0.181481       0.195339       0.209474       0.223768       0.238107       0.252377       0.266476       0.280310       0.293798       0.306872       0.319477       0.331570       0.343119       0.354101       0.364499       0.374304       0.383509       0.392110       0.400105       0.407493       0.414275       0.420450       0.426022       0.430992       0.435364       0.439141       0.442328       0.444928       0.446945       0.448384       0.449245       0.449533       0.449245       0.448384       0.446945       0.444928       0.442328       0.439141       0.435364       0.430992       0.426022       0.420450       0.414275       0.407493       0.400105       0.392110       0.383509       0.374304       0.364499       0.354101       0.343119       0.331570       0.319477       0.306872       0.293798       0.280310       0.266476       0.252377       0.238107       0.223768       0.209474       0.195339       0.181481       0.168016       0.155049       0.142678       0.130987       0.120049       0.109926       0.100685       0.092414       0.085256       0.079460       0.075419       0.073677       0.074842       0.079392       0.087500       0.099005       0.113523       0.130574       0.149654       0.170263       0.191918       0.214153       0.236534       0.258667       0.280210       0.300878       0.320449       0.338762       0.355713       0.371253       0.385376       0.398115       0.409539       0.419748       0.428873       0.437073       0.444533       0.451438       0.457942       0.464096       0.469789       0.474707       0.478376       0.480281       0.480049       0.477673       0.473795       0.470126       0.470126
       0.469729       0.469729       0.473462       0.477447       0.479960       0.480353       0.478634       0.475181       0.470513       0.465113       0.459300       0.453191       0.446738       0.439794       0.432177       0.423706       0.414228       0.403614       0.391770       0.378628       0.364154       0.348349       0.331255       0.312961       0.293610       0.273404       0.252601       0.231522       0.210536       0.190062       0.170549       0.152470       0.136307       0.122523       0.111530       0.103625       0.098917       0.097286       0.098406       0.101842       0.107164       0.114015       0.122128       0.131315       0.141439       0.152391       0.164075       0.176392       0.189242       0.202517       0.216103       0.229886       0.243751       0.257587       0.271290       0.284764       0.297926       0.310703       0.323038       0.334883       0.346202       0.356971       0.367172       0.376796       0.385837       0.394294       0.402169       0.409465       0.416187       0.422339       0.427927       0.432956       0.437434       0.441365       0.444757       0.447615       0.449945       0.451751       0.453038       0.453809       0.454066       0.453809       0.453038       0.451751       0.449945       0.447615       0.444757       0.441365       0.437434       0.432956       0.427927       0.422339       0.416187       0.409465       0.402169       0.394294       0.385837       0.376796       0.367172       0.356971       0.346202       0.334883       0.323038       0.310703       0.297926       0.284764       0.271290       0.257587       0.243751       0.229886       0.216103       0.202517       0.189242       0.176392       0.164075       0.152391       0.141439       0.131315       0.122128       0.114015       0.107164       0.101842       0.098406       0.097286       0.098917       0.103625       0.111530       0.122523       0.136307       0.152470       0.170549       0.190062       0.210536       0.231522       0.252601       0.273404       0.293610       0.312961       0.331255       0.348349       0.364154       0.378628       0.391770       0.403614       0.414228       0.423706       0.432177       0.439794       0.446738       0.453191       0.459300       0.465113       0.470513       0.475181       0.478634       0.480353       0.479960       0.477447       0.473462       0.469729       0.469729
       0.469359       0.469359       0.473147       0.477224       0.479858       0.480395       0.478847       0.475593       0.471163       0.466046       0.460566       0.454849       0.448851       0.442428       0.435403       0.427601       0.418870       0.409091       0.398171       0.386046       0.372683       0.358081       0.342276       0.325346       0.307421       0.288679       0.269360       0.249755       0.230210       0.211115       0.192893       0.175990       0.160850       0.147892       0.137469       0.129830       0.125069       0.123111       0.123733       0.126619       0.131429       0.137851       0.145625       0.154542       0.164435       0.175165       0.186607       0.198643       0.211157       0.224032       0.237153       0.250404       0.263673       0.276858       0.289860       0.302593       0.314984       0.326968       0.338497       0.349529       0.360038       0.370003       0.379413       0.388262       0.396551       0.404281       0.411459       0.418091       0.424184       0.429748       0.434791       0.439321       0.443347       0.446877       0.449918       0.452478       0.454563       0.456178       0.457329       0.458018       0.458247       0.458018       0.457329       0.456178       0.454563       0.452478       0.449918       0.446877       0.443347       0.439321       0.434791       0.429748       0.424184       0.418091       0.411459       0.404281       0.396551       0.388262       0.379413       0.370003       0.360038       0.349529       0.338497       0.326968       0.314984       0.302593       0.289860       0.276858       0.263673       0.250404       0.237153       0.224032       0.211157       0.198643       0.186607       0.175165       0.164435       0.154542       0.145625       0.137851       0.131429       0.126619       0.123733       0.123111       0.125069       0.129830       0.137469       0.147892       0.160850       0.175990       0.192893       0.211115       0.230210       0.249755       0.269360       0.288679       0.307421       0.325346       0.342276       0.358081       0.372683       0.386046       0.398171       0.409091       0.418870       0.427601       0.435403       0.442428       0.448851       0.454849       0.460566       0.466046       0.471163       0.475593       0.478847       0.480395       0.479858       0.477224       0.473147       0.469359       0.469359
       0.469024       0.469024       0.472859       0.477017       0.479757       0.480424       0.479031       0.475964       0.471759       0.466913       0.461759       0.456427       0.450879       0.444976       0.438544       0.431413       0.423438       0.414501       0.404517       0.393426       0.381197       0.367828       0.353352       0.337839       0.321405       0.304212       0.286475       0.268461       0.250485       0.232904       0.216108       0.200502       0.186488       0.174438       0.164661       0.157373       0.152667       0.150507       0.150740       0.153135       0.157423       0.163339       0.170640       0.179114       0.188580       0.198881       0.209873       0.221425       0.233408       0.245701       0.258187       0.270751       0.283288       0.295700       0.307897       0.319803       0.331351       0.342486       0.353166       0.363357       0.373039       0.382195       0.390819       0.398908       0.406466       0.413498       0.420012       0.426017       0.431523       0.436540       0.441080       0.445151       0.448764       0.451927       0.454650       0.456940       0.458804       0.460247       0.461274       0.461889       0.462094       0.461889       0.461274       0.460247       0.458804       0.456940       0.454650       0.451927       0.448764       0.445151       0.441080       0.436540       0.431523       0.426017       0.420012       0.413498       0.406466       0.398908       0.390819       0.382195       0.373039       0.363357       0.353166       0.342486       0.331351       0.319803       0.307897       0.295700       0.283288       0.270751       0.258187       0.245701       0.233408       0.221425       0.209873       0.198881       0.188580       0.179114       0.170640       0.163339       0.157423       0.153135       0.150740       0.150507       0.152667       0.157373       0.164661       0.174438       0.186488       0.200502       0.216108       0.232904       0.250485       0.268461       0.286475       0.304212       0.321405       0.337839       0.353352       0.367828       0.381197       0.393426       0.404517       0.414501       0.423438       0.431413       0.438544       0.444976       0.450879       0.456427       0.461759       0.466913       0.471759       0.475964       0.479031       0.480424       0.479757       0.477017       0.472859       0.469024       0.469024
       0.468727       0.468727       0.472602       0.476831       0.479665       0.480450       0.479199       0.476306       0.472314       0.467728       0.462888       0.457931       0.452825       0.447434       0.441589       0.435124       0.427898       0.419801       0.410750       0.400692       0.389597       0.377467       0.364329       0.350250       0.335333       0.319726       0.303620       0.287256       0.270917       0.254926       0.239631       0.225395       0.212576       0.201500       0.192439       0.185587       0.181039       0.178785       0.178725       0.180689       0.184467       0.189832       0.196568       0.204472       0.213360       0.223067       0.233440       0.244339       0.255632       0.267195       0.278910       0.290668       0.302367       0.313917       0.325237       0.336256       0.346917       0.357172       0.366984       0.376327       0.385183       0.393541       0.401396       0.408750       0.415608       0.421976       0.427863       0.433281       0.438241       0.442753       0.446829       0.450480       0.453716       0.456547       0.458981       0.461026       0.462690       0.463978       0.464895       0.465443       0.465626       0.465443       0.464895       0.463978       0.462690       0.461026       0.458981       0.456547       0.453716       0.450480       0.446829       0.442753       0.438241       0.433281       0.427863       0.421976       0.415608       0.408750       0.401396       0.393541       0.385183       0.376327       0.366984       0.357172       0.346917       0.336256       0.325237       0.313917       0.302367       0.290668       0.278910       0.267195       0.255632       0.244339       0.233440       0.223067       0.213360       0.204472       0.196568       0.189832       0.184467       0.180689       0.178725       0.178785       0.181039       0.185587       0.192439       0.201500       0.212576       0.225395       0.239631       0.254926       0.270917       0.287256       0.303620       0.319726       0.335333       0.350250       0.364329       0.377467       0.389597       0.400692       0.410750       0.419801       0.427898       0.435124       0.441589       0.447434       0.452825       0.457931       0.462888       0.467728       0.472314       0.476306       0.479199       0.480450       0.479665       0.476831       0.472602       0.468727       0.468727
       0.468466       0.468466       0.472377       0.476669       0.479588       0.480478       0.479359       0.476628       0.472836       0.468498       0.463960       0.459367       0.454690       0.449798       0.444527       0.438714       0.432223       0.424949       0.416815       0.407771       0.397793       0.386882       0.375066       0.362407       0.348996       0.334968       0.320494       0.305788       0.291101       0.276719       0.262950       0.250114       0.238522       0.228462       0.220172       0.213826       0.209518       0.207262       0.206993       0.208587       0.211878       0.216678       0.222797       0.230046       0.238250       0.247242       0.256871       0.266995       0.277479       0.288203       0.299051       0.309918       0.320710       0.331342       0.341741       0.351844       0.361599       0.370966       0.379912       0.388417       0.396464       0.404046       0.411162       0.417814       0.424006       0.429749       0.435050       0.439922       0.444376       0.448423       0.452075       0.455342       0.458235       0.460764       0.462937       0.464762       0.466245       0.467393       0.468210       0.468699       0.468862       0.468699       0.468210       0.467393       0.466245       0.464762       0.462937       0.460764       0.458235       0.455342       0.452075       0.448423       0.444376       0.439922       0.435050       0.429749       0.424006       0.417814       0.411162       0.404046       0.396464       0.388417       0.379912       0.370966       0.361599       0.351844       0.341741       0.331342       0.320710       0.309918       0.299051       0.288203       0.277479       0.266995       0.256871       0.247242       0.238250       0.230046       0.222797       0.216678       0.211878       0.208587       0.206993       0.207262       0.209518       0.213826       0.220172       0.228462       0.238522       0.250114       0.262950       0.276719       0.291101       0.305788       0.320494       0.334968       0.348996       0.362407       0.375066       0.386882       0.397793       0.407771       0.416815       0.424949       0.432223       0.438714       0.444527       0.449798       0.454690       0.459367       0.463960       0.468498       0.472836       0.476628       0.479359       0.480478       0.479588       0.476669       0.472377       0.468466       0.468466
       0.468241       0.468241       0.472184       0.476531       0.479525       0.480512       0.479513       0.476934       0.473332       0.469229       0.464980       0.460735       0.456472       0.452063       0.447346       0.442164       0.436385       0.429908       0.422662       0.414601       0.405704       0.395974       0.385441       0.374158       0.362212       0.349721       0.336839       0.323754       0.310688       0.297889       0.285627       0.274178       0.263813       0.254781       0.247291       0.241499       0.237498       0.235312       0.234905       0.236185       0.239024       0.243267       0.248748       0.255299       0.262755       0.270960       0.279766       0.289034       0.298635       0.308452       0.318374       0.328304       0.338152       0.347841       0.357305       0.366486       0.375340       0.383831       0.391930       0.399620       0.406888       0.413729       0.420142       0.426129       0.431697       0.436855       0.441612       0.445979       0.449967       0.453588       0.456852       0.459770       0.462352       0.464608       0.466545       0.468171       0.469492       0.470514       0.471241       0.471676       0.471821       0.471676       0.471241       0.470514       0.469492       0.468171       0.466545       0.464608       0.462352       0.459770       0.456852       0.453588       0.449967       0.445979       0.441612       0.436855       0.431697       0.426129       0.420142       0.413729       0.406888       0.399620       0.391930       0.383831       0.375340       0.366486       0.357305       0.347841       0.338152       0.328304       0.318374       0.308452       0.298635       0.289034       0.279766       0.270960       0.262755       0.255299       0.248748       0.243267       0.239024       0.236185       0.234905       0.235312       0.237498       0.241499       0.247291       0.254781       0.263813       0.274178       0.285627       0.297889       0.310688       0.323754       0.336839       0.349721       0.362212       0.374158       0.385441       0.395974       0.405704       0.414601       0.422662       0.429908       0.436385       0.442164       0.447346       0.452063       0.456472       0.460735       0.464980       0.469229       0.473332       0.476934       0.479513       0.480512       0.479525       0.476531       0.472184       0.468241       0.468241
       0.468049       0.468049       0.472019       0.476415       0.479478       0.480553       0.479666       0.477227       0.473803       0.469922       0.465949       0.462037       0.458168       0.454221       0.450036       0.445459       0.440363       0.434649       0.428252       0.421130       0.413265       0.404663       0.395352       0.385382       0.374833       0.363809       0.352448       0.340913       0.329398       0.318119       0.307306       0.297198       0.288028       0.280010       0.273325       0.268112       0.264458       0.262396       0.261908       0.262929       0.265357       0.269067       0.273917       0.279760       0.286446       0.293831       0.301776       0.310152       0.318836       0.327716       0.336691       0.345668       0.354567       0.363315       0.371854       0.380131       0.388107       0.395749       0.403035       0.409946       0.416474       0.422614       0.428365       0.433731       0.438718       0.443335       0.447589       0.451492       0.455053       0.458285       0.461196       0.463797       0.466097       0.468106       0.469830       0.471277       0.472452       0.473361       0.474008       0.474394       0.474523       0.474394       0.474008       0.473361       0.472452       0.471277       0.469830       0.468106       0.466097       0.463797       0.461196       0.458285       0.455053       0.451492       0.447589       0.443335       0.438718       0.433731       0.428365       0.422614       0.416474       0.409946       0.403035       0.395749       0.388107       0.380131       0.371854       0.363315       0.354567       0.345668       0.336691       0.327716       0.318836       0.310152       0.301776       0.293831       0.286446       0.279760       0.273917       0.269067       0.265357       0.262929       0.261908       0.262396       0.264458       0.268112       0.273325       0.280010       0.288028       0.297198       0.307306       0.318119       0.329398       0.340913       0.352448       0.363809       0.374833       0.385382       0.395352       0.404663       0.413265       0.421130       0.428252       0.434649       0.440363       0.445459       0.450036       0.454221       0.458168       0.462037       0.465949       0.469922       0.473803       0.477227       0.479666       0.480553       0.479478       0.476415       0.472019       0.468049       0.468049
       0.467886       0.467886       0.471881       0.476321       0.479446       0.480601       0.479816       0.477508       0.474251       0.470580       0.466866       0.463270       0.459777       0.456269       0.452589       0.448587       0.444137       0.439147       0.433552       0.427317       0.420426       0.412886       0.404723       0.395987       0.386747       0.377100       0.367164       0.357083       0.347024       0.337172       0.327724       0.318885       0.310852       0.303807       0.297908       0.293275       0.289991       0.288090       0.287567       0.288376       0.290438       0.293652       0.297898       0.303049       0.308973       0.315541       0.322626       0.330108       0.337875       0.345823       0.353860       0.361900       0.369868       0.377702       0.385345       0.392753       0.399889       0.406724       0.413238       0.419416       0.425249       0.430733       0.435869       0.440659       0.445109       0.449227       0.453020       0.456498       0.459670       0.462548       0.465139       0.467453       0.469499       0.471285       0.472817       0.474103       0.475147       0.475955       0.476529       0.476872       0.476987       0.476872       0.476529       0.475955       0.475147       0.474103       0.472817       0.471285       0.469499       0.467453       0.465139       0.462548       0.459670       0.456498       0.453020       0.449227       0.445109       0.440659       0.435869       0.430733       0.425249       0.419416       0.413238       0.406724       0.399889       0.392753       0.385345       0.377702       0.369868       0.361900       0.353860       0.345823       0.337875       0.330108       0.322626       0.315541       0.308973       0.303049       0.297898       0.293652       0.290438       0.288376       0.287567       0.288090       0.289991       0.293275       0.297908       0.303807       0.310852       0.318885       0.327724       0.337172       0.347024       0.357083       0.367164       0.377100       0.386747       0.395987       0.404723       0.412886       0.420426       0.427317       0.433552       0.439147       0.444137       0.448587       0.452589       0.456269       0.459777       0.463270       0.466866       0.470580       0.474251       0.477508       0.479816       0.480601       0.479446       0.476321       0.471881       0.467886       0.467886
       0.467749       0.467749       0.471767       0.476246       0.479426       0.480655       0.479964       0.477779       0.474677       0.471203       0.467734       0.464434       0.461295       0.458201       0.454997       0.451536       0.447694       0.443383       0.438541       0.433134       0.427150       0.420597       0.413501       0.405907       0.397880       0.389503       0.380882       0.372142       0.363425       0.354890       0.346706       0.339043       0.332069       0.325939       0.320787       0.316718       0.313806       0.312088       0.311564       0.312203       0.313944       0.316706       0.320390       0.324887       0.330083       0.335863       0.342115       0.348731       0.355610       0.362658       0.369790       0.376929       0.384008       0.390970       0.397763       0.404349       0.410694       0.416772       0.422565       0.428060       0.433248       0.438126       0.442693       0.446954       0.450911       0.454572       0.457944       0.461035       0.463855       0.466411       0.468713       0.470768       0.472585       0.474170       0.475530       0.476671       0.477598       0.478314       0.478824       0.479129       0.479230       0.479129       0.478824       0.478314       0.477598       0.476671       0.475530       0.474170       0.472585       0.470768       0.468713       0.466411       0.463855       0.461035       0.457944       0.454572       0.450911       0.446954       0.442693       0.438126       0.433248       0.428060       0.422565       0.416772       0.410694       0.404349       0.397763       0.390970       0.384008       0.376929       0.369790       0.362658       0.355610       0.348731       0.342115       0.335863       0.330083       0.324887       0.320390       0.316706       0.313944       0.312203       0.311564       0.312088       0.313806       0.316718       0.320787       0.325939       0.332069       0.339043       0.346706       0.354890       0.363425       0.372142       0.380882       0.389503       0.397880       0.405907       0.413501       0.420597       0.427150       0.433134       0.438541       0.443383       0.447694       0.451536       0.454997       0.458201       0.461295       0.464434       0.467734       0.471203       0.474677       0.477779       0.479964       0.480655       0.479426       0.476246       0.471767       0.467749       0.467749
       0.467636       0.467636       0.471673       0.476188       0.479418       0.480713       0.480110       0.478038       0.475081       0.471791       0.468550       0.465529       0.462721       0.460015       0.457256       0.454300       0.451026       0.447346       0.443202       0.438562       0.433415       0.427771       0.421654       0.415106       0.408185       0.400967       0.393543       0.386021       0.378524       0.371186       0.364150       0.357559       0.351555       0.346268       0.341811       0.338276       0.335726       0.334198       0.333698       0.334203       0.335667       0.338026       0.341197       0.345090       0.349607       0.354649       0.360117       0.365917       0.371957       0.378156       0.384435       0.390727       0.396971       0.403116       0.409117       0.414938       0.420548       0.425925       0.431052       0.435916       0.440511       0.444832       0.448880       0.452656       0.456164       0.459409       0.462399       0.465140       0.467640       0.469907       0.471948       0.473770       0.475380       0.476785       0.477991       0.479002       0.479824       0.480459       0.480910       0.481180       0.481270       0.481180       0.480910       0.480459       0.479824       0.479002       0.477991       0.476785       0.475380       0.473770       0.471948       0.469907       0.467640       0.465140       0.462399       0.459409       0.456164       0.452656       0.448880       0.444832       0.440511       0.435916       0.431052       0.425925       0.420548       0.414938       0.409117       0.403116       0.396971       0.390727       0.384435       0.378156       0.371957       0.365917       0.360117       0.354649       0.349607       0.345090       0.341197       0.338026       0.335667       0.334203       0.333698       0.334198       0.335726       0.338276       0.341811       0.346268       0.351555       0.357559       0.364150       0.371186       0.378524       0.386021       0.393543       0.400967       0.408185       0.415106       0.421654       0.427771       0.433415       0.438562       0.443202       0.447346       0.451026       0.454300       0.457256       0.460015       0.462721       0.465529       0.468550       0.471791       0.475081       0.478038       0.480110       0.480713       0.479418       0.476188       0.471673       0.467636       0.467636
       0.467542       0.467542       0.471596       0.476143       0.479419       0.480776       0.480253       0.478285       0.475463       0.472344       0.469316       0.466554       0.464056       0.461709       0.459365       0.456877       0.454128       0.451030       0.447528       0.443592       0.439212       0.434396       0.429169       0.423568       0.417648       0.411474       0.405126       0.398699       0.392296       0.386031       0.380025       0.374397       0.369267       0.364742       0.360920       0.357878       0.355671       0.354332       0.353870       0.354271       0.355500       0.357504       0.360217       0.363564       0.367462       0.371827       0.376574       0.381620       0.386885       0.392297       0.397788       0.403297       0.408771       0.414163       0.419434       0.424551       0.429488       0.434222       0.438740       0.443029       0.447083       0.450897       0.454472       0.457808       0.460909       0.463778       0.466423       0.468847       0.471059       0.473065       0.474871       0.476484       0.477909       0.479153       0.480221       0.481116       0.481843       0.482405       0.482805       0.483044       0.483123       0.483044       0.482805       0.482405       0.481843       0.481116       0.480221       0.479153       0.477909       0.476484       0.474871       0.473065       0.471059       0.468847       0.466423       0.463778       0.460909       0.457808       0.454472       0.450897       0.447083       0.443029       0.438740       0.434222       0.429488       0.424551       0.419434       0.414163       0.408771       0.403297       0.397788       0.392297       0.386885       0.381620       0.376574       0.371827       0.367462       0.363564       0.360217       0.357504       0.355500       0.354271       0.353870       0.354332       0.355671       0.357878       0.360920       0.364742       0.369267       0.374397       0.380025       0.386031       0.392296       0.398699       0.405126       0.411474       0.417648       0.423568       0.429169       0.434396       0.439212       0.443592       0.447528       0.451030       0.454128       0.456877       0.459365       0.461709       0.464056       0.466554       0.469316       0.472344       0.475463       0.478285       0.480253       0.480776       0.479419       0.476143       0.471596       0.467542       0.467542
       0.467466       0.467466       0.471536       0.476111       0.479429       0.480841       0.480392       0.478520       0.475823       0.472863       0.470032       0.467510       0.465298       0.463285       0.461323       0.459267       0.457000       0.454436       0.451521       0.448225       0.444540       0.440473       0.436047       0.431298       0.426273       0.421031       0.415642       0.410187       0.404755       0.399442       0.394348       0.389576       0.385222       0.381379       0.378126       0.375530       0.373639       0.372481       0.372068       0.372389       0.373419       0.375115       0.377425       0.380287       0.383631       0.387387       0.391481       0.395843       0.400404       0.405101       0.409875       0.414671       0.419444       0.424151       0.428759       0.433236       0.437560       0.441712       0.445677       0.449445       0.453009       0.456366       0.459513       0.462452       0.465185       0.467716       0.470049       0.472190       0.474143       0.475915       0.477510       0.478935       0.480195       0.481295       0.482238       0.483030       0.483672       0.484169       0.484523       0.484734       0.484805       0.484734       0.484523       0.484169       0.483672       0.483030       0.482238       0.481295       0.480195       0.478935       0.477510       0.475915       0.474143       0.472190       0.470049       0.467716       0.465185       0.462452       0.459513       0.456366       0.453009       0.449445       0.445677       0.441712       0.437560       0.433236       0.428759       0.424151       0.419444       0.414671       0.409875       0.405101       0.400404       0.395843       0.391481       0.387387       0.383631       0.380287       0.377425       0.375115       0.373419       0.372389       0.372068       0.372481       0.373639       0.375530       0.378126       0.381379       0.385222       0.389576       0.394348       0.399442       0.404755       0.410187       0.415642       0.421031       0.426273       0.431298       0.436047       0.440473       0.444540       0.448225       0.451521       0.454436       0.457000       0.459267       0.461323       0.463285       0.465298       0.467510       0.470032       0.472863       0.475823       0.478520       0.480392       0.480841       0.479429       0.476111       0.471536       0.467466       0.467466
       0.467404       0.467404       0.471488       0.476089       0.479444       0.480908       0.480526       0.478743       0.476161       0.473346       0.470698       0.468398       0.466449       0.464743       0.463131       0.461471       0.459644       0.457567       0.455184       0.452467       0.449408       0.446014       0.442305       0.438315       0.434085       0.429669       0.425126       0.420528       0.415949       0.411471       0.407179       0.403156       0.399486       0.396243       0.393496       0.391298       0.389692       0.388704       0.388343       0.388604       0.389467       0.390900       0.392860       0.395295       0.398151       0.401365       0.404878       0.408630       0.412561       0.416616       0.420745       0.424901       0.429043       0.433134       0.437144       0.441046       0.444820       0.448447       0.451915       0.455214       0.458338       0.461282       0.464046       0.466628       0.469032       0.471259       0.473313       0.475199       0.476920       0.478482       0.479890       0.481147       0.482259       0.483229       0.484062       0.484761       0.485329       0.485768       0.486080       0.486266       0.486329       0.486266       0.486080       0.485768       0.485329       0.484761       0.484062       0.483229       0.482259       0.481147       0.479890       0.478482       0.476920       0.475199       0.473313       0.471259       0.469032       0.466628       0.464046       0.461282       0.458338       0.455214       0.451915       0.448447       0.444820       0.441046       0.437144       0.433134       0.429043       0.424901       0.420745       0.416616       0.412561       0.408630       0.404878       0.401365       0.398151       0.395295       0.392860       0.390900       0.389467       0.388604       0.388343       0.388704       0.389692       0.391298       0.393496       0.396243       0.399486       0.403156       0.407179       0.411471       0.415949       0.420528       0.425126       0.429669       0.434085       0.438315       0.442305       0.446014       0.449408       0.452467       0.455184       0.457567       0.459644       0.461471       0.463131       0.464743       0.466449       0.468398       0.470698       0.473346       0.476161       0.478743       0.480526       0.480908       0.479444       0.476089       0.471488       0.467404       0.467404
       0.467355       0.467355       0.471451       0.476076       0.479465       0.480975       0.480655       0.478953       0.476476       0.473796       0.471315       0.469218       0.467511       0.466085       0.464795       0.463495       0.462068       0.460431       0.458528       0.456332       0.453834       0.451039       0.447968       0.444649       0.441121       0.437430       0.433630       0.429780       0.425946       0.422196       0.418601       0.415231       0.412156       0.409437       0.407132       0.405286       0.403934       0.403099       0.402791       0.403007       0.403733       0.404942       0.406600       0.408667       0.411095       0.413836       0.416838       0.420050       0.423423       0.426910       0.430467       0.434053       0.437633       0.441175       0.444652       0.448041       0.451323       0.454481       0.457505       0.460385       0.463116       0.465692       0.468112       0.470376       0.472485       0.474441       0.476246       0.477903       0.479418       0.480793       0.482032       0.483140       0.484119       0.484975       0.485709       0.486326       0.486826       0.487214       0.487489       0.487654       0.487709       0.487654       0.487489       0.487214       0.486826       0.486326       0.485709       0.484975       0.484119       0.483140       0.482032       0.480793       0.479418       0.477903       0.476246       0.474441       0.472485       0.470376       0.468112       0.465692       0.463116       0.460385       0.457505       0.454481       0.451323       0.448041       0.444652       0.441175       0.437633       0.434053       0.430467       0.426910       0.423423       0.420050       0.416838       0.413836       0.411095       0.408667       0.406600       0.404942       0.403733       0.403007       0.402791       0.403099       0.403934       0.405286       0.407132       0.409437       0.412156       0.415231       0.418601       0.422196       0.425946       0.429780       0.433630       0.437430       0.441121       0.444649       0.447968       0.451039       0.453834       0.456332       0.458528       0.460431       0.462068       0.463495       0.464795       0.466085       0.467511       0.469218       0.471315       0.473796       0.476476       0.478953       0.480655       0.480975       0.479465       0.476076       0.471451       0.467355       0.467355
       0.467316       0.467316       0.471424       0.476070       0.479489       0.481041       0.480778       0.479150       0.476770       0.474213       0.471884       0.469974       0.468487       0.467317       0.466318       0.465344       0.464279       0.463038       0.461567       0.459837       0.457837       0.455575       0.453066       0.450339       0.447426       0.444370       0.441216       0.438017       0.434828       0.431708       0.428715       0.425910       0.423349       0.421084       0.419163       0.417623       0.416495       0.415798       0.415541       0.415724       0.416335       0.417356       0.418757       0.420507       0.422567       0.424896       0.427453       0.430195       0.433079       0.436066       0.439119       0.442203       0.445287       0.448344       0.451349       0.454283       0.457128       0.459871       0.462501       0.465009       0.467389       0.469637       0.471752       0.473733       0.475579       0.477293       0.478876       0.480331       0.481661       0.482869       0.483959       0.484933       0.485796       0.486549       0.487196       0.487739       0.488180       0.488521       0.488764       0.488909       0.488957       0.488909       0.488764       0.488521       0.488180       0.487739       0.487196       0.486549       0.485796       0.484933       0.483959       0.482869       0.481661       0.480331       0.478876       0.477293       0.475579       0.473733       0.471752       0.469637       0.467389       0.465009       0.462501       0.459871       0.457128       0.454283       0.451349       0.448344       0.445287       0.442203       0.439119       0.436066       0.433079       0.430195       0.427453       0.424896       0.422567       0.420507       0.418757       0.417356       0.416335       0.415724       0.415541       0.415798       0.416495       0.417623       0.419163       0.421084       0.423349       0.425910       0.428715       0.431708       0.434828       0.438017       0.441216       0.444370       0.447426       0.450339       0.453066       0.455575       0.457837       0.459837       0.461567       0.463038       0.464279       0.465344       0.466318       0.467317       0.468487       0.469974       0.471884       0.474213       0.476770       0.479150       0.480778       0.481041       0.479489       0.476070       0.471424       0.467316       0.467316
       0.467287       0.467287       0.471404       0.476069       0.479516       0.481106       0.480894       0.479334       0.477042       0.474597       0.472408       0.470667       0.469380       0.468443       0.467707       0.467028       0.466288       0.465403       0.464317       0.463000       0.461444       0.459651       0.457638       0.455428       0.453052       0.450547       0.447954       0.445318       0.442686       0.440107       0.437633       0.435312       0.433192       0.431318       0.429727       0.428452       0.427519       0.426944       0.426735       0.426894       0.427412       0.428274       0.429457       0.430937       0.432681       0.434657       0.436829       0.439162       0.441621       0.444174       0.446786       0.449431       0.452080       0.454711       0.457302       0.459835       0.462296       0.464672       0.466953       0.469131       0.471202       0.473161       0.475005       0.476734       0.478347       0.479846       0.481232       0.482507       0.483674       0.484734       0.485691       0.486547       0.487304       0.487967       0.488536       0.489013       0.489401       0.489702       0.489916       0.490043       0.490086       0.490043       0.489916       0.489702       0.489401       0.489013       0.488536       0.487967       0.487304       0.486547       0.485691       0.484734       0.483674       0.482507       0.481232       0.479846       0.478347       0.476734       0.475005       0.473161       0.471202       0.469131       0.466953       0.464672       0.462296       0.459835       0.457302       0.454711       0.452080       0.449431       0.446786       0.444174       0.441621       0.439162       0.436829       0.434657       0.432681       0.430937       0.429457       0.428274       0.427412       0.426894       0.426735       0.426944       0.427519       0.428452       0.429727       0.431318       0.433192       0.435312       0.437633       0.440107       0.442686       0.445318       0.447954       0.450547       0.453052       0.455428       0.457638       0.459651       0.461444       0.463000       0.464317       0.465403       0.466288       0.467028       0.467707       0.468443       0.469380       0.470667       0.472408       0.474597       0.477042       0.479334       0.480894       0.481106       0.479516       0.476069       0.471404       0.467287       0.467287
       0.467264       0.467264       0.471391       0.476072       0.479545       0.481169       0.481003       0.479505       0.477293       0.474950       0.472888       0.471300       0.470195       0.469467       0.468968       0.468554       0.468106       0.467538       0.466794       0.465845       0.464679       0.463300       0.461720       0.459962       0.458053       0.456026       0.453917       0.451765       0.449611       0.447496       0.445465       0.443558       0.441816       0.440275       0.438967       0.437920       0.437155       0.436687       0.436523       0.436664       0.437105       0.437835       0.438835       0.440085       0.441560       0.443233       0.445076       0.447058       0.449150       0.451326       0.453557       0.455820       0.458090       0.460349       0.462577       0.464760       0.466883       0.468937       0.470911       0.472800       0.474598       0.476300       0.477905       0.479412       0.480820       0.482129       0.483340       0.484456       0.485477       0.486406       0.487245       0.487996       0.488661       0.489242       0.489742       0.490162       0.490503       0.490768       0.490955       0.491068       0.491105       0.491068       0.490955       0.490768       0.490503       0.490162       0.489742       0.489242       0.488661       0.487996       0.487245       0.486406       0.485477       0.484456       0.483340       0.482129       0.480820       0.479412       0.477905       0.476300       0.474598       0.472800       0.470911       0.468937       0.466883       0.464760       0.462577       0.460349       0.458090       0.455820       0.453557       0.451326       0.449150       0.447058       0.445076       0.443233       0.441560       0.440085       0.438835       0.437835       0.437105       0.436664       0.436523       0.436687       0.437155       0.437920       0.438967       0.440275       0.441816       0.443558       0.445465       0.447496       0.449611       0.451765       0.453917       0.456026       0.458053       0.459962       0.461720       0.463300       0.464679       0.465845       0.466794       0.467538       0.468106       0.468554       0.468968       0.469467       0.470195       0.471300       0.472888       0.474950       0.477293       0.479505       0.481003       0.481169       0.479545       0.476072       0.471391       0.467264       0.467264
       0.467248       0.467248       0.471383       0.476079       0.479574       0.481230       0.481106       0.479663       0.477524       0.475273       0.473326       0.471877       0.470935       0.470396       0.470110       0.469933       0.469745       0.469459       0.469020       0.468395       0.467572       0.466555       0.465353       0.463988       0.462484       0.460869       0.459177       0.457440       0.455694       0.453977       0.452323       0.450769       0.449348       0.448090       0.447024       0.446171       0.445551       0.445175       0.445051       0.445180       0.445559       0.446178       0.447025       0.448081       0.449329       0.450744       0.452304       0.453986       0.455764       0.457615       0.459517       0.461449       0.463392       0.465327       0.467240       0.469117       0.470946       0.472717       0.474423       0.476058       0.477615       0.479093       0.480488       0.481798       0.483024       0.484166       0.485223       0.486198       0.487091       0.487904       0.488638       0.489296       0.489879       0.490390       0.490828       0.491197       0.491496       0.491728       0.491893       0.491992       0.492025       0.491992       0.491893       0.491728       0.491496       0.491197       0.490828       0.490390       0.489879       0.489296       0.488638       0.487904       0.487091       0.486198       0.485223       0.484166       0.483024       0.481798       0.480488       0.479093       0.477615       0.476058       0.474423       0.472717       0.470946       0.469117       0.467240       0.465327       0.463392       0.461449       0.459517       0.457615       0.455764       0.453986       0.452304       0.450744       0.449329       0.448081       0.447025       0.446178       0.445559       0.445180       0.445051       0.445175       0.445551       0.446171       0.447024       0.448090       0.449348       0.450769       0.452323       0.453977       0.455694       0.457440       0.459177       0.460869       0.462484       0.463988       0.465353       0.466555       0.467572       0.468395       0.469020       0.469459       0.469745       0.469933       0.470110       0.470396       0.470935       0.471877       0.473326       0.475273       0.477524       0.479663       0.481106       0.481230       0.479574       0.476079       0.471383       0.467248       0.467248
       0.467237       0.467237       0.471379       0.476089       0.479604       0.481288       0.481202       0.479809       0.477735       0.475568       0.473724       0.472400       0.471605       0.471235       0.471141       0.471175       0.471219       0.471183       0.471012       0.470672       0.470151       0.469449       0.468577       0.467553       0.466398       0.465138       0.463803       0.462421       0.461025       0.459645       0.458312       0.457057       0.455908       0.454891       0.454030       0.453343       0.452846       0.452550       0.452461       0.452582       0.452910       0.453438       0.454156       0.455050       0.456104       0.457302       0.458623       0.460048       0.461557       0.463130       0.464749       0.466397       0.468056       0.469712       0.471352       0.472963       0.474536       0.476061       0.477533       0.478945       0.480293       0.481573       0.482783       0.483922       0.484988       0.485982       0.486904       0.487754       0.488534       0.489244       0.489886       0.490462       0.490973       0.491420       0.491805       0.492128       0.492391       0.492594       0.492739       0.492826       0.492855       0.492826       0.492739       0.492594       0.492391       0.492128       0.491805       0.491420       0.490973       0.490462       0.489886       0.489244       0.488534       0.487754       0.486904       0.485982       0.484988       0.483922       0.482783       0.481573       0.480293       0.478945       0.477533       0.476061       0.474536       0.472963       0.471352       0.469712       0.468056       0.466397       0.464749       0.463130       0.461557       0.460048       0.458623       0.457302       0.456104       0.455050       0.454156       0.453438       0.452910       0.452582       0.452461       0.452550       0.452846       0.453343       0.454030       0.454891       0.455908       0.457057       0.458312       0.459645       0.461025       0.462421       0.463803       0.465138       0.466398       0.467553       0.468577       0.469449       0.470151       0.470672       0.471012       0.471183       0.471219       0.471175       0.471141       0.471235       0.471605       0.472400       0.473724       0.475568       0.477735       0.479809       0.481202       0.481288       0.479604       0.476089       0.471379       0.467237       0.467237
       0.467230       0.467230       0.471378       0.476100       0.479633       0.481342       0.481291       0.479944       0.477928       0.475836       0.474085       0.472873       0.472211       0.471992       0.472068       0.472290       0.472539       0.472725       0.472789       0.472700       0.472443       0.472017       0.471430       0.470700       0.469846       0.468892       0.467862       0.466784       0.465684       0.464591       0.463530       0.462529       0.461610       0.460797       0.460109       0.459563       0.459171       0.458943       0.458886       0.459001       0.459288       0.459740       0.460350       0.461108       0.462000       0.463013       0.464132       0.465339       0.466619       0.467955       0.469332       0.470736       0.472151       0.473566       0.474970       0.476351       0.477702       0.479014       0.480282       0.481500       0.482665       0.483772       0.484821       0.485809       0.486735       0.487599       0.488401       0.489142       0.489822       0.490442       0.491004       0.491507       0.491954       0.492345       0.492682       0.492965       0.493195       0.493374       0.493501       0.493577       0.493602       0.493577       0.493501       0.493374       0.493195       0.492965       0.492682       0.492345       0.491954       0.491507       0.491004       0.490442       0.489822       0.489142       0.488401       0.487599       0.486735       0.485809       0.484821       0.483772       0.482665       0.481500       0.480282       0.479014       0.477702       0.476351       0.474970       0.473566       0.472151       0.470736       0.469332       0.467955       0.466619       0.465339       0.464132       0.463013       0.462000       0.461108       0.460350       0.459740       0.459288       0.459001       0.458886       0.458943       0.459171       0.459563       0.460109       0.460797       0.461610       0.462529       0.463530       0.464591       0.465684       0.466784       0.467862       0.468892       0.469846       0.470700       0.471430       0.472017       0.472443       0.472700       0.472789       0.472725       0.472539       0.472290       0.472068       0.471992       0.472211       0.472873       0.474085       0.475836       0.477928       0.479944       0.481291       0.481342       0.479633       0.476100       0.471378       0.467230       0.467230
       0.467226       0.467226       0.471380       0.476112       0.479662       0.481394       0.481373       0.480066       0.478104       0.476079       0.474412       0.473300       0.472755       0.472672       0.472899       0.473289       0.473719       0.474099       0.474372       0.474502       0.474474       0.474288       0.473949       0.473473       0.472878       0.472184       0.471416       0.470596       0.469749       0.468899       0.468069       0.467282       0.466558       0.465917       0.465375       0.464947       0.464645       0.464476       0.464446       0.464558       0.464810       0.465200       0.465720       0.466364       0.467120       0.467978       0.468925       0.469948       0.471033       0.472168       0.473338       0.474533       0.475740       0.476948       0.478148       0.479331       0.480490       0.481617       0.482708       0.483758       0.484763       0.485720       0.486627       0.487483       0.488287       0.489037       0.489735       0.490380       0.490972       0.491513       0.492003       0.492442       0.492833       0.493175       0.493469       0.493717       0.493919       0.494075       0.494186       0.494253       0.494275       0.494253       0.494186       0.494075       0.493919       0.493717       0.493469       0.493175       0.492833       0.492442       0.492003       0.491513       0.490972       0.490380       0.489735       0.489037       0.488287       0.487483       0.486627       0.485720       0.484763       0.483758       0.482708       0.481617       0.480490       0.479331       0.478148       0.476948       0.475740       0.474533       0.473338       0.472168       0.471033       0.469948       0.468925       0.467978       0.467120       0.466364       0.465720       0.465200       0.464810       0.464558       0.464446       0.464476       0.464645       0.464947       0.465375       0.465917       0.466558       0.467282       0.468069       0.468899       0.469749       0.470596       0.471416       0.472184       0.472878       0.473473       0.473949       0.474288       0.474474       0.474502       0.474372       0.474099       0.473719       0.473289       0.472899       0.472672       0.472755       0.473300       0.474412       0.476079       0.478104       0.480066       0.481373       0.481394       0.479662       0.476112       0.471380       0.467226       0.467226
       0.467225       0.467225       0.471384       0.476126       0.479690       0.481442       0.481448       0.480178       0.478264       0.476299       0.474706       0.473684       0.473245       0.473281       0.473642       0.474180       0.474770       0.475322       0.475777       0.476098       0.476271       0.476292       0.476167       0.475910       0.475537       0.475068       0.474522       0.473923       0.473290       0.472646       0.472011       0.471404       0.470845       0.470348       0.469930       0.469603       0.469376       0.469257       0.469251       0.469360       0.469585       0.469923       0.470369       0.470917       0.471560       0.472287       0.473090       0.473957       0.474877       0.475840       0.476835       0.477851       0.478879       0.479910       0.480935       0.481948       0.482941       0.483908       0.484846       0.485750       0.486616       0.487443       0.488227       0.488968       0.489664       0.490315       0.490921       0.491482       0.491997       0.492468       0.492895       0.493279       0.493619       0.493918       0.494176       0.494392       0.494569       0.494705       0.494803       0.494861       0.494880       0.494861       0.494803       0.494705       0.494569       0.494392       0.494176       0.493918       0.493619       0.493279       0.492895       0.492468       0.491997       0.491482       0.490921       0.490315       0.489664       0.488968       0.488227       0.487443       0.486616       0.485750       0.484846       0.483908       0.482941       0.481948       0.480935       0.479910       0.478879       0.477851       0.476835       0.475840       0.474877       0.473957       0.473090       0.472287       0.471560       0.470917       0.470369       0.469923       0.469585       0.469360       0.469251       0.469257       0.469376       0.469603       0.469930       0.470348       0.470845       0.471404       0.472011       0.472646       0.473290       0.473923       0.474522       0.475068       0.475537       0.475910       0.476167       0.476292       0.476271       0.476098       0.475777       0.475322       0.474770       0.474180       0.473642       0.473281       0.473245       0.473684       0.474706       0.476299       0.478264       0.480178       0.481448       0.481442       0.479690       0.476126       0.471384       0.467225       0.467225
       0.467226       0.467226       0.471389       0.476139       0.479716       0.481486       0.481518       0.480280       0.478408       0.476498       0.474971       0.474029       0.473682       0.473825       0.474306       0.474973       0.475705       0.476407       0.477021       0.477510       0.477857       0.478058       0.478118       0.478049       0.477867       0.477588       0.477233       0.476820       0.476369       0.475899       0.475429       0.474975       0.474554       0.474180       0.473866       0.473623       0.473460       0.473383       0.473398       0.473506       0.473708       0.474003       0.474388       0.474856       0.475403       0.476021       0.476702       0.477438       0.478219       0.479036       0.479882       0.480746       0.481622       0.482501       0.483376       0.484242       0.485093       0.485923       0.486728       0.487505       0.488252       0.488964       0.489642       0.490282       0.490885       0.491449       0.491975       0.492462       0.492910       0.493320       0.493692       0.494026       0.494323       0.494584       0.494809       0.494998       0.495152       0.495271       0.495357       0.495408       0.495425       0.495408       0.495357       0.495271       0.495152       0.494998       0.494809       0.494584       0.494323       0.494026       0.493692       0.493320       0.492910       0.492462       0.491975       0.491449       0.490885       0.490282       0.489642       0.488964       0.488252       0.487505       0.486728       0.485923       0.485093       0.484242       0.483376       0.482501       0.481622       0.480746       0.479882       0.479036       0.478219       0.477438       0.476702       0.476021       0.475403       0.474856       0.474388       0.474003       0.473708       0.473506       0.473398       0.473383       0.473460       0.473623       0.473866       0.474180       0.474554       0.474975       0.475429       0.475899       0.476369       0.476820       0.477233       0.477588       0.477867       0.478049       0.478118       0.478058       0.477857       0.477510       0.477021       0.476407       0.475705       0.474973       0.474306       0.473825       0.473682       0.474029       0.474971       0.476498       0.478408       0.480280       0.481518       0.481486       0.479716       0.476139       0.471389       0.467226       0.467226
       0.467228       0.467228       0.471395       0.476153       0.479741       0.481528       0.481581       0.480373       0.478538       0.476676       0.475208       0.474337       0.474074       0.474311       0.474896       0.475679       0.476534       0.477369       0.478122       0.478756       0.479254       0.479610       0.479830       0.479923       0.479903       0.479788       0.479595       0.479341       0.479044       0.478722       0.478390       0.478065       0.477761       0.477489       0.477263       0.477091       0.476982       0.476941       0.476974       0.477082       0.477266       0.477525       0.477858       0.478261       0.478728       0.479254       0.479833       0.480457       0.481121       0.481815       0.482534       0.483269       0.484015       0.484764       0.485512       0.486252       0.486980       0.487691       0.488383       0.489051       0.489693       0.490307       0.490891       0.491445       0.491966       0.492455       0.492911       0.493333       0.493723       0.494079       0.494402       0.494693       0.494952       0.495180       0.495376       0.495541       0.495675       0.495780       0.495854       0.495899       0.495913       0.495899       0.495854       0.495780       0.495675       0.495541       0.495376       0.495180       0.494952       0.494693       0.494402       0.494079       0.493723       0.493333       0.492911       0.492455       0.491966       0.491445       0.490891       0.490307       0.489693       0.489051       0.488383       0.487691       0.486980       0.486252       0.485512       0.484764       0.484015       0.483269       0.482534       0.481815       0.481121       0.480457       0.479833       0.479254       0.478728       0.478261       0.477858       0.477525       0.477266       0.477082       0.476974       0.476941       0.476982       0.477091       0.477263       0.477489       0.477761       0.478065       0.478390       0.478722       0.479044       0.479341       0.479595       0.479788       0.479903       0.479923       0.479830       0.479610       0.479254       0.478756       0.478122       0.477369       0.476534       0.475679       0.474896       0.474311       0.474074       0.474337       0.475208       0.476676       0.478538       0.480373       0.481581       0.481528       0.479741       0.476153       0.471395       0.467228       0.467228
       0.467231       0.467231       0.471402       0.476167       0.479765       0.481566       0.481638       0.480456       0.478655       0.476836       0.475421       0.474613       0.474422       0.474743       0.475421       0.476304       0.477268       0.478218       0.479093       0.479853       0.480482       0.480973       0.481329       0.481561       0.481682       0.481707       0.481651       0.481532       0.481366       0.481168       0.480954       0.480737       0.480530       0.480346       0.480193       0.480082       0.480018       0.480008       0.480055       0.480163       0.480333       0.480563       0.480853       0.481200       0.481600       0.482050       0.482543       0.483074       0.483638       0.484228       0.484840       0.485466       0.486101       0.486740       0.487378       0.488010       0.488633       0.489243       0.489836       0.490410       0.490962       0.491491       0.491995       0.492473       0.492923       0.493346       0.493741       0.494107       0.494445       0.494755       0.495036       0.495289       0.495514       0.495712       0.495883       0.496027       0.496145       0.496236       0.496301       0.496339       0.496352       0.496339       0.496301       0.496236       0.496145       0.496027       0.495883       0.495712       0.495514       0.495289       0.495036       0.494755       0.494445       0.494107       0.493741       0.493346       0.492923       0.492473       0.491995       0.491491       0.490962       0.490410       0.489836       0.489243       0.488633       0.488010       0.487378       0.486740       0.486101       0.485466       0.484840       0.484228       0.483638       0.483074       0.482543       0.482050       0.481600       0.481200       0.480853       0.480563       0.480333       0.480163       0.480055       0.480008       0.480018       0.480082       0.480193       0.480346       0.480530       0.480737       0.480954       0.481168       0.481366       0.481532       0.481651       0.481707       0.481682       0.481561       0.481329       0.480973       0.480482       0.479853       0.479093       0.478218       0.477268       0.476304       0.475421       0.474743       0.474422       0.474613       0.475421       0.476836       0.478655       0.480456       0.481638       0.481566       0.479765       0.476167       0.471402       0.467231       0.467231
       0.467235       0.467235       0.471409       0.476180       0.479787       0.481601       0.481690       0.480531       0.478761       0.476979       0.475610       0.474858       0.474732       0.475126       0.475885       0.476858       0.477917       0.478968       0.479948       0.480819       0.481560       0.482167       0.482642       0.482993       0.483233       0.483377       0.483438       0.483434       0.483378       0.483286       0.483171       0.483045       0.482922       0.482810       0.482719       0.482658       0.482633       0.482649       0.482709       0.482818       0.482975       0.483181       0.483436       0.483737       0.484081       0.484466       0.484887       0.485340       0.485820       0.486323       0.486843       0.487376       0.487917       0.488462       0.489007       0.489547       0.490080       0.490602       0.491111       0.491603       0.492078       0.492534       0.492968       0.493380       0.493769       0.494135       0.494477       0.494794       0.495087       0.495356       0.495600       0.495820       0.496016       0.496188       0.496337       0.496463       0.496565       0.496644       0.496701       0.496735       0.496746       0.496735       0.496701       0.496644       0.496565       0.496463       0.496337       0.496188       0.496016       0.495820       0.495600       0.495356       0.495087       0.494794       0.494477       0.494135       0.493769       0.493380       0.492968       0.492534       0.492078       0.491603       0.491111       0.490602       0.490080       0.489547       0.489007       0.488462       0.487917       0.487376       0.486843       0.486323       0.485820       0.485340       0.484887       0.484466       0.484081       0.483737       0.483436       0.483181       0.482975       0.482818       0.482709       0.482649       0.482633       0.482658       0.482719       0.482810       0.482922       0.483045       0.483171       0.483286       0.483378       0.483434       0.483438       0.483377       0.483233       0.482993       0.482642       0.482167       0.481560       0.480819       0.479948       0.478968       0.477917       0.476858       0.475885       0.475126       0.474732       0.474858       0.475610       0.476979       0.478761       0.480531       0.481690       0.481601       0.479787       0.476180       0.471409       0.467235       0.467235
       0.467240       0.467240       0.471416       0.476192       0.479808       0.481632       0.481738       0.480599       0.478855       0.477106       0.475779       0.475076       0.475007       0.475466       0.476297       0.477347       0.478489       0.479628       0.480700       0.481666       0.482506       0.483213       0.483789       0.484242       0.484585       0.484830       0.484991       0.485084       0.485122       0.485118       0.485087       0.485039       0.484985       0.484934       0.484896       0.484877       0.484884       0.484922       0.484994       0.485103       0.485250       0.485437       0.485662       0.485924       0.486222       0.486553       0.486914       0.487301       0.487710       0.488139       0.488582       0.489036       0.489498       0.489963       0.490428       0.490890       0.491345       0.491793       0.492229       0.492652       0.493060       0.493451       0.493825       0.494181       0.494517       0.494833       0.495128       0.495403       0.495657       0.495890       0.496102       0.496293       0.496464       0.496613       0.496743       0.496852       0.496941       0.497010       0.497060       0.497089       0.497099       0.497089       0.497060       0.497010       0.496941       0.496852       0.496743       0.496613       0.496464       0.496293       0.496102       0.495890       0.495657       0.495403       0.495128       0.494833       0.494517       0.494181       0.493825       0.493451       0.493060       0.492652       0.492229       0.491793       0.491345       0.490890       0.490428       0.489963       0.489498       0.489036       0.488582       0.488139       0.487710       0.487301       0.486914       0.486553       0.486222       0.485924       0.485662       0.485437       0.485250       0.485103       0.484994       0.484922       0.484884       0.484877       0.484896       0.484934       0.484985       0.485039       0.485087       0.485118       0.485122       0.485084       0.484991       0.484830       0.484585       0.484242       0.483789       0.483213       0.482506       0.481666       0.480700       0.479628       0.478489       0.477347       0.476297       0.475466       0.475007       0.475076       0.475779       0.477106       0.478855       0.480599       0.481738       0.481632       0.479808       0.476192       0.471416       0.467240       0.467240
       0.467245       0.467245       0.471424       0.476204       0.479827       0.481661       0.481780       0.480660       0.478939       0.477220       0.475929       0.475269       0.475251       0.475766       0.476660       0.477778       0.478993       0.480209       0.481361       0.482409       0.483334       0.484127       0.484790       0.485331       0.485761       0.486092       0.486339       0.486514       0.486631       0.486703       0.486742       0.486759       0.486764       0.486765       0.486771       0.486788       0.486822       0.486879       0.486960       0.487070       0.487209       0.487379       0.487580       0.487810       0.488069       0.488355       0.488665       0.488996       0.489346       0.489712       0.490091       0.490478       0.490872       0.491269       0.491666       0.492061       0.492451       0.492834       0.493208       0.493571       0.493921       0.494258       0.494580       0.494887       0.495177       0.495449       0.495705       0.495943       0.496163       0.496365       0.496549       0.496714       0.496863       0.496993       0.497105       0.497200       0.497278       0.497338       0.497381       0.497407       0.497415       0.497407       0.497381       0.497338       0.497278       0.497200       0.497105       0.496993       0.496863       0.496714       0.496549       0.496365       0.496163       0.495943       0.495705       0.495449       0.495177       0.494887       0.494580       0.494258       0.493921       0.493571       0.493208       0.492834       0.492451       0.492061       0.491666       0.491269       0.490872       0.490478       0.490091       0.489712       0.489346       0.488996       0.488665       0.488355       0.488069       0.487810       0.487580       0.487379       0.487209       0.487070       0.486960       0.486879       0.486822       0.486788       0.486771       0.486765       0.486764       0.486759       0.486742       0.486703       0.486631       0.486514       0.486339       0.486092       0.485761       0.485331       0.484790       0.484127       0.483334       0.482409       0.481361       0.480209       0.478993       0.477778       0.476660       0.475766       0.475251       0.475269       0.475929       0.477220       0.478939       0.480660       0.481780       0.481661       0.479827       0.476204       0.471424       0.467245       0.467245
       0.467250       0.467250       0.471431       0.476216       0.479844       0.481688       0.481819       0.480714       0.479014       0.477321       0.476063       0.475441       0.475467       0.476032       0.476980       0.478158       0.479436       0.480719       0.481940       0.483060       0.484058       0.484925       0.485663       0.486280       0.486784       0.487189       0.487508       0.487753       0.487937       0.488073       0.488172       0.488243       0.488297       0.488342       0.488385       0.488433       0.488490       0.488562       0.488652       0.488762       0.488895       0.489052       0.489232       0.489436       0.489662       0.489910       0.490177       0.490462       0.490762       0.491075       0.491399       0.491730       0.492067       0.492406       0.492745       0.493083       0.493417       0.493745       0.494065       0.494377       0.494678       0.494968       0.495245       0.495509       0.495759       0.495994       0.496215       0.496421       0.496611       0.496786       0.496945       0.497089       0.497218       0.497331       0.497429       0.497511       0.497579       0.497631       0.497668       0.497691       0.497698       0.497691       0.497668       0.497631       0.497579       0.497511       0.497429       0.497331       0.497218       0.497089       0.496945       0.496786       0.496611       0.496421       0.496215       0.495994       0.495759       0.495509       0.495245       0.494968       0.494678       0.494377       0.494065       0.493745       0.493417       0.493083       0.492745       0.492406       0.492067       0.491730       0.491399       0.491075       0.490762       0.490462       0.490177       0.489910       0.489662       0.489436       0.489232       0.489052       0.488895       0.488762       0.488652       0.488562       0.488490       0.488433       0.488385       0.488342       0.488297       0.488243       0.488172       0.488073       0.487937       0.487753       0.487508       0.487189       0.486784       0.486280       0.485663       0.484925       0.484058       0.483060       0.481940       0.480719       0.479436       0.478158       0.476980       0.476032       0.475467       0.475441       0.476063       0.477321       0.479014       0.480714       0.481819       0.481688       0.479844       0.476216       0.471431       0.467250       0.467250
       0.467255       0.467255       0.471438       0.476226       0.479860       0.481711       0.481853       0.480762       0.479081       0.477411       0.476181       0.475592       0.475657       0.476266       0.477263       0.478492       0.479826       0.481166       0.482447       0.483629       0.484690       0.485621       0.486424       0.487105       0.487673       0.488141       0.488521       0.488825       0.489067       0.489257       0.489406       0.489524       0.489619       0.489701       0.489775       0.489848       0.489925       0.490010       0.490107       0.490218       0.490346       0.490491       0.490654       0.490836       0.491035       0.491251       0.491483       0.491729       0.491987       0.492256       0.492533       0.492816       0.493104       0.493394       0.493685       0.493974       0.494260       0.494541       0.494815       0.495083       0.495341       0.495590       0.495829       0.496056       0.496272       0.496475       0.496666       0.496844       0.497008       0.497160       0.497298       0.497423       0.497534       0.497632       0.497717       0.497789       0.497848       0.497893       0.497926       0.497945       0.497952       0.497945       0.497926       0.497893       0.497848       0.497789       0.497717       0.497632       0.497534       0.497423       0.497298       0.497160       0.497008       0.496844       0.496666       0.496475       0.496272       0.496056       0.495829       0.495590       0.495341       0.495083       0.494815       0.494541       0.494260       0.493974       0.493685       0.493394       0.493104       0.492816       0.492533       0.492256       0.491987       0.491729       0.491483       0.491251       0.491035       0.490836       0.490654       0.490491       0.490346       0.490218       0.490107       0.490010       0.489925       0.489848       0.489775       0.489701       0.489619       0.489524       0.489406       0.489257       0.489067       0.488825       0.488521       0.488141       0.487673       0.487105       0.486424       0.485621       0.484690       0.483629       0.482447       0.481166       0.479826       0.478492       0.477263       0.476266       0.475657       0.475592       0.476181       0.477411       0.479081       0.480762       0.481853       0.481711       0.479860       0.476226       0.471438       0.467255       0.467255
       0.467260       0.467260       0.471444       0.476236       0.479875       0.481733       0.481884       0.480805       0.479140       0.477490       0.476285       0.475726       0.475825       0.476472       0.477511       0.478786       0.480167       0.481558       0.482891       0.484127       0.485242       0.486228       0.487086       0.487822       0.488445       0.488966       0.489399       0.489754       0.490043       0.490279       0.490470       0.490627       0.490758       0.490871       0.490971       0.491066       0.491159       0.491256       0.491359       0.491471       0.491594       0.491730       0.491879       0.492042       0.492219       0.492408       0.492610       0.492823       0.493046       0.493277       0.493515       0.493758       0.494005       0.494253       0.494502       0.494750       0.494995       0.495236       0.495471       0.495701       0.495923       0.496137       0.496342       0.496538       0.496724       0.496899       0.497064       0.497218       0.497360       0.497491       0.497611       0.497719       0.497816       0.497901       0.497975       0.498037       0.498088       0.498127       0.498155       0.498172       0.498178       0.498172       0.498155       0.498127       0.498088       0.498037       0.497975       0.497901       0.497816       0.497719       0.497611       0.497491       0.497360       0.497218       0.497064       0.496899       0.496724       0.496538       0.496342       0.496137       0.495923       0.495701       0.495471       0.495236       0.494995       0.494750       0.494502       0.494253       0.494005       0.493758       0.493515       0.493277       0.493046       0.492823       0.492610       0.492408       0.492219       0.492042       0.491879       0.491730       0.491594       0.491471       0.491359       0.491256       0.491159       0.491066       0.490971       0.490871       0.490758       0.490627       0.490470       0.490279       0.490043       0.489754       0.489399       0.488966       0.488445       0.487822       0.487086       0.486228       0.485242       0.484127       0.482891       0.481558       0.480167       0.478786       0.477511       0.476472       0.475825       0.475726       0.476285       0.477490       0.479140       0.480805       0.481884       0.481733       0.479875       0.476236       0.471444       0.467260       0.467260
       0.467265       0.467265       0.471451       0.476245       0.479888       0.481752       0.481911       0.480844       0.479192       0.477561       0.476377       0.475844       0.475972       0.476653       0.477728       0.479043       0.480466       0.481901       0.483279       0.484561       0.485723       0.486757       0.487662       0.488445       0.489115       0.489682       0.490159       0.490557       0.490887       0.491161       0.491389       0.491579       0.491739       0.491878       0.492001       0.492113       0.492221       0.492327       0.492435       0.492548       0.492668       0.492796       0.492934       0.493081       0.493239       0.493406       0.493583       0.493768       0.493961       0.494161       0.494366       0.494575       0.494787       0.495000       0.495213       0.495426       0.495636       0.495842       0.496045       0.496242       0.496433       0.496617       0.496793       0.496962       0.497122       0.497273       0.497416       0.497548       0.497671       0.497785       0.497888       0.497982       0.498066       0.498140       0.498204       0.498258       0.498302       0.498336       0.498361       0.498375       0.498380       0.498375       0.498361       0.498336       0.498302       0.498258       0.498204       0.498140       0.498066       0.497982       0.497888       0.497785       0.497671       0.497548       0.497416       0.497273       0.497122       0.496962       0.496793       0.496617       0.496433       0.496242       0.496045       0.495842       0.495636       0.495426       0.495213       0.495000       0.494787       0.494575       0.494366       0.494161       0.493961       0.493768       0.493583       0.493406       0.493239       0.493081       0.492934       0.492796       0.492668       0.492548       0.492435       0.492327       0.492221       0.492113       0.492001       0.491878       0.491739       0.491579       0.491389       0.491161       0.490887       0.490557       0.490159       0.489682       0.489115       0.488445       0.487662       0.486757       0.485723       0.484561       0.483279       0.481901       0.480466       0.479043       0.477728       0.476653       0.475972       0.475844       0.476377       0.477561       0.479192       0.480844       0.481911       0.481752       0.479888       0.476245       0.471451       0.467265       0.467265
       0.467270       0.467270       0.471457       0.476253       0.479900       0.481769       0.481936       0.480878       0.479239       0.477623       0.476458       0.475948       0.476102       0.476812       0.477919       0.479269       0.480728       0.482200       0.483618       0.484940       0.486142       0.487217       0.488163       0.488986       0.489695       0.490302       0.490816       0.491251       0.491616       0.491923       0.492181       0.492399       0.492585       0.492745       0.492887       0.493015       0.493134       0.493248       0.493361       0.493475       0.493592       0.493714       0.493842       0.493976       0.494118       0.494267       0.494423       0.494585       0.494753       0.494926       0.495103       0.495283       0.495465       0.495648       0.495832       0.496014       0.496194       0.496372       0.496545       0.496715       0.496879       0.497037       0.497189       0.497335       0.497473       0.497603       0.497726       0.497840       0.497947       0.498045       0.498134       0.498216       0.498288       0.498352       0.498408       0.498454       0.498493       0.498523       0.498544       0.498557       0.498561       0.498557       0.498544       0.498523       0.498493       0.498454       0.498408       0.498352       0.498288       0.498216       0.498134       0.498045       0.497947       0.497840       0.497726       0.497603       0.497473       0.497335       0.497189       0.497037       0.496879       0.496715       0.496545       0.496372       0.496194       0.496014       0.495832       0.495648       0.495465       0.495283       0.495103       0.494926       0.494753       0.494585       0.494423       0.494267       0.494118       0.493976       0.493842       0.493714       0.493592       0.493475       0.493361       0.493248       0.493134       0.493015       0.492887       0.492745       0.492585       0.492399       0.492181       0.491923       0.491616       0.491251       0.490816       0.490302       0.489695       0.488986       0.488163       0.487217       0.486142       0.484940       0.483618       0.482200       0.480728       0.479269       0.477919       0.476812       0.476102       0.475948       0.476458       0.477623       0.479239       0.480878       0.481936       0.481769       0.479900       0.476253       0.471457       0.467270       0.467270
       0.467274       0.467274       0.471462       0.476261       0.479911       0.481785       0.481957       0.480908       0.479280       0.477678       0.476530       0.476039       0.476216       0.476951       0.478087       0.479466       0.480957       0.482462       0.483914       0.485270       0.486507       0.487617       0.488598       0.489456       0.490199       0.490839       0.491385       0.491851       0.492246       0.492581       0.492864       0.493106       0.493313       0.493492       0.493649       0.493790       0.493920       0.494041       0.494157       0.494272       0.494387       0.494503       0.494623       0.494747       0.494875       0.495009       0.495147       0.495289       0.495436       0.495587       0.495740       0.495896       0.496053       0.496211       0.496369       0.496526       0.496681       0.496833       0.496983       0.497128       0.497270       0.497406       0.497537       0.497662       0.497781       0.497893       0.497999       0.498098       0.498190       0.498275       0.498352       0.498423       0.498486       0.498541       0.498589       0.498630       0.498663       0.498689       0.498707       0.498718       0.498722       0.498718       0.498707       0.498689       0.498663       0.498630       0.498589       0.498541       0.498486       0.498423       0.498352       0.498275       0.498190       0.498098       0.497999       0.497893       0.497781       0.497662       0.497537       0.497406       0.497270       0.497128       0.496983       0.496833       0.496681       0.496526       0.496369       0.496211       0.496053       0.495896       0.495740       0.495587       0.495436       0.495289       0.495147       0.495009       0.494875       0.494747       0.494623       0.494503       0.494387       0.494272       0.494157       0.494041       0.493920       0.493790       0.493649       0.493492       0.493313       0.493106       0.492864       0.492581       0.492246       0.491851       0.491385       0.490839       0.490199       0.489456       0.488598       0.487617       0.486507       0.485270       0.483914       0.482462       0.480957       0.479466       0.478087       0.476951       0.476216       0.476039       0.476530       0.477678       0.479280       0.480908       0.481957       0.481785       0.479911       0.476261       0.471462       0.467274       0.467274
       0.467278       0.467278       0.471467       0.476268       0.479921       0.481799       0.481977       0.480935       0.479316       0.477726       0.476592       0.476119       0.476316       0.477074       0.478233       0.479638       0.481157       0.482690       0.484171       0.485557       0.486824       0.487964       0.488975       0.489863       0.490635       0.491303       0.491878       0.492369       0.492789       0.493148       0.493453       0.493715       0.493940       0.494135       0.494306       0.494458       0.494595       0.494722       0.494842       0.494958       0.495071       0.495183       0.495296       0.495411       0.495528       0.495648       0.495772       0.495898       0.496027       0.496159       0.496292       0.496427       0.496564       0.496700       0.496836       0.496971       0.497105       0.497236       0.497364       0.497490       0.497611       0.497729       0.497841       0.497949       0.498052       0.498149       0.498240       0.498326       0.498405       0.498478       0.498546       0.498606       0.498661       0.498709       0.498750       0.498786       0.498815       0.498837       0.498853       0.498863       0.498866       0.498863       0.498853       0.498837       0.498815       0.498786       0.498750       0.498709       0.498661       0.498606       0.498546       0.498478       0.498405       0.498326       0.498240       0.498149       0.498052       0.497949       0.497841       0.497729       0.497611       0.497490       0.497364       0.497236       0.497105       0.496971       0.496836       0.496700       0.496564       0.496427       0.496292       0.496159       0.496027       0.495898       0.495772       0.495648       0.495528       0.495411       0.495296       0.495183       0.495071       0.494958       0.494842       0.494722       0.494595       0.494458       0.494306       0.494135       0.493940       0.493715       0.493453       0.493148       0.492789       0.492369       0.491878       0.491303       0.490635       0.489863       0.488975       0.487964       0.486824       0.485557       0.484171       0.482690       0.481157       0.479638       0.478233       0.477074       0.476316       0.476119       0.476592       0.477726       0.479316       0.480935       0.481977       0.481799       0.479921       0.476268       0.471467       0.467278       0.467278
       0.467282       0.467282       0.471472       0.476274       0.479930       0.481811       0.481994       0.480958       0.479348       0.477768       0.476648       0.476189       0.476404       0.477180       0.478361       0.479789       0.481331       0.482889       0.484395       0.485807       0.487100       0.488266       0.489303       0.490216       0.491013       0.491705       0.492303       0.492817       0.493259       0.493637       0.493961       0.494240       0.494480       0.494688       0.494870       0.495032       0.495177       0.495309       0.495431       0.495547       0.495659       0.495768       0.495875       0.495983       0.496091       0.496200       0.496311       0.496423       0.496537       0.496653       0.496770       0.496888       0.497006       0.497124       0.497242       0.497358       0.497473       0.497587       0.497698       0.497805       0.497910       0.498011       0.498109       0.498201       0.498290       0.498374       0.498453       0.498526       0.498595       0.498658       0.498716       0.498769       0.498816       0.498858       0.498894       0.498924       0.498949       0.498969       0.498983       0.498991       0.498994       0.498991       0.498983       0.498969       0.498949       0.498924       0.498894       0.498858       0.498816       0.498769       0.498716       0.498658       0.498595       0.498526       0.498453       0.498374       0.498290       0.498201       0.498109       0.498011       0.497910       0.497805       0.497698       0.497587       0.497473       0.497358       0.497242       0.497124       0.497006       0.496888       0.496770       0.496653       0.496537       0.496423       0.496311       0.496200       0.496091       0.495983       0.495875       0.495768       0.495659       0.495547       0.495431       0.495309       0.495177       0.495032       0.494870       0.494688       0.494480       0.494240       0.493961       0.493637       0.493259       0.492817       0.492303       0.491705       0.491013       0.490216       0.489303       0.488266       0.487100       0.485807       0.484395       0.482889       0.481331       0.479789       0.478361       0.477180       0.476404       0.476189       0.476648       0.477768       0.479348       0.480958       0.481994       0.481811       0.479930       0.476274       0.471472       0.467282       0.467282
       0.467286       0.467286       0.471476       0.476280       0.479937       0.481822       0.482009       0.480979       0.479376       0.477805       0.476696       0.476251       0.476480       0.477274       0.478473       0.479920       0.481483       0.483063       0.484591       0.486024       0.487340       0.488528       0.489587       0.490521       0.491340       0.492053       0.492671       0.493204       0.493664       0.494059       0.494399       0.494692       0.494945       0.495164       0.495356       0.495525       0.495676       0.495813       0.495938       0.496055       0.496165       0.496271       0.496374       0.496475       0.496575       0.496675       0.496776       0.496877       0.496978       0.497081       0.497183       0.497286       0.497389       0.497492       0.497594       0.497695       0.497795       0.497892       0.497988       0.498081       0.498172       0.498259       0.498343       0.498423       0.498499       0.498571       0.498640       0.498703       0.498763       0.498817       0.498868       0.498913       0.498954       0.498990       0.499021       0.499048       0.499069       0.499086       0.499098       0.499105       0.499108       0.499105       0.499098       0.499086       0.499069       0.499048       0.499021       0.498990       0.498954       0.498913       0.498868       0.498817       0.498763       0.498703       0.498640       0.498571       0.498499       0.498423       0.498343       0.498259       0.498172       0.498081       0.497988       0.497892       0.497795       0.497695       0.497594       0.497492       0.497389       0.497286       0.497183       0.497081       0.496978       0.496877       0.496776       0.496675       0.496575       0.496475       0.496374       0.496271       0.496165       0.496055       0.495938       0.495813       0.495676       0.495525       0.495356       0.495164       0.494945       0.494692       0.494399       0.494059       0.493664       0.493204       0.492671       0.492053       0.491340       0.490521       0.489587       0.488528       0.487340       0.486024       0.484591       0.483063       0.481483       0.479920       0.478473       0.477274       0.476480       0.476251       0.476696       0.477805       0.479376       0.480979       0.482009       0.481822       0.479937       0.476280       0.471476       0.467286       0.467286
       0.467289       0.467289       0.471480       0.476285       0.479944       0.481831       0.482022       0.480997       0.479401       0.477838       0.476738       0.476305       0.476547       0.477356       0.478571       0.480035       0.481616       0.483214       0.484760       0.486213       0.487548       0.488755       0.489833       0.490786       0.491623       0.492354       0.492988       0.493538       0.494013       0.494423       0.494776       0.495081       0.495345       0.495574       0.495774       0.495950       0.496107       0.496247       0.496374       0.496491       0.496601       0.496704       0.496803       0.496899       0.496993       0.497085       0.497177       0.497268       0.497359       0.497450       0.497541       0.497631       0.497722       0.497811       0.497900       0.497988       0.498074       0.498159       0.498241       0.498322       0.498400       0.498475       0.498548       0.498617       0.498683       0.498745       0.498804       0.498859       0.498911       0.498958       0.499001       0.499041       0.499076       0.499107       0.499134       0.499157       0.499176       0.499191       0.499201       0.499207       0.499209       0.499207       0.499201       0.499191       0.499176       0.499157       0.499134       0.499107       0.499076       0.499041       0.499001       0.498958       0.498911       0.498859       0.498804       0.498745       0.498683       0.498617       0.498548       0.498475       0.498400       0.498322       0.498241       0.498159       0.498074       0.497988       0.497900       0.497811       0.497722       0.497631       0.497541       0.497450       0.497359       0.497268       0.497177       0.497085       0.496993       0.496899       0.496803       0.496704       0.496601       0.496491       0.496374       0.496247       0.496107       0.495950       0.495774       0.495574       0.495345       0.495081       0.494776       0.494423       0.494013       0.493538       0.492988       0.492354       0.491623       0.490786       0.489833       0.488755       0.487548       0.486213       0.484760       0.483214       0.481616       0.480035       0.478571       0.477356       0.476547       0.476305       0.476738       0.477838       0.479401       0.480997       0.482022       0.481831       0.479944       0.476285       0.471480       0.467289       0.467289
       0.467292       0.467292       0.471483       0.476289       0.479951       0.481840       0.482034       0.481014       0.479422       0.477867       0.476775       0.476352       0.476606       0.477427       0.478656       0.480135       0.481731       0.483345       0.484908       0.486377       0.487729       0.488952       0.490046       0.491015       0.491868       0.492614       0.493263       0.493826       0.494315       0.494736       0.495101       0.495417       0.495690       0.495927       0.496134       0.496316       0.496477       0.496620       0.496749       0.496867       0.496975       0.497077       0.497173       0.497264       0.497353       0.497439       0.497523       0.497606       0.497688       0.497769       0.497850       0.497930       0.498010       0.498088       0.498166       0.498242       0.498317       0.498390       0.498462       0.498532       0.498599       0.498665       0.498727       0.498787       0.498844       0.498898       0.498949       0.498996       0.499041       0.499082       0.499119       0.499153       0.499184       0.499211       0.499235       0.499254       0.499271       0.499283       0.499292       0.499298       0.499300       0.499298       0.499292       0.499283       0.499271       0.499254       0.499235       0.499211       0.499184       0.499153       0.499119       0.499082       0.499041       0.498996       0.498949       0.498898       0.498844       0.498787       0.498727       0.498665       0.498599       0.498532       0.498462       0.498390       0.498317       0.498242       0.498166       0.498088       0.498010       0.497930       0.497850       0.497769       0.497688       0.497606       0.497523       0.497439       0.497353       0.497264       0.497173       0.497077       0.496975       0.496867       0.496749       0.496620       0.496477       0.496316       0.496134       0.495927       0.495690       0.495417       0.495101       0.494736       0.494315       0.493826       0.493263       0.492614       0.491868       0.491015       0.490046       0.488952       0.487729       0.486377       0.484908       0.483345       0.481731       0.480135       0.478656       0.477427       0.476606       0.476352       0.476775       0.477867       0.479422       0.481014       0.482034       0.481840       0.479951       0.476289       0.471483       0.467292       0.467292
       0.467294       0.467294       0.471486       0.476293       0.479956       0.481848       0.482045       0.481028       0.479441       0.477892       0.476808       0.476393       0.476657       0.477489       0.478730       0.480222       0.481831       0.483459       0.485036       0.486520       0.487885       0.489123       0.490231       0.491214       0.492080       0.492838       0.493500       0.494075       0.494575       0.495007       0.495381       0.495706       0.495987       0.496231       0.496444       0.496631       0.496795       0.496941       0.497072       0.497190       0.497298       0.497398       0.497491       0.497579       0.497663       0.497743       0.497821       0.497898       0.497972       0.498045       0.498118       0.498189       0.498259       0.498328       0.498396       0.498463       0.498528       0.498592       0.498655       0.498715       0.498774       0.498830       0.498884       0.498936       0.498985       0.499032       0.499076       0.499117       0.499156       0.499191       0.499224       0.499253       0.499280       0.499303       0.499323       0.499341       0.499355       0.499366       0.499374       0.499378       0.499380       0.499378       0.499374       0.499366       0.499355       0.499341       0.499323       0.499303       0.499280       0.499253       0.499224       0.499191       0.499156       0.499117       0.499076       0.499032       0.498985       0.498936       0.498884       0.498830       0.498774       0.498715       0.498655       0.498592       0.498528       0.498463       0.498396       0.498328       0.498259       0.498189       0.498118       0.498045       0.497972       0.497898       0.497821       0.497743       0.497663       0.497579       0.497491       0.497398       0.497298       0.497190       0.497072       0.496941       0.496795       0.496631       0.496444       0.496231       0.495987       0.495706       0.495381       0.495007       0.494575       0.494075       0.493500       0.492838       0.492080       0.491214       0.490231       0.489123       0.487885       0.486520       0.485036       0.483459       0.481831       0.480222       0.478730       0.477489       0.476657       0.476393       0.476808       0.477892       0.479441       0.481028       0.482045       0.481848       0.479956       0.476293       0.471486       0.467294       0.467294
       0.467297       0.467297       0.471489       0.476297       0.479961       0.481854       0.482054       0.481040       0.479458       0.477914       0.476836       0.476429       0.476701       0.477543       0.478794       0.480297       0.481918       0.483558       0.485147       0.486643       0.488021       0.489271       0.490391       0.491385       0.492263       0.493032       0.493705       0.494290       0.494799       0.495240       0.495623       0.495955       0.496242       0.496492       0.496710       0.496901       0.497069       0.497217       0.497349       0.497468       0.497575       0.497674       0.497765       0.497850       0.497930       0.498006       0.498079       0.498149       0.498218       0.498284       0.498349       0.498413       0.498475       0.498536       0.498596       0.498655       0.498712       0.498768       0.498822       0.498875       0.498926       0.498975       0.499022       0.499067       0.499109       0.499150       0.499188       0.499224       0.499257       0.499288       0.499316       0.499341       0.499364       0.499385       0.499402       0.499417       0.499429       0.499439       0.499446       0.499450       0.499451       0.499450       0.499446       0.499439       0.499429       0.499417       0.499402       0.499385       0.499364       0.499341       0.499316       0.499288       0.499257       0.499224       0.499188       0.499150       0.499109       0.499067       0.499022       0.498975       0.498926       0.498875       0.498822       0.498768       0.498712       0.498655       0.498596       0.498536       0.498475       0.498413       0.498349       0.498284       0.498218       0.498149       0.498079       0.498006       0.497930       0.497850       0.497765       0.497674       0.497575       0.497468       0.497349       0.497217       0.497069       0.496901       0.496710       0.496492       0.496242       0.495955       0.495623       0.495240       0.494799       0.494290       0.493705       0.493032       0.492263       0.491385       0.490391       0.489271       0.488021       0.486643       0.485147       0.483558       0.481918       0.480297       0.478794       0.477543       0.476701       0.476429       0.476836       0.477914       0.479458       0.481040       0.482054       0.481854       0.479961       0.476297       0.471489       0.467297       0.467297
       0.467299       0.467299       0.471492       0.476300       0.479965       0.481860       0.482062       0.481051       0.479473       0.477933       0.476861       0.476460       0.476740       0.477590       0.478851       0.480363       0.481994       0.483644       0.485244       0.486750       0.488139       0.489399       0.490529       0.491534       0.492421       0.493200       0.493881       0.494475       0.494992       0.495441       0.495831       0.496169       0.496462       0.496718       0.496940       0.497134       0.497305       0.497455       0.497588       0.497707       0.497814       0.497912       0.498001       0.498083       0.498160       0.498232       0.498301       0.498367       0.498430       0.498490       0.498549       0.498607       0.498662       0.498717       0.498770       0.498822       0.498872       0.498921       0.498968       0.499014       0.499059       0.499101       0.499142       0.499181       0.499218       0.499253       0.499286       0.499317       0.499346       0.499373       0.499397       0.499419       0.499439       0.499457       0.499472       0.499485       0.499495       0.499504       0.499510       0.499513       0.499514       0.499513       0.499510       0.499504       0.499495       0.499485       0.499472       0.499457       0.499439       0.499419       0.499397       0.499373       0.499346       0.499317       0.499286       0.499253       0.499218       0.499181       0.499142       0.499101       0.499059       0.499014       0.498968       0.498921       0.498872       0.498822       0.498770       0.498717       0.498662       0.498607       0.498549       0.498490       0.498430       0.498367       0.498301       0.498232       0.498160       0.498083       0.498001       0.497912       0.497814       0.497707       0.497588       0.497455       0.497305       0.497134       0.496940       0.496718       0.496462       0.496169       0.495831       0.495441       0.494992       0.494475       0.493881       0.493200       0.492421       0.491534       0.490529       0.489399       0.488139       0.486750       0.485244       0.483644       0.481994       0.480363       0.478851       0.477590       0.476740       0.476460       0.476861       0.477933       0.479473       0.481051       0.482062       0.481860       0.479965       0.476300       0.471492       0.467299       0.467299
       0.467301       0.467301       0.471494       0.476303       0.479969       0.481865       0.482069       0.481060       0.479485       0.477949       0.476882       0.476487       0.476774       0.477631       0.478899       0.480420       0.482060       0.483719       0.485328       0.486843       0.488240       0.489510       0.490649       0.491662       0.492558       0.493345       0.494034       0.494635       0.495159       0.495615       0.496010       0.496354       0.496652       0.496911       0.497137       0.497335       0.497507       0.497659       0.497794       0.497913       0.498020       0.498116       0.498204       0.498284       0.498359       0.498428       0.498493       0.498554       0.498613       0.498669       0.498722       0.498774       0.498825       0.498873       0.498921       0.498966       0.499011       0.499054       0.499095       0.499136       0.499174       0.499212       0.499247       0.499281       0.499313       0.499344       0.499373       0.499399       0.499424       0.499448       0.499469       0.499488       0.499505       0.499520       0.499534       0.499545       0.499554       0.499561       0.499566       0.499569       0.499570       0.499569       0.499566       0.499561       0.499554       0.499545       0.499534       0.499520       0.499505       0.499488       0.499469       0.499448       0.499424       0.499399       0.499373       0.499344       0.499313       0.499281       0.499247       0.499212       0.499174       0.499136       0.499095       0.499054       0.499011       0.498966       0.498921       0.498873       0.498825       0.498774       0.498722       0.498669       0.498613       0.498554       0.498493       0.498428       0.498359       0.498284       0.498204       0.498116       0.498020       0.497913       0.497794       0.497659       0.497507       0.497335       0.497137       0.496911       0.496652       0.496354       0.496010       0.495615       0.495159       0.494635       0.494034       0.493345       0.492558       0.491662       0.490649       0.489510       0.488240       0.486843       0.485328       0.483719       0.482060       0.480420       0.478899       0.477631       0.476774       0.476487       0.476882       0.477949       0.479485       0.481060       0.482069       0.481865       0.479969       0.476303       0.471494       0.467301       0.467301
       0.467303       0.467303       0.471496       0.476305       0.479972       0.481870       0.482075       0.481069       0.479496       0.477964       0.476901       0.476511       0.476803       0.477667       0.478942       0.480470       0.482117       0.483783       0.485400       0.486923       0.488329       0.489605       0.490752       0.491773       0.492676       0.493470       0.494165       0.494773       0.495303       0.495764       0.496165       0.496513       0.496815       0.497078       0.497307       0.497507       0.497682       0.497835       0.497971       0.498090       0.498197       0.498293       0.498379       0.498458       0.498530       0.498596       0.498658       0.498716       0.498771       0.498823       0.498872       0.498920       0.498965       0.499009       0.499051       0.499092       0.499131       0.499170       0.499206       0.499242       0.499275       0.499308       0.499339       0.499369       0.499397       0.499423       0.499448       0.499472       0.499493       0.499513       0.499532       0.499549       0.499564       0.499577       0.499588       0.499598       0.499606       0.499612       0.499617       0.499619       0.499620       0.499619       0.499617       0.499612       0.499606       0.499598       0.499588       0.499577       0.499564       0.499549       0.499532       0.499513       0.499493       0.499472       0.499448       0.499423       0.499397       0.499369       0.499339       0.499308       0.499275       0.499242       0.499206       0.499170       0.499131       0.499092       0.499051       0.499009       0.498965       0.498920       0.498872       0.498823       0.498771       0.498716       0.498658       0.498596       0.498530       0.498458       0.498379       0.498293       0.498197       0.498090       0.497971       0.497835       0.497682       0.497507       0.497307       0.497078       0.496815       0.496513       0.496165       0.495764       0.495303       0.494773       0.494165       0.493470       0.492676       0.491773       0.490752       0.489605       0.488329       0.486923       0.485400       0.483783       0.482117       0.480470       0.478942       0.477667       0.476803       0.476511       0.476901       0.477964       0.479496       0.481069       0.482075       0.481870       0.479972       0.476305       0.471496       0.467303       0.467303
       0.467304       0.467304       0.471498       0.476308       0.479975       0.481874       0.482080       0.481076       0.479506       0.477977       0.476918       0.476532       0.476829       0.477698       0.478979       0.480513       0.482166       0.483840       0.485463       0.486993       0.488405       0.489688       0.490842       0.491869       0.492778       0.493578       0.494279       0.494892       0.495427       0.495893       0.496298       0.496650       0.496956       0.497222       0.497454       0.497656       0.497832       0.497987       0.498123       0.498243       0.498349       0.498444       0.498530       0.498607       0.498677       0.498741       0.498801       0.498856       0.498907       0.498956       0.499002       0.499045       0.499087       0.499126       0.499165       0.499201       0.499236       0.499270       0.499303       0.499334       0.499364       0.499392       0.499419       0.499445       0.499470       0.499493       0.499515       0.499535       0.499554       0.499572       0.499588       0.499602       0.499615       0.499627       0.499637       0.499645       0.499652       0.499657       0.499661       0.499664       0.499664       0.499664       0.499661       0.499657       0.499652       0.499645       0.499637       0.499627       0.499615       0.499602       0.499588       0.499572       0.499554       0.499535       0.499515       0.499493       0.499470       0.499445       0.499419       0.499392       0.499364       0.499334       0.499303       0.499270       0.499236       0.499201       0.499165       0.499126       0.499087       0.499045       0.499002       0.498956       0.498907       0.498856       0.498801       0.498741       0.498677       0.498607       0.498530       0.498444       0.498349       0.498243       0.498123       0.497987       0.497832       0.497656       0.497454       0.497222       0.496956       0.496650       0.496298       0.495893       0.495427       0.494892       0.494279       0.493578       0.492778       0.491869       0.490842       0.489688       0.488405       0.486993       0.485463       0.483840       0.482166       0.480513       0.478979       0.477698       0.476829       0.476532       0.476918       0.477977       0.479506       0.481076       0.482080       0.481874       0.479975       0.476308       0.471498       0.467304       0.467304
       0.467305       0.467305       0.471499       0.476310       0.479978       0.481877       0.482085       0.481082       0.479514       0.477988       0.476932       0.476550       0.476851       0.477725       0.479011       0.480550       0.482209       0.483888       0.485517       0.487053       0.488471       0.489760       0.490919       0.491952       0.492866       0.493671       0.494377       0.494995       0.495534       0.496003       0.496412       0.496768       0.497077       0.497346       0.497579       0.497783       0.497961       0.498117       0.498254       0.498374       0.498481       0.498575       0.498660       0.498736       0.498804       0.498867       0.498924       0.498976       0.499025       0.499071       0.499114       0.499154       0.499192       0.499228       0.499263       0.499296       0.499327       0.499358       0.499387       0.499414       0.499441       0.499466       0.499490       0.499512       0.499534       0.499554       0.499573       0.499591       0.499607       0.499623       0.499637       0.499649       0.499661       0.499671       0.499679       0.499687       0.499693       0.499697       0.499701       0.499703       0.499703       0.499703       0.499701       0.499697       0.499693       0.499687       0.499679       0.499671       0.499661       0.499649       0.499637       0.499623       0.499607       0.499591       0.499573       0.499554       0.499534       0.499512       0.499490       0.499466       0.499441       0.499414       0.499387       0.499358       0.499327       0.499296       0.499263       0.499228       0.499192       0.499154       0.499114       0.499071       0.499025       0.498976       0.498924       0.498867       0.498804       0.498736       0.498660       0.498575       0.498481       0.498374       0.498254       0.498117       0.497961       0.497783       0.497579       0.497346       0.497077       0.496768       0.496412       0.496003       0.495534       0.494995       0.494377       0.493671       0.492866       0.491952       0.490919       0.489760       0.488471       0.487053       0.485517       0.483888       0.482209       0.480550       0.479011       0.477725       0.476851       0.476550       0.476932       0.477988       0.479514       0.481082       0.482085       0.481877       0.479978       0.476310       0.471499       0.467305       0.467305
       0.467307       0.467307       0.471501       0.476311       0.479980       0.481880       0.482089       0.481088       0.479522       0.477997       0.476944       0.476565       0.476870       0.477748       0.479038       0.480582       0.482247       0.483930       0.485565       0.487105       0.488528       0.489822       0.490986       0.492023       0.492942       0.493751       0.494462       0.495083       0.495626       0.496099       0.496511       0.496869       0.497181       0.497452       0.497688       0.497893       0.498073       0.498229       0.498367       0.498487       0.498594       0.498688       0.498772       0.498846       0.498914       0.498975       0.499030       0.499080       0.499127       0.499170       0.499210       0.499248       0.499283       0.499317       0.499348       0.499378       0.499407       0.499434       0.499460       0.499484       0.499508       0.499530       0.499551       0.499571       0.499590       0.499608       0.499624       0.499640       0.499654       0.499668       0.499680       0.499691       0.499701       0.499709       0.499717       0.499723       0.499729       0.499733       0.499736       0.499737       0.499738       0.499737       0.499736       0.499733       0.499729       0.499723       0.499717       0.499709       0.499701       0.499691       0.499680       0.499668       0.499654       0.499640       0.499624       0.499608       0.499590       0.499571       0.499551       0.499530       0.499508       0.499484       0.499460       0.499434       0.499407       0.499378       0.499348       0.499317       0.499283       0.499248       0.499210       0.499170       0.499127       0.499080       0.499030       0.498975       0.498914       0.498846       0.498772       0.498688       0.498594       0.498487       0.498367       0.498229       0.498073       0.497893       0.497688       0.497452       0.497181       0.496869       0.496511       0.496099       0.495626       0.495083       0.494462       0.493751       0.492942       0.492023       0.490986       0.489822       0.488528       0.487105       0.485565       0.483930       0.482247       0.480582       0.479038       0.477748       0.476870       0.476565       0.476944       0.477997       0.479522       0.481088       0.482089       0.481880       0.479980       0.476311       0.471501       0.467307       0.467307
       0.467308       0.467308       0.471502       0.476313       0.479982       0.481883       0.482093       0.481093       0.479528       0.478006       0.476955       0.476579       0.476887       0.477768       0.479062       0.480610       0.482279       0.483967       0.485605       0.487150       0.488578       0.489876       0.491044       0.492085       0.493007       0.493821       0.494534       0.495159       0.495705       0.496181       0.496596       0.496957       0.497271       0.497544       0.497781       0.497988       0.498168       0.498326       0.498464       0.498585       0.498691       0.498785       0.498868       0.498942       0.499008       0.499068       0.499121       0.499170       0.499215       0.499256       0.499294       0.499329       0.499362       0.499393       0.499422       0.499449       0.499475       0.499500       0.499523       0.499545       0.499566       0.499586       0.499604       0.499622       0.499639       0.499654       0.499669       0.499683       0.499695       0.499707       0.499718       0.499727       0.499736       0.499744       0.499750       0.499756       0.499760       0.499764       0.499766       0.499768       0.499768       0.499768       0.499766       0.499764       0.499760       0.499756       0.499750       0.499744       0.499736       0.499727       0.499718       0.499707       0.499695       0.499683       0.499669       0.499654       0.499639       0.499622       0.499604       0.499586       0.499566       0.499545       0.499523       0.499500       0.499475       0.499449       0.499422       0.499393       0.499362       0.499329       0.499294       0.499256       0.499215       0.499170       0.499121       0.499068       0.499008       0.498942       0.498868       0.498785       0.498691       0.498585       0.498464       0.498326       0.498168       0.497988       0.497781       0.497544       0.497271       0.496957       0.496596       0.496181       0.495705       0.495159       0.494534       0.493821       0.493007       0.492085       0.491044       0.489876       0.488578       0.487150       0.485605       0.483967       0.482279       0.480610       0.479062       0.477768       0.476887       0.476579       0.476955       0.478006       0.479528       0.481093       0.482093       0.481883       0.479982       0.476313       0.471502       0.467308       0.467308
       0.467309       0.467309       0.471503       0.476314       0.479984       0.481885       0.482096       0.481097       0.479534       0.478013       0.476964       0.476591       0.476902       0.477786       0.479083       0.480635       0.482307       0.483998       0.485641       0.487189       0.488620       0.489922       0.491093       0.492138       0.493064       0.493880       0.494597       0.495225       0.495774       0.496252       0.496669       0.497032       0.497348       0.497623       0.497862       0.498070       0.498251       0.498409       0.498547       0.498668       0.498775       0.498868       0.498951       0.499024       0.499090       0.499148       0.499200       0.499248       0.499291       0.499330       0.499366       0.499400       0.499431       0.499459       0.499486       0.499511       0.499535       0.499557       0.499578       0.499598       0.499617       0.499635       0.499651       0.499667       0.499682       0.499695       0.499708       0.499720       0.499732       0.499742       0.499751       0.499759       0.499767       0.499774       0.499779       0.499784       0.499788       0.499791       0.499794       0.499795       0.499795       0.499795       0.499794       0.499791       0.499788       0.499784       0.499779       0.499774       0.499767       0.499759       0.499751       0.499742       0.499732       0.499720       0.499708       0.499695       0.499682       0.499667       0.499651       0.499635       0.499617       0.499598       0.499578       0.499557       0.499535       0.499511       0.499486       0.499459       0.499431       0.499400       0.499366       0.499330       0.499291       0.499248       0.499200       0.499148       0.499090       0.499024       0.498951       0.498868       0.498775       0.498668       0.498547       0.498409       0.498251       0.498070       0.497862       0.497623       0.497348       0.497032       0.496669       0.496252       0.495774       0.495225       0.494597       0.493880       0.493064       0.492138       0.491093       0.489922       0.488620       0.487189       0.485641       0.483998       0.482307       0.480635       0.479083       0.477786       0.476902       0.476591       0.476964       0.478013       0.479534       0.481097       0.482096       0.481885       0.479984       0.476314       0.471503       0.467309       0.467309
       0.467309       0.467309       0.471504       0.476315       0.479985       0.481887       0.482098       0.481100       0.479538       0.478019       0.476972       0.476601       0.476914       0.477801       0.479101       0.480656       0.482331       0.484026       0.485671       0.487223       0.488657       0.489962       0.491137       0.492184       0.493113       0.493932       0.494652       0.495282       0.495833       0.496313       0.496732       0.497097       0.497414       0.497690       0.497931       0.498140       0.498322       0.498481       0.498619       0.498741       0.498847       0.498940       0.499023       0.499095       0.499160       0.499217       0.499269       0.499315       0.499357       0.499394       0.499429       0.499461       0.499490       0.499517       0.499542       0.499565       0.499587       0.499607       0.499626       0.499644       0.499661       0.499677       0.499692       0.499706       0.499719       0.499731       0.499743       0.499753       0.499763       0.499772       0.499780       0.499788       0.499794       0.499800       0.499805       0.499810       0.499813       0.499816       0.499818       0.499819       0.499819       0.499819       0.499818       0.499816       0.499813       0.499810       0.499805       0.499800       0.499794       0.499788       0.499780       0.499772       0.499763       0.499753       0.499743       0.499731       0.499719       0.499706       0.499692       0.499677       0.499661       0.499644       0.499626       0.499607       0.499587       0.499565       0.499542       0.499517       0.499490       0.499461       0.499429       0.499394       0.499357       0.499315       0.499269       0.499217       0.499160       0.499095       0.499023       0.498940       0.498847       0.498741       0.498619       0.498481       0.498322       0.498140       0.497931       0.497690       0.497414       0.497097       0.496732       0.496313       0.495833       0.495282       0.494652       0.493932       0.493113       0.492184       0.491137       0.489962       0.488657       0.487223       0.485671       0.484026       0.482331       0.480656       0.479101       0.477801       0.476914       0.476601       0.476972       0.478019       0.479538       0.481100       0.482098       0.481887       0.479985       0.476315       0.471504       0.467309       0.467309
       0.467310       0.467310       0.471504       0.476316       0.479987       0.481889       0.482101       0.481104       0.479543       0.478025       0.476979       0.476610       0.476925       0.477814       0.479117       0.480674       0.482352       0.484049       0.485698       0.487252       0.488689       0.489997       0.491174       0.492224       0.493155       0.493976       0.494698       0.495331       0.495884       0.496366       0.496787       0.497153       0.497472       0.497749       0.497990       0.498200       0.498383       0.498542       0.498681       0.498803       0.498909       0.499002       0.499084       0.499156       0.499220       0.499277       0.499328       0.499373       0.499413       0.499450       0.499483       0.499513       0.499541       0.499567       0.499590       0.499612       0.499632       0.499651       0.499668       0.499685       0.499700       0.499714       0.499728       0.499740       0.499752       0.499763       0.499773       0.499782       0.499791       0.499799       0.499806       0.499813       0.499819       0.499824       0.499828       0.499832       0.499835       0.499837       0.499839       0.499840       0.499840       0.499840       0.499839       0.499837       0.499835       0.499832       0.499828       0.499824       0.499819       0.499813       0.499806       0.499799       0.499791       0.499782       0.499773       0.499763       0.499752       0.499740       0.499728       0.499714       0.499700       0.499685       0.499668       0.499651       0.499632       0.499612       0.499590       0.499567       0.499541       0.499513       0.499483       0.499450       0.499413       0.499373       0.499328       0.499277       0.499220       0.499156       0.499084       0.499002       0.498909       0.498803       0.498681       0.498542       0.498383       0.498200       0.497990       0.497749       0.497472       0.497153       0.496787       0.496366       0.495884       0.495331       0.494698       0.493976       0.493155       0.492224       0.491174       0.489997       0.488689       0.487252       0.485698       0.484049       0.482352       0.480674       0.479117       0.477814       0.476925       0.476610       0.476979       0.478025       0.479543       0.481104       0.482101       0.481889       0.479987       0.476316       0.471504       0.467310       0.467310
       0.467311       0.467311       0.471505       0.476317       0.479988       0.481890       0.482103       0.481106       0.479546       0.478029       0.476985       0.476617       0.476934       0.477825       0.479130       0.480690       0.482370       0.484070       0.485720       0.487277       0.488717       0.490027       0.491206       0.492258       0.493191       0.494015       0.494739       0.495373       0.495927       0.496412       0.496834       0.497201       0.497521       0.497799       0.498041       0.498252       0.498436       0.498595       0.498735       0.498856       0.498963       0.499056       0.499137       0.499209       0.499272       0.499329       0.499378       0.499423       0.499462       0.499498       0.499530       0.499559       0.499585       0.499610       0.499632       0.499652       0.499671       0.499688       0.499704       0.499719       0.499733       0.499746       0.499759       0.499770       0.499780       0.499790       0.499799       0.499808       0.499815       0.499822       0.499829       0.499835       0.499840       0.499844       0.499848       0.499852       0.499854       0.499856       0.499858       0.499859       0.499859       0.499859       0.499858       0.499856       0.499854       0.499852       0.499848       0.499844       0.499840       0.499835       0.499829       0.499822       0.499815       0.499808       0.499799       0.499790       0.499780       0.499770       0.499759       0.499746       0.499733       0.499719       0.499704       0.499688       0.499671       0.499652       0.499632       0.499610       0.499585       0.499559       0.499530       0.499498       0.499462       0.499423       0.499378       0.499329       0.499272       0.499209       0.499137       0.499056       0.498963       0.498856       0.498735       0.498595       0.498436       0.498252       0.498041       0.497799       0.497521       0.497201       0.496834       0.496412       0.495927       0.495373       0.494739       0.494015       0.493191       0.492258       0.491206       0.490027       0.488717       0.487277       0.485720       0.484070       0.482370       0.480690       0.479130       0.477825       0.476934       0.476617       0.476985       0.478029       0.479546       0.481106       0.482103       0.481890       0.479988       0.476317       0.471505       0.467311       0.467311
       0.467311       0.467311       0.471506       0.476318       0.479989       0.481892       0.482104       0.481109       0.479549       0.478034       0.476991       0.476624       0.476943       0.477835       0.479142       0.480703       0.482385       0.484087       0.485740       0.487299       0.488740       0.490052       0.491233       0.492288       0.493223       0.494048       0.494773       0.495409       0.495965       0.496451       0.496874       0.497243       0.497563       0.497843       0.498086       0.498297       0.498481       0.498641       0.498781       0.498902       0.499009       0.499102       0.499183       0.499255       0.499317       0.499373       0.499422       0.499466       0.499505       0.499539       0.499570       0.499598       0.499624       0.499647       0.499668       0.499687       0.499705       0.499721       0.499736       0.499750       0.499763       0.499775       0.499786       0.499796       0.499805       0.499814       0.499822       0.499830       0.499837       0.499843       0.499849       0.499854       0.499858       0.499862       0.499866       0.499869       0.499871       0.499873       0.499874       0.499875       0.499875       0.499875       0.499874       0.499873       0.499871       0.499869       0.499866       0.499862       0.499858       0.499854       0.499849       0.499843       0.499837       0.499830       0.499822       0.499814       0.499805       0.499796       0.499786       0.499775       0.499763       0.499750       0.499736       0.499721       0.499705       0.499687       0.499668       0.499647       0.499624       0.499598       0.499570       0.499539       0.499505       0.499466       0.499422       0.499373       0.499317       0.499255       0.499183       0.499102       0.499009       0.498902       0.498781       0.498641       0.498481       0.498297       0.498086       0.497843       0.497563       0.497243       0.496874       0.496451       0.495965       0.495409       0.494773       0.494048       0.493223       0.492288       0.491233       0.490052       0.488740       0.487299       0.485740       0.484087       0.482385       0.480703       0.479142       0.477835       0.476943       0.476624       0.476991       0.478034       0.479549       0.481109       0.482104       0.481892       0.479989       0.476318       0.471506       0.467311       0.467311
       0.467312       0.467312       0.471506       0.476318       0.479989       0.481893       0.482106       0.481111       0.479552       0.478037       0.476995       0.476630       0.476950       0.477844       0.479152       0.480715       0.482399       0.484103       0.485757       0.487318       0.488761       0.490075       0.491257       0.492313       0.493250       0.494076       0.494803       0.495440       0.495998       0.496484       0.496909       0.497278       0.497600       0.497880       0.498124       0.498336       0.498520       0.498680       0.498820       0.498942       0.499048       0.499141       0.499223       0.499294       0.499356       0.499411       0.499460       0.499503       0.499541       0.499575       0.499605       0.499633       0.499657       0.499679       0.499699       0.499718       0.499734       0.499749       0.499763       0.499776       0.499788       0.499799       0.499809       0.499819       0.499827       0.499835       0.499843       0.499849       0.499856       0.499861       0.499866       0.499871       0.499875       0.499878       0.499882       0.499884       0.499886       0.499888       0.499889       0.499890       0.499890       0.499890       0.499889       0.499888       0.499886       0.499884       0.499882       0.499878       0.499875       0.499871       0.499866       0.499861       0.499856       0.499849       0.499843       0.499835       0.499827       0.499819       0.499809       0.499799       0.499788       0.499776       0.499763       0.499749       0.499734       0.499718       0.499699       0.499679       0.499657       0.499633       0.499605       0.499575       0.499541       0.499503       0.499460       0.499411       0.499356       0.499294       0.499223       0.499141       0.499048       0.498942       0.498820       0.498680       0.498520       0.498336       0.498124       0.497880       0.497600       0.497278       0.496909       0.496484       0.495998       0.495440       0.494803       0.494076       0.493250       0.492313       0.491257       0.490075       0.488761       0.487318       0.485757       0.484103       0.482399       0.480715       0.479152       0.477844       0.476950       0.476630       0.476995       0.478037       0.479552       0.481111       0.482106       0.481893       0.479989       0.476318       0.471506       0.467312       0.467312
       0.467312       0.467312       0.471507       0.476319       0.479990       0.481894       0.482107       0.481112       0.479554       0.478040       0.476999       0.476635       0.476956       0.477851       0.479161       0.480725       0.482410       0.484116       0.485772       0.487334       0.488779       0.490094       0.491278       0.492335       0.493273       0.494101       0.494829       0.495467       0.496026       0.496513       0.496939       0.497309       0.497632       0.497912       0.498156       0.498369       0.498554       0.498714       0.498854       0.498976       0.499083       0.499175       0.499257       0.499328       0.499390       0.499444       0.499493       0.499535       0.499573       0.499606       0.499636       0.499662       0.499686       0.499707       0.499726       0.499744       0.499760       0.499774       0.499787       0.499799       0.499810       0.499821       0.499830       0.499838       0.499846       0.499854       0.499860       0.499866       0.499872       0.499877       0.499882       0.499886       0.499889       0.499892       0.499895       0.499898       0.499899       0.499901       0.499902       0.499903       0.499903       0.499903       0.499902       0.499901       0.499899       0.499898       0.499895       0.499892       0.499889       0.499886       0.499882       0.499877       0.499872       0.499866       0.499860       0.499854       0.499846       0.499838       0.499830       0.499821       0.499810       0.499799       0.499787       0.499774       0.499760       0.499744       0.499726       0.499707       0.499686       0.499662       0.499636       0.499606       0.499573       0.499535       0.499493       0.499444       0.499390       0.499328       0.499257       0.499175       0.499083       0.498976       0.498854       0.498714       0.498554       0.498369       0.498156       0.497912       0.497632       0.497309       0.496939       0.496513       0.496026       0.495467       0.494829       0.494101       0.493273       0.492335       0.491278       0.490094       0.488779       0.487334       0.485772       0.484116       0.482410       0.480725       0.479161       0.477851       0.476956       0.476635       0.476999       0.478040       0.479554       0.481112       0.482107       0.481894       0.479990       0.476319       0.471507       0.467312       0.467312
       0.467312       0.467312       0.471507       0.476319       0.479991       0.481895       0.482108       0.481114       0.479556       0.478043       0.477002       0.476639       0.476961       0.477858       0.479168       0.480734       0.482421       0.484127       0.485784       0.487348       0.488794       0.490110       0.491296       0.492354       0.493293       0.494122       0.494851       0.495491       0.496050       0.496538       0.496964       0.497335       0.497659       0.497940       0.498184       0.498397       0.498582       0.498743       0.498884       0.499006       0.499112       0.499205       0.499286       0.499357       0.499419       0.499473       0.499521       0.499563       0.499600       0.499633       0.499662       0.499688       0.499711       0.499731       0.499750       0.499767       0.499782       0.499796       0.499808       0.499819       0.499830       0.499839       0.499848       0.499856       0.499863       0.499870       0.499876       0.499881       0.499886       0.499891       0.499895       0.499899       0.499902       0.499905       0.499907       0.499909       0.499911       0.499912       0.499913       0.499914       0.499914       0.499914       0.499913       0.499912       0.499911       0.499909       0.499907       0.499905       0.499902       0.499899       0.499895       0.499891       0.499886       0.499881       0.499876       0.499870       0.499863       0.499856       0.499848       0.499839       0.499830       0.499819       0.499808       0.499796       0.499782       0.499767       0.499750       0.499731       0.499711       0.499688       0.499662       0.499633       0.499600       0.499563       0.499521       0.499473       0.499419       0.499357       0.499286       0.499205       0.499112       0.499006       0.498884       0.498743       0.498582       0.498397       0.498184       0.497940       0.497659       0.497335       0.496964       0.496538       0.496050       0.495491       0.494851       0.494122       0.493293       0.492354       0.491296       0.490110       0.488794       0.487348       0.485784       0.484127       0.482421       0.480734       0.479168       0.477858       0.476961       0.476639       0.477002       0.478043       0.479556       0.481114       0.482108       0.481895       0.479991       0.476319       0.471507       0.467312       0.467312
       0.467313       0.467313       0.471507       0.476320       0.479991       0.481895       0.482109       0.481115       0.479558       0.478045       0.477005       0.476642       0.476966       0.477863       0.479175       0.480742       0.482429       0.484137       0.485795       0.487360       0.488807       0.490125       0.491311       0.492371       0.493311       0.494141       0.494870       0.495511       0.496071       0.496560       0.496986       0.497358       0.497682       0.497964       0.498209       0.498422       0.498607       0.498769       0.498909       0.499031       0.499137       0.499230       0.499311       0.499382       0.499443       0.499498       0.499545       0.499587       0.499623       0.499656       0.499684       0.499710       0.499732       0.499752       0.499770       0.499787       0.499801       0.499814       0.499826       0.499837       0.499847       0.499855       0.499863       0.499871       0.499878       0.499884       0.499889       0.499894       0.499899       0.499903       0.499907       0.499910       0.499913       0.499916       0.499918       0.499920       0.499921       0.499922       0.499923       0.499924       0.499924       0.499924       0.499923       0.499922       0.499921       0.499920       0.499918       0.499916       0.499913       0.499910       0.499907       0.499903       0.499899       0.499894       0.499889       0.499884       0.499878       0.499871       0.499863       0.499855       0.499847       0.499837       0.499826       0.499814       0.499801       0.499787       0.499770       0.499752       0.499732       0.499710       0.499684       0.499656       0.499623       0.499587       0.499545       0.499498       0.499443       0.499382       0.499311       0.499230       0.499137       0.499031       0.498909       0.498769       0.498607       0.498422       0.498209       0.497964       0.497682       0.497358       0.496986       0.496560       0.496071       0.495511       0.494870       0.494141       0.493311       0.492371       0.491311       0.490125       0.488807       0.487360       0.485795       0.484137       0.482429       0.480742       0.479175       0.477863       0.476966       0.476642       0.477005       0.478045       0.479558       0.481115       0.482109       0.481895       0.479991       0.476320       0.471507       0.467313       0.467313
       0.467313       0.467313       0.471508       0.476320       0.479992       0.481896       0.482110       0.481116       0.479560       0.478047       0.477008       0.476646       0.476969       0.477868       0.479181       0.480748       0.482437       0.484145       0.485805       0.487371       0.488818       0.490137       0.491324       0.492385       0.493326       0.494156       0.494887       0.495528       0.496089       0.496578       0.497006       0.497378       0.497702       0.497984       0.498230       0.498443       0.498629       0.498790       0.498931       0.499053       0.499159       0.499252       0.499333       0.499403       0.499465       0.499519       0.499566       0.499607       0.499644       0.499676       0.499704       0.499729       0.499751       0.499771       0.499788       0.499804       0.499818       0.499830       0.499842       0.499852       0.499861       0.499869       0.499877       0.499884       0.499890       0.499896       0.499901       0.499906       0.499910       0.499914       0.499917       0.499920       0.499923       0.499925       0.499927       0.499929       0.499930       0.499931       0.499932       0.499932       0.499933       0.499932       0.499932       0.499931       0.499930       0.499929       0.499927       0.499925       0.499923       0.499920       0.499917       0.499914       0.499910       0.499906       0.499901       0.499896       0.499890       0.499884       0.499877       0.499869       0.499861       0.499852       0.499842       0.499830       0.499818       0.499804       0.499788       0.499771       0.499751       0.499729       0.499704       0.499676       0.499644       0.499607       0.499566       0.499519       0.499465       0.499403       0.499333       0.499252       0.499159       0.499053       0.498931       0.498790       0.498629       0.498443       0.498230       0.497984       0.497702       0.497378       0.497006       0.496578       0.496089       0.495528       0.494887       0.494156       0.493326       0.492385       0.491324       0.490137       0.488818       0.487371       0.485805       0.484145       0.482437       0.480748       0.479181       0.477868       0.476969       0.476646       0.477008       0.478047       0.479560       0.481116       0.482110       0.481896       0.479992       0.476320       0.471508       0.467313       0.467313
       0.467313       0.467313       0.471508       0.476320       0.479992       0.481897       0.482111       0.481117       0.479561       0.478049       0.477010       0.476648       0.476973       0.477872       0.479185       0.480754       0.482443       0.484153       0.485813       0.487380       0.488828       0.490147       0.491336       0.492397       0.493338       0.494170       0.494901       0.495543       0.496104       0.496594       0.497022       0.497395       0.497719       0.498002       0.498248       0.498461       0.498647       0.498809       0.498949       0.499072       0.499178       0.499271       0.499352       0.499422       0.499483       0.499537       0.499584       0.499625       0.499661       0.499693       0.499721       0.499745       0.499767       0.499786       0.499803       0.499819       0.499832       0.499844       0.499855       0.499865       0.499874       0.499882       0.499889       0.499895       0.499901       0.499907       0.499911       0.499916       0.499920       0.499923       0.499926       0.499929       0.499931       0.499934       0.499935       0.499937       0.499938       0.499939       0.499940       0.499940       0.499940       0.499940       0.499940       0.499939       0.499938       0.499937       0.499935       0.499934       0.499931       0.499929       0.499926       0.499923       0.499920       0.499916       0.499911       0.499907       0.499901       0.499895       0.499889       0.499882       0.499874       0.499865       0.499855       0.499844       0.499832       0.499819       0.499803       0.499786       0.499767       0.499745       0.499721       0.499693       0.499661       0.499625       0.499584       0.499537       0.499483       0.499422       0.499352       0.499271       0.499178       0.499072       0.498949       0.498809       0.498647       0.498461       0.498248       0.498002       0.497719       0.497395       0.497022       0.496594       0.496104       0.495543       0.494901       0.494170       0.493338       0.492397       0.491336       0.490147       0.488828       0.487380       0.485813       0.484153       0.482443       0.480754       0.479185       0.477872       0.476973       0.476648       0.477010       0.478049       0.479561       0.481117       0.482111       0.481897       0.479992       0.476320       0.471508       0.467313       0.467313
       0.467313       0.467313       0.471508       0.476321       0.479993       0.481897       0.482112       0.481118       0.479562       0.478050       0.477012       0.476651       0.476976       0.477875       0.479190       0.480759       0.482449       0.484159       0.485820       0.487387       0.488837       0.490157       0.491345       0.492407       0.493350       0.494182       0.494913       0.495555       0.496117       0.496608       0.497036       0.497409       0.497734       0.498017       0.498263       0.498477       0.498663       0.498825       0.498966       0.499088       0.499194       0.499287       0.499368       0.499438       0.499499       0.499553       0.499600       0.499641       0.499676       0.499708       0.499735       0.499760       0.499781       0.499800       0.499817       0.499832       0.499845       0.499857       0.499867       0.499876       0.499885       0.499892       0.499899       0.499905       0.499911       0.499916       0.499920       0.499924       0.499928       0.499931       0.499934       0.499937       0.499939       0.499941       0.499942       0.499944       0.499945       0.499946       0.499946       0.499947       0.499947       0.499947       0.499946       0.499946       0.499945       0.499944       0.499942       0.499941       0.499939       0.499937       0.499934       0.499931       0.499928       0.499924       0.499920       0.499916       0.499911       0.499905       0.499899       0.499892       0.499885       0.499876       0.499867       0.499857       0.499845       0.499832       0.499817       0.499800       0.499781       0.499760       0.499735       0.499708       0.499676       0.499641       0.499600       0.499553       0.499499       0.499438       0.499368       0.499287       0.499194       0.499088       0.498966       0.498825       0.498663       0.498477       0.498263       0.498017       0.497734       0.497409       0.497036       0.496608       0.496117       0.495555       0.494913       0.494182       0.493350       0.492407       0.491345       0.490157       0.488837       0.487387       0.485820       0.484159       0.482449       0.480759       0.479190       0.477875       0.476976       0.476651       0.477012       0.478050       0.479562       0.481118       0.482112       0.481897       0.479993       0.476321       0.471508       0.467313       0.467313
       0.467313       0.467313       0.471508       0.476321       0.479993       0.481897       0.482112       0.481119       0.479563       0.478051       0.477014       0.476653       0.476978       0.477878       0.479193       0.480763       0.482454       0.484165       0.485826       0.487394       0.488844       0.490165       0.491354       0.492416       0.493359       0.494192       0.494924       0.495566       0.496129       0.496620       0.497048       0.497422       0.497747       0.498030       0.498276       0.498491       0.498677       0.498839       0.498979       0.499102       0.499208       0.499301       0.499382       0.499452       0.499513       0.499567       0.499613       0.499654       0.499689       0.499721       0.499748       0.499772       0.499793       0.499812       0.499828       0.499843       0.499856       0.499867       0.499877       0.499886       0.499894       0.499902       0.499908       0.499914       0.499919       0.499924       0.499928       0.499932       0.499935       0.499938       0.499941       0.499943       0.499945       0.499947       0.499949       0.499950       0.499951       0.499952       0.499952       0.499953       0.499953       0.499953       0.499952       0.499952       0.499951       0.499950       0.499949       0.499947       0.499945       0.499943       0.499941       0.499938       0.499935       0.499932       0.499928       0.499924       0.499919       0.499914       0.499908       0.499902       0.499894       0.499886       0.499877       0.499867       0.499856       0.499843       0.499828       0.499812       0.499793       0.499772       0.499748       0.499721       0.499689       0.499654       0.499613       0.499567       0.499513       0.499452       0.499382       0.499301       0.499208       0.499102       0.498979       0.498839       0.498677       0.498491       0.498276       0.498030       0.497747       0.497422       0.497048       0.496620       0.496129       0.495566       0.494924       0.494192       0.493359       0.492416       0.491354       0.490165       0.488844       0.487394       0.485826       0.484165       0.482454       0.480763       0.479193       0.477878       0.476978       0.476653       0.477014       0.478051       0.479563       0.481119       0.482112       0.481897       0.479993       0.476321       0.471508       0.467313       0.467313
       0.467313       0.467313       0.471508       0.476321       0.479993       0.481898       0.482113       0.481120       0.479564       0.478053       0.477015       0.476655       0.476981       0.477881       0.479196       0.480767       0.482458       0.484169       0.485831       0.487400       0.488850       0.490171       0.491361       0.492424       0.493367       0.494200       0.494933       0.495576       0.496139       0.496630       0.497059       0.497433       0.497758       0.498041       0.498288       0.498502       0.498689       0.498851       0.498991       0.499114       0.499220       0.499313       0.499394       0.499464       0.499525       0.499578       0.499625       0.499665       0.499701       0.499732       0.499759       0.499783       0.499804       0.499822       0.499838       0.499852       0.499865       0.499876       0.499886       0.499895       0.499903       0.499910       0.499916       0.499922       0.499927       0.499931       0.499935       0.499939       0.499942       0.499945       0.499947       0.499949       0.499951       0.499953       0.499954       0.499955       0.499956       0.499957       0.499958       0.499958       0.499958       0.499958       0.499958       0.499957       0.499956       0.499955       0.499954       0.499953       0.499951       0.499949       0.499947       0.499945       0.499942       0.499939       0.499935       0.499931       0.499927       0.499922       0.499916       0.499910       0.499903       0.499895       0.499886       0.499876       0.499865       0.499852       0.499838       0.499822       0.499804       0.499783       0.499759       0.499732       0.499701       0.499665       0.499625       0.499578       0.499525       0.499464       0.499394       0.499313       0.499220       0.499114       0.498991       0.498851       0.498689       0.498502       0.498288       0.498041       0.497758       0.497433       0.497059       0.496630       0.496139       0.495576       0.494933       0.494200       0.493367       0.492424       0.491361       0.490171       0.488850       0.487400       0.485831       0.484169       0.482458       0.480767       0.479196       0.477881       0.476981       0.476655       0.477015       0.478053       0.479564       0.481120       0.482113       0.481898       0.479993       0.476321       0.471508       0.467313       0.467313
       0.467313       0.467313       0.471508       0.476321       0.479993       0.481898       0.482113       0.481120       0.479565       0.478054       0.477016       0.476656       0.476982       0.477883       0.479199       0.480770       0.482461       0.484173       0.485836       0.487405       0.488856       0.490177       0.491368       0.492431       0.493374       0.494208       0.494941       0.495584       0.496147       0.496639       0.497068       0.497442       0.497768       0.498051       0.498298       0.498512       0.498699       0.498861       0.499002       0.499124       0.499231       0.499323       0.499404       0.499474       0.499535       0.499588       0.499635       0.499675       0.499711       0.499741       0.499768       0.499792       0.499813       0.499831       0.499847       0.499861       0.499873       0.499884       0.499894       0.499902       0.499910       0.499917       0.499923       0.499928       0.499933       0.499937       0.499941       0.499944       0.499947       0.499950       0.499952       0.499955       0.499956       0.499958       0.499959       0.499960       0.499961       0.499962       0.499962       0.499963       0.499963       0.499963       0.499962       0.499962       0.499961       0.499960       0.499959       0.499958       0.499956       0.499955       0.499952       0.499950       0.499947       0.499944       0.499941       0.499937       0.499933       0.499928       0.499923       0.499917       0.499910       0.499902       0.499894       0.499884       0.499873       0.499861       0.499847       0.499831       0.499813       0.499792       0.499768       0.499741       0.499711       0.499675       0.499635       0.499588       0.499535       0.499474       0.499404       0.499323       0.499231       0.499124       0.499002       0.498861       0.498699       0.498512       0.498298       0.498051       0.497768       0.497442       0.497068       0.496639       0.496147       0.495584       0.494941       0.494208       0.493374       0.492431       0.491368       0.490177       0.488856       0.487405       0.485836       0.484173       0.482461       0.480770       0.479199       0.477883       0.476982       0.476656       0.477016       0.478054       0.479565       0.481120       0.482113       0.481898       0.479993       0.476321       0.471508       0.467313       0.467313
       0.467314       0.467314       0.471509       0.476321       0.479993       0.481898       0.482113       0.481121       0.479565       0.478054       0.477017       0.476657       0.476984       0.477885       0.479201       0.480772       0.482464       0.484177       0.485840       0.487409       0.488860       0.490182       0.491373       0.492437       0.493381       0.494214       0.494948       0.495591       0.496154       0.496646       0.497076       0.497450       0.497776       0.498060       0.498306       0.498521       0.498707       0.498870       0.499011       0.499133       0.499240       0.499332       0.499413       0.499483       0.499544       0.499597       0.499643       0.499684       0.499719       0.499750       0.499776       0.499800       0.499820       0.499838       0.499854       0.499868       0.499880       0.499891       0.499901       0.499909       0.499916       0.499923       0.499929       0.499934       0.499939       0.499943       0.499946       0.499950       0.499952       0.499955       0.499957       0.499959       0.499961       0.499962       0.499963       0.499964       0.499965       0.499966       0.499966       0.499967       0.499967       0.499967       0.499966       0.499966       0.499965       0.499964       0.499963       0.499962       0.499961       0.499959       0.499957       0.499955       0.499952       0.499950       0.499946       0.499943       0.499939       0.499934       0.499929       0.499923       0.499916       0.499909       0.499901       0.499891       0.499880       0.499868       0.499854       0.499838       0.499820       0.499800       0.499776       0.499750       0.499719       0.499684       0.499643       0.499597       0.499544       0.499483       0.499413       0.499332       0.499240       0.499133       0.499011       0.498870       0.498707       0.498521       0.498306       0.498060       0.497776       0.497450       0.497076       0.496646       0.496154       0.495591       0.494948       0.494214       0.493381       0.492437       0.491373       0.490182       0.488860       0.487409       0.485840       0.484177       0.482464       0.480772       0.479201       0.477885       0.476984       0.476657       0.477017       0.478054       0.479565       0.481121       0.482113       0.481898       0.479993       0.476321       0.471509       0.467314       0.467314
       0.467314       0.467314       0.471509       0.476321       0.479994       0.481898       0.482114       0.481121       0.479566       0.478055       0.477018       0.476659       0.476985       0.477887       0.479203       0.480775       0.482467       0.484180       0.485843       0.487413       0.488864       0.490187       0.491378       0.492442       0.493386       0.494220       0.494953       0.495597       0.496161       0.496653       0.497082       0.497457       0.497783       0.498067       0.498314       0.498528       0.498715       0.498877       0.499018       0.499141       0.499247       0.499340       0.499421       0.499491       0.499552       0.499605       0.499651       0.499691       0.499726       0.499757       0.499784       0.499807       0.499827       0.499845       0.499861       0.499874       0.499886       0.499897       0.499906       0.499915       0.499922       0.499928       0.499934       0.499939       0.499943       0.499947       0.499951       0.499954       0.499957       0.499959       0.499961       0.499963       0.499965       0.499966       0.499967       0.499968       0.499969       0.499969       0.499970       0.499970       0.499970       0.499970       0.499970       0.499969       0.499969       0.499968       0.499967       0.499966       0.499965       0.499963       0.499961       0.499959       0.499957       0.499954       0.499951       0.499947       0.499943       0.499939       0.499934       0.499928       0.499922       0.499915       0.499906       0.499897       0.499886       0.499874       0.499861       0.499845       0.499827       0.499807       0.499784       0.499757       0.499726       0.499691       0.499651       0.499605       0.499552       0.499491       0.499421       0.499340       0.499247       0.499141       0.499018       0.498877       0.498715       0.498528       0.498314       0.498067       0.497783       0.497457       0.497082       0.496653       0.496161       0.495597       0.494953       0.494220       0.493386       0.492442       0.491378       0.490187       0.488864       0.487413       0.485843       0.484180       0.482467       0.480775       0.479203       0.477887       0.476985       0.476659       0.477018       0.478055       0.479566       0.481121       0.482114       0.481898       0.479994       0.476321       0.471509       0.467314       0.467314
       0.467314       0.467314       0.471509       0.476322       0.479994       0.481899       0.482114       0.481121       0.479566       0.478056       0.477019       0.476660       0.476987       0.477889       0.479205       0.480777       0.482469       0.484182       0.485846       0.487416       0.488868       0.490190       0.491382       0.492446       0.493390       0.494224       0.494958       0.495602       0.496166       0.496658       0.497088       0.497463       0.497789       0.498073       0.498320       0.498535       0.498721       0.498884       0.499025       0.499148       0.499254       0.499347       0.499427       0.499497       0.499558       0.499611       0.499657       0.499698       0.499733       0.499763       0.499790       0.499813       0.499833       0.499851       0.499866       0.499880       0.499892       0.499902       0.499911       0.499920       0.499927       0.499933       0.499938       0.499943       0.499948       0.499951       0.499955       0.499958       0.499960       0.499963       0.499965       0.499966       0.499968       0.499969       0.499970       0.499971       0.499972       0.499973       0.499973       0.499973       0.499973       0.499973       0.499973       0.499973       0.499972       0.499971       0.499970       0.499969       0.499968       0.499966       0.499965       0.499963       0.499960       0.499958       0.499955       0.499951       0.499948       0.499943       0.499938       0.499933       0.499927       0.499920       0.499911       0.499902       0.499892       0.499880       0.499866       0.499851       0.499833       0.499813       0.499790       0.499763       0.499733       0.499698       0.499657       0.499611       0.499558       0.499497       0.499427       0.499347       0.499254       0.499148       0.499025       0.498884       0.498721       0.498535       0.498320       0.498073       0.497789       0.497463       0.497088       0.496658       0.496166       0.495602       0.494958       0.494224       0.493390       0.492446       0.491382       0.490190       0.488868       0.487416       0.485846       0.484182       0.482469       0.480777       0.479205       0.477889       0.476987       0.476660       0.477019       0.478056       0.479566       0.481121       0.482114       0.481899       0.479994       0.476322       0.471509       0.467314       0.467314
       0.467314       0.467314       0.471509       0.476322       0.479994       0.481899       0.482114       0.481122       0.479567       0.478056       0.477020       0.476660       0.476988       0.477890       0.479207       0.480778       0.482471       0.484185       0.485848       0.487419       0.488871       0.490194       0.491385       0.492449       0.493394       0.494229       0.494963       0.495607       0.496171       0.496663       0.497093       0.497468       0.497794       0.498078       0.498325       0.498540       0.498727       0.498889       0.499031       0.499153       0.499260       0.499352       0.499433       0.499503       0.499564       0.499617       0.499663       0.499703       0.499738       0.499768       0.499795       0.499818       0.499838       0.499856       0.499871       0.499885       0.499896       0.499907       0.499916       0.499924       0.499931       0.499937       0.499942       0.499947       0.499951       0.499955       0.499958       0.499961       0.499964       0.499966       0.499968       0.499970       0.499971       0.499972       0.499973       0.499974       0.499975       0.499975       0.499976       0.499976       0.499976       0.499976       0.499976       0.499975       0.499975       0.499974       0.499973       0.499972       0.499971       0.499970       0.499968       0.499966       0.499964       0.499961       0.499958       0.499955       0.499951       0.499947       0.499942       0.499937       0.499931       0.499924       0.499916       0.499907       0.499896       0.499885       0.499871       0.499856       0.499838       0.499818       0.499795       0.499768       0.499738       0.499703       0.499663       0.499617       0.499564       0.499503       0.499433       0.499352       0.499260       0.499153       0.499031       0.498889       0.498727       0.498540       0.498325       0.498078       0.497794       0.497468       0.497093       0.496663       0.496171       0.495607       0.494963       0.494229       0.493394       0.492449       0.491385       0.490194       0.488871       0.487419       0.485848       0.484185       0.482471       0.480778       0.479207       0.477890       0.476988       0.476660       0.477020       0.478056       0.479567       0.481122       0.482114       0.481899       0.479994       0.476322       0.471509       0.467314       0.467314
       0.467314       0.467314       0.471509       0.476322       0.479994       0.481899       0.482114       0.481122       0.479567       0.478057       0.477020       0.476661       0.476989       0.477891       0.479208       0.480780       0.482473       0.484187       0.485851       0.487421       0.488873       0.490196       0.491388       0.492453       0.493398       0.494232       0.494966       0.495611       0.496175       0.496667       0.497097       0.497472       0.497799       0.498083       0.498330       0.498545       0.498732       0.498894       0.499035       0.499158       0.499265       0.499357       0.499438       0.499508       0.499569       0.499622       0.499668       0.499708       0.499743       0.499773       0.499799       0.499822       0.499843       0.499860       0.499875       0.499889       0.499900       0.499911       0.499920       0.499927       0.499934       0.499940       0.499946       0.499950       0.499955       0.499958       0.499961       0.499964       0.499967       0.499969       0.499971       0.499972       0.499974       0.499975       0.499976       0.499977       0.499977       0.499978       0.499978       0.499978       0.499978       0.499978       0.499978       0.499978       0.499977       0.499977       0.499976       0.499975       0.499974       0.499972       0.499971       0.499969       0.499967       0.499964       0.499961       0.499958       0.499955       0.499950       0.499946       0.499940       0.499934       0.499927       0.499920       0.499911       0.499900       0.499889       0.499875       0.499860       0.499843       0.499822       0.499799       0.499773       0.499743       0.499708       0.499668       0.499622       0.499569       0.499508       0.499438       0.499357       0.499265       0.499158       0.499035       0.498894       0.498732       0.498545       0.498330       0.498083       0.497799       0.497472       0.497097       0.496667       0.496175       0.495611       0.494966       0.494232       0.493398       0.492453       0.491388       0.490196       0.488873       0.487421       0.485851       0.484187       0.482473       0.480780       0.479208       0.477891       0.476989       0.476661       0.477020       0.478057       0.479567       0.481122       0.482114       0.481899       0.479994       0.476322       0.471509       0.467314       0.467314
       0.467314       0.467314       0.471509       0.476322       0.479994       0.481899       0.482114       0.481122       0.479567       0.478057       0.477021       0.476662       0.476989       0.477892       0.479209       0.480781       0.482475       0.484188       0.485852       0.487423       0.488876       0.490199       0.491391       0.492455       0.493400       0.494235       0.494970       0.495614       0.496178       0.496671       0.497101       0.497476       0.497803       0.498087       0.498334       0.498549       0.498736       0.498898       0.499040       0.499162       0.499269       0.499362       0.499442       0.499512       0.499573       0.499626       0.499672       0.499712       0.499747       0.499777       0.499803       0.499826       0.499846       0.499864       0.499879       0.499892       0.499904       0.499914       0.499923       0.499931       0.499938       0.499943       0.499949       0.499953       0.499957       0.499961       0.499964       0.499967       0.499969       0.499971       0.499973       0.499974       0.499976       0.499977       0.499978       0.499979       0.499979       0.499980       0.499980       0.499980       0.499980       0.499980       0.499980       0.499980       0.499979       0.499979       0.499978       0.499977       0.499976       0.499974       0.499973       0.499971       0.499969       0.499967       0.499964       0.499961       0.499957       0.499953       0.499949       0.499943       0.499938       0.499931       0.499923       0.499914       0.499904       0.499892       0.499879       0.499864       0.499846       0.499826       0.499803       0.499777       0.499747       0.499712       0.499672       0.499626       0.499573       0.499512       0.499442       0.499362       0.499269       0.499162       0.499040       0.498898       0.498736       0.498549       0.498334       0.498087       0.497803       0.497476       0.497101       0.496671       0.496178       0.495614       0.494970       0.494235       0.493400       0.492455       0.491391       0.490199       0.488876       0.487423       0.485852       0.484188       0.482475       0.480781       0.479209       0.477892       0.476989       0.476662       0.477021       0.478057       0.479567       0.481122       0.482114       0.481899       0.479994       0.476322       0.471509       0.467314       0.467314
       0.467314       0.467314       0.471509       0.476322       0.479994       0.481899       0.482115       0.481122       0.479568       0.478057       0.477021       0.476662       0.476990       0.477893       0.479210       0.480782       0.482476       0.484190       0.485854       0.487425       0.488877       0.490201       0.491393       0.492458       0.493403       0.494238       0.494972       0.495617       0.496181       0.496674       0.497104       0.497479       0.497806       0.498090       0.498338       0.498553       0.498740       0.498902       0.499043       0.499166       0.499273       0.499365       0.499446       0.499516       0.499577       0.499630       0.499675       0.499715       0.499750       0.499780       0.499807       0.499830       0.499850       0.499867       0.499882       0.499895       0.499907       0.499917       0.499926       0.499933       0.499940       0.499946       0.499951       0.499956       0.499960       0.499963       0.499966       0.499969       0.499971       0.499973       0.499975       0.499977       0.499978       0.499979       0.499980       0.499981       0.499981       0.499982       0.499982       0.499982       0.499982       0.499982       0.499982       0.499982       0.499981       0.499981       0.499980       0.499979       0.499978       0.499977       0.499975       0.499973       0.499971       0.499969       0.499966       0.499963       0.499960       0.499956       0.499951       0.499946       0.499940       0.499933       0.499926       0.499917       0.499907       0.499895       0.499882       0.499867       0.499850       0.499830       0.499807       0.499780       0.499750       0.499715       0.499675       0.499630       0.499577       0.499516       0.499446       0.499365       0.499273       0.499166       0.499043       0.498902       0.498740       0.498553       0.498338       0.498090       0.497806       0.497479       0.497104       0.496674       0.496181       0.495617       0.494972       0.494238       0.493403       0.492458       0.491393       0.490201       0.488877       0.487425       0.485854       0.484190       0.482476       0.480782       0.479210       0.477893       0.476990       0.476662       0.477021       0.478057       0.479568       0.481122       0.482115       0.481899       0.479994       0.476322       0.471509       0.467314       0.467314
       0.467314       0.467314       0.471509       0.476322       0.479994       0.481899       0.482115       0.481122       0.479568       0.478058       0.477022       0.476663       0.476991       0.477893       0.479211       0.480783       0.482477       0.484191       0.485855       0.487426       0.488879       0.490203       0.491395       0.492460       0.493405       0.494240       0.494975       0.495619       0.496184       0.496677       0.497107       0.497482       0.497809       0.498093       0.498341       0.498556       0.498743       0.498905       0.499046       0.499169       0.499276       0.499369       0.499449       0.499519       0.499580       0.499633       0.499679       0.499718       0.499753       0.499783       0.499810       0.499833       0.499852       0.499870       0.499885       0.499898       0.499909       0.499920       0.499928       0.499936       0.499943       0.499948       0.499954       0.499958       0.499962       0.499965       0.499968       0.499971       0.499973       0.499975       0.499977       0.499978       0.499980       0.499981       0.499982       0.499982       0.499983       0.499983       0.499984       0.499984       0.499984       0.499984       0.499984       0.499983       0.499983       0.499982       0.499982       0.499981       0.499980       0.499978       0.499977       0.499975       0.499973       0.499971       0.499968       0.499965       0.499962       0.499958       0.499954       0.499948       0.499943       0.499936       0.499928       0.499920       0.499909       0.499898       0.499885       0.499870       0.499852       0.499833       0.499810       0.499783       0.499753       0.499718       0.499679       0.499633       0.499580       0.499519       0.499449       0.499369       0.499276       0.499169       0.499046       0.498905       0.498743       0.498556       0.498341       0.498093       0.497809       0.497482       0.497107       0.496677       0.496184       0.495619       0.494975       0.494240       0.493405       0.492460       0.491395       0.490203       0.488879       0.487426       0.485855       0.484191       0.482477       0.480783       0.479211       0.477893       0.476991       0.476663       0.477022       0.478058       0.479568       0.481122       0.482115       0.481899       0.479994       0.476322       0.471509       0.467314       0.467314
       0.467314       0.467314       0.471509       0.476322       0.479994       0.481899       0.482115       0.481123       0.479568       0.478058       0.477022       0.476663       0.476991       0.477894       0.479211       0.480784       0.482478       0.484192       0.485857       0.487428       0.488881       0.490204       0.491396       0.492462       0.493407       0.494242       0.494977       0.495622       0.496186       0.496679       0.497109       0.497485       0.497811       0.498096       0.498343       0.498558       0.498745       0.498908       0.499049       0.499172       0.499279       0.499371       0.499452       0.499522       0.499582       0.499635       0.499681       0.499721       0.499756       0.499786       0.499812       0.499835       0.499855       0.499872       0.499887       0.499900       0.499912       0.499922       0.499930       0.499938       0.499945       0.499950       0.499955       0.499960       0.499964       0.499967       0.499970       0.499973       0.499975       0.499977       0.499978       0.499980       0.499981       0.499982       0.499983       0.499984       0.499984       0.499985       0.499985       0.499985       0.499985       0.499985       0.499985       0.499985       0.499984       0.499984       0.499983       0.499982       0.499981       0.499980       0.499978       0.499977       0.499975       0.499973       0.499970       0.499967       0.499964       0.499960       0.499955       0.499950       0.499945       0.499938       0.499930       0.499922       0.499912       0.499900       0.499887       0.499872       0.499855       0.499835       0.499812       0.499786       0.499756       0.499721       0.499681       0.499635       0.499582       0.499522       0.499452       0.499371       0.499279       0.499172       0.499049       0.498908       0.498745       0.498558       0.498343       0.498096       0.497811       0.497485       0.497109       0.496679       0.496186       0.495622       0.494977       0.494242       0.493407       0.492462       0.491396       0.490204       0.488881       0.487428       0.485857       0.484192       0.482478       0.480784       0.479211       0.477894       0.476991       0.476663       0.477022       0.478058       0.479568       0.481123       0.482115       0.481899       0.479994       0.476322       0.471509       0.467314       0.467314
       0.467314       0.467314       0.471509       0.476322       0.479994       0.481899       0.482115       0.481123       0.479568       0.478058       0.477022       0.476664       0.476991       0.477894       0.479212       0.480785       0.482479       0.484193       0.485858       0.487429       0.488882       0.490205       0.491398       0.492463       0.493409       0.494244       0.494979       0.495623       0.496188       0.496681       0.497111       0.497487       0.497813       0.498098       0.498345       0.498560       0.498748       0.498910       0.499051       0.499174       0.499281       0.499374       0.499454       0.499524       0.499585       0.499638       0.499684       0.499723       0.499758       0.499788       0.499814       0.499837       0.499857       0.499874       0.499889       0.499902       0.499914       0.499924       0.499932       0.499940       0.499946       0.499952       0.499957       0.499961       0.499965       0.499969       0.499972       0.499974       0.499976       0.499978       0.499980       0.499981       0.499982       0.499983       0.499984       0.499985       0.499986       0.499986       0.499986       0.499986       0.499987       0.499986       0.499986       0.499986       0.499986       0.499985       0.499984       0.499983       0.499982       0.499981       0.499980       0.499978       0.499976       0.499974       0.499972       0.499969       0.499965       0.499961       0.499957       0.499952       0.499946       0.499940       0.499932       0.499924       0.499914       0.499902       0.499889       0.499874       0.499857       0.499837       0.499814       0.499788       0.499758       0.499723       0.499684       0.499638       0.499585       0.499524       0.499454       0.499374       0.499281       0.499174       0.499051       0.498910       0.498748       0.498560       0.498345       0.498098       0.497813       0.497487       0.497111       0.496681       0.496188       0.495623       0.494979       0.494244       0.493409       0.492463       0.491398       0.490205       0.488882       0.487429       0.485858       0.484193       0.482479       0.480785       0.479212       0.477894       0.476991       0.476664       0.477022       0.478058       0.479568       0.481123       0.482115       0.481899       0.479994       0.476322       0.471509       0.467314       0.467314
       0.467314       0.467314       0.471509       0.476322       0.479994       0.481899       0.482115       0.481123       0.479568       0.478058       0.477022       0.476664       0.476992       0.477895       0.479213       0.480785       0.482479       0.484194       0.485858       0.487430       0.488883       0.490207       0.491399       0.492464       0.493410       0.494245       0.494980       0.495625       0.496189       0.496683       0.497113       0.497488       0.497815       0.498100       0.498347       0.498562       0.498750       0.498912       0.499053       0.499176       0.499283       0.499376       0.499456       0.499526       0.499587       0.499640       0.499685       0.499725       0.499760       0.499790       0.499816       0.499839       0.499859       0.499876       0.499891       0.499904       0.499915       0.499925       0.499934       0.499941       0.499948       0.499954       0.499959       0.499963       0.499967       0.499970       0.499973       0.499975       0.499978       0.499979       0.499981       0.499982       0.499984       0.499985       0.499985       0.499986       0.499987       0.499987       0.499987       0.499988       0.499988       0.499988       0.499987       0.499987       0.499987       0.499986       0.499985       0.499985       0.499984       0.499982       0.499981       0.499979       0.499978       0.499975       0.499973       0.499970       0.499967       0.499963       0.499959       0.499954       0.499948       0.499941       0.499934       0.499925       0.499915       0.499904       0.499891       0.499876       0.499859       0.499839       0.499816       0.499790       0.499760       0.499725       0.499685       0.499640       0.499587       0.499526       0.499456       0.499376       0.499283       0.499176       0.499053       0.498912       0.498750       0.498562       0.498347       0.498100       0.497815       0.497488       0.497113       0.496683       0.496189       0.495625       0.494980       0.494245       0.493410       0.492464       0.491399       0.490207       0.488883       0.487430       0.485858       0.484194       0.482479       0.480785       0.479213       0.477895       0.476992       0.476664       0.477022       0.478058       0.479568       0.481123       0.482115       0.481899       0.479994       0.476322       0.471509       0.467314       0.467314
       0.467314       0.467314       0.471509       0.476322       0.479994       0.481899       0.482115       0.481123       0.479568       0.478058       0.477023       0.476664       0.476992       0.477895       0.479213       0.480786       0.482480       0.484194       0.485859       0.487431       0.488884       0.490208       0.491400       0.492465       0.493411       0.494246       0.494981       0.495626       0.496191       0.496684       0.497115       0.497490       0.497817       0.498101       0.498349       0.498564       0.498751       0.498914       0.499055       0.499178       0.499285       0.499377       0.499458       0.499528       0.499589       0.499641       0.499687       0.499727       0.499762       0.499792       0.499818       0.499841       0.499860       0.499878       0.499893       0.499906       0.499917       0.499927       0.499935       0.499943       0.499949       0.499955       0.499960       0.499964       0.499968       0.499971       0.499974       0.499976       0.499979       0.499980       0.499982       0.499983       0.499985       0.499986       0.499986       0.499987       0.499988       0.499988       0.499988       0.499988       0.499989       0.499988       0.499988       0.499988       0.499988       0.499987       0.499986       0.499986       0.499985       0.499983       0.499982       0.499980       0.499979       0.499976       0.499974       0.499971       0.499968       0.499964       0.499960       0.499955       0.499949       0.499943       0.499935       0.499927       0.499917       0.499906       0.499893       0.499878       0.499860       0.499841       0.499818       0.499792       0.499762       0.499727       0.499687       0.499641       0.499589       0.499528       0.499458       0.499377       0.499285       0.499178       0.499055       0.498914       0.498751       0.498564       0.498349       0.498101       0.497817       0.497490       0.497115       0.496684       0.496191       0.495626       0.494981       0.494246       0.493411       0.492465       0.491400       0.490208       0.488884       0.487431       0.485859       0.484194       0.482480       0.480786       0.479213       0.477895       0.476992       0.476664       0.477023       0.478058       0.479568       0.481123       0.482115       0.481899       0.479994       0.476322       0.471509       0.467314       0.467314
       0.467314       0.467314       0.471509       0.476322       0.479994       0.481899       0.482115       0.481123       0.479568       0.478058       0.477023       0.476664       0.476992       0.477896       0.479213       0.480786       0.482480       0.484195       0.485860       0.487431       0.488884       0.490208       0.491401       0.492466       0.493412       0.494247       0.494983       0.495627       0.496192       0.496685       0.497116       0.497491       0.497818       0.498103       0.498350       0.498566       0.498753       0.498915       0.499057       0.499179       0.499286       0.499379       0.499459       0.499529       0.499590       0.499643       0.499689       0.499729       0.499763       0.499793       0.499819       0.499842       0.499862       0.499879       0.499894       0.499907       0.499918       0.499928       0.499937       0.499944       0.499950       0.499956       0.499961       0.499965       0.499969       0.499972       0.499975       0.499977       0.499980       0.499981       0.499983       0.499984       0.499985       0.499986       0.499987       0.499988       0.499988       0.499989       0.499989       0.499989       0.499989       0.499989       0.499989       0.499989       0.499988       0.499988       0.499987       0.499986       0.499985       0.499984       0.499983       0.499981       0.499980       0.499977       0.499975       0.499972       0.499969       0.499965       0.499961       0.499956       0.499950       0.499944       0.499937       0.499928       0.499918       0.499907       0.499894       0.499879       0.499862       0.499842       0.499819       0.499793       0.499763       0.499729       0.499689       0.499643       0.499590       0.499529       0.499459       0.499379       0.499286       0.499179       0.499057       0.498915       0.498753       0.498566       0.498350       0.498103       0.497818       0.497491       0.497116       0.496685       0.496192       0.495627       0.494983       0.494247       0.493412       0.492466       0.491401       0.490208       0.488884       0.487431       0.485860       0.484195       0.482480       0.480786       0.479213       0.477896       0.476992       0.476664       0.477023       0.478058       0.479568       0.481123       0.482115       0.481899       0.479994       0.476322       0.471509       0.467314       0.467314
       0.467314       0.467314       0.471509       0.476322       0.479994       0.481899       0.482115       0.481123       0.479569       0.478059       0.477023       0.476664       0.476993       0.477896       0.479214       0.480787       0.482481       0.484195       0.485860       0.487432       0.488885       0.490209       0.491402       0.492467       0.493413       0.494248       0.494984       0.495628       0.496193       0.496687       0.497117       0.497492       0.497819       0.498104       0.498351       0.498567       0.498754       0.498917       0.499058       0.499181       0.499287       0.499380       0.499461       0.499531       0.499591       0.499644       0.499690       0.499730       0.499764       0.499794       0.499821       0.499843       0.499863       0.499880       0.499895       0.499908       0.499919       0.499929       0.499938       0.499945       0.499951       0.499957       0.499962       0.499966       0.499970       0.499973       0.499976       0.499978       0.499980       0.499982       0.499984       0.499985       0.499986       0.499987       0.499988       0.499989       0.499989       0.499990       0.499990       0.499990       0.499990       0.499990       0.499990       0.499990       0.499989       0.499989       0.499988       0.499987       0.499986       0.499985       0.499984       0.499982       0.499980       0.499978       0.499976       0.499973       0.499970       0.499966       0.499962       0.499957       0.499951       0.499945       0.499938       0.499929       0.499919       0.499908       0.499895       0.499880       0.499863       0.499843       0.499821       0.499794       0.499764       0.499730       0.499690       0.499644       0.499591       0.499531       0.499461       0.499380       0.499287       0.499181       0.499058       0.498917       0.498754       0.498567       0.498351       0.498104       0.497819       0.497492       0.497117       0.496687       0.496193       0.495628       0.494984       0.494248       0.493413       0.492467       0.491402       0.490209       0.488885       0.487432       0.485860       0.484195       0.482481       0.480787       0.479214       0.477896       0.476993       0.476664       0.477023       0.478059       0.479569       0.481123       0.482115       0.481899       0.479994       0.476322       0.471509       0.467314       0.467314
       0.467314       0.467314       0.471509       0.476322       0.479994       0.481899       0.482115       0.481123       0.479569       0.478059       0.477023       0.476665       0.476993       0.477896       0.479214       0.480787       0.482481       0.484196       0.485861       0.487432       0.488886       0.490210       0.491402       0.492468       0.493414       0.494249       0.494984       0.495629       0.496194       0.496687       0.497118       0.497493       0.497820       0.498105       0.498353       0.498568       0.498755       0.498918       0.499059       0.499182       0.499289       0.499381       0.499462       0.499532       0.499592       0.499645       0.499691       0.499731       0.499765       0.499795       0.499822       0.499844       0.499864       0.499881       0.499896       0.499909       0.499920       0.499930       0.499938       0.499946       0.499952       0.499958       0.499963       0.499967       0.499971       0.499974       0.499977       0.499979       0.499981       0.499983       0.499984       0.499986       0.499987       0.499988       0.499989       0.499989       0.499990       0.499990       0.499990       0.499991       0.499991       0.499991       0.499990       0.499990       0.499990       0.499989       0.499989       0.499988       0.499987       0.499986       0.499984       0.499983       0.499981       0.499979       0.499977       0.499974       0.499971       0.499967       0.499963       0.499958       0.499952       0.499946       0.499938       0.499930       0.499920       0.499909       0.499896       0.499881       0.499864       0.499844       0.499822       0.499795       0.499765       0.499731       0.499691       0.499645       0.499592       0.499532       0.499462       0.499381       0.499289       0.499182       0.499059       0.498918       0.498755       0.498568       0.498353       0.498105       0.497820       0.497493       0.497118       0.496687       0.496194       0.495629       0.494984       0.494249       0.493414       0.492468       0.491402       0.490210       0.488886       0.487432       0.485861       0.484196       0.482481       0.480787       0.479214       0.477896       0.476993       0.476665       0.477023       0.478059       0.479569       0.481123       0.482115       0.481899       0.479994       0.476322       0.471509       0.467314       0.467314
       0.467314       0.467314       0.471509       0.476322       0.479994       0.481900       0.482115       0.481123       0.479569       0.478059       0.477023       0.476665       0.476993       0.477896       0.479214       0.480787       0.482482       0.484196       0.485861       0.487433       0.488886       0.490210       0.491403       0.492469       0.493414       0.494250       0.494985       0.495630       0.496195       0.496688       0.497119       0.497494       0.497821       0.498106       0.498353       0.498569       0.498756       0.498919       0.499060       0.499183       0.499290       0.499382       0.499463       0.499533       0.499593       0.499646       0.499692       0.499732       0.499766       0.499796       0.499823       0.499845       0.499865       0.499882       0.499897       0.499910       0.499921       0.499931       0.499939       0.499947       0.499953       0.499959       0.499963       0.499968       0.499971       0.499975       0.499977       0.499980       0.499982       0.499984       0.499985       0.499986       0.499987       0.499988       0.499989       0.499990       0.499990       0.499991       0.499991       0.499991       0.499991       0.499991       0.499991       0.499991       0.499990       0.499990       0.499989       0.499988       0.499987       0.499986       0.499985       0.499984       0.499982       0.499980       0.499977       0.499975       0.499971       0.499968       0.499963       0.499959       0.499953       0.499947       0.499939       0.499931       0.499921       0.499910       0.499897       0.499882       0.499865       0.499845       0.499823       0.499796       0.499766       0.499732       0.499692       0.499646       0.499593       0.499533       0.499463       0.499382       0.499290       0.499183       0.499060       0.498919       0.498756       0.498569       0.498353       0.498106       0.497821       0.497494       0.497119       0.496688       0.496195       0.495630       0.494985       0.494250       0.493414       0.492469       0.491403       0.490210       0.488886       0.487433       0.485861       0.484196       0.482482       0.480787       0.479214       0.477896       0.476993       0.476665       0.477023       0.478059       0.479569       0.481123       0.482115       0.481900       0.479994       0.476322       0.471509       0.467314       0.467314
       0.467314       0.467314       0.471509       0.476322       0.479994       0.481900       0.482115       0.481123       0.479569       0.478059       0.477023       0.476665       0.476993       0.477896       0.479214       0.480788       0.482482       0.484196       0.485862       0.487433       0.488887       0.490211       0.491404       0.492469       0.493415       0.494250       0.494986       0.495631       0.496195       0.496689       0.497120       0.497495       0.497822       0.498107       0.498354       0.498570       0.498757       0.498919       0.499061       0.499184       0.499290       0.499383       0.499464       0.499534       0.499594       0.499647       0.499693       0.499733       0.499767       0.499797       0.499823       0.499846       0.499866       0.499883       0.499898       0.499911       0.499922       0.499931       0.499940       0.499947       0.499954       0.499959       0.499964       0.499968       0.499972       0.499975       0.499978       0.499980       0.499982       0.499984       0.499986       0.499987       0.499988       0.499989       0.499990       0.499990       0.499991       0.499991       0.499992       0.499992       0.499992       0.499992       0.499992       0.499991       0.499991       0.499990       0.499990       0.499989       0.499988       0.499987       0.499986       0.499984       0.499982       0.499980       0.499978       0.499975       0.499972       0.499968       0.499964       0.499959       0.499954       0.499947       0.499940       0.499931       0.499922       0.499911       0.499898       0.499883       0.499866       0.499846       0.499823       0.499797       0.499767       0.499733       0.499693       0.499647       0.499594       0.499534       0.499464       0.499383       0.499290       0.499184       0.499061       0.498919       0.498757       0.498570       0.498354       0.498107       0.497822       0.497495       0.497120       0.496689       0.496195       0.495631       0.494986       0.494250       0.493415       0.492469       0.491404       0.490211       0.488887       0.487433       0.485862       0.484196       0.482482       0.480788       0.479214       0.477896       0.476993       0.476665       0.477023       0.478059       0.479569       0.481123       0.482115       0.481900       0.479994       0.476322       0.471509       0.467314       0.467314
       0.467314       0.467314       0.471509       0.476322       0.479994       0.481900       0.482115       0.481123       0.479569       0.478059       0.477023       0.476665       0.476993       0.477897       0.479215       0.480788       0.482482       0.484197       0.485862       0.487434       0.488887       0.490211       0.491404       0.492470       0.493415       0.494251       0.494986       0.495631       0.496196       0.496690       0.497120       0.497496       0.497823       0.498107       0.498355       0.498570       0.498757       0.498920       0.499062       0.499184       0.499291       0.499384       0.499464       0.499534       0.499595       0.499648       0.499694       0.499733       0.499768       0.499798       0.499824       0.499847       0.499866       0.499883       0.499898       0.499911       0.499922       0.499932       0.499941       0.499948       0.499954       0.499960       0.499965       0.499969       0.499972       0.499976       0.499978       0.499981       0.499983       0.499985       0.499986       0.499987       0.499988       0.499989       0.499990       0.499991       0.499991       0.499992       0.499992       0.499992       0.499992       0.499992       0.499992       0.499992       0.499991       0.499991       0.499990       0.499989       0.499988       0.499987       0.499986       0.499985       0.499983       0.499981       0.499978       0.499976       0.499972       0.499969       0.499965       0.499960       0.499954       0.499948       0.499941       0.499932       0.499922       0.499911       0.499898       0.499883       0.499866       0.499847       0.499824       0.499798       0.499768       0.499733       0.499694       0.499648       0.499595       0.499534       0.499464       0.499384       0.499291       0.499184       0.499062       0.498920       0.498757       0.498570       0.498355       0.498107       0.497823       0.497496       0.497120       0.496690       0.496196       0.495631       0.494986       0.494251       0.493415       0.492470       0.491404       0.490211       0.488887       0.487434       0.485862       0.484197       0.482482       0.480788       0.479215       0.477897       0.476993       0.476665       0.477023       0.478059       0.479569       0.481123       0.482115       0.481900       0.479994       0.476322       0.471509       0.467314       0.467314
       0.467314       0.467314       0.471509       0.476322       0.479994       0.481900       0.482115       0.481123       0.479569       0.478059       0.477023       0.476665       0.476993       0.477897       0.479215       0.480788       0.482482       0.484197       0.485862       0.487434       0.488887       0.490211       0.491404       0.492470       0.493416       0.494251       0.494987       0.495632       0.496197       0.496690       0.497121       0.497496       0.497823       0.498108       0.498355       0.498571       0.498758       0.498921       0.499062       0.499185       0.499292       0.499384       0.499465       0.499535       0.499596       0.499648       0.499694       0.499734       0.499768       0.499798       0.499825       0.499847       0.499867       0.499884       0.499899       0.499912       0.499923       0.499933       0.499941       0.499948       0.499955       0.499960       0.499965       0.499969       0.499973       0.499976       0.499979       0.499981       0.499983       0.499985       0.499986       0.499988       0.499989       0.499990       0.499991       0.499991       0.499992       0.499992       0.499992       0.499992       0.499992       0.499992       0.499992       0.499992       0.499992       0.499991       0.499991       0.499990       0.499989       0.499988       0.499986       0.499985       0.499983       0.499981       0.499979       0.499976       0.499973       0.499969       0.499965       0.499960       0.499955       0.499948       0.499941       0.499933       0.499923       0.499912       0.499899       0.499884       0.499867       0.499847       0.499825       0.499798       0.499768       0.499734       0.499694       0.499648       0.499596       0.499535       0.499465       0.499384       0.499292       0.499185       0.499062       0.498921       0.498758       0.498571       0.498355       0.498108       0.497823       0.497496       0.497121       0.496690       0.496197       0.495632       0.494987       0.494251       0.493416       0.492470       0.491404       0.490211       0.488887       0.487434       0.485862       0.484197       0.482482       0.480788       0.479215       0.477897       0.476993       0.476665       0.477023       0.478059       0.479569       0.481123       0.482115       0.481900       0.479994       0.476322       0.471509       0.467314       0.467314
       0.467314       0.467314       0.471509       0.476322       0.479994       0.481900       0.482115       0.481123       0.479569       0.478059       0.477023       0.476665       0.476993       0.477897       0.479215       0.480788       0.482483       0.484197       0.485862       0.487434       0.488888       0.490212       0.491405       0.492470       0.493416       0.494252       0.494987       0.495632       0.496197       0.496690       0.497121       0.497497       0.497824       0.498108       0.498356       0.498571       0.498759       0.498921       0.499063       0.499186       0.499292       0.499385       0.499465       0.499535       0.499596       0.499649       0.499695       0.499734       0.499769       0.499799       0.499825       0.499848       0.499867       0.499884       0.499899       0.499912       0.499923       0.499933       0.499942       0.499949       0.499955       0.499961       0.499966       0.499970       0.499973       0.499976       0.499979       0.499982       0.499984       0.499985       0.499987       0.499988       0.499989       0.499990       0.499991       0.499991       0.499992       0.499992       0.499993       0.499993       0.499993       0.499993       0.499993       0.499992       0.499992       0.499991       0.499991       0.499990       0.499989       0.499988       0.499987       0.499985       0.499984       0.499982       0.499979       0.499976       0.499973       0.499970       0.499966       0.499961       0.499955       0.499949       0.499942       0.499933       0.499923       0.499912       0.499899       0.499884       0.499867       0.499848       0.499825       0.499799       0.499769       0.499734       0.499695       0.499649       0.499596       0.499535       0.499465       0.499385       0.499292       0.499186       0.499063       0.498921       0.498759       0.498571       0.498356       0.498108       0.497824       0.497497       0.497121       0.496690       0.496197       0.495632       0.494987       0.494252       0.493416       0.492470       0.491405       0.490212       0.488888       0.487434       0.485862       0.484197       0.482483       0.480788       0.479215       0.477897       0.476993       0.476665       0.477023       0.478059       0.479569       0.481123       0.482115       0.481900       0.479994       0.476322       0.471509       0.467314       0.467314
       0.467314       0.467314       0.471509       0.476322       0.479994       0.481900       0.482115       0.481123       0.479569       0.478059       0.477023       0.476665       0.476994       0.477897       0.479215       0.480788       0.482483       0.484197       0.485863       0.487434       0.488888       0.490212       0.491405       0.492471       0.493417       0.494252       0.494987       0.495633       0.496197       0.496691       0.497122       0.497497       0.497824       0.498109       0.498356       0.498572       0.498759       0.498922       0.499063       0.499186       0.499293       0.499385       0.499466       0.499536       0.499597       0.499649       0.499695       0.499735       0.499769       0.499799       0.499825       0.499848       0.499868       0.499885       0.499900       0.499913       0.499924       0.499933       0.499942       0.499949       0.499956       0.499961       0.499966       0.499970       0.499974       0.499977       0.499980       0.499982       0.499984       0.499986       0.499987       0.499988       0.499989       0.499990       0.499991       0.499992       0.499992       0.499993       0.499993       0.499993       0.499993       0.499993       0.499993       0.499993       0.499992       0.499992       0.499991       0.499990       0.499989       0.499988       0.499987       0.499986       0.499984       0.499982       0.499980       0.499977       0.499974       0.499970       0.499966       0.499961       0.499956       0.499949       0.499942       0.499933       0.499924       0.499913       0.499900       0.499885       0.499868       0.499848       0.499825       0.499799       0.499769       0.499735       0.499695       0.499649       0.499597       0.499536       0.499466       0.499385       0.499293       0.499186       0.499063       0.498922       0.498759       0.498572       0.498356       0.498109       0.497824       0.497497       0.497122       0.496691       0.496197       0.495633       0.494987       0.494252       0.493417       0.492471       0.491405       0.490212       0.488888       0.487434       0.485863       0.484197       0.482483       0.480788       0.479215       0.477897       0.476994       0.476665       0.477023       0.478059       0.479569       0.481123       0.482115       0.481900       0.479994       0.476322       0.471509       0.467314       0.467314
       0.467314       0.467314       0.471509       0.476322       0.479994       0.481900       0.482115       0.481123       0.479569       0.478059       0.477023       0.476665       0.476994       0.477897       0.479215       0.480788       0.482483       0.484198       0.485863       0.487435       0.488888       0.490212       0.491405       0.492471       0.493417       0.494252       0.494988       0.495633       0.496198       0.496691       0.497122       0.497497       0.497824       0.498109       0.498357       0.498572       0.498759       0.498922       0.499063       0.499186       0.499293       0.499386       0.499466       0.499536       0.499597       0.499650       0.499695       0.499735       0.499770       0.499800       0.499826       0.499849       0.499868       0.499885       0.499900       0.499913       0.499924       0.499934       0.499942       0.499950       0.499956       0.499961       0.499966       0.499970       0.499974       0.499977       0.499980       0.499982       0.499984       0.499986       0.499987       0.499989       0.499990       0.499991       0.499991       0.499992       0.499992       0.499993       0.499993       0.499993       0.499993       0.499993       0.499993       0.499993       0.499992       0.499992       0.499991       0.499991       0.499990       0.499989       0.499987       0.499986       0.499984       0.499982       0.499980       0.499977       0.499974       0.499970       0.499966       0.499961       0.499956       0.499950       0.499942       0.499934       0.499924       0.499913       0.499900       0.499885       0.499868       0.499849       0.499826       0.499800       0.499770       0.499735       0.499695       0.499650       0.499597       0.499536       0.499466       0.499386       0.499293       0.499186       0.499063       0.498922       0.498759       0.498572       0.498357       0.498109       0.497824       0.497497       0.497122       0.496691       0.496198       0.495633       0.494988       0.494252       0.493417       0.492471       0.491405       0.490212       0.488888       0.487435       0.485863       0.484198       0.482483       0.480788       0.479215       0.477897       0.476994       0.476665       0.477023       0.478059       0.479569       0.481123       0.482115       0.481900       0.479994       0.476322       0.471509       0.467314       0.467314
       0.467314       0.467314       0.471509       0.476322       0.479994       0.481900       0.482115       0.481123       0.479569       0.478059       0.477024       0.476665       0.476994       0.477897       0.479215       0.480788       0.482483       0.484198       0.485863       0.487435       0.488888       0.490212       0.491405       0.492471       0.493417       0.494253       0.494988       0.495633       0.496198       0.496691       0.497122       0.497498       0.497825       0.498109       0.498357       0.498572       0.498760       0.498922       0.499064       0.499187       0.499293       0.499386       0.499467       0.499537       0.499597       0.499650       0.499696       0.499736       0.499770       0.499800       0.499826       0.499849       0.499868       0.499886       0.499900       0.499913       0.499924       0.499934       0.499943       0.499950       0.499956       0.499962       0.499966       0.499971       0.499974       0.499977       0.499980       0.499982       0.499984       0.499986       0.499988       0.499989       0.499990       0.499991       0.499992       0.499992       0.499993       0.499993       0.499993       0.499993       0.499994       0.499993       0.499993       0.499993       0.499993       0.499992       0.499992       0.499991       0.499990       0.499989       0.499988       0.499986       0.499984       0.499982       0.499980       0.499977       0.499974       0.499971       0.499966       0.499962       0.499956       0.499950       0.499943       0.499934       0.499924       0.499913       0.499900       0.499886       0.499868       0.499849       0.499826       0.499800       0.499770       0.499736       0.499696       0.499650       0.499597       0.499537       0.499467       0.499386       0.499293       0.499187       0.499064       0.498922       0.498760       0.498572       0.498357       0.498109       0.497825       0.497498       0.497122       0.496691       0.496198       0.495633       0.494988       0.494253       0.493417       0.492471       0.491405       0.490212       0.488888       0.487435       0.485863       0.484198       0.482483       0.480788       0.479215       0.477897       0.476994       0.476665       0.477024       0.478059       0.479569       0.481123       0.482115       0.481900       0.479994       0.476322       0.471509       0.467314       0.467314
       0.467314       0.467314       0.471509       0.476322       0.479994       0.481900       0.482115       0.481123       0.479569       0.478059       0.477024       0.476665       0.476994       0.477897       0.479215       0.480789       0.482483       0.484198       0.485863       0.487435       0.488888       0.490213       0.491405       0.492471       0.493417       0.494253       0.494988       0.495633       0.496198       0.496692       0.497122       0.497498       0.497825       0.498110       0.498357       0.498573       0.498760       0.498923       0.499064       0.499187       0.499294       0.499386       0.499467       0.499537       0.499598       0.499650       0.499696       0.499736       0.499770       0.499800       0.499826       0.499849       0.499869       0.499886       0.499901       0.499913       0.499925       0.499934       0.499943       0.499950       0.499956       0.499962       0.499967       0.499971       0.499974       0.499978       0.499980       0.499983       0.499985       0.499986       0.499988       0.499989       0.499990       0.499991       0.499992       0.499992       0.499993       0.499993       0.499994       0.499994       0.499994       0.499994       0.499994       0.499993       0.499993       0.499992       0.499992       0.499991       0.499990       0.499989       0.499988       0.499986       0.499985       0.499983       0.499980       0.499978       0.499974       0.499971       0.499967       0.499962       0.499956       0.499950       0.499943       0.499934       0.499925       0.499913       0.499901       0.499886       0.499869       0.499849       0.499826       0.499800       0.499770       0.499736       0.499696       0.499650       0.499598       0.499537       0.499467       0.499386       0.499294       0.499187       0.499064       0.498923       0.498760       0.498573       0.498357       0.498110       0.497825       0.497498       0.497122       0.496692       0.496198       0.495633       0.494988       0.494253       0.493417       0.492471       0.491405       0.490213       0.488888       0.487435       0.485863       0.484198       0.482483       0.480789       0.479215       0.477897       0.476994       0.476665       0.477024       0.478059       0.479569       0.481123       0.482115       0.481900       0.479994       0.476322       0.471509       0.467314       0.467314
       0.467314       0.467314       0.471509       0.476322       0.479994       0.481900       0.482115       0.481123       0.479569       0.478059       0.477024       0.476665       0.476994       0.477897       0.479215       0.480789       0.482483       0.484198       0.485863       0.487435       0.488888       0.490213       0.491406       0.492471       0.493417       0.494253       0.494988       0.495633       0.496198       0.496692       0.497123       0.497498       0.497825       0.498110       0.498358       0.498573       0.498760       0.498923       0.499064       0.499187       0.499294       0.499387       0.499467       0.499537       0.499598       0.499651       0.499696       0.499736       0.499771       0.499801       0.499827       0.499849       0.499869       0.499886       0.499901       0.499914       0.499925       0.499935       0.499943       0.499950       0.499957       0.499962       0.499967       0.499971       0.499975       0.499978       0.499980       0.499983       0.499985       0.499986       0.499988       0.499989       0.499990       0.499991       0.499992       0.499993       0.499993       0.499993       0.499994       0.499994       0.499994       0.499994       0.499994       0.499993       0.499993       0.499993       0.499992       0.499991       0.499990       0.499989       0.499988       0.499986       0.499985       0.499983       0.499980       0.499978       0.499975       0.499971       0.499967       0.499962       0.499957       0.499950       0.499943       0.499935       0.499925       0.499914       0.499901       0.499886       0.499869       0.499849       0.499827       0.499801       0.499771       0.499736       0.499696       0.499651       0.499598       0.499537       0.499467       0.499387       0.499294       0.499187       0.499064       0.498923       0.498760       0.498573       0.498358       0.498110       0.497825       0.497498       0.497123       0.496692       0.496198       0.495633       0.494988       0.494253       0.493417       0.492471       0.491406       0.490213       0.488888       0.487435       0.485863       0.484198       0.482483       0.480789       0.479215       0.477897       0.476994       0.476665       0.477024       0.478059       0.479569       0.481123       0.482115       0.481900       0.479994       0.476322       0.471509       0.467314       0.467314
       0.467314       0.467314       0.471509       0.476322       0.479994       0.481900       0.482115       0.481123       0.479569       0.478059       0.477024       0.476665       0.476994       0.477897       0.479215       0.480789       0.482483       0.484198       0.485863       0.487435       0.488889       0.490213       0.491406       0.492471       0.493417       0.494253       0.494988       0.495634       0.496198       0.496692       0.497123       0.497498       0.497825       0.498110       0.498358       0.498573       0.498760       0.498923       0.499065       0.499187       0.499294       0.499387       0.499467       0.499537       0.499598       0.499651       0.499697       0.499736       0.499771       0.499801       0.499827       0.499850       0.499869       0.499886       0.499901       0.499914       0.499925       0.499935       0.499943       0.499950       0.499957       0.499962       0.499967       0.499971       0.499975       0.499978       0.499981       0.499983       0.499985       0.499987       0.499988       0.499989       0.499990       0.499991       0.499992       0.499993       0.499993       0.499994       0.499994       0.499994       0.499994       0.499994       0.499994       0.499994       0.499993       0.499993       0.499992       0.499991       0.499990       0.499989       0.499988       0.499987       0.499985       0.499983       0.499981       0.499978       0.499975       0.499971       0.499967       0.499962       0.499957       0.499950       0.499943       0.499935       0.499925       0.499914       0.499901       0.499886       0.499869       0.499850       0.499827       0.499801       0.499771       0.499736       0.499697       0.499651       0.499598       0.499537       0.499467       0.499387       0.499294       0.499187       0.499065       0.498923       0.498760       0.498573       0.498358       0.498110       0.497825       0.497498       0.497123       0.496692       0.496198       0.495634       0.494988       0.494253       0.493417       0.492471       0.491406       0.490213       0.488889       0.487435       0.485863       0.484198       0.482483       0.480789       0.479215       0.477897       0.476994       0.476665       0.477024       0.478059       0.479569       0.481123       0.482115       0.481900       0.479994       0.476322       0.471509       0.467314       0.467314
       0.467314       0.467314       0.471509       0.476322       0.479994       0.481900       0.482115       0.481123       0.479569       0.478059       0.477024       0.476665       0.476994       0.477897       0.479215       0.480789       0.482483       0.484198       0.485863       0.487435       0.488889       0.490213       0.491406       0.492472       0.493418       0.494253       0.494989       0.495634       0.496199       0.496692       0.497123       0.497498       0.497826       0.498110       0.498358       0.498573       0.498761       0.498923       0.499065       0.499188       0.499294       0.499387       0.499468       0.499537       0.499598       0.499651       0.499697       0.499737       0.499771       0.499801       0.499827       0.499850       0.499869       0.499886       0.499901       0.499914       0.499925       0.499935       0.499943       0.499951       0.499957       0.499962       0.499967       0.499971       0.499975       0.499978       0.499981       0.499983       0.499985       0.499987       0.499988       0.499989       0.499991       0.499991       0.499992       0.499993       0.499993       0.499994       0.499994       0.499994       0.499994       0.499994       0.499994       0.499994       0.499993       0.499993       0.499992       0.499991       0.499991       0.499989       0.499988       0.499987       0.499985       0.499983       0.499981       0.499978       0.499975       0.499971       0.499967       0.499962       0.499957       0.499951       0.499943       0.499935       0.499925       0.499914       0.499901       0.499886       0.499869       0.499850       0.499827       0.499801       0.499771       0.499737       0.499697       0.499651       0.499598       0.499537       0.499468       0.499387       0.499294       0.499188       0.499065       0.498923       0.498761       0.498573       0.498358       0.498110       0.497826       0.497498       0.497123       0.496692       0.496199       0.495634       0.494989       0.494253       0.493418       0.492472       0.491406       0.490213       0.488889       0.487435       0.485863       0.484198       0.482483       0.480789       0.479215       0.477897       0.476994       0.476665       0.477024       0.478059       0.479569       0.481123       0.482115       0.481900       0.479994       0.476322       0.471509       0.467314       0.467314
       0.467314       0.467314       0.471509       0.476322       0.479994       0.481900       0.482115       0.481123       0.479569       0.478059       0.477024       0.476665       0.476994       0.477897       0.479215       0.480789       0.482483       0.484198       0.485863       0.487435       0.488889       0.490213       0.491406       0.492472       0.493418       0.494253       0.494989       0.495634       0.496199       0.496692       0.497123       0.497499       0.497826       0.498110       0.498358       0.498573       0.498761       0.498923       0.499065       0.499188       0.499294       0.499387       0.499468       0.499538       0.499598       0.499651       0.499697       0.499737       0.499771       0.499801       0.499827       0.499850       0.499869       0.499887       0.499901       0.499914       0.499925       0.499935       0.499943       0.499951       0.499957       0.499963       0.499967       0.499971       0.499975       0.499978       0.499981       0.499983       0.499985       0.499987       0.499988       0.499990       0.499991       0.499992       0.499992       0.499993       0.499993       0.499994       0.499994       0.499994       0.499994       0.499994       0.499994       0.499994       0.499993       0.499993       0.499992       0.499992       0.499991       0.499990       0.499988       0.499987       0.499985       0.499983       0.499981       0.499978       0.499975       0.499971       0.499967       0.499963       0.499957       0.499951       0.499943       0.499935       0.499925       0.499914       0.499901       0.499887       0.499869       0.499850       0.499827       0.499801       0.499771       0.499737       0.499697       0.499651       0.499598       0.499538       0.499468       0.499387       0.499294       0.499188       0.499065       0.498923       0.498761       0.498573       0.498358       0.498110       0.497826       0.497499       0.497123       0.496692       0.496199       0.495634       0.494989       0.494253       0.493418       0.492472       0.491406       0.490213       0.488889       0.487435       0.485863       0.484198       0.482483       0.480789       0.479215       0.477897       0.476994       0.476665       0.477024       0.478059       0.479569       0.481123       0.482115       0.481900       0.479994       0.476322       0.471509       0.467314       0.467314
       0.467314       0.467314       0.471509       0.476322       0.479994       0.481900       0.482115       0.481123       0.479569       0.478059       0.477024       0.476665       0.476994       0.477897       0.479215       0.480789       0.482483       0.484198       0.485863       0.487435       0.488889       0.490213       0.491406       0.492472       0.493418       0.494253       0.494989       0.495634       0.496199       0.496692       0.497123       0.497499       0.497826       0.498110       0.498358       0.498574       0.498761       0.498924       0.499065       0.499188       0.499295       0.499387       0.499468       0.499538       0.499598       0.499651       0.499697       0.499737       0.499771       0.499801       0.499827       0.499850       0.499870       0.499887       0.499901       0.499914       0.499925       0.499935       0.499944       0.499951       0.499957       0.499963       0.499967       0.499972       0.499975       0.499978       0.499981       0.499983       0.499985       0.499987       0.499988       0.499990       0.499991       0.499992       0.499992       0.499993       0.499993       0.499994       0.499994       0.499994       0.499994       0.499994       0.499994       0.499994       0.499993       0.499993       0.499992       0.499992       0.499991       0.499990       0.499988       0.499987       0.499985       0.499983       0.499981       0.499978       0.499975       0.499972       0.499967       0.499963       0.499957       0.499951       0.499944       0.499935       0.499925       0.499914       0.499901       0.499887       0.499870       0.499850       0.499827       0.499801       0.499771       0.499737       0.499697       0.499651       0.499598       0.499538       0.499468       0.499387       0.499295       0.499188       0.499065       0.498924       0.498761       0.498574       0.498358       0.498110       0.497826       0.497499       0.497123       0.496692       0.496199       0.495634       0.494989       0.494253       0.493418       0.492472       0.491406       0.490213       0.488889       0.487435       0.485863       0.484198       0.482483       0.480789       0.479215       0.477897       0.476994       0.476665       0.477024       0.478059       0.479569       0.481123       0.482115       0.481900       0.479994       0.476322       0.471509       0.467314       0.467314
       0.467314       0.467314       0.471509       0.476322       0.479994       0.481900       0.482115       0.481123       0.479569       0.478059       0.477024       0.476665       0.476994       0.477897       0.479216       0.480789       0.482483       0.484198       0.485863       0.487435       0.488889       0.490213       0.491406       0.492472       0.493418       0.494254       0.494989       0.495634       0.496199       0.496693       0.497123       0.497499       0.497826       0.498111       0.498358       0.498574       0.498761       0.498924       0.499065       0.499188       0.499295       0.499387       0.499468       0.499538       0.499599       0.499651       0.499697       0.499737       0.499771       0.499801       0.499827       0.499850       0.499870       0.499887       0.499902       0.499914       0.499926       0.499935       0.499944       0.499951       0.499957       0.499963       0.499968       0.499972       0.499975       0.499978       0.499981       0.499983       0.499985       0.499987       0.499988       0.499990       0.499991       0.499992       0.499992       0.499993       0.499994       0.499994       0.499994       0.499994       0.499994       0.499994       0.499994       0.499994       0.499994       0.499993       0.499992       0.499992       0.499991       0.499990       0.499988       0.499987       0.499985       0.499983       0.499981       0.499978       0.499975       0.499972       0.499968       0.499963       0.499957       0.499951       0.499944       0.499935       0.499926       0.499914       0.499902       0.499887       0.499870       0.499850       0.499827       0.499801       0.499771       0.499737       0.499697       0.499651       0.499599       0.499538       0.499468       0.499387       0.499295       0.499188       0.499065       0.498924       0.498761       0.498574       0.498358       0.498111       0.497826       0.497499       0.497123       0.496693       0.496199       0.495634       0.494989       0.494254       0.493418       0.492472       0.491406       0.490213       0.488889       0.487435       0.485863       0.484198       0.482483       0.480789       0.479216       0.477897       0.476994       0.476665       0.477024       0.478059       0.479569       0.481123       0.482115       0.481900       0.479994       0.476322       0.471509       0.467314       0.467314
       0.467314       0.467314       0.471509       0.476322       0.479994       0.481900       0.482115       0.481123       0.479569       0.478059       0.477024       0.476665       0.476994       0.477897       0.479216       0.480789       0.482483       0.484198       0.485863       0.487435       0.488889       0.490213       0.491406       0.492472       0.493418       0.494254       0.494989       0.495634       0.496199       0.496693       0.497123       0.497499       0.497826       0.498111       0.498358       0.498574       0.498761       0.498924       0.499065       0.499188       0.499295       0.499387       0.499468       0.499538       0.499599       0.499651       0.499697       0.499737       0.499772       0.499801       0.499828       0.499850       0.499870       0.499887       0.499902       0.499914       0.499926       0.499935       0.499944       0.499951       0.499957       0.499963       0.499968       0.499972       0.499975       0.499978       0.499981       0.499983       0.499985       0.499987       0.499989       0.499990       0.499991       0.499992       0.499993       0.499993       0.499994       0.499994       0.499994       0.499994       0.499994       0.499994       0.499994       0.499994       0.499994       0.499993       0.499993       0.499992       0.499991       0.499990       0.499989       0.499987       0.499985       0.499983       0.499981       0.499978       0.499975       0.499972       0.499968       0.499963       0.499957       0.499951       0.499944       0.499935       0.499926       0.499914       0.499902       0.499887       0.499870       0.499850       0.499828       0.499801       0.499772       0.499737       0.499697       0.499651       0.499599       0.499538       0.499468       0.499387       0.499295       0.499188       0.499065       0.498924       0.498761       0.498574       0.498358       0.498111       0.497826       0.497499       0.497123       0.496693       0.496199       0.495634       0.494989       0.494254       0.493418       0.492472       0.491406       0.490213       0.488889       0.487435       0.485863       0.484198       0.482483       0.480789       0.479216       0.477897       0.476994       0.476665       0.477024       0.478059       0.479569       0.481123       0.482115       0.481900       0.479994       0.476322       0.471509       0.467314       0.467314
       0.467314       0.467314       0.471509       0.476322       0.479994       0.481900       0.482115       0.481123       0.479569       0.478059       0.477024       0.476665       0.476994       0.477897       0.479216       0.480789       0.482483       0.484198       0.485864       0.487435       0.488889       0.490213       0.491406       0.492472       0.493418       0.494254       0.494989       0.495634       0.496199       0.496693       0.497123       0.497499       0.497826       0.498111       0.498358       0.498574       0.498761       0.498924       0.499065       0.499188       0.499295       0.499388       0.499468       0.499538       0.499599       0.499651       0.499697       0.499737       0.499772       0.499802       0.499828       0.499850       0.499870       0.499887       0.499902       0.499915       0.499926       0.499935       0.499944       0.499951       0.499957       0.499963       0.499968       0.499972       0.499975       0.499978       0.499981       0.499983       0.499985       0.499987       0.499989       0.499990       0.499991       0.499992       0.499993       0.499993       0.499994       0.499994       0.499994       0.499994       0.499994       0.499994       0.499994       0.499994       0.499994       0.499993       0.499993       0.499992       0.499991       0.499990       0.499989       0.499987       0.499985       0.499983       0.499981       0.499978       0.499975       0.499972       0.499968       0.499963       0.499957       0.499951       0.499944       0.499935       0.499926       0.499915       0.499902       0.499887       0.499870       0.499850       0.499828       0.499802       0.499772       0.499737       0.499697       0.499651       0.499599       0.499538       0.499468       0.499388       0.499295       0.499188       0.499065       0.498924       0.498761       0.498574       0.498358       0.498111       0.497826       0.497499       0.497123       0.496693       0.496199       0.495634       0.494989       0.494254       0.493418       0.492472       0.491406       0.490213       0.488889       0.487435       0.485864       0.484198       0.482483       0.480789       0.479216       0.477897       0.476994       0.476665       0.477024       0.478059       0.479569       0.481123       0.482115       0.481900       0.479994       0.476322       0.471509       0.467314       0.467314
       0.467314       0.467314       0.471509       0.476322       0.479994       0.481900       0.482115       0.481123       0.479569       0.478059       0.477024       0.476666       0.476994       0.477897       0.479216       0.480789       0.482483       0.484198       0.485864       0.487435       0.488889       0.490213       0.491406       0.492472       0.493418       0.494254       0.494989       0.495634       0.496199       0.496693       0.497123       0.497499       0.497826       0.498111       0.498358       0.498574       0.498761       0.498924       0.499065       0.499188       0.499295       0.499388       0.499468       0.499538       0.499599       0.499652       0.499697       0.499737       0.499772       0.499802       0.499828       0.499850       0.499870       0.499887       0.499902       0.499915       0.499926       0.499935       0.499944       0.499951       0.499957       0.499963       0.499968       0.499972       0.499975       0.499978       0.499981       0.499983       0.499985       0.499987       0.499989       0.499990       0.499991       0.499992       0.499993       0.499993       0.499994       0.499994       0.499994       0.499994       0.499994       0.499994       0.499994       0.499994       0.499994       0.499993       0.499993       0.499992       0.499991       0.499990       0.499989       0.499987       0.499985       0.499983       0.499981       0.499978       0.499975       0.499972       0.499968       0.499963       0.499957       0.499951       0.499944       0.499935       0.499926       0.499915       0.499902       0.499887       0.499870       0.499850       0.499828       0.499802       0.499772       0.499737       0.499697       0.499652       0.499599       0.499538       0.499468       0.499388       0.499295       0.499188       0.499065       0.498924       0.498761       0.498574       0.498358       0.498111       0.497826       0.497499       0.497123       0.496693       0.496199       0.495634       0.494989       0.494254       0.493418       0.492472       0.491406       0.490213       0.488889       0.487435       0.485864       0.484198       0.482483       0.480789       0.479216       0.477897       0.476994       0.476666       0.477024       0.478059       0.479569       0.481123       0.482115       0.481900       0.479994       0.476322       0.471509       0.467314       0.467314
       0.467314       0.467314       0.471509       0.476322       0.479994       0.481900       0.482115       0.481123       0.479569       0.478059       0.477024       0.476666       0.476994       0.477897       0.479216       0.480789       0.482483       0.484198       0.485864       0.487435       0.488889       0.490213       0.491406       0.492472       0.493418       0.494254       0.494989       0.495634       0.496199       0.496693       0.497123       0.497499       0.497826       0.498111       0.498358       0.498574       0.498761       0.498924       0.499065       0.499188       0.499295       0.499388       0.499468       0.499538       0.499599       0.499652       0.499697       0.499737       0.499772       0.499802       0.499828       0.499850       0.499870       0.499887       0.499902       0.499915       0.499926       0.499935       0.499944       0.499951       0.499957       0.499963       0.499968       0.499972       0.499975       0.499978       0.499981       0.499983       0.499985       0.499987       0.499989       0.499990       0.499991       0.499992       0.499993       0.499993       0.499994       0.499994       0.499994       0.499994       0.499995       0.499994       0.499994       0.499994       0.499994       0.499993       0.499993       0.499992       0.499991       0.499990       0.499989       0.499987       0.499985       0.499983       0.499981       0.499978       0.499975       0.499972       0.499968       0.499963       0.499957       0.499951       0.499944       0.499935       0.499926       0.499915       0.499902       0.499887       0.499870       0.499850       0.499828       0.499802       0.499772       0.499737       0.499697       0.499652       0.499599       0.499538       0.499468       0.499388       0.499295       0.499188       0.499065       0.498924       0.498761       0.498574       0.498358       0.498111       0.497826       0.497499       0.497123       0.496693       0.496199       0.495634       0.494989       0.494254       0.493418       0.492472       0.491406       0.490213       0.488889       0.487435       0.485864       0.484198       0.482483       0.480789       0.479216       0.477897       0.476994       0.476666       0.477024       0.478059       0.479569       0.481123       0.482115       0.481900       0.479994       0.476322       0.471509       0.467314       0.467314
       0.467314       0.467314       0.471509       0.476322       0.479994       0.481900       0.482115       0.481123       0.479569       0.478059       0.477024       0.476666       0.476994       0.477897       0.479216       0.480789       0.482483       0.484198       0.485864       0.487435       0.488889       0.490213       0.491406       0.492472       0.493418       0.494254       0.494989       0.495634       0.496199       0.496693       0.497123       0.497499       0.497826       0.498111       0.498358       0.498574       0.498761       0.498924       0.499065       0.499188       0.499295       0.499388       0.499468       0.499538       0.499599       0.499652       0.499697       0.499737       0.499772       0.499802       0.499828       0.499850       0.499870       0.499887       0.499902       0.499915       0.499926       0.499935       0.499944       0.499951       0.499957       0.499963       0.499968       0.499972       0.499975       0.499978       0.499981       0.499983       0.499985       0.499987       0.499989       0.499990       0.499991       0.499992       0.499993       0.499993       0.499994       0.499994       0.499994       0.499994       0.499995       0.499994       0.499994       0.499994       0.499994       0.499993       0.499993       0.499992       0.499991       0.499990       0.499989       0.499987       0.499985       0.499983       0.499981       0.499978       0.499975       0.499972       0.499968       0.499963       0.499957       0.499951       0.499944       0.499935       0.499926       0.499915       0.499902       0.499887       0.499870       0.499850       0.499828       0.499802       0.499772       0.499737       0.499697       0.499652       0.499599       0.499538       0.499468       0.499388       0.499295       0.499188       0.499065       0.498924       0.498761       0.498574       0.498358       0.498111       0.497826       0.497499       0.497123       0.496693       0.496199       0.495634       0.494989       0.494254       0.493418       0.492472       0.491406       0.490213       0.488889       0.487435       0.485864       0.484198       0.482483       0.480789       0.479216       0.477897       0.476994       0.476666       0.477024       0.478059       0.479569       0.481123       0.482115       0.481900       0.479994       0.476322       0.471509       0.467314       0.467314
       0.467314       0.467314       0.471509       0.476322       0.479994       0.481900       0.482115       0.481123       0.479569       0.478059       0.477024       0.476666       0.476994       0.477897       0.479216       0.480789       0.482483       0.484198       0.485864       0.487435       0.488889       0.490213       0.491406       0.492472       0.493418       0.494254       0.494989       0.495634       0.496199       0.496693       0.497123       0.497499       0.497826       0.498111       0.498358       0.498574       0.498761       0.498924       0.499065       0.499188       0.499295       0.499388       0.499468       0.499538       0.499599       0.499652       0.499697       0.499737       0.499772       0.499802       0.499828       0.499850       0.499870       0.499887       0.499902       0.499915       0.499926       0.499935       0.499944       0.499951       0.499957       0.499963       0.499968       0.499972       0.499975       0.499978       0.499981       0.499983       0.499985       0.499987       0.499989       0.499990       0.499991       0.499992       0.499993       0.499993       0.499994       0.499994       0.499994       0.499994       0.499995       0.499994       0.499994       0.499994       0.499994       0.499993       0.499993       0.499992       0.499991       0.499990       0.499989       0.499987       0.499985       0.499983       0.499981       0.499978       0.499975       0.499972       0.499968       0.499963       0.499957       0.499951       0.499944       0.499935       0.499926       0.499915       0.499902       0.499887       0.499870       0.499850       0.499828       0.499802       0.499772       0.499737       0.499697       0.499652       0.499599       0.499538       0.499468       0.499388       0.499295       0.499188       0.499065       0.498924       0.498761       0.498574       0.498358       0.498111       0.497826       0.497499       0.497123       0.496693       0.496199       0.495634       0.494989       0.494254       0.493418       0.492472       0.491406       0.490213       0.488889       0.487435       0.485864       0.484198       0.482483       0.480789       0.479216       0.477897       0.476994       0.476666       0.477024       0.478059       0.479569       0.481123       0.482115       0.481900       0.479994       0.476322       0.471509       0.467314       0.467314
