       0.281943       0.281943       0.293626       0.310872       0.329461       0.346662       0.361007       0.372018       0.379876       0.385066       0.388095       0.389333       0.388977       0.387089       0.383655       0.378630       0.371972       0.363654       0.353671       0.342041       0.328811       0.314056       0.297887       0.280448       0.261924       0.242537       0.222546       0.202239       0.181924       0.161915       0.142518       0.124019       0.106664       0.090654       0.076135       0.063195       0.051868       0.042139       0.033951       0.027217       0.021833       0.017683       0.014653       0.012636       0.011535       0.011258       0.011721       0.012844       0.014549       0.016756       0.019379       0.022321       0.025467       0.028683       0.031816       0.034689       0.037115       0.038894       0.039821       0.039701       0.038353       0.035622       0.031400       0.025643       0.018465       0.010649       0.008237       0.017460       0.030352       0.044678       0.059802       0.075254       0.090579       0.105327       0.119067       0.131400       0.141976       0.150503       0.156756       0.160571       0.161854       0.160571       0.156756       0.150503       0.141976       0.131400       0.119067       0.105327       0.090579       0.075254       0.059802       0.044678       0.030352       0.017460       0.008237       0.010649       0.018465       0.025643       0.031400       0.035622       0.038353       0.039701       0.039821       0.038894       0.037115       0.034689       0.031816       0.028683       0.025467       0.022321       0.019379       0.016756       0.014549       0.012844       0.011721       0.011258       0.011535       0.012636       0.014653       0.017683       0.021833       0.027217       0.033951       0.042139       0.051868       0.063195       0.076135       0.090654       0.106664       0.124019       0.142518       0.161915       0.181924       0.202239       0.222546       0.242537       0.261924       0.280448       0.297887       0.314056       0.328811       0.342041       0.353671       0.363654       0.371972       0.378630       0.383655       0.387089       0.388977       0.389333       0.388095       0.385066       0.379876       0.372018       0.361007       0.346662       0.329461       0.310872       0.293626       0.281943       0.281943
       0.281943       0.281943       0.293626       0.310872       0.329461       0.346662       0.361007       0.372018       0.379876       0.385066       0.388095       0.389333       0.388977       0.387089       0.383655       0.378630       0.371972       0.363654       0.353671       0.342041       0.328811       0.314056       0.297887       0.280448       0.261924       0.242537       0.222546       0.202239       0.181924       0.161915       0.142518       0.124019       0.106664       0.090654       0.076135       0.063195       0.051868       0.042139       0.033951       0.027217       0.021833       0.017683       0.014653       0.012636       0.011535       0.011258       0.011721       0.012844       0.014549       0.016756       0.019379       0.022321       0.025467       0.028683       0.031816       0.034689       0.037115       0.038894       0.039821       0.039701       0.038353       0.035622       0.031400       0.025643       0.018465       0.010649       0.008237       0.017460       0.030352       0.044678       0.059802       0.075254       0.090579       0.105327       0.119067       0.131400       0.141976       0.150503       0.156756       0.160571       0.161854       0.160571       0.156756       0.150503       0.141976       0.131400       0.119067       0.105327       0.090579       0.075254       0.059802       0.044678       0.030352       0.017460       0.008237       0.010649       0.018465       0.025643       0.031400       0.035622       0.038353       0.039701       0.039821       0.038894       0.037115       0.034689       0.031816       0.028683       0.025467       0.022321       0.019379       0.016756       0.014549       0.012844       0.011721       0.011258       0.011535       0.012636       0.014653       0.017683       0.021833       0.027217       0.033951       0.042139       0.051868       0.063195       0.076135       0.090654       0.106664       0.124019       0.142518       0.161915       0.181924       0.202239       0.222546       0.242537       0.261924       0.280448       0.297887       0.314056       0.328811       0.342041       0.353671       0.363654       0.371972       0.378630       0.383655       0.387089       0.388977       0.389333       0.388095       0.385066       0.379876       0.372018       0.361007       0.346662       0.329461       0.310872       0.293626       0.281943       0.281943
       0.281886       0.281886       0.293569       0.310816       0.329407       0.346612       0.360961       0.371976       0.379839       0.385033       0.388066       0.389308       0.388956       0.387072       0.383641       0.378620       0.371965       0.363650       0.353669       0.342041       0.328813       0.314060       0.297892       0.280455       0.261932       0.242545       0.222555       0.202247       0.181930       0.161919       0.142519       0.124013       0.106650       0.090627       0.076088       0.063120       0.051754       0.041970       0.033708       0.026880       0.021377       0.017090       0.013923       0.011797       0.010655       0.010430       0.011023       0.012313       0.014184       0.016538       0.019285       0.022333       0.025575       0.028884       0.032116       0.035105       0.037672       0.039630       0.040794       0.040993       0.040088       0.037994       0.034729       0.030504       0.025955       0.022632       0.023190       0.029138       0.039247       0.051845       0.065846       0.080512       0.095255       0.109553       0.122938       0.134988       0.145341       0.153701       0.159835       0.163581       0.164840       0.163581       0.159835       0.153701       0.145341       0.134988       0.122938       0.109553       0.095255       0.080512       0.065846       0.051845       0.039247       0.029138       0.023190       0.022632       0.025955       0.030504       0.034729       0.037994       0.040088       0.040993       0.040794       0.039630       0.037672       0.035105       0.032116       0.028884       0.025575       0.022333       0.019285       0.016538       0.014184       0.012313       0.011023       0.010430       0.010655       0.011797       0.013923       0.017090       0.021377       0.026880       0.033708       0.041970       0.051754       0.063120       0.076088       0.090627       0.106650       0.124013       0.142519       0.161919       0.181930       0.202247       0.222555       0.242545       0.261932       0.280455       0.297892       0.314060       0.328813       0.342041       0.353669       0.363650       0.371965       0.378620       0.383641       0.387072       0.388956       0.389308       0.388066       0.385033       0.379839       0.371976       0.360961       0.346612       0.329407       0.310816       0.293569       0.281886       0.281886
       0.281771       0.281771       0.293455       0.310704       0.329300       0.346511       0.360868       0.371892       0.379764       0.384967       0.388008       0.389258       0.388914       0.387037       0.383613       0.378598       0.371950       0.363640       0.353664       0.342041       0.328817       0.314068       0.297904       0.280468       0.261947       0.242562       0.222572       0.202264       0.181945       0.161929       0.142523       0.124008       0.106629       0.090584       0.076012       0.062997       0.051564       0.041687       0.033298       0.026301       0.020583       0.016036       0.012583       0.010208       0.008956       0.008839       0.009717       0.011353       0.013548       0.016177       0.019152       0.022393       0.025811       0.029295       0.032716       0.035924       0.038761       0.041061       0.042668       0.043454       0.043336       0.042318       0.040540       0.038370       0.036515       0.036083       0.038303       0.043860       0.052548       0.063645       0.076352       0.089955       0.103826       0.117405       0.130195       0.141758       0.151722       0.159782       0.165705       0.169324       0.170541       0.169324       0.165705       0.159782       0.151722       0.141758       0.130195       0.117405       0.103826       0.089955       0.076352       0.063645       0.052548       0.043860       0.038303       0.036083       0.036515       0.038370       0.040540       0.042318       0.043336       0.043454       0.042668       0.041061       0.038761       0.035924       0.032716       0.029295       0.025811       0.022393       0.019152       0.016177       0.013548       0.011353       0.009717       0.008839       0.008956       0.010208       0.012583       0.016036       0.020583       0.026301       0.033298       0.041687       0.051564       0.062997       0.076012       0.090584       0.106629       0.124008       0.142523       0.161929       0.181945       0.202264       0.222572       0.242562       0.261947       0.280468       0.297904       0.314068       0.328817       0.342041       0.353664       0.363640       0.371950       0.378598       0.383613       0.387037       0.388914       0.389258       0.388008       0.384967       0.379764       0.371892       0.360868       0.346511       0.329300       0.310704       0.293455       0.281771       0.281771
       0.281597       0.281597       0.293282       0.310535       0.329137       0.346358       0.360727       0.371765       0.379650       0.384866       0.387921       0.389183       0.388850       0.386985       0.383571       0.378566       0.371927       0.363625       0.353657       0.342041       0.328824       0.314080       0.297920       0.280489       0.261971       0.242588       0.222598       0.202290       0.181969       0.161950       0.142537       0.124011       0.106616       0.090546       0.075938       0.062871       0.051364       0.041383       0.032850       0.025657       0.019677       0.014787       0.010909       0.008081       0.006558       0.006623       0.008015       0.010190       0.012833       0.015815       0.019077       0.022565       0.026213       0.029932       0.033613       0.037129       0.040341       0.043113       0.045323       0.046882       0.047763       0.048029       0.047879       0.047692       0.048048       0.049671       0.053249       0.059184       0.067465       0.077746       0.089506       0.102171       0.115170       0.127967       0.140072       0.151051       0.160533       0.168218       0.173870       0.177327       0.178490       0.177327       0.173870       0.168218       0.160533       0.151051       0.140072       0.127967       0.115170       0.102171       0.089506       0.077746       0.067465       0.059184       0.053249       0.049671       0.048048       0.047692       0.047879       0.048029       0.047763       0.046882       0.045323       0.043113       0.040341       0.037129       0.033613       0.029932       0.026213       0.022565       0.019077       0.015815       0.012833       0.010190       0.008015       0.006623       0.006558       0.008081       0.010909       0.014787       0.019677       0.025657       0.032850       0.041383       0.051364       0.062871       0.075938       0.090546       0.106616       0.124011       0.142537       0.161950       0.181969       0.202290       0.222598       0.242588       0.261971       0.280489       0.297920       0.314080       0.328824       0.342041       0.353657       0.363625       0.371927       0.378566       0.383571       0.386985       0.388850       0.389183       0.387921       0.384866       0.379650       0.371765       0.360727       0.346358       0.329137       0.310535       0.293282       0.281597       0.281597
       0.281360       0.281360       0.293046       0.310304       0.328916       0.346152       0.360537       0.371593       0.379496       0.384731       0.387802       0.389081       0.388764       0.386914       0.383515       0.378523       0.371895       0.363606       0.353648       0.342042       0.328832       0.314096       0.297943       0.280517       0.262003       0.242623       0.222635       0.202327       0.182006       0.161983       0.142565       0.124031       0.106623       0.090535       0.075900       0.062793       0.051228       0.041165       0.032517       0.025162       0.018954       0.013739       0.009387       0.005873       0.003661       0.004075       0.006362       0.009208       0.012314       0.015641       0.019184       0.022926       0.026824       0.030813       0.034804       0.038691       0.042360       0.045699       0.048617       0.051061       0.053038       0.054641       0.056075       0.057666       0.059855       0.063131       0.067924       0.074491       0.082854       0.092811       0.104000       0.115972       0.128238       0.140318       0.151754       0.162138       0.171115       0.178395       0.183754       0.187032       0.188135       0.187032       0.183754       0.178395       0.171115       0.162138       0.151754       0.140318       0.128238       0.115972       0.104000       0.092811       0.082854       0.074491       0.067924       0.063131       0.059855       0.057666       0.056075       0.054641       0.053038       0.051061       0.048617       0.045699       0.042360       0.038691       0.034804       0.030813       0.026824       0.022926       0.019184       0.015641       0.012314       0.009208       0.006362       0.004075       0.003661       0.005873       0.009387       0.013739       0.018954       0.025162       0.032517       0.041165       0.051228       0.062793       0.075900       0.090535       0.106623       0.124031       0.142565       0.161983       0.182006       0.202327       0.222635       0.242623       0.262003       0.280517       0.297943       0.314096       0.328832       0.342042       0.353648       0.363606       0.371895       0.378523       0.383515       0.386914       0.388764       0.389081       0.387802       0.384731       0.379496       0.371593       0.360537       0.346152       0.328916       0.310304       0.293046       0.281360       0.281360
       0.281059       0.281059       0.292746       0.310011       0.328635       0.345888       0.360295       0.371374       0.379301       0.384558       0.387652       0.388952       0.388656       0.386824       0.383443       0.378468       0.371856       0.363581       0.353637       0.342042       0.328843       0.314117       0.297972       0.280553       0.262044       0.242668       0.222683       0.202377       0.182056       0.162033       0.142612       0.124075       0.106663       0.090567       0.075923       0.062801       0.051215       0.041121       0.032426       0.025003       0.018694       0.013324       0.008712       0.004680       0.001064       0.002343       0.005613       0.008896       0.012281       0.015832       0.019584       0.023541       0.027679       0.031950       0.036279       0.040580       0.044758       0.048725       0.052414       0.055794       0.058892       0.061805       0.064716       0.067890       0.071653       0.076344       0.082248       0.089532       0.098208       0.108129       0.119021       0.130522       0.142220       0.153692       0.164529       0.174355       0.182846       0.189729       0.194795       0.197894       0.198936       0.197894       0.194795       0.189729       0.182846       0.174355       0.164529       0.153692       0.142220       0.130522       0.119021       0.108129       0.098208       0.089532       0.082248       0.076344       0.071653       0.067890       0.064716       0.061805       0.058892       0.055794       0.052414       0.048725       0.044758       0.040580       0.036279       0.031950       0.027679       0.023541       0.019584       0.015832       0.012281       0.008896       0.005613       0.002343       0.001064       0.004680       0.008712       0.013324       0.018694       0.025003       0.032426       0.041121       0.051215       0.062801       0.075923       0.090567       0.106663       0.124075       0.142612       0.162033       0.182056       0.202377       0.222683       0.242668       0.262044       0.280553       0.297972       0.314117       0.328843       0.342042       0.353637       0.363581       0.371856       0.378468       0.383443       0.386824       0.388656       0.388952       0.387652       0.384558       0.379301       0.371374       0.360295       0.345888       0.328635       0.310011       0.292746       0.281059       0.281059
       0.280688       0.280688       0.292377       0.309650       0.328289       0.345564       0.359998       0.371105       0.379061       0.384347       0.387468       0.388795       0.388523       0.386715       0.383356       0.378401       0.371809       0.363551       0.353623       0.342043       0.328857       0.314142       0.298006       0.280596       0.262094       0.242723       0.222743       0.202439       0.182120       0.162098       0.142680       0.124145       0.106737       0.090648       0.076015       0.062909       0.051346       0.041283       0.032631       0.025264       0.019031       0.013773       0.009349       0.005719       0.003375       0.003945       0.006487       0.009555       0.012892       0.016481       0.020331       0.024442       0.028792       0.033338       0.038017       0.042756       0.047475       0.052104       0.056590       0.060918       0.065119       0.069280       0.073554       0.078145       0.083293       0.089235       0.096159       0.104170       0.113260       0.123304       0.134075       0.145270       0.156540       0.167515       0.177835       0.187164       0.195208       0.201720       0.206509       0.209437       0.210422       0.209437       0.206509       0.201720       0.195208       0.187164       0.177835       0.167515       0.156540       0.145270       0.134075       0.123304       0.113260       0.104170       0.096159       0.089235       0.083293       0.078145       0.073554       0.069280       0.065119       0.060918       0.056590       0.052104       0.047475       0.042756       0.038017       0.033338       0.028792       0.024442       0.020331       0.016481       0.012892       0.009555       0.006487       0.003945       0.003375       0.005719       0.009349       0.013773       0.019031       0.025264       0.032631       0.041283       0.051346       0.062909       0.076015       0.090648       0.106737       0.124145       0.142680       0.162098       0.182120       0.202439       0.222743       0.242723       0.262094       0.280596       0.298006       0.314142       0.328857       0.342043       0.353623       0.363551       0.371809       0.378401       0.383356       0.386715       0.388523       0.388795       0.387468       0.384347       0.379061       0.371105       0.359998       0.345564       0.328289       0.309650       0.292377       0.280688       0.280688
       0.280243       0.280243       0.291935       0.309217       0.327875       0.345176       0.359641       0.370784       0.378775       0.384095       0.387249       0.388607       0.388365       0.386585       0.383252       0.378322       0.371752       0.363516       0.353606       0.342043       0.328873       0.314172       0.298048       0.280647       0.262153       0.242789       0.222813       0.202513       0.182196       0.162178       0.142764       0.124236       0.106839       0.090769       0.076164       0.063101       0.051598       0.041621       0.033087       0.025884       0.019876       0.014939       0.010990       0.008087       0.006558       0.006785       0.008472       0.011008       0.014070       0.017547       0.021401       0.025610       0.030142       0.034954       0.039987       0.045175       0.050451       0.055754       0.061043       0.066305       0.071567       0.076902       0.082428       0.088298       0.094682       0.101743       0.109603       0.118317       0.127855       0.138101       0.148856       0.159858       0.170806       0.181378       0.191259       0.200152       0.207796       0.213972       0.218506       0.221276       0.222207       0.221276       0.218506       0.213972       0.207796       0.200152       0.191259       0.181378       0.170806       0.159858       0.148856       0.138101       0.127855       0.118317       0.109603       0.101743       0.094682       0.088298       0.082428       0.076902       0.071567       0.066305       0.061043       0.055754       0.050451       0.045175       0.039987       0.034954       0.030142       0.025610       0.021401       0.017547       0.014070       0.011008       0.008472       0.006785       0.006558       0.008087       0.010990       0.014939       0.019876       0.025884       0.033087       0.041621       0.051598       0.063101       0.076164       0.090769       0.106839       0.124236       0.142764       0.162178       0.182196       0.202513       0.222813       0.242789       0.262153       0.280647       0.298048       0.314172       0.328873       0.342043       0.353606       0.363516       0.371752       0.378322       0.383252       0.386585       0.388365       0.388607       0.387249       0.384095       0.378775       0.370784       0.359641       0.345176       0.327875       0.309217       0.291935       0.280243       0.280243
       0.279718       0.279718       0.291412       0.308706       0.327386       0.344719       0.359222       0.370405       0.378438       0.383799       0.386993       0.388387       0.388180       0.386433       0.383131       0.378230       0.371687       0.363475       0.353587       0.342045       0.328892       0.314206       0.298096       0.280706       0.262221       0.242864       0.222893       0.202597       0.182284       0.162268       0.142859       0.124339       0.106956       0.090908       0.076339       0.063330       0.051908       0.042044       0.033669       0.026681       0.020962       0.016404       0.012937       0.010571       0.009401       0.009491       0.010707       0.012796       0.015556       0.018876       0.022696       0.026977       0.031678       0.036752       0.042142       0.047788       0.053626       0.059604       0.065683       0.071850       0.078123       0.084555       0.091231       0.098259       0.105755       0.113824       0.122536       0.131909       0.141895       0.152376       0.163172       0.174054       0.184755       0.194998       0.204506       0.213021       0.220311       0.226185       0.230490       0.233116       0.233999       0.233116       0.230490       0.226185       0.220311       0.213021       0.204506       0.194998       0.184755       0.174054       0.163172       0.152376       0.141895       0.131909       0.122536       0.113824       0.105755       0.098259       0.091231       0.084555       0.078123       0.071850       0.065683       0.059604       0.053626       0.047788       0.042142       0.036752       0.031678       0.026977       0.022696       0.018876       0.015556       0.012796       0.010707       0.009491       0.009401       0.010571       0.012937       0.016404       0.020962       0.026681       0.033669       0.042044       0.051908       0.063330       0.076339       0.090908       0.106956       0.124339       0.142859       0.162268       0.182284       0.202597       0.222893       0.242864       0.262221       0.280706       0.298096       0.314206       0.328892       0.342045       0.353587       0.363475       0.371687       0.378230       0.383131       0.386433       0.388180       0.388387       0.386993       0.383799       0.378438       0.370405       0.359222       0.344719       0.327386       0.308706       0.291412       0.279718       0.279718
       0.279107       0.279107       0.290804       0.308111       0.326818       0.344188       0.358735       0.369966       0.378048       0.383457       0.386696       0.388134       0.387968       0.386259       0.382993       0.378125       0.371612       0.363428       0.353566       0.342046       0.328914       0.314246       0.298150       0.280773       0.262298       0.242949       0.222983       0.202690       0.182379       0.162365       0.142957       0.124442       0.107069       0.091039       0.076500       0.063539       0.052190       0.042432       0.034205       0.027418       0.021962       0.017728       0.014627       0.012604       0.011633       0.011682       0.012675       0.014500       0.017055       0.020264       0.024075       0.028443       0.033326       0.038672       0.044429       0.050538       0.056940       0.063585       0.070434       0.077470       0.084699       0.092152       0.099884       0.107964       0.116463       0.125441       0.134926       0.144906       0.155316       0.166038       0.176904       0.187708       0.198217       0.208186       0.217376       0.225560       0.232539       0.238145       0.242244       0.244742       0.245580       0.244742       0.242244       0.238145       0.232539       0.225560       0.217376       0.208186       0.198217       0.187708       0.176904       0.166038       0.155316       0.144906       0.134926       0.125441       0.116463       0.107964       0.099884       0.092152       0.084699       0.077470       0.070434       0.063585       0.056940       0.050538       0.044429       0.038672       0.033326       0.028443       0.024075       0.020264       0.017055       0.014500       0.012675       0.011682       0.011633       0.012604       0.014627       0.017728       0.021962       0.027418       0.034205       0.042432       0.052190       0.063539       0.076500       0.091039       0.107069       0.124442       0.142957       0.162365       0.182379       0.202690       0.222983       0.242949       0.262298       0.280773       0.298150       0.314246       0.328914       0.342046       0.353566       0.363428       0.371612       0.378125       0.382993       0.386259       0.387968       0.388134       0.386696       0.383457       0.378048       0.369966       0.358735       0.344188       0.326818       0.308111       0.290804       0.279107       0.279107
       0.278400       0.278400       0.290101       0.307424       0.326162       0.343575       0.358174       0.369461       0.377600       0.383064       0.386356       0.387844       0.387725       0.386061       0.382835       0.378005       0.371528       0.363375       0.353542       0.342048       0.328939       0.314290       0.298212       0.280849       0.262385       0.243043       0.223082       0.202792       0.182480       0.162464       0.143053       0.124536       0.107162       0.091137       0.076610       0.063673       0.052364       0.042670       0.034536       0.027879       0.022594       0.018570       0.015698       0.013885       0.013052       0.013136       0.014077       0.015820       0.018316       0.021521       0.025396       0.029904       0.035004       0.040650       0.046791       0.053371       0.060337       0.067638       0.075233       0.083099       0.091227       0.099628       0.108329       0.117365       0.126770       0.136565       0.146746       0.157277       0.168078       0.179031       0.189977       0.200730       0.211081       0.220819       0.229733       0.237629       0.244333       0.249701       0.253617       0.256000       0.256800       0.256000       0.253617       0.249701       0.244333       0.237629       0.229733       0.220819       0.211081       0.200730       0.189977       0.179031       0.168078       0.157277       0.146746       0.136565       0.126770       0.117365       0.108329       0.099628       0.091227       0.083099       0.075233       0.067638       0.060337       0.053371       0.046791       0.040650       0.035004       0.029904       0.025396       0.021521       0.018316       0.015820       0.014077       0.013136       0.013052       0.013885       0.015698       0.018570       0.022594       0.027879       0.034536       0.042670       0.052364       0.063673       0.076610       0.091137       0.107162       0.124536       0.143053       0.162464       0.182480       0.202792       0.223082       0.243043       0.262385       0.280849       0.298212       0.314290       0.328939       0.342048       0.353542       0.363375       0.371528       0.378005       0.382835       0.386061       0.387725       0.387844       0.386356       0.383064       0.377600       0.369461       0.358174       0.343575       0.326162       0.307424       0.290101       0.278400       0.278400
       0.277591       0.277591       0.289296       0.306638       0.325410       0.342874       0.357533       0.368885       0.377090       0.382618       0.385971       0.387516       0.387451       0.385837       0.382658       0.377871       0.371433       0.363317       0.353516       0.342051       0.328967       0.314341       0.298281       0.280934       0.262481       0.243148       0.223191       0.202901       0.182587       0.162565       0.143145       0.124615       0.107227       0.091187       0.076645       0.063696       0.052377       0.042680       0.034554       0.027919       0.022677       0.018719       0.015939       0.014236       0.013520       0.013711       0.014747       0.016582       0.019179       0.022511       0.026552       0.031275       0.036646       0.042628       0.049175       0.056239       0.063767       0.071710       0.080025       0.088680       0.097651       0.106932       0.116522       0.126426       0.136648       0.147177       0.157982       0.169007       0.180162       0.191326       0.202351       0.213065       0.223284       0.232821       0.241495       0.249137       0.255598       0.260755       0.264508       0.266789       0.267553       0.266789       0.264508       0.260755       0.255598       0.249137       0.241495       0.232821       0.223284       0.213065       0.202351       0.191326       0.180162       0.169007       0.157982       0.147177       0.136648       0.126426       0.116522       0.106932       0.097651       0.088680       0.080025       0.071710       0.063767       0.056239       0.049175       0.042628       0.036646       0.031275       0.026552       0.022511       0.019179       0.016582       0.014747       0.013711       0.013520       0.014236       0.015939       0.018719       0.022677       0.027919       0.034554       0.042680       0.052377       0.063696       0.076645       0.091187       0.107227       0.124615       0.143145       0.162565       0.182587       0.202901       0.223191       0.243148       0.262481       0.280934       0.298281       0.314341       0.328967       0.342051       0.353516       0.363317       0.371433       0.377871       0.382658       0.385837       0.387451       0.387516       0.385971       0.382618       0.377090       0.368885       0.357533       0.342874       0.325410       0.306638       0.289296       0.277591       0.277591
       0.276668       0.276668       0.288379       0.305742       0.324555       0.342076       0.356805       0.368232       0.376511       0.382113       0.385536       0.387147       0.387143       0.385586       0.382460       0.377722       0.371328       0.363252       0.353488       0.342055       0.329000       0.314398       0.298359       0.281028       0.262589       0.243264       0.223312       0.203021       0.182701       0.162668       0.143233       0.124682       0.107267       0.091192       0.076607       0.063605       0.052224       0.042451       0.034235       0.027500       0.022152       0.018099       0.015263       0.013574       0.012964       0.013347       0.014627       0.016724       0.019584       0.023180       0.027493       0.032510       0.038210       0.044566       0.051544       0.059100       0.067188       0.075759       0.084766       0.094167       0.103929       0.114022       0.124426       0.135119       0.146077       0.157263       0.168625       0.180089       0.191559       0.202911       0.214006       0.224687       0.234791       0.244152       0.252613       0.260030       0.266276       0.271245       0.274854       0.277043       0.277777       0.277043       0.274854       0.271245       0.266276       0.260030       0.252613       0.244152       0.234791       0.224687       0.214006       0.202911       0.191559       0.180089       0.168625       0.157263       0.146077       0.135119       0.124426       0.114022       0.103929       0.094167       0.084766       0.075759       0.067188       0.059100       0.051544       0.044566       0.038210       0.032510       0.027493       0.023180       0.019584       0.016724       0.014627       0.013347       0.012964       0.013574       0.015263       0.018099       0.022152       0.027500       0.034235       0.042451       0.052224       0.063605       0.076607       0.091192       0.107267       0.124682       0.143233       0.162668       0.182701       0.203021       0.223312       0.243264       0.262589       0.281028       0.298359       0.314398       0.329000       0.342055       0.353488       0.363252       0.371328       0.377722       0.382460       0.385586       0.387143       0.387147       0.385536       0.382113       0.376511       0.368232       0.356805       0.342076       0.324555       0.305742       0.288379       0.276668       0.276668
       0.275621       0.275621       0.287338       0.304725       0.323586       0.341173       0.355981       0.367494       0.375860       0.381546       0.385048       0.386734       0.386800       0.385307       0.382241       0.377557       0.371213       0.363181       0.353457       0.342060       0.329037       0.314462       0.298447       0.281134       0.262709       0.243393       0.223445       0.203153       0.182827       0.162781       0.143325       0.124746       0.107293       0.091169       0.076520       0.063435       0.051947       0.042037       0.033649       0.026701       0.021102       0.016781       0.013708       0.011908       0.011396       0.012082       0.013778       0.016310       0.019583       0.023560       0.028236       0.033614       0.039689       0.046451       0.053875       0.061929       0.070570       0.079749       0.089418       0.099525       0.110024       0.120869       0.132017       0.143425       0.155044       0.166817       0.178673       0.190525       0.202270       0.213787       0.224941       0.235591       0.245590       0.254794       0.263066       0.270283       0.276337       0.281140       0.284620       0.286728       0.287434       0.286728       0.284620       0.281140       0.276337       0.270283       0.263066       0.254794       0.245590       0.235591       0.224941       0.213787       0.202270       0.190525       0.178673       0.166817       0.155044       0.143425       0.132017       0.120869       0.110024       0.099525       0.089418       0.079749       0.070570       0.061929       0.053875       0.046451       0.039689       0.033614       0.028236       0.023560       0.019583       0.016310       0.013778       0.012082       0.011396       0.011908       0.013708       0.016781       0.021102       0.026701       0.033649       0.042037       0.051947       0.063435       0.076520       0.091169       0.107293       0.124746       0.143325       0.162781       0.182827       0.203153       0.223445       0.243393       0.262709       0.281134       0.298447       0.314462       0.329037       0.342060       0.353457       0.363181       0.371213       0.377557       0.382241       0.385307       0.386800       0.386734       0.385048       0.381546       0.375860       0.367494       0.355981       0.341173       0.323586       0.304725       0.287338       0.275621       0.275621
       0.274437       0.274437       0.286161       0.303577       0.322492       0.340155       0.355053       0.366664       0.375129       0.380910       0.384504       0.386274       0.386419       0.384998       0.381999       0.377375       0.371087       0.363105       0.353425       0.342068       0.329079       0.314535       0.298544       0.281252       0.262842       0.243537       0.223594       0.203302       0.182968       0.162909       0.143432       0.124822       0.107329       0.091150       0.076429       0.063249       0.051635       0.041559       0.032954       0.025722       0.019762       0.015003       0.011467       0.009346       0.008912       0.010085       0.012415       0.015547       0.019341       0.023773       0.028862       0.034634       0.041108       0.048288       0.056164       0.064711       0.073891       0.083657       0.093955       0.104726       0.115910       0.127447       0.139275       0.151329       0.163542       0.175838       0.188130       0.200322       0.212306       0.223963       0.235165       0.245783       0.255686       0.264747       0.272850       0.279888       0.285771       0.290425       0.293790       0.295826       0.296508       0.295826       0.293790       0.290425       0.285771       0.279888       0.272850       0.264747       0.255686       0.245783       0.235165       0.223963       0.212306       0.200322       0.188130       0.175838       0.163542       0.151329       0.139275       0.127447       0.115910       0.104726       0.093955       0.083657       0.073891       0.064711       0.056164       0.048288       0.041108       0.034634       0.028862       0.023773       0.019341       0.015547       0.012415       0.010085       0.008912       0.009346       0.011467       0.015003       0.019762       0.025722       0.032954       0.041559       0.051635       0.063249       0.076429       0.091150       0.107329       0.124822       0.143432       0.162909       0.182968       0.203302       0.223594       0.243537       0.262842       0.281252       0.298544       0.314535       0.329079       0.342068       0.353425       0.363105       0.371087       0.377375       0.381999       0.384998       0.386419       0.386274       0.384504       0.380910       0.375129       0.366664       0.355053       0.340155       0.322492       0.303577       0.286161       0.274437       0.274437
       0.273102       0.273102       0.284835       0.302284       0.321260       0.339010       0.354012       0.365734       0.374312       0.380202       0.383898       0.385764       0.385997       0.384658       0.381733       0.377177       0.370949       0.363022       0.353392       0.342078       0.329127       0.314616       0.298653       0.281384       0.262992       0.243698       0.223762       0.203471       0.183132       0.163061       0.143565       0.124928       0.107398       0.091171       0.076386       0.063122       0.051396       0.041170       0.032362       0.024854       0.018514       0.013227       0.008979       0.006131       0.005720       0.007761       0.010972       0.014788       0.019119       0.024000       0.029492       0.035650       0.042513       0.050103       0.058418       0.067442       0.077140       0.087464       0.098356       0.109747       0.121567       0.133740       0.146186       0.158824       0.171569       0.184328       0.197004       0.209493       0.221683       0.233457       0.244696       0.255280       0.265093       0.274024       0.281974       0.288852       0.294582       0.299103       0.302366       0.304338       0.304997       0.304338       0.302366       0.299103       0.294582       0.288852       0.281974       0.274024       0.265093       0.255280       0.244696       0.233457       0.221683       0.209493       0.197004       0.184328       0.171569       0.158824       0.146186       0.133740       0.121567       0.109747       0.098356       0.087464       0.077140       0.067442       0.058418       0.050103       0.042513       0.035650       0.029492       0.024000       0.019119       0.014788       0.010972       0.007761       0.005720       0.006131       0.008979       0.013227       0.018514       0.024854       0.032362       0.041170       0.051396       0.063122       0.076386       0.091171       0.107398       0.124928       0.143565       0.163061       0.183132       0.203471       0.223762       0.243698       0.262992       0.281384       0.298653       0.314616       0.329127       0.342078       0.353392       0.363022       0.370949       0.377177       0.381733       0.384658       0.385997       0.385764       0.383898       0.380202       0.374312       0.365734       0.354012       0.339010       0.321260       0.302284       0.284835       0.273102       0.273102
       0.271601       0.271601       0.283344       0.300830       0.319877       0.337726       0.352846       0.364696       0.373401       0.379415       0.383227       0.385202       0.385534       0.384285       0.381443       0.376962       0.370801       0.362934       0.353358       0.342091       0.329182       0.314706       0.298774       0.281530       0.263158       0.243879       0.223951       0.203663       0.183322       0.163243       0.143733       0.125078       0.107522       0.091263       0.076438       0.063122       0.051329       0.041014       0.032084       0.024405       0.017815       0.012136       0.007199       0.002988       0.002390       0.006059       0.010129       0.014476       0.019206       0.024433       0.030252       0.036741       0.043954       0.051920       0.060647       0.070121       0.080308       0.091157       0.102604       0.114573       0.126979       0.139733       0.152742       0.165906       0.179125       0.192295       0.205309       0.218054       0.230420       0.242291       0.253556       0.264104       0.273832       0.282645       0.290456       0.297189       0.302783       0.307185       0.310357       0.312271       0.312911       0.312271       0.310357       0.307185       0.302783       0.297189       0.290456       0.282645       0.273832       0.264104       0.253556       0.242291       0.230420       0.218054       0.205309       0.192295       0.179125       0.165906       0.152742       0.139733       0.126979       0.114573       0.102604       0.091157       0.080308       0.070121       0.060647       0.051920       0.043954       0.036741       0.030252       0.024433       0.019206       0.014476       0.010129       0.006059       0.002390       0.002988       0.007199       0.012136       0.017815       0.024405       0.032084       0.041014       0.051329       0.063122       0.076438       0.091263       0.107522       0.125078       0.143733       0.163243       0.183322       0.203663       0.223951       0.243879       0.263158       0.281530       0.298774       0.314706       0.329182       0.342091       0.353358       0.362934       0.370801       0.376962       0.381443       0.384285       0.385534       0.385202       0.383227       0.379415       0.373401       0.364696       0.352846       0.337726       0.319877       0.300830       0.283344       0.271601       0.271601
       0.269916       0.269916       0.281670       0.299200       0.318327       0.336289       0.351545       0.363539       0.372390       0.378544       0.382488       0.384583       0.385026       0.383879       0.381127       0.376729       0.370642       0.362841       0.353323       0.342108       0.329244       0.314808       0.298909       0.281692       0.263342       0.244079       0.224163       0.203880       0.183540       0.163458       0.143942       0.125278       0.107712       0.091443       0.076609       0.063286       0.051489       0.041173       0.032247       0.024576       0.017999       0.012346       0.007474       0.003516       0.003054       0.006458       0.010526       0.014951       0.019808       0.025202       0.031227       0.037962       0.045461       0.053757       0.062856       0.072745       0.083386       0.094724       0.106687       0.119189       0.132134       0.145420       0.158937       0.172574       0.186217       0.199750       0.213058       0.226026       0.238541       0.250491       0.261771       0.272282       0.281931       0.290634       0.298319       0.304923       0.310393       0.314690       0.317780       0.319643       0.320266       0.319643       0.317780       0.314690       0.310393       0.304923       0.298319       0.290634       0.281931       0.272282       0.261771       0.250491       0.238541       0.226026       0.213058       0.199750       0.186217       0.172574       0.158937       0.145420       0.132134       0.119189       0.106687       0.094724       0.083386       0.072745       0.062856       0.053757       0.045461       0.037962       0.031227       0.025202       0.019808       0.014951       0.010526       0.006458       0.003054       0.003516       0.007474       0.012346       0.017999       0.024576       0.032247       0.041173       0.051489       0.063286       0.076609       0.091443       0.107712       0.125278       0.143942       0.163458       0.183540       0.203880       0.224163       0.244079       0.263342       0.281692       0.298909       0.314808       0.329244       0.342108       0.353323       0.362841       0.370642       0.376729       0.381127       0.383879       0.385026       0.384583       0.382488       0.378544       0.372390       0.363539       0.351545       0.336289       0.318327       0.299200       0.281670       0.269916       0.269916
       0.268028       0.268028       0.279796       0.297375       0.316594       0.334686       0.350095       0.362254       0.371271       0.377583       0.381674       0.383906       0.384472       0.383437       0.380787       0.376479       0.370473       0.362743       0.353289       0.342129       0.329314       0.314920       0.299058       0.281871       0.263545       0.244301       0.224398       0.204124       0.183788       0.163707       0.144191       0.125527       0.107965       0.091706       0.076893       0.063607       0.051868       0.041640       0.032842       0.025356       0.019054       0.013830       0.009698       0.007044       0.006756       0.008808       0.012141       0.016221       0.020937       0.026319       0.032425       0.039316       0.047036       0.055609       0.065038       0.075304       0.086363       0.098152       0.110592       0.123585       0.137024       0.150794       0.164771       0.178832       0.192852       0.206705       0.220270       0.233430       0.246070       0.258084       0.269372       0.279844       0.289417       0.298020       0.305590       0.312077       0.317438       0.321639       0.324657       0.326475       0.327081       0.326475       0.324657       0.321639       0.317438       0.312077       0.305590       0.298020       0.289417       0.279844       0.269372       0.258084       0.246070       0.233430       0.220270       0.206705       0.192852       0.178832       0.164771       0.150794       0.137024       0.123585       0.110592       0.098152       0.086363       0.075304       0.065038       0.055609       0.047036       0.039316       0.032425       0.026319       0.020937       0.016221       0.012141       0.008808       0.006756       0.007044       0.009698       0.013830       0.019054       0.025356       0.032842       0.041640       0.051868       0.063607       0.076893       0.091706       0.107965       0.125527       0.144191       0.163707       0.183788       0.204124       0.224398       0.244301       0.263545       0.281871       0.299058       0.314920       0.329314       0.342129       0.353289       0.362743       0.370473       0.376479       0.380787       0.383437       0.384472       0.383906       0.381674       0.377583       0.371271       0.362254       0.350095       0.334686       0.316594       0.297375       0.279796       0.268028       0.268028
       0.265915       0.265915       0.277698       0.295335       0.314660       0.332899       0.348484       0.360831       0.370035       0.376526       0.380783       0.383167       0.383871       0.382960       0.380421       0.376212       0.370293       0.362642       0.353255       0.342156       0.329394       0.315045       0.299221       0.282067       0.263767       0.244544       0.224655       0.204391       0.184061       0.163984       0.144472       0.125814       0.108265       0.092029       0.077257       0.064035       0.052395       0.042312       0.033720       0.026524       0.020623       0.015951       0.012540       0.010582       0.010323       0.011704       0.014354       0.017964       0.022409       0.027669       0.033772       0.040752       0.048641       0.057449       0.067172       0.077780       0.089222       0.101428       0.114307       0.127751       0.141642       0.155851       0.170244       0.184685       0.199039       0.213175       0.226964       0.240288       0.253033       0.265097       0.276387       0.286819       0.296321       0.304832       0.312299       0.318680       0.323941       0.328058       0.331012       0.332788       0.333381       0.332788       0.331012       0.328058       0.323941       0.318680       0.312299       0.304832       0.296321       0.286819       0.276387       0.265097       0.253033       0.240288       0.226964       0.213175       0.199039       0.184685       0.170244       0.155851       0.141642       0.127751       0.114307       0.101428       0.089222       0.077780       0.067172       0.057449       0.048641       0.040752       0.033772       0.027669       0.022409       0.017964       0.014354       0.011704       0.010323       0.010582       0.012540       0.015951       0.020623       0.026524       0.033720       0.042312       0.052395       0.064035       0.077257       0.092029       0.108265       0.125814       0.144472       0.163984       0.184061       0.204391       0.224655       0.244544       0.263767       0.282067       0.299221       0.315045       0.329394       0.342156       0.353255       0.362642       0.370293       0.376212       0.380421       0.382960       0.383871       0.383167       0.380783       0.376526       0.370035       0.360831       0.348484       0.332899       0.314660       0.295335       0.277698       0.265915       0.265915
       0.263552       0.263552       0.275355       0.293058       0.312504       0.330913       0.346698       0.359259       0.368675       0.375367       0.379812       0.382365       0.383222       0.382448       0.380030       0.375928       0.370105       0.362537       0.353225       0.342190       0.329483       0.315183       0.299400       0.282281       0.264009       0.244807       0.224934       0.204681       0.184358       0.164284       0.144775       0.126123       0.108586       0.092375       0.077644       0.064491       0.052956       0.043026       0.034649       0.027744       0.022224       0.018019       0.015103       0.013506       0.013259       0.014307       0.016513       0.019745       0.023932       0.029058       0.035134       0.042181       0.050213       0.059233       0.069223       0.080147       0.091946       0.104537       0.117821       0.131679       0.145982       0.160590       0.175358       0.190139       0.204791       0.219175       0.233160       0.246624       0.259458       0.271561       0.282846       0.293239       0.302675       0.311100       0.318473       0.324759       0.329932       0.333973       0.336869       0.338609       0.339190       0.338609       0.336869       0.333973       0.329932       0.324759       0.318473       0.311100       0.302675       0.293239       0.282846       0.271561       0.259458       0.246624       0.233160       0.219175       0.204791       0.190139       0.175358       0.160590       0.145982       0.131679       0.117821       0.104537       0.091946       0.080147       0.069223       0.059233       0.050213       0.042181       0.035134       0.029058       0.023932       0.019745       0.016513       0.014307       0.013259       0.013506       0.015103       0.018019       0.022224       0.027744       0.034649       0.043026       0.052956       0.064491       0.077644       0.092375       0.108586       0.126123       0.144775       0.164284       0.184358       0.204681       0.224934       0.244807       0.264009       0.282281       0.299400       0.315183       0.329483       0.342190       0.353225       0.362537       0.370105       0.375928       0.380030       0.382448       0.383222       0.382365       0.379812       0.375367       0.368675       0.359259       0.346698       0.330913       0.312504       0.293058       0.275355       0.263552       0.263552
       0.260914       0.260914       0.272740       0.290520       0.310107       0.328710       0.344724       0.357527       0.367183       0.374103       0.378756       0.381498       0.382524       0.381900       0.379615       0.375630       0.369909       0.362431       0.353197       0.342231       0.329584       0.315335       0.299596       0.282513       0.264270       0.245091       0.225234       0.204991       0.184672       0.164599       0.145089       0.126436       0.108903       0.092703       0.077997       0.064890       0.053428       0.043609       0.035388       0.028694       0.023439       0.019535       0.016909       0.015504       0.015278       0.016182       0.018165       0.021184       0.025222       0.030278       0.036366       0.043498       0.051681       0.060908       0.071157       0.082381       0.094513       0.107463       0.121122       0.135362       0.150042       0.165012       0.180118       0.195204       0.210120       0.224723       0.238877       0.252462       0.265369       0.277502       0.288780       0.299133       0.308507       0.316855       0.324142       0.330343       0.335437       0.339410       0.342254       0.343962       0.344532       0.343962       0.342254       0.339410       0.335437       0.330343       0.324142       0.316855       0.308507       0.299133       0.288780       0.277502       0.265369       0.252462       0.238877       0.224723       0.210120       0.195204       0.180118       0.165012       0.150042       0.135362       0.121122       0.107463       0.094513       0.082381       0.071157       0.060908       0.051681       0.043498       0.036366       0.030278       0.025222       0.021184       0.018165       0.016182       0.015278       0.015504       0.016909       0.019535       0.023439       0.028694       0.035388       0.043609       0.053428       0.064890       0.077997       0.092703       0.108903       0.126436       0.145089       0.164599       0.184672       0.204991       0.225234       0.245091       0.264270       0.282513       0.299596       0.315335       0.329584       0.342231       0.353197       0.362431       0.369909       0.375630       0.379615       0.381900       0.382524       0.381498       0.378756       0.374103       0.367183       0.357527       0.344724       0.328710       0.310107       0.290520       0.272740       0.260914       0.260914
       0.257972       0.257972       0.269826       0.287697       0.307446       0.326272       0.342547       0.355626       0.365553       0.372729       0.377615       0.380567       0.381779       0.381318       0.379177       0.375318       0.369707       0.362325       0.353174       0.342281       0.329697       0.315502       0.299809       0.282764       0.264551       0.245395       0.225554       0.205318       0.185001       0.164925       0.145405       0.126741       0.109194       0.092983       0.078271       0.065164       0.053716       0.043927       0.035758       0.029141       0.023987       0.020201       0.017691       0.016376       0.016188       0.017083       0.019032       0.022026       0.026067       0.031169       0.037347       0.044617       0.052981       0.062432       0.072940       0.084456       0.096907       0.110195       0.124203       0.138795       0.153820       0.169120       0.184530       0.199890       0.215040       0.229835       0.244137       0.257826       0.270794       0.282949       0.294216       0.304532       0.313848       0.322125       0.329335       0.335459       0.340481       0.344395       0.347193       0.348872       0.349432       0.348872       0.347193       0.344395       0.340481       0.335459       0.329335       0.322125       0.313848       0.304532       0.294216       0.282949       0.270794       0.257826       0.244137       0.229835       0.215040       0.199890       0.184530       0.169120       0.153820       0.138795       0.124203       0.110195       0.096907       0.084456       0.072940       0.062432       0.052981       0.044617       0.037347       0.031169       0.026067       0.022026       0.019032       0.017083       0.016188       0.016376       0.017691       0.020201       0.023987       0.029141       0.035758       0.043927       0.053716       0.065164       0.078271       0.092983       0.109194       0.126741       0.145405       0.164925       0.185001       0.205318       0.225554       0.245395       0.264551       0.282764       0.299809       0.315502       0.329697       0.342281       0.353174       0.362325       0.369707       0.375318       0.379177       0.381318       0.381779       0.380567       0.377615       0.372729       0.365553       0.355626       0.342547       0.326272       0.307446       0.287697       0.269826       0.257972       0.257972
       0.254697       0.254697       0.266586       0.284563       0.304501       0.323582       0.340156       0.353547       0.363781       0.371243       0.376389       0.379571       0.380987       0.380705       0.378719       0.374995       0.369501       0.362221       0.353158       0.342341       0.329823       0.315685       0.300040       0.283034       0.264853       0.245720       0.225893       0.205664       0.185345       0.165258       0.145721       0.127031       0.109452       0.093202       0.078444       0.065286       0.053778       0.043923       0.035680       0.028982       0.023745       0.019886       0.017331       0.016017       0.015891       0.016900       0.018997       0.022155       0.026369       0.031650       0.038019       0.045493       0.054082       0.063779       0.074555       0.086361       0.099118       0.112725       0.127059       0.141976       0.157318       0.172917       0.188603       0.204206       0.219565       0.234529       0.248961       0.262738       0.275756       0.287929       0.299183       0.309463       0.318725       0.326937       0.334078       0.340133       0.345092       0.348952       0.351709       0.353363       0.353915       0.353363       0.351709       0.348952       0.345092       0.340133       0.334078       0.326937       0.318725       0.309463       0.299183       0.287929       0.275756       0.262738       0.248961       0.234529       0.219565       0.204206       0.188603       0.172917       0.157318       0.141976       0.127059       0.112725       0.099118       0.086361       0.074555       0.063779       0.054082       0.045493       0.038019       0.031650       0.026369       0.022155       0.018997       0.016900       0.015891       0.016017       0.017331       0.019886       0.023745       0.028982       0.035680       0.043923       0.053778       0.065286       0.078444       0.093202       0.109452       0.127031       0.145721       0.165258       0.185345       0.205664       0.225893       0.245720       0.264853       0.283034       0.300040       0.315685       0.329823       0.342341       0.353158       0.362221       0.369501       0.374995       0.378719       0.380705       0.380987       0.379571       0.376389       0.371243       0.363781       0.353547       0.340156       0.323582       0.304501       0.284563       0.266586       0.254697       0.254697
       0.251058       0.251058       0.262990       0.281093       0.301249       0.320626       0.337539       0.351286       0.361865       0.369646       0.375079       0.378516       0.380153       0.380064       0.378244       0.374664       0.369294       0.362121       0.353151       0.342414       0.329965       0.315886       0.300290       0.283326       0.265177       0.246067       0.226254       0.206030       0.185706       0.165603       0.146040       0.127313       0.109684       0.093370       0.078532       0.065273       0.053641       0.043629       0.035193       0.028262       0.022758       0.018624       0.015841       0.014428       0.014391       0.015656       0.018096       0.021611       0.026159       0.031745       0.038394       0.046135       0.054987       0.064950       0.076002       0.088092       0.101145       0.115054       0.129692       0.144909       0.160540       0.176410       0.192344       0.208166       0.223711       0.238824       0.253367       0.267220       0.280281       0.292465       0.303706       0.313952       0.323165       0.331319       0.338397       0.344391       0.349294       0.353105       0.355827       0.357458       0.358002       0.357458       0.355827       0.353105       0.349294       0.344391       0.338397       0.331319       0.323165       0.313952       0.303706       0.292465       0.280281       0.267220       0.253367       0.238824       0.223711       0.208166       0.192344       0.176410       0.160540       0.144909       0.129692       0.115054       0.101145       0.088092       0.076002       0.064950       0.054987       0.046135       0.038394       0.031745       0.026159       0.021611       0.018096       0.015656       0.014391       0.014428       0.015841       0.018624       0.022758       0.028262       0.035193       0.043629       0.053641       0.065273       0.078532       0.093370       0.109684       0.127313       0.146040       0.165603       0.185706       0.206030       0.226254       0.246067       0.265177       0.283326       0.300290       0.315886       0.329965       0.342414       0.353151       0.362121       0.369294       0.374664       0.378244       0.380064       0.380153       0.378516       0.375079       0.369646       0.361865       0.351286       0.337539       0.320626       0.301249       0.281093       0.262990       0.251058       0.251058
       0.247027       0.247027       0.259011       0.277264       0.297675       0.317391       0.334692       0.348840       0.359805       0.367941       0.373691       0.377404       0.379282       0.379399       0.377757       0.374328       0.369089       0.362028       0.353154       0.342500       0.330123       0.316105       0.300561       0.283639       0.265523       0.246437       0.226639       0.206419       0.186087       0.165966       0.146371       0.127599       0.109910       0.093517       0.078577       0.065189       0.053389       0.043164       0.034454       0.027177       0.021249       0.016629       0.013383       0.011714       0.011807       0.013528       0.016537       0.020588       0.025598       0.031574       0.038560       0.046602       0.055736       0.065972       0.077296       0.089662       0.102994       0.117186       0.132105       0.147597       0.163491       0.179608       0.195765       0.211782       0.227491       0.242735       0.257377       0.271295       0.284391       0.296584       0.307811       0.318025       0.327193       0.335295       0.342317       0.348255       0.353108       0.356878       0.359567       0.361179       0.361716       0.361179       0.359567       0.356878       0.353108       0.348255       0.342317       0.335295       0.327193       0.318025       0.307811       0.296584       0.284391       0.271295       0.257377       0.242735       0.227491       0.211782       0.195765       0.179608       0.163491       0.147597       0.132105       0.117186       0.102994       0.089662       0.077296       0.065972       0.055736       0.046602       0.038560       0.031574       0.025598       0.020588       0.016537       0.013528       0.011807       0.011714       0.013383       0.016629       0.021249       0.027177       0.034454       0.043164       0.053389       0.065189       0.078577       0.093517       0.109910       0.127599       0.146371       0.165966       0.186087       0.206419       0.226639       0.246437       0.265523       0.283639       0.300561       0.316105       0.330123       0.342500       0.353154       0.362028       0.369089       0.374328       0.377757       0.379399       0.379282       0.377404       0.373691       0.367941       0.359805       0.348840       0.334692       0.317391       0.297675       0.277264       0.259011       0.247027       0.247027
       0.242579       0.242579       0.254629       0.273060       0.293768       0.313873       0.331615       0.346213       0.357608       0.366136       0.372232       0.376246       0.378381       0.378718       0.377263       0.373994       0.368890       0.361945       0.353171       0.342603       0.330299       0.316345       0.300854       0.283976       0.265895       0.246834       0.227051       0.206834       0.186496       0.166355       0.146729       0.127910       0.110158       0.093685       0.078642       0.065121       0.053152       0.042706       0.033710       0.026055       0.019626       0.014353       0.010332       0.008088       0.008393       0.010919       0.014741       0.019443       0.024956       0.031334       0.038654       0.046989       0.056391       0.066886       0.078465       0.091088       0.104679       0.119130       0.134306       0.150048       0.166181       0.182519       0.198876       0.215067       0.230921       0.246281       0.261008       0.274983       0.288109       0.300307       0.311520       0.321704       0.330832       0.338887       0.345860       0.351749       0.356558       0.360290       0.362951       0.364545       0.365077       0.364545       0.362951       0.360290       0.356558       0.351749       0.345860       0.338887       0.330832       0.321704       0.311520       0.300307       0.288109       0.274983       0.261008       0.246281       0.230921       0.215067       0.198876       0.182519       0.166181       0.150048       0.134306       0.119130       0.104679       0.091088       0.078465       0.066886       0.056391       0.046989       0.038654       0.031334       0.024956       0.019443       0.014741       0.010919       0.008393       0.008088       0.010332       0.014353       0.019626       0.026055       0.033710       0.042706       0.053152       0.065121       0.078642       0.093685       0.110158       0.127910       0.146729       0.166355       0.186496       0.206834       0.227051       0.246834       0.265895       0.283976       0.300854       0.316345       0.330299       0.342603       0.353171       0.361945       0.368890       0.373994       0.377263       0.378718       0.378381       0.376246       0.372232       0.366136       0.357608       0.346213       0.331615       0.313873       0.293768       0.273060       0.254629       0.242579       0.242579
       0.237697       0.237697       0.249830       0.268473       0.289525       0.310075       0.328315       0.343417       0.355288       0.364245       0.370716       0.375052       0.377461       0.378029       0.376769       0.373665       0.368702       0.361876       0.353204       0.342724       0.330496       0.316606       0.301170       0.284338       0.266293       0.247259       0.227492       0.207281       0.186937       0.166780       0.147125       0.128265       0.110459       0.093917       0.078788       0.065161       0.053059       0.042445       0.033230       0.025283       0.018443       0.012549       0.007525       0.003929       0.004729       0.008652       0.013363       0.018632       0.024549       0.031239       0.038823       0.047394       0.057022       0.067738       0.079541       0.092391       0.106212       0.120897       0.136304       0.152271       0.168618       0.185154       0.201688       0.218034       0.234017       0.249478       0.264280       0.278303       0.291453       0.303656       0.314855       0.325013       0.334105       0.342117       0.349046       0.354893       0.359662       0.363361       0.365998       0.367577       0.368103       0.367577       0.365998       0.363361       0.359662       0.354893       0.349046       0.342117       0.334105       0.325013       0.314855       0.303656       0.291453       0.278303       0.264280       0.249478       0.234017       0.218034       0.201688       0.185154       0.168618       0.152271       0.136304       0.120897       0.106212       0.092391       0.079541       0.067738       0.057022       0.047394       0.038823       0.031239       0.024549       0.018632       0.013363       0.008652       0.004729       0.003929       0.007525       0.012549       0.018443       0.025283       0.033230       0.042445       0.053059       0.065161       0.078788       0.093917       0.110459       0.128265       0.147125       0.166780       0.186937       0.207281       0.227492       0.247259       0.266293       0.284338       0.301170       0.316606       0.330496       0.342724       0.353204       0.361876       0.368702       0.373665       0.376769       0.378029       0.377461       0.375052       0.370716       0.364245       0.355288       0.343417       0.328315       0.310075       0.289525       0.268473       0.249830       0.237697       0.237697
       0.232378       0.232378       0.244614       0.263508       0.284959       0.306015       0.324813       0.340474       0.352866       0.362287       0.369160       0.373837       0.376534       0.377343       0.376285       0.373350       0.368530       0.361825       0.353257       0.342866       0.330714       0.316891       0.301511       0.284726       0.266719       0.247713       0.227964       0.207762       0.187417       0.167248       0.147570       0.128679       0.110833       0.094243       0.079061       0.065374       0.053206       0.042520       0.033223       0.025178       0.018211       0.012126       0.006721       0.001954       0.003369       0.008083       0.013102       0.018560       0.024626       0.031454       0.039176       0.047893       0.057677       0.068562       0.080545       0.093586       0.107608       0.122496       0.138107       0.154274       0.170810       0.187522       0.204214       0.220696       0.236792       0.252342       0.267208       0.281274       0.294445       0.306650       0.317837       0.327971       0.337030       0.345006       0.351896       0.357704       0.362439       0.366110       0.368725       0.370290       0.370812       0.370290       0.368725       0.366110       0.362439       0.357704       0.351896       0.345006       0.337030       0.327971       0.317837       0.306650       0.294445       0.281274       0.267208       0.252342       0.236792       0.220696       0.204214       0.187522       0.170810       0.154274       0.138107       0.122496       0.107608       0.093586       0.080545       0.068562       0.057677       0.047893       0.039176       0.031454       0.024626       0.018560       0.013102       0.008083       0.003369       0.001954       0.006721       0.012126       0.018211       0.025178       0.033223       0.042520       0.053206       0.065374       0.079061       0.094243       0.110833       0.128679       0.147570       0.167248       0.187417       0.207762       0.227964       0.247713       0.266719       0.284726       0.301511       0.316891       0.330714       0.342866       0.353257       0.361825       0.368530       0.373350       0.376285       0.377343       0.376534       0.373837       0.369160       0.362287       0.352866       0.340474       0.324813       0.306015       0.284959       0.263508       0.244614       0.232378       0.232378
       0.226642       0.226642       0.239004       0.258195       0.280103       0.301730       0.321147       0.337418       0.350374       0.360291       0.367588       0.372623       0.375616       0.376672       0.375819       0.373056       0.368380       0.361797       0.353332       0.343030       0.330956       0.317199       0.301878       0.285140       0.267173       0.248197       0.228470       0.208279       0.187936       0.167760       0.148068       0.129157       0.111288       0.094675       0.079474       0.065779       0.053620       0.042969       0.033745       0.025830       0.019084       0.013392       0.008791       0.005956       0.006502       0.009767       0.014182       0.019344       0.025260       0.032025       0.039746       0.048508       0.058373       0.069369       0.081488       0.094683       0.108871       0.123934       0.139722       0.156063       0.172766       0.189633       0.206463       0.223065       0.239261       0.254888       0.269811       0.283912       0.297101       0.309308       0.320484       0.330596       0.339627       0.347570       0.354426       0.360202       0.364907       0.368553       0.371148       0.372702       0.373220       0.372702       0.371148       0.368553       0.364907       0.360202       0.354426       0.347570       0.339627       0.330596       0.320484       0.309308       0.297101       0.283912       0.269811       0.254888       0.239261       0.223065       0.206463       0.189633       0.172766       0.156063       0.139722       0.123934       0.108871       0.094683       0.081488       0.069369       0.058373       0.048508       0.039746       0.032025       0.025260       0.019344       0.014182       0.009767       0.006502       0.005956       0.008791       0.013392       0.019084       0.025830       0.033745       0.042969       0.053620       0.065779       0.079474       0.094675       0.111288       0.129157       0.148068       0.167760       0.187936       0.208279       0.228470       0.248197       0.267173       0.285140       0.301878       0.317199       0.330956       0.343030       0.353332       0.361797       0.368380       0.373056       0.375819       0.376672       0.375616       0.372623       0.367588       0.360291       0.350374       0.337418       0.321147       0.301730       0.280103       0.258195       0.239004       0.226642       0.226642
       0.220539       0.220539       0.233055       0.252591       0.275018       0.297278       0.317373       0.334302       0.347856       0.358294       0.366032       0.371432       0.374728       0.376032       0.375385       0.372792       0.368258       0.361795       0.353434       0.343221       0.331223       0.317534       0.302270       0.285582       0.267655       0.248712       0.229008       0.208832       0.188494       0.168317       0.148617       0.129695       0.111816       0.095199       0.080007       0.066344       0.054252       0.043716       0.034678       0.027048       0.020732       0.015685       0.012012       0.010089       0.010334       0.012537       0.016115       0.020730       0.026302       0.032861       0.040473       0.049200       0.059086       0.070146       0.082360       0.095676       0.110001       0.125212       0.141153       0.157645       0.174493       0.191495       0.208447       0.225153       0.241435       0.257130       0.272101       0.286234       0.299438       0.311647       0.322813       0.332906       0.341913       0.349827       0.356654       0.362401       0.367080       0.370704       0.373284       0.374828       0.375342       0.374828       0.373284       0.370704       0.367080       0.362401       0.356654       0.349827       0.341913       0.332906       0.322813       0.311647       0.299438       0.286234       0.272101       0.257130       0.241435       0.225153       0.208447       0.191495       0.174493       0.157645       0.141153       0.125212       0.110001       0.095676       0.082360       0.070146       0.059086       0.049200       0.040473       0.032861       0.026302       0.020730       0.016115       0.012537       0.010334       0.010089       0.012012       0.015685       0.020732       0.027048       0.034678       0.043716       0.054252       0.066344       0.080007       0.095199       0.111816       0.129695       0.148617       0.168317       0.188494       0.208832       0.229008       0.248712       0.267655       0.285582       0.302270       0.317534       0.331223       0.343221       0.353434       0.361795       0.368258       0.372792       0.375385       0.376032       0.374728       0.371432       0.366032       0.358294       0.347856       0.334302       0.317373       0.297278       0.275018       0.252591       0.233055       0.220539       0.220539
       0.214165       0.214165       0.226864       0.246795       0.269800       0.292751       0.313570       0.331193       0.345369       0.356342       0.364527       0.370294       0.373890       0.375440       0.374994       0.372567       0.368171       0.361826       0.353565       0.343438       0.331517       0.317893       0.302688       0.286050       0.268165       0.249255       0.229577       0.209417       0.189088       0.168912       0.149208       0.130280       0.112397       0.095784       0.080613       0.066997       0.054992       0.044600       0.035780       0.028467       0.022589       0.018106       0.015049       0.013527       0.013622       0.015241       0.018174       0.022266       0.027461       0.033769       0.041231       0.049887       0.059763       0.070858       0.083143       0.096554       0.110994       0.126330       0.142401       0.159024       0.175998       0.193117       0.210173       0.226971       0.243328       0.259082       0.274095       0.288254       0.301472       0.313682       0.324839       0.334917       0.343902       0.351792       0.358593       0.364316       0.368973       0.372579       0.375144       0.376680       0.377191       0.376680       0.375144       0.372579       0.368973       0.364316       0.358593       0.351792       0.343902       0.334917       0.324839       0.313682       0.301472       0.288254       0.274095       0.259082       0.243328       0.226971       0.210173       0.193117       0.175998       0.159024       0.142401       0.126330       0.110994       0.096554       0.083143       0.070858       0.059763       0.049887       0.041231       0.033769       0.027461       0.022266       0.018174       0.015241       0.013622       0.013527       0.015049       0.018106       0.022589       0.028467       0.035780       0.044600       0.054992       0.066997       0.080613       0.095784       0.112397       0.130280       0.149208       0.168912       0.189088       0.209417       0.229577       0.249255       0.268165       0.286050       0.302688       0.317893       0.331517       0.343438       0.353565       0.361826       0.368171       0.372567       0.374994       0.375440       0.373890       0.370294       0.364527       0.356342       0.345369       0.331193       0.313570       0.292751       0.269800       0.246795       0.226864       0.214165       0.214165
       0.207670       0.207670       0.220582       0.240955       0.264586       0.288271       0.309845       0.328179       0.342985       0.354492       0.363116       0.369243       0.373129       0.374914       0.374660       0.372391       0.368127       0.361894       0.353728       0.343685       0.331837       0.318279       0.303131       0.286543       0.268701       0.249826       0.230174       0.210033       0.189713       0.169539       0.149831       0.130895       0.113005       0.096391       0.081231       0.067649       0.055710       0.045428       0.036779       0.029705       0.024137       0.020013       0.017289       0.015941       0.015945       0.017248       0.019785       0.023512       0.028420       0.034530       0.041870       0.050468       0.060335       0.071462       0.083808       0.097302       0.111840       0.127284       0.143468       0.160203       0.177286       0.194505       0.211653       0.228529       0.244950       0.260754       0.275804       0.289987       0.303216       0.315427       0.326577       0.336641       0.345608       0.353478       0.360258       0.365960       0.370599       0.374189       0.376742       0.378270       0.378779       0.378270       0.376742       0.374189       0.370599       0.365960       0.360258       0.353478       0.345608       0.336641       0.326577       0.315427       0.303216       0.289987       0.275804       0.260754       0.244950       0.228529       0.211653       0.194505       0.177286       0.160203       0.143468       0.127284       0.111840       0.097302       0.083808       0.071462       0.060335       0.050468       0.041870       0.034530       0.028420       0.023512       0.019785       0.017248       0.015945       0.015941       0.017289       0.020013       0.024137       0.029705       0.036779       0.045428       0.055710       0.067649       0.081231       0.096391       0.113005       0.130895       0.149831       0.169539       0.189713       0.210033       0.230174       0.249826       0.268701       0.286543       0.303131       0.318279       0.331837       0.343685       0.353728       0.361894       0.368127       0.372391       0.374660       0.374914       0.373129       0.369243       0.363116       0.354492       0.342985       0.328179       0.309845       0.288271       0.264586       0.240955       0.220582       0.207670       0.207670
       0.201275       0.201275       0.214425       0.235274       0.259562       0.283997       0.306330       0.325367       0.340785       0.352805       0.361849       0.368312       0.372470       0.374474       0.374397       0.372274       0.368132       0.362002       0.353927       0.343963       0.332185       0.318690       0.303598       0.287061       0.269262       0.250422       0.230797       0.210674       0.190365       0.170191       0.150476       0.131526       0.113617       0.096984       0.081810       0.068222       0.056293       0.046044       0.037455       0.030473       0.025027       0.021036       0.018421       0.017114       0.017061       0.018224       0.020588       0.024153       0.028936       0.034964       0.042264       0.050857       0.060748       0.071921       0.084333       0.097906       0.112533       0.128072       0.144354       0.161186       0.178362       0.195668       0.212893       0.229836       0.246312       0.262160       0.277241       0.291444       0.304683       0.316896       0.328040       0.338094       0.347046       0.354899       0.361661       0.367346       0.371969       0.375546       0.378090       0.379612       0.380118       0.379612       0.378090       0.375546       0.371969       0.367346       0.361661       0.354899       0.347046       0.338094       0.328040       0.316896       0.304683       0.291444       0.277241       0.262160       0.246312       0.229836       0.212893       0.195668       0.178362       0.161186       0.144354       0.128072       0.112533       0.097906       0.084333       0.071921       0.060748       0.050857       0.042264       0.034964       0.028936       0.024153       0.020588       0.018224       0.017061       0.017114       0.018421       0.021036       0.025027       0.030473       0.037455       0.046044       0.056293       0.068222       0.081810       0.096984       0.113617       0.131526       0.150476       0.170191       0.190365       0.210674       0.230797       0.250422       0.269262       0.287061       0.303598       0.318690       0.332185       0.343963       0.353927       0.362002       0.368132       0.372274       0.374397       0.374474       0.372470       0.368312       0.361849       0.352805       0.340785       0.325367       0.306330       0.283997       0.259562       0.235274       0.214425       0.201275       0.201275
       0.195275       0.195275       0.208677       0.230013       0.254955       0.280121       0.303178       0.322876       0.338862       0.351352       0.360774       0.367541       0.371941       0.374138       0.374219       0.372226       0.368193       0.362157       0.354163       0.344272       0.332561       0.319126       0.304089       0.287600       0.269844       0.251040       0.231443       0.211339       0.191038       0.170862       0.151135       0.132162       0.114220       0.097545       0.082321       0.068675       0.056682       0.046363       0.037698       0.030633       0.025096       0.021012       0.018309       0.016934       0.016848       0.018019       0.020420       0.024041       0.028888       0.034983       0.042350       0.051011       0.060972       0.072219       0.084707       0.098361       0.113071       0.128695       0.145062       0.161977       0.179232       0.196611       0.213902       0.230901       0.247424       0.263309       0.278417       0.292638       0.305886       0.318100       0.329241       0.339285       0.348225       0.356065       0.362812       0.368483       0.373094       0.376660       0.379196       0.380713       0.381218       0.380713       0.379196       0.376660       0.373094       0.368483       0.362812       0.356065       0.348225       0.339285       0.329241       0.318100       0.305886       0.292638       0.278417       0.263309       0.247424       0.230901       0.213902       0.196611       0.179232       0.161977       0.145062       0.128695       0.113071       0.098361       0.084707       0.072219       0.060972       0.051011       0.042350       0.034983       0.028888       0.024041       0.020420       0.018019       0.016848       0.016934       0.018309       0.021012       0.025096       0.030633       0.037698       0.046363       0.056682       0.068675       0.082321       0.097545       0.114220       0.132162       0.151135       0.170862       0.191038       0.211339       0.231443       0.251040       0.269844       0.287600       0.304089       0.319126       0.332561       0.344272       0.354163       0.362157       0.368193       0.372226       0.374219       0.374138       0.371941       0.367541       0.360774       0.351352       0.338862       0.322876       0.303178       0.280121       0.254955       0.230013       0.208677       0.195275       0.195275
       0.190030       0.190030       0.203679       0.225479       0.251028       0.276856       0.300557       0.320833       0.337311       0.350201       0.359945       0.366966       0.371567       0.373927       0.374139       0.372256       0.368316       0.362360       0.354439       0.344614       0.332964       0.319585       0.304600       0.288159       0.270445       0.251677       0.232108       0.212023       0.191730       0.171551       0.151806       0.132802       0.114813       0.098074       0.082765       0.069013       0.056885       0.046399       0.037526       0.030207       0.024374       0.019968       0.016968       0.015404       0.015306       0.016638       0.019301       0.023202       0.028303       0.034609       0.042147       0.050945       0.061019       0.072363       0.084938       0.098673       0.113460       0.129159       0.145598       0.162583       0.179903       0.197343       0.214687       0.231733       0.248296       0.264211       0.279342       0.293577       0.306834       0.319050       0.330188       0.340226       0.349158       0.356986       0.363722       0.369382       0.373983       0.377541       0.380070       0.381583       0.382087       0.381583       0.380070       0.377541       0.373983       0.369382       0.363722       0.356986       0.349158       0.340226       0.330188       0.319050       0.306834       0.293577       0.279342       0.264211       0.248296       0.231733       0.214687       0.197343       0.179903       0.162583       0.145598       0.129159       0.113460       0.098673       0.084938       0.072363       0.061019       0.050945       0.042147       0.034609       0.028303       0.023202       0.019301       0.016638       0.015306       0.015404       0.016968       0.019968       0.024374       0.030207       0.037526       0.046399       0.056885       0.069013       0.082765       0.098074       0.114813       0.132802       0.151806       0.171551       0.191730       0.212023       0.232108       0.251677       0.270445       0.288159       0.304600       0.319585       0.332964       0.344614       0.354439       0.362360       0.368316       0.372256       0.374139       0.373927       0.371567       0.366966       0.359945       0.350201       0.337311       0.320833       0.300557       0.276856       0.251028       0.225479       0.203679       0.190030       0.190030
       0.185941       0.185941       0.199807       0.222002       0.248053       0.274419       0.298634       0.319364       0.336222       0.349419       0.359406       0.366620       0.371374       0.373856       0.374169       0.372370       0.368505       0.362616       0.354756       0.344988       0.333392       0.320066       0.305130       0.288735       0.271062       0.252330       0.232789       0.212724       0.192440       0.172256       0.152493       0.133453       0.115409       0.098591       0.083177       0.069286       0.056978       0.046258       0.037085       0.029387       0.023085       0.018132       0.014583       0.012644       0.012552       0.014259       0.017445       0.021845       0.027355       0.033976       0.041751       0.050726       0.060936       0.072385       0.085047       0.098856       0.113710       0.129471       0.145968       0.163009       0.180382       0.197869       0.215257       0.232341       0.248935       0.264875       0.280025       0.294273       0.307537       0.319756       0.330893       0.340927       0.349852       0.357672       0.364400       0.370052       0.374645       0.378196       0.380721       0.382231       0.382734       0.382231       0.380721       0.378196       0.374645       0.370052       0.364400       0.357672       0.349852       0.340927       0.330893       0.319756       0.307537       0.294273       0.280025       0.264875       0.248935       0.232341       0.215257       0.197869       0.180382       0.163009       0.145968       0.129471       0.113710       0.098856       0.085047       0.072385       0.060936       0.050726       0.041751       0.033976       0.027355       0.021845       0.017445       0.014259       0.012552       0.012644       0.014583       0.018132       0.023085       0.029387       0.037085       0.046258       0.056978       0.069286       0.083177       0.098591       0.115409       0.133453       0.152493       0.172256       0.192440       0.212724       0.232789       0.252330       0.271062       0.288735       0.305130       0.320066       0.333392       0.344988       0.354756       0.362616       0.368505       0.372370       0.374169       0.373856       0.371374       0.366620       0.359406       0.349419       0.336222       0.319364       0.298634       0.274419       0.248053       0.222002       0.199807       0.185941       0.185941
       0.183399       0.183399       0.197420       0.219890       0.246284       0.273007       0.297558       0.318578       0.335674       0.349062       0.359199       0.366531       0.371379       0.373938       0.374317       0.372576       0.368763       0.362924       0.355113       0.345393       0.333844       0.320564       0.305674       0.289323       0.271691       0.252995       0.233484       0.213439       0.193166       0.172981       0.153201       0.134127       0.116029       0.099132       0.083611       0.069576       0.057079       0.046112       0.036618       0.028500       0.021648       0.015983       0.011576       0.008902       0.008833       0.011291       0.015307       0.020359       0.026343       0.033301       0.041314       0.050460       0.060792       0.072333       0.085064       0.098931       0.113835       0.129641       0.146182       0.163263       0.180675       0.198198       0.215619       0.232731       0.249350       0.265310       0.280475       0.294734       0.308005       0.320227       0.331364       0.341395       0.350316       0.358131       0.364854       0.370499       0.375087       0.378634       0.381155       0.382663       0.383165       0.382663       0.381155       0.378634       0.375087       0.370499       0.364854       0.358131       0.350316       0.341395       0.331364       0.320227       0.308005       0.294734       0.280475       0.265310       0.249350       0.232731       0.215619       0.198198       0.180675       0.163263       0.146182       0.129641       0.113835       0.098931       0.085064       0.072333       0.060792       0.050460       0.041314       0.033301       0.026343       0.020359       0.015307       0.011291       0.008833       0.008902       0.011576       0.015983       0.021648       0.028500       0.036618       0.046112       0.057079       0.069576       0.083611       0.099132       0.116029       0.134127       0.153201       0.172981       0.193166       0.213439       0.233484       0.252995       0.271691       0.289323       0.305674       0.320564       0.333844       0.345393       0.355113       0.362924       0.368763       0.372576       0.374317       0.373938       0.371379       0.366531       0.359199       0.349062       0.335674       0.318578       0.297558       0.273007       0.246284       0.219890       0.197420       0.183399       0.183399
       0.182712       0.182712       0.196801       0.219385       0.245913       0.272770       0.297437       0.318554       0.335726       0.349171       0.359352       0.366719       0.371597       0.374184       0.374589       0.372877       0.369093       0.363286       0.355509       0.345826       0.334317       0.321078       0.306230       0.289920       0.272327       0.253667       0.234187       0.214166       0.193907       0.173726       0.153936       0.134836       0.116693       0.099733       0.084122       0.069969       0.057318       0.046152       0.036400       0.027942       0.020628       0.014296       0.008850       0.004686       0.004656       0.008609       0.013617       0.019263       0.025620       0.032822       0.040998       0.050253       0.060659       0.072251       0.085021       0.098918       0.113849       0.129681       0.146247       0.163353       0.180788       0.198336       0.215779       0.232912       0.249548       0.265523       0.280700       0.294968       0.308244       0.320470       0.331608       0.341639       0.350558       0.358370       0.365089       0.370732       0.375316       0.378860       0.381380       0.382886       0.383388       0.382886       0.381380       0.378860       0.375316       0.370732       0.365089       0.358370       0.350558       0.341639       0.331608       0.320470       0.308244       0.294968       0.280700       0.265523       0.249548       0.232912       0.215779       0.198336       0.180788       0.163353       0.146247       0.129681       0.113849       0.098918       0.085021       0.072251       0.060659       0.050253       0.040998       0.032822       0.025620       0.019263       0.013617       0.008609       0.004656       0.004686       0.008850       0.014296       0.020628       0.027942       0.036400       0.046152       0.057318       0.069969       0.084122       0.099733       0.116693       0.134836       0.153936       0.173726       0.193907       0.214166       0.234187       0.253667       0.272327       0.289920       0.306230       0.321078       0.334317       0.345826       0.355509       0.363286       0.369093       0.372877       0.374589       0.374184       0.371597       0.366719       0.359352       0.349171       0.335726       0.318554       0.297437       0.272770       0.245913       0.219385       0.196801       0.182712       0.182712
       0.184040       0.184040       0.198096       0.220610       0.247040       0.273782       0.298331       0.319335       0.336406       0.349767       0.359880       0.367195       0.372035       0.374597       0.374989       0.373272       0.369494       0.363700       0.355943       0.346286       0.334807       0.321602       0.306791       0.290519       0.272965       0.254340       0.234893       0.214899       0.194659       0.174488       0.154697       0.135585       0.117417       0.100417       0.084751       0.070529       0.057792       0.046523       0.036647       0.028042       0.020546       0.013966       0.008102       0.002820       0.002805       0.007843       0.013210       0.019025       0.025471       0.032719       0.040916       0.050178       0.060583       0.072171       0.084936       0.098830       0.113761       0.129596       0.146167       0.163282       0.180728       0.198287       0.215743       0.232888       0.249535       0.265521       0.280706       0.294981       0.308263       0.320493       0.331633       0.341665       0.350584       0.358396       0.365114       0.370755       0.375339       0.378881       0.381400       0.382906       0.383407       0.382906       0.381400       0.378881       0.375339       0.370755       0.365114       0.358396       0.350584       0.341665       0.331633       0.320493       0.308263       0.294981       0.280706       0.265521       0.249535       0.232888       0.215743       0.198287       0.180728       0.163282       0.146167       0.129596       0.113761       0.098830       0.084936       0.072171       0.060583       0.050178       0.040916       0.032719       0.025471       0.019025       0.013210       0.007843       0.002805       0.002820       0.008102       0.013966       0.020546       0.028042       0.036647       0.046523       0.057792       0.070529       0.084751       0.100417       0.117417       0.135585       0.154697       0.174488       0.194659       0.214899       0.234893       0.254340       0.272965       0.290519       0.306791       0.321602       0.334807       0.346286       0.355943       0.363700       0.369494       0.373272       0.374989       0.374597       0.372035       0.367195       0.359880       0.349767       0.336406       0.319335       0.298331       0.273782       0.247040       0.220610       0.198096       0.184040       0.184040
       0.187358       0.187358       0.201283       0.223549       0.249654       0.276037       0.300234       0.320917       0.337713       0.350848       0.360782       0.367957       0.372692       0.375176       0.375513       0.373762       0.369964       0.364163       0.356410       0.346767       0.335309       0.322132       0.307352       0.291115       0.273596       0.255008       0.235594       0.215630       0.195415       0.175262       0.155482       0.136372       0.118200       0.101189       0.085511       0.071275       0.058532       0.047272       0.037432       0.028910       0.021579       0.015326       0.010163       0.006653       0.006567       0.009772       0.014375       0.019782       0.025968       0.033032       0.041091       0.050247       0.060570       0.072093       0.084810       0.098668       0.113572       0.129388       0.145947       0.163055       0.180499       0.198058       0.215516       0.232666       0.249319       0.265310       0.280501       0.294781       0.308068       0.320301       0.331445       0.341480       0.350401       0.358214       0.364933       0.370575       0.375159       0.378702       0.381220       0.382726       0.383227       0.382726       0.381220       0.378702       0.375159       0.370575       0.364933       0.358214       0.350401       0.341480       0.331445       0.320301       0.308068       0.294781       0.280501       0.265310       0.249319       0.232666       0.215516       0.198058       0.180499       0.163055       0.145947       0.129388       0.113572       0.098668       0.084810       0.072093       0.060570       0.050247       0.041091       0.033032       0.025968       0.019782       0.014375       0.009772       0.006567       0.006653       0.010163       0.015326       0.021579       0.028910       0.037432       0.047272       0.058532       0.071275       0.085511       0.101189       0.118200       0.136372       0.155482       0.175262       0.195415       0.215630       0.235594       0.255008       0.273596       0.291115       0.307352       0.322132       0.335309       0.346767       0.356410       0.364163       0.369964       0.373762       0.375513       0.375176       0.372692       0.367957       0.360782       0.350848       0.337713       0.320917       0.300234       0.276037       0.249654       0.223549       0.201283       0.187358       0.187358
       0.192463       0.192463       0.206179       0.228049       0.253632       0.279443       0.303078       0.323252       0.339613       0.352391       0.362041       0.368994       0.373558       0.375915       0.376158       0.374340       0.370498       0.364671       0.356907       0.347264       0.335818       0.322660       0.307906       0.291699       0.274214       0.255660       0.236280       0.216349       0.196163       0.176035       0.156276       0.137183       0.119026       0.102032       0.086376       0.072176       0.059494       0.048333       0.038654       0.030383       0.023441       0.017793       0.013542       0.011071       0.010899       0.012935       0.016526       0.021232       0.026929       0.033640       0.041440       0.050402       0.060579       0.071992       0.084625       0.098419       0.113274       0.129053       0.145585       0.162673       0.180102       0.197652       0.215104       0.232251       0.248904       0.264896       0.280090       0.294374       0.307664       0.319902       0.331049       0.341088       0.350013       0.357829       0.364551       0.370196       0.374781       0.378326       0.380845       0.382352       0.382853       0.382352       0.380845       0.378326       0.374781       0.370196       0.364551       0.357829       0.350013       0.341088       0.331049       0.319902       0.307664       0.294374       0.280090       0.264896       0.248904       0.232251       0.215104       0.197652       0.180102       0.162673       0.145585       0.129053       0.113274       0.098419       0.084625       0.071992       0.060579       0.050402       0.041440       0.033640       0.026929       0.021232       0.016526       0.012935       0.010899       0.011071       0.013542       0.017793       0.023441       0.030383       0.038654       0.048333       0.059494       0.072176       0.086376       0.102032       0.119026       0.137183       0.156276       0.176035       0.196163       0.216349       0.236280       0.255660       0.274214       0.291699       0.307906       0.322660       0.335818       0.347264       0.356907       0.364671       0.370498       0.374340       0.376158       0.375915       0.373558       0.368994       0.362041       0.352391       0.339613       0.323252       0.303078       0.279443       0.253632       0.228049       0.206179       0.192463       0.192463
       0.199023       0.199023       0.212479       0.233849       0.258769       0.283842       0.306746       0.326256       0.342046       0.354354       0.363627       0.370284       0.374620       0.376802       0.376914       0.374999       0.371089       0.365217       0.357426       0.347772       0.336326       0.323179       0.308444       0.292263       0.274808       0.256286       0.236941       0.217043       0.196889       0.176791       0.157060       0.137995       0.119866       0.102904       0.087292       0.073157       0.060570       0.049553       0.040084       0.032115       0.025595       0.020502       0.016886       0.014882       0.014612       0.016002       0.018813       0.022841       0.028004       0.034309       0.041802       0.050533       0.060536       0.071817       0.084348       0.098064       0.112857       0.128587       0.145080       0.162137       0.179542       0.197073       0.214512       0.231649       0.248295       0.264285       0.279478       0.293763       0.307057       0.319299       0.330451       0.340494       0.349424       0.357246       0.363972       0.369621       0.374209       0.377757       0.380278       0.381786       0.382288       0.381786       0.380278       0.377757       0.374209       0.369621       0.363972       0.357246       0.349424       0.340494       0.330451       0.319299       0.307057       0.293763       0.279478       0.264285       0.248295       0.231649       0.214512       0.197073       0.179542       0.162137       0.145080       0.128587       0.112857       0.098064       0.084348       0.071817       0.060536       0.050533       0.041802       0.034309       0.028004       0.022841       0.018813       0.016002       0.014612       0.014882       0.016886       0.020502       0.025595       0.032115       0.040084       0.049553       0.060570       0.073157       0.087292       0.102904       0.119866       0.137995       0.157060       0.176791       0.196889       0.217043       0.236941       0.256286       0.274808       0.292263       0.308444       0.323179       0.336326       0.347772       0.357426       0.365217       0.371089       0.374999       0.376914       0.376802       0.374620       0.370284       0.363627       0.354354       0.342046       0.326256       0.306746       0.283842       0.258769       0.233849       0.212479       0.199023       0.199023
       0.206648       0.206648       0.219822       0.240639       0.264806       0.289030       0.311086       0.329816       0.344931       0.356678       0.365499       0.371799       0.375855       0.377821       0.377768       0.375730       0.371730       0.365794       0.357961       0.348283       0.336827       0.323682       0.308959       0.292797       0.275368       0.256876       0.237562       0.217698       0.197578       0.177512       0.157812       0.138777       0.120680       0.103756       0.088191       0.074121       0.061625       0.050738       0.041452       0.033730       0.027525       0.022794       0.019518       0.017694       0.017307       0.018299       0.020584       0.024097       0.028819       0.034771       0.041991       0.050512       0.060355       0.071511       0.083944       0.097580       0.112308       0.127983       0.144430       0.161447       0.178820       0.196325       0.213742       0.230863       0.247499       0.263481       0.278671       0.292956       0.306251       0.318496       0.329654       0.339703       0.348639       0.356467       0.363199       0.368853       0.373447       0.376998       0.379522       0.381032       0.381534       0.381032       0.379522       0.376998       0.373447       0.368853       0.363199       0.356467       0.348639       0.339703       0.329654       0.318496       0.306251       0.292956       0.278671       0.263481       0.247499       0.230863       0.213742       0.196325       0.178820       0.161447       0.144430       0.127983       0.112308       0.097580       0.083944       0.071511       0.060355       0.050512       0.041991       0.034771       0.028819       0.024097       0.020584       0.018299       0.017307       0.017694       0.019518       0.022794       0.027525       0.033730       0.041452       0.050738       0.061625       0.074121       0.088191       0.103756       0.120680       0.138777       0.157812       0.177512       0.197578       0.217698       0.237562       0.256876       0.275368       0.292797       0.308959       0.323682       0.336827       0.348283       0.357961       0.365794       0.371730       0.375730       0.377768       0.377821       0.375855       0.371799       0.365499       0.356678       0.344931       0.329816       0.311086       0.289030       0.264806       0.240639       0.219822       0.206648       0.206648
       0.214951       0.214951       0.227845       0.248094       0.271472       0.294792       0.315930       0.333806       0.348174       0.359296       0.367608       0.373501       0.377237       0.378953       0.378707       0.376521       0.372410       0.366393       0.358503       0.348788       0.337312       0.324160       0.309441       0.293292       0.275882       0.257416       0.238132       0.218298       0.198210       0.178176       0.158507       0.139501       0.121432       0.104537       0.089005       0.074975       0.062533       0.051718       0.042527       0.034927       0.028863       0.024274       0.021096       0.019269       0.018743       0.019475       0.021439       0.024634       0.029081       0.034808       0.041851       0.050234       0.059965       0.071030       0.083385       0.096953       0.111619       0.127239       0.143635       0.160607       0.177940       0.195411       0.212801       0.229900       0.246518       0.262489       0.277672       0.291955       0.305251       0.317499       0.328662       0.338718       0.347661       0.355496       0.362236       0.367896       0.372496       0.376052       0.378580       0.380091       0.380594       0.380091       0.378580       0.376052       0.372496       0.367896       0.362236       0.355496       0.347661       0.338718       0.328662       0.317499       0.305251       0.291955       0.277672       0.262489       0.246518       0.229900       0.212801       0.195411       0.177940       0.160607       0.143635       0.127239       0.111619       0.096953       0.083385       0.071030       0.059965       0.050234       0.041851       0.034808       0.029081       0.024634       0.021439       0.019475       0.018743       0.019269       0.021096       0.024274       0.028863       0.034927       0.042527       0.051718       0.062533       0.074975       0.089005       0.104537       0.121432       0.139501       0.158507       0.178176       0.198210       0.218298       0.238132       0.257416       0.275882       0.293292       0.309441       0.324160       0.337312       0.348788       0.358503       0.366393       0.372410       0.376521       0.378707       0.378953       0.377237       0.373501       0.367608       0.359296       0.348174       0.333806       0.315930       0.294792       0.271472       0.248094       0.227845       0.214951       0.214951
       0.223595       0.223595       0.236223       0.255920       0.278515       0.300918       0.321112       0.338099       0.351681       0.362137       0.369902       0.375354       0.378739       0.380177       0.379714       0.377359       0.373119       0.367005       0.359044       0.349280       0.337772       0.324603       0.309879       0.293736       0.276340       0.257894       0.238634       0.218829       0.198770       0.178765       0.159122       0.140139       0.122089       0.105207       0.089683       0.075654       0.063208       0.052382       0.043172       0.035540       0.029426       0.024759       0.021467       0.019492       0.018794       0.019355       0.021175       0.024261       0.028629       0.034302       0.041300       0.049643       0.059334       0.070355       0.082663       0.096179       0.110792       0.126357       0.142700       0.159622       0.176909       0.194339       0.211693       0.228763       0.245360       0.261315       0.276488       0.290765       0.304059       0.316310       0.327478       0.337541       0.346492       0.354335       0.361083       0.366752       0.371358       0.374920       0.377452       0.378966       0.379470       0.378966       0.377452       0.374920       0.371358       0.366752       0.361083       0.354335       0.346492       0.337541       0.327478       0.316310       0.304059       0.290765       0.276488       0.261315       0.245360       0.228763       0.211693       0.194339       0.176909       0.159622       0.142700       0.126357       0.110792       0.096179       0.082663       0.070355       0.059334       0.049643       0.041300       0.034302       0.028629       0.024261       0.021175       0.019355       0.018794       0.019492       0.021467       0.024759       0.029426       0.035540       0.043172       0.052382       0.063208       0.075654       0.089683       0.105207       0.122089       0.140139       0.159122       0.178765       0.198770       0.218829       0.238634       0.257894       0.276340       0.293736       0.309879       0.324603       0.337772       0.349280       0.359044       0.367005       0.373119       0.377359       0.379714       0.380177       0.378739       0.375354       0.369902       0.362137       0.351681       0.338099       0.321112       0.300918       0.278515       0.255920       0.236223       0.223595       0.223595
       0.232304       0.232304       0.244691       0.263870       0.285713       0.307222       0.326481       0.342575       0.355358       0.365132       0.372329       0.377318       0.380330       0.381470       0.380771       0.378230       0.373845       0.367619       0.359574       0.349748       0.338198       0.325002       0.310264       0.294118       0.276728       0.258297       0.239057       0.219276       0.199242       0.179262       0.159641       0.140674       0.122632       0.105746       0.090202       0.076135       0.063626       0.052706       0.043363       0.035551       0.029205       0.024255       0.020649       0.018372       0.017449       0.017913       0.019762       0.022958       0.027463       0.033261       0.040356       0.048761       0.058481       0.069505       0.081793       0.095273       0.109838       0.125349       0.141635       0.158500       0.175732       0.193113       0.210424       0.227459       0.244027       0.259961       0.275120       0.289389       0.302681       0.314933       0.326105       0.336175       0.345134       0.352987       0.359744       0.365421       0.370035       0.373603       0.376140       0.377657       0.378162       0.377657       0.376140       0.373603       0.370035       0.365421       0.359744       0.352987       0.345134       0.336175       0.326105       0.314933       0.302681       0.289389       0.275120       0.259961       0.244027       0.227459       0.210424       0.193113       0.175732       0.158500       0.141635       0.125349       0.109838       0.095273       0.081793       0.069505       0.058481       0.048761       0.040356       0.033261       0.027463       0.022958       0.019762       0.017913       0.017449       0.018372       0.020649       0.024255       0.029205       0.035551       0.043363       0.052706       0.063626       0.076135       0.090202       0.105746       0.122632       0.140674       0.159641       0.179262       0.199242       0.219276       0.239057       0.258297       0.276728       0.294118       0.310264       0.325002       0.338198       0.349748       0.359574       0.367619       0.373845       0.378230       0.380771       0.381470       0.380330       0.377318       0.372329       0.365132       0.355358       0.342575       0.326481       0.307222       0.285713       0.263870       0.244691       0.232304       0.232304
       0.240878       0.240878       0.253049       0.271753       0.292892       0.313550       0.331907       0.347129       0.359124       0.368215       0.374839       0.379355       0.381982       0.382810       0.381860       0.379120       0.374575       0.368225       0.360083       0.350184       0.338579       0.325345       0.310584       0.294427       0.277036       0.258612       0.239387       0.219624       0.199612       0.179653       0.160050       0.141095       0.123053       0.106151       0.090570       0.076435       0.063821       0.052746       0.043188       0.035086       0.028365       0.022954       0.018828       0.016056       0.014811       0.015249       0.017336       0.020889       0.025745       0.031830       0.039135       0.047679       0.057478       0.068533       0.080816       0.094265       0.108781       0.124232       0.140452       0.157250       0.174419       0.191741       0.209001       0.225993       0.242526       0.258433       0.273573       0.287831       0.301117       0.313369       0.324545       0.334621       0.343589       0.351452       0.358219       0.363905       0.368527       0.372102       0.374644       0.376165       0.376671       0.376165       0.374644       0.372102       0.368527       0.363905       0.358219       0.351452       0.343589       0.334621       0.324545       0.313369       0.301117       0.287831       0.273573       0.258433       0.242526       0.225993       0.209001       0.191741       0.174419       0.157250       0.140452       0.124232       0.108781       0.094265       0.080816       0.068533       0.057478       0.047679       0.039135       0.031830       0.025745       0.020889       0.017336       0.015249       0.014811       0.016056       0.018828       0.022954       0.028365       0.035086       0.043188       0.052746       0.063821       0.076435       0.090570       0.106151       0.123053       0.141095       0.160050       0.179653       0.199612       0.219624       0.239387       0.258612       0.277036       0.294427       0.310584       0.325345       0.338579       0.350184       0.360083       0.368225       0.374575       0.379120       0.381860       0.382810       0.381982       0.379355       0.374839       0.368215       0.359124       0.347129       0.331907       0.313550       0.292892       0.271753       0.253049       0.240878       0.240878
       0.249174       0.249174       0.261155       0.279430       0.299921       0.319783       0.337287       0.351675       0.362907       0.371331       0.377387       0.381431       0.383667       0.384176       0.382965       0.380013       0.375298       0.368811       0.360561       0.350576       0.338906       0.325624       0.310829       0.294651       0.277251       0.258827       0.239610       0.219862       0.199869       0.179929       0.160344       0.141399       0.123356       0.106436       0.090813       0.076604       0.063872       0.052625       0.042822       0.034388       0.027222       0.021235       0.016399       0.012864       0.011091       0.011596       0.014232       0.018421       0.023805       0.030275       0.037841       0.046546       0.056431       0.067516       0.079786       0.093193       0.107648       0.123026       0.139167       0.155886       0.172979       0.190231       0.207430       0.224369       0.240860       0.256735       0.271851       0.286093       0.299372       0.311622       0.322800       0.332883       0.341859       0.349731       0.356509       0.362205       0.366836       0.370418       0.372966       0.374490       0.374997       0.374490       0.372966       0.370418       0.366836       0.362205       0.356509       0.349731       0.341859       0.332883       0.322800       0.311622       0.299372       0.286093       0.271851       0.256735       0.240860       0.224369       0.207430       0.190231       0.172979       0.155886       0.139167       0.123026       0.107648       0.093193       0.079786       0.067516       0.056431       0.046546       0.037841       0.030275       0.023805       0.018421       0.014232       0.011596       0.011091       0.012864       0.016399       0.021235       0.027222       0.034388       0.042822       0.052625       0.063872       0.076604       0.090813       0.106436       0.123356       0.141399       0.160344       0.179929       0.199869       0.219862       0.239610       0.258827       0.277251       0.294651       0.310829       0.325624       0.338906       0.350576       0.360561       0.368811       0.375298       0.380013       0.382965       0.384176       0.383667       0.381431       0.377387       0.371331       0.362907       0.351675       0.337287       0.319783       0.299921       0.279430       0.261155       0.249174       0.249174
       0.257105       0.257105       0.268920       0.286808       0.306706       0.325834       0.342542       0.356145       0.366650       0.374431       0.379936       0.383513       0.385360       0.385546       0.384068       0.380896       0.376001       0.369366       0.360996       0.350914       0.339168       0.325826       0.310988       0.294779       0.277361       0.258930       0.239716       0.219978       0.200001       0.180081       0.160514       0.141585       0.123549       0.106622       0.090970       0.076704       0.063878       0.052488       0.042481       0.033759       0.026196       0.019655       0.014036       0.009420       0.006612       0.007385       0.011100       0.016155       0.022106       0.028932       0.036711       0.045530       0.055458       0.066534       0.078760       0.092097       0.106467       0.121750       0.137793       0.154417       0.171419       0.188589       0.205714       0.222592       0.239032       0.254868       0.269956       0.284179       0.297446       0.309692       0.320871       0.330959       0.339944       0.347826       0.354613       0.360320       0.364960       0.368551       0.371104       0.372632       0.373140       0.372632       0.371104       0.368551       0.364960       0.360320       0.354613       0.347826       0.339944       0.330959       0.320871       0.309692       0.297446       0.284179       0.269956       0.254868       0.239032       0.222592       0.205714       0.188589       0.171419       0.154417       0.137793       0.121750       0.106467       0.092097       0.078760       0.066534       0.055458       0.045530       0.036711       0.028932       0.022106       0.016155       0.011100       0.007385       0.006612       0.009420       0.014036       0.019655       0.026196       0.033759       0.042481       0.052488       0.063878       0.076704       0.090970       0.106622       0.123549       0.141585       0.160514       0.180081       0.200001       0.219978       0.239716       0.258930       0.277361       0.294779       0.310988       0.325826       0.339168       0.350914       0.360996       0.369366       0.376001       0.380896       0.384068       0.385546       0.385360       0.383513       0.379936       0.374431       0.366650       0.356145       0.342542       0.325834       0.306706       0.286808       0.268920       0.257105       0.257105
       0.264623       0.264623       0.276291       0.293831       0.313192       0.331646       0.347617       0.360487       0.370309       0.377478       0.382452       0.385576       0.387039       0.386903       0.385154       0.381756       0.376672       0.369880       0.361379       0.351189       0.339354       0.325942       0.311048       0.294799       0.277354       0.258908       0.239690       0.219959       0.199997       0.180098       0.160557       0.141652       0.123637       0.106723       0.091072       0.076790       0.063924       0.052465       0.042351       0.033476       0.025696       0.018836       0.012708       0.007125       0.002145       0.003890       0.009153       0.014866       0.021133       0.028113       0.035951       0.044767       0.054650       0.065650       0.077779       0.091006       0.105257       0.120418       0.136342       0.152850       0.169746       0.186819       0.203860       0.220666       0.237047       0.252837       0.267890       0.282089       0.295342       0.307581       0.318760       0.328851       0.337844       0.345735       0.352533       0.358250       0.362900       0.366499       0.369058       0.370590       0.371099       0.370590       0.369058       0.366499       0.362900       0.358250       0.352533       0.345735       0.337844       0.328851       0.318760       0.307581       0.295342       0.282089       0.267890       0.252837       0.237047       0.220666       0.203860       0.186819       0.169746       0.152850       0.136342       0.120418       0.105257       0.091006       0.077779       0.065650       0.054650       0.044767       0.035951       0.028113       0.021133       0.014866       0.009153       0.003890       0.002145       0.007125       0.012708       0.018836       0.025696       0.033476       0.042351       0.052465       0.063924       0.076790       0.091072       0.106723       0.123637       0.141652       0.160557       0.180098       0.199997       0.219959       0.239690       0.258908       0.277354       0.294799       0.311048       0.325942       0.339354       0.351189       0.361379       0.369880       0.376672       0.381756       0.385154       0.386903       0.387039       0.385576       0.382452       0.377478       0.370309       0.360487       0.347617       0.331646       0.313192       0.293831       0.276291       0.264623       0.264623
       0.271709       0.271709       0.283245       0.300473       0.319345       0.337183       0.352477       0.364667       0.373849       0.380443       0.384910       0.387597       0.388686       0.388230       0.386210       0.382581       0.377300       0.370341       0.361699       0.351390       0.339455       0.325960       0.311000       0.294699       0.277217       0.258748       0.239521       0.219793       0.199846       0.179971       0.160462       0.141595       0.123620       0.106747       0.091134       0.076887       0.064052       0.052620       0.042534       0.033689       0.025952       0.019166       0.013180       0.007932       0.004085       0.005168       0.009688       0.015098       0.021166       0.027978       0.035659       0.044320       0.054046       0.064889       0.076860       0.089929       0.104025       0.119036       0.134816       0.151190       0.167962       0.184925       0.201870       0.218593       0.234907       0.250642       0.265655       0.279825       0.293060       0.305289       0.316466       0.326560       0.335559       0.343460       0.350268       0.355995       0.360655       0.364262       0.366828       0.368363       0.368874       0.368363       0.366828       0.364262       0.360655       0.355995       0.350268       0.343460       0.335559       0.326560       0.316466       0.305289       0.293060       0.279825       0.265655       0.250642       0.234907       0.218593       0.201870       0.184925       0.167962       0.151190       0.134816       0.119036       0.104025       0.089929       0.076860       0.064889       0.054046       0.044320       0.035659       0.027978       0.021166       0.015098       0.009688       0.005168       0.004085       0.007932       0.013180       0.019166       0.025952       0.033689       0.042534       0.052620       0.064052       0.076887       0.091134       0.106747       0.123620       0.141595       0.160462       0.179971       0.199846       0.219793       0.239521       0.258748       0.277217       0.294699       0.311000       0.325960       0.339455       0.351390       0.361699       0.370341       0.377300       0.382581       0.386210       0.388230       0.388686       0.387597       0.384910       0.380443       0.373849       0.364667       0.352477       0.337183       0.319345       0.300473       0.283245       0.271709       0.271709
       0.278362       0.278362       0.289781       0.306725       0.325152       0.342428       0.357100       0.368663       0.377251       0.383303       0.387291       0.389559       0.390284       0.389514       0.387222       0.383358       0.377874       0.370739       0.361945       0.351506       0.339459       0.325870       0.310831       0.294467       0.276938       0.258438       0.239195       0.219466       0.199533       0.179686       0.160216       0.141400       0.123485       0.106680       0.091144       0.076984       0.064249       0.052938       0.043003       0.034359       0.026900       0.020523       0.015181       0.011025       0.008712       0.009209       0.012196       0.016642       0.022088       0.028452       0.035781       0.044148       0.053618       0.064229       0.075987       0.088857       0.102765       0.117599       0.133215       0.149436       0.166070       0.182909       0.199745       0.216376       0.232613       0.248287       0.263253       0.277390       0.290602       0.302818       0.313990       0.324085       0.333089       0.340998       0.347817       0.353554       0.358224       0.361838       0.364411       0.365950       0.366462       0.365950       0.364411       0.361838       0.358224       0.353554       0.347817       0.340998       0.333089       0.324085       0.313990       0.302818       0.290602       0.277390       0.263253       0.248287       0.232613       0.216376       0.199745       0.182909       0.166070       0.149436       0.133215       0.117599       0.102765       0.088857       0.075987       0.064229       0.053618       0.044148       0.035781       0.028452       0.022088       0.016642       0.012196       0.009209       0.008712       0.011025       0.015181       0.020523       0.026900       0.034359       0.043003       0.052938       0.064249       0.076984       0.091144       0.106680       0.123485       0.141400       0.160216       0.179686       0.199533       0.219466       0.239195       0.258438       0.276938       0.294467       0.310831       0.325870       0.339459       0.351506       0.361945       0.370739       0.377874       0.383358       0.387222       0.389514       0.390284       0.389559       0.387291       0.383303       0.377251       0.368663       0.357100       0.342428       0.325152       0.306725       0.289781       0.278362       0.278362
       0.284599       0.284599       0.295910       0.312595       0.330615       0.347376       0.361477       0.372462       0.380498       0.386045       0.389581       0.391448       0.391821       0.390742       0.388179       0.384077       0.378384       0.371065       0.362109       0.351527       0.339356       0.325659       0.310529       0.294091       0.276505       0.257964       0.238698       0.218965       0.199044       0.179227       0.159803       0.141048       0.123210       0.106496       0.091067       0.077032       0.064449       0.053323       0.043622       0.035281       0.028223       0.022382       0.017756       0.014471       0.012826       0.013101       0.015196       0.018740       0.023460       0.029256       0.036131       0.044124       0.053275       0.063608       0.075117       0.087758       0.101456       0.116095       0.131529       0.147583       0.164065       0.180768       0.197485       0.214014       0.230166       0.245772       0.260685       0.274783       0.287968       0.300168       0.311332       0.321426       0.330434       0.338351       0.345178       0.350925       0.355604       0.359227       0.361806       0.363349       0.363863       0.363349       0.361806       0.359227       0.355604       0.350925       0.345178       0.338351       0.330434       0.321426       0.311332       0.300168       0.287968       0.274783       0.260685       0.245772       0.230166       0.214014       0.197485       0.180768       0.164065       0.147583       0.131529       0.116095       0.101456       0.087758       0.075117       0.063608       0.053275       0.044124       0.036131       0.029256       0.023460       0.018740       0.015196       0.013101       0.012826       0.014471       0.017756       0.022382       0.028223       0.035281       0.043622       0.053323       0.064449       0.077032       0.091067       0.106496       0.123210       0.141048       0.159803       0.179227       0.199044       0.218965       0.238698       0.257964       0.276505       0.294091       0.310529       0.325659       0.339356       0.351527       0.362109       0.371065       0.378384       0.384077       0.388179       0.390742       0.391821       0.391448       0.389581       0.386045       0.380498       0.372462       0.361477       0.347376       0.330615       0.312595       0.295910       0.284599       0.284599
       0.290440       0.290440       0.301652       0.318098       0.335745       0.352032       0.365608       0.376059       0.383584       0.388659       0.391768       0.393254       0.393287       0.391904       0.389072       0.384729       0.378821       0.371309       0.362181       0.351444       0.339136       0.325319       0.310085       0.293560       0.275904       0.257313       0.238017       0.218274       0.198363       0.178577       0.159203       0.140518       0.122766       0.106156       0.090852       0.076963       0.064552       0.053636       0.044192       0.036171       0.029510       0.024157       0.020091       0.017350       0.016023       0.016174       0.017762       0.020663       0.024769       0.030032       0.036458       0.044070       0.052895       0.062940       0.074190       0.086594       0.100072       0.114506       0.129748       0.145626       0.161945       0.178502       0.195091       0.211509       0.227568       0.243099       0.257952       0.272005       0.285159       0.297339       0.308492       0.318583       0.327593       0.335516       0.342351       0.348108       0.352796       0.356427       0.359011       0.360559       0.361074       0.360559       0.359011       0.356427       0.352796       0.348108       0.342351       0.335516       0.327593       0.318583       0.308492       0.297339       0.285159       0.272005       0.257952       0.243099       0.227568       0.211509       0.195091       0.178502       0.161945       0.145626       0.129748       0.114506       0.100072       0.086594       0.074190       0.062940       0.052895       0.044070       0.036458       0.030032       0.024769       0.020663       0.017762       0.016174       0.016023       0.017350       0.020091       0.024157       0.029510       0.036171       0.044192       0.053636       0.064552       0.076963       0.090852       0.106156       0.122766       0.140518       0.159203       0.178577       0.198363       0.218274       0.238017       0.257313       0.275904       0.293560       0.310085       0.325319       0.339136       0.351444       0.362181       0.371309       0.378821       0.384729       0.389072       0.391904       0.393287       0.393254       0.391768       0.388659       0.383584       0.376059       0.365608       0.352032       0.335745       0.318098       0.301652       0.290440       0.290440
       0.295913       0.295913       0.307032       0.323257       0.340558       0.356408       0.369500       0.379458       0.386508       0.391141       0.393847       0.394969       0.394673       0.392993       0.389892       0.385305       0.379175       0.371462       0.362150       0.351247       0.338788       0.324837       0.309485       0.292861       0.275124       0.256473       0.237138       0.217379       0.197476       0.177719       0.158397       0.139784       0.122123       0.105623       0.090445       0.076701       0.064457       0.053734       0.044515       0.036758       0.030406       0.025399       0.021689       0.019248       0.018066       0.018134       0.019430       0.021925       0.025601       0.030461       0.036524       0.043817       0.052355       0.062140       0.073147       0.085324       0.098586       0.112814       0.127862       0.143556       0.159707       0.176111       0.192562       0.208862       0.224820       0.240267       0.255054       0.269057       0.282175       0.294331       0.305470       0.315555       0.324566       0.332492       0.339335       0.345100       0.349796       0.353435       0.356026       0.357576       0.358093       0.357576       0.356026       0.353435       0.349796       0.345100       0.339335       0.332492       0.324566       0.315555       0.305470       0.294331       0.282175       0.269057       0.255054       0.240267       0.224820       0.208862       0.192562       0.176111       0.159707       0.143556       0.127862       0.112814       0.098586       0.085324       0.073147       0.062140       0.052355       0.043817       0.036524       0.030461       0.025601       0.021925       0.019430       0.018134       0.018066       0.019248       0.021689       0.025399       0.030406       0.036758       0.044515       0.053734       0.064457       0.076701       0.090445       0.105623       0.122123       0.139784       0.158397       0.177719       0.197476       0.217379       0.237138       0.256473       0.275124       0.292861       0.309485       0.324837       0.338788       0.351247       0.362150       0.371462       0.379175       0.385305       0.389892       0.392993       0.394673       0.394969       0.393847       0.391141       0.386508       0.379458       0.369500       0.356408       0.340558       0.323257       0.307032       0.295913       0.295913
       0.301046       0.301046       0.312077       0.328094       0.345074       0.360519       0.373162       0.382662       0.389270       0.393490       0.395815       0.396588       0.395974       0.394002       0.390632       0.385798       0.379440       0.371516       0.362009       0.350927       0.338304       0.324203       0.308720       0.291982       0.274153       0.255431       0.236049       0.216267       0.196367       0.176638       0.157368       0.138827       0.121257       0.104863       0.089804       0.076190       0.064084       0.053508       0.044445       0.036855       0.030677       0.025847       0.022297       0.019972       0.018828       0.018834       0.019979       0.022264       0.025705       0.030329       0.036165       0.043239       0.051566       0.061144       0.071947       0.083920       0.096980       0.111009       0.125863       0.141373       0.157350       0.173593       0.189901       0.206073       0.221923       0.237279       0.251994       0.265940       0.279016       0.291144       0.302265       0.312342       0.321350       0.329279       0.336128       0.341900       0.346604       0.350250       0.352846       0.354400       0.354918       0.354400       0.352846       0.350250       0.346604       0.341900       0.336128       0.329279       0.321350       0.312342       0.302265       0.291144       0.279016       0.265940       0.251994       0.237279       0.221923       0.206073       0.189901       0.173593       0.157350       0.141373       0.125863       0.111009       0.096980       0.083920       0.071947       0.061144       0.051566       0.043239       0.036165       0.030329       0.025705       0.022264       0.019979       0.018834       0.018828       0.019972       0.022297       0.025847       0.030677       0.036855       0.044445       0.053508       0.064084       0.076190       0.089804       0.104863       0.121257       0.138827       0.157368       0.176638       0.196367       0.216267       0.236049       0.255431       0.274153       0.291982       0.308720       0.324203       0.338304       0.350927       0.362009       0.371516       0.379440       0.385798       0.390632       0.394002       0.395974       0.396588       0.395815       0.393490       0.389270       0.382662       0.373162       0.360519       0.345074       0.328094       0.312077       0.301046       0.301046
       0.305867       0.305867       0.316814       0.332635       0.349313       0.364381       0.376606       0.385680       0.391875       0.395706       0.397670       0.398109       0.397185       0.394925       0.391286       0.386201       0.379607       0.371463       0.361749       0.350473       0.337672       0.323408       0.307779       0.290914       0.272979       0.254176       0.234738       0.214927       0.195026       0.175323       0.156103       0.137633       0.120153       0.103860       0.088907       0.075400       0.063396       0.052911       0.043923       0.036387       0.030240       0.025414       0.021845       0.019481       0.018288       0.018247       0.019350       0.021595       0.024992       0.029558       0.035316       0.042290       0.050495       0.059931       0.070574       0.082373       0.095249       0.109089       0.123753       0.139076       0.154875       0.170952       0.187107       0.203145       0.218878       0.234137       0.248772       0.262655       0.275684       0.287778       0.298878       0.308942       0.317945       0.325875       0.332728       0.338506       0.343217       0.346869       0.349471       0.351028       0.351547       0.351028       0.349471       0.346869       0.343217       0.338506       0.332728       0.325875       0.317945       0.308942       0.298878       0.287778       0.275684       0.262655       0.248772       0.234137       0.218878       0.203145       0.187107       0.170952       0.154875       0.139076       0.123753       0.109089       0.095249       0.082373       0.070574       0.059931       0.050495       0.042290       0.035316       0.029558       0.024992       0.021595       0.019350       0.018247       0.018288       0.019481       0.021845       0.025414       0.030240       0.036387       0.043923       0.052911       0.063396       0.075400       0.088907       0.103860       0.120153       0.137633       0.156103       0.175323       0.195026       0.214927       0.234738       0.254176       0.272979       0.290914       0.307779       0.323408       0.337672       0.350473       0.361749       0.371463       0.379607       0.386201       0.391286       0.394925       0.397185       0.398109       0.397670       0.395706       0.391875       0.385680       0.376606       0.364381       0.349313       0.332635       0.316814       0.305867       0.305867
       0.310403       0.310403       0.321270       0.336904       0.353298       0.368012       0.379846       0.388522       0.394329       0.397793       0.399413       0.399530       0.398303       0.395758       0.391849       0.386508       0.379671       0.371294       0.361361       0.349879       0.336884       0.322442       0.306652       0.289646       0.271593       0.252697       0.233194       0.213349       0.193443       0.173765       0.154596       0.136199       0.118807       0.102612       0.087757       0.074340       0.062407       0.051964       0.042980       0.035400       0.029156       0.024178       0.020420       0.017864       0.016530       0.016448       0.017615       0.019989       0.023526       0.028202       0.034022       0.041006       0.049171       0.058523       0.069046       0.080697       0.093404       0.107062       0.121537       0.136672       0.152287       0.168191       0.184187       0.200081       0.215689       0.230842       0.245389       0.259203       0.272179       0.284235       0.295308       0.305356       0.314351       0.322279       0.329134       0.334917       0.339634       0.343291       0.345897       0.347458       0.347978       0.347458       0.345897       0.343291       0.339634       0.334917       0.329134       0.322279       0.314351       0.305356       0.295308       0.284235       0.272179       0.259203       0.245389       0.230842       0.215689       0.200081       0.184187       0.168191       0.152287       0.136672       0.121537       0.107062       0.093404       0.080697       0.069046       0.058523       0.049171       0.041006       0.034022       0.028202       0.023526       0.019989       0.017615       0.016448       0.016530       0.017864       0.020420       0.024178       0.029156       0.035400       0.042980       0.051964       0.062407       0.074340       0.087757       0.102612       0.118807       0.136199       0.154596       0.173765       0.193443       0.213349       0.233194       0.252697       0.271593       0.289646       0.306652       0.322442       0.336884       0.349879       0.361361       0.371294       0.379671       0.386508       0.391849       0.395758       0.398303       0.399530       0.399413       0.397793       0.394329       0.388522       0.379846       0.368012       0.353298       0.336904       0.321270       0.310403       0.310403
       0.314682       0.314682       0.325470       0.340925       0.357050       0.371429       0.382896       0.391197       0.396639       0.399754       0.401045       0.400850       0.399326       0.396498       0.392317       0.386713       0.379623       0.371004       0.360838       0.349134       0.335931       0.321295       0.305329       0.288167       0.269984       0.250985       0.231410       0.211526       0.191614       0.171961       0.152845       0.134526       0.117229       0.101135       0.086380       0.073047       0.061173       0.050749       0.041729       0.034045       0.027613       0.022362       0.018257       0.015337       0.013737       0.013610       0.014969       0.017659       0.021512       0.026441       0.032430       0.039499       0.047677       0.056981       0.067407       0.078924       0.091468       0.104945       0.119230       0.134170       0.149594       0.165316       0.181144       0.196885       0.212359       0.227397       0.241849       0.255586       0.268502       0.280513       0.291555       0.301583       0.310567       0.318490       0.325344       0.331130       0.335851       0.339514       0.342124       0.343687       0.344208       0.343687       0.342124       0.339514       0.335851       0.331130       0.325344       0.318490       0.310567       0.301583       0.291555       0.280513       0.268502       0.255586       0.241849       0.227397       0.212359       0.196885       0.181144       0.165316       0.149594       0.134170       0.119230       0.104945       0.091468       0.078924       0.067407       0.056981       0.047677       0.039499       0.032430       0.026441       0.021512       0.017659       0.014969       0.013610       0.013737       0.015337       0.018257       0.022362       0.027613       0.034045       0.041729       0.050749       0.061173       0.073047       0.086380       0.101135       0.117229       0.134526       0.152845       0.171961       0.191614       0.211526       0.231410       0.250985       0.269984       0.288167       0.305329       0.321295       0.335931       0.349134       0.360838       0.371004       0.379623       0.386713       0.392317       0.396498       0.399326       0.400850       0.401045       0.399754       0.396639       0.391197       0.382896       0.371429       0.357050       0.340925       0.325470       0.314682       0.314682
       0.318726       0.318726       0.329437       0.344721       0.360588       0.374651       0.385771       0.393717       0.398812       0.401595       0.402569       0.402070       0.400254       0.397141       0.392684       0.386811       0.379459       0.370585       0.360173       0.348232       0.334804       0.319958       0.303800       0.286470       0.268143       0.249032       0.229379       0.209452       0.189533       0.169909       0.150855       0.132623       0.115431       0.099453       0.084812       0.071580       0.059779       0.049384       0.040335       0.032542       0.025903       0.020322       0.015750       0.012264       0.010183       0.009988       0.011741       0.014974       0.019295       0.024559       0.030758       0.037934       0.046134       0.055392       0.065720       0.077098       0.089474       0.102763       0.116847       0.131584       0.146807       0.162336       0.177984       0.193562       0.208892       0.223805       0.238153       0.251805       0.264654       0.276614       0.287620       0.297623       0.306591       0.314506       0.321358       0.327145       0.331869       0.335535       0.338148       0.339714       0.340235       0.339714       0.338148       0.335535       0.331869       0.327145       0.321358       0.314506       0.306591       0.297623       0.287620       0.276614       0.264654       0.251805       0.238153       0.223805       0.208892       0.193562       0.177984       0.162336       0.146807       0.131584       0.116847       0.102763       0.089474       0.077098       0.065720       0.055392       0.046134       0.037934       0.030758       0.024559       0.019295       0.014974       0.011741       0.009988       0.010183       0.012264       0.015750       0.020322       0.025903       0.032542       0.040335       0.049384       0.059779       0.071580       0.084812       0.099453       0.115431       0.132623       0.150855       0.169909       0.189533       0.209452       0.229379       0.249032       0.268143       0.286470       0.303800       0.319958       0.334804       0.348232       0.360173       0.370585       0.379459       0.386811       0.392684       0.397141       0.400254       0.402070       0.402569       0.401595       0.398812       0.393717       0.385771       0.374651       0.360588       0.344721       0.329437       0.318726       0.318726
       0.322559       0.322559       0.333194       0.348311       0.363932       0.377694       0.388483       0.396093       0.400857       0.403321       0.403987       0.403191       0.401084       0.397687       0.392948       0.386798       0.379173       0.370031       0.359357       0.347164       0.333494       0.318423       0.302058       0.284544       0.266063       0.246831       0.227093       0.207122       0.187199       0.167611       0.148628       0.130499       0.113433       0.097594       0.083095       0.069997       0.058309       0.047992       0.038971       0.031136       0.024359       0.018506       0.013470       0.009249       0.006272       0.005922       0.008487       0.012496       0.017325       0.022892       0.029253       0.036487       0.044668       0.053848       0.064050       0.075267       0.087455       0.100538       0.114407       0.128925       0.143934       0.159257       0.174713       0.190117       0.205291       0.220070       0.234304       0.247862       0.260637       0.272539       0.283502       0.293475       0.302425       0.310328       0.317175       0.322960       0.327685       0.331353       0.333968       0.335536       0.336058       0.335536       0.333968       0.331353       0.327685       0.322960       0.317175       0.310328       0.302425       0.293475       0.283502       0.272539       0.260637       0.247862       0.234304       0.220070       0.205291       0.190117       0.174713       0.159257       0.143934       0.128925       0.114407       0.100538       0.087455       0.075267       0.064050       0.053848       0.044668       0.036487       0.029253       0.022892       0.017325       0.012496       0.008487       0.005922       0.006272       0.009249       0.013470       0.018506       0.024359       0.031136       0.038971       0.047992       0.058309       0.069997       0.083095       0.097594       0.113433       0.130499       0.148628       0.167611       0.187199       0.207122       0.227093       0.246831       0.266063       0.284544       0.302058       0.318423       0.333494       0.347164       0.359357       0.370031       0.379173       0.386798       0.392948       0.397687       0.401084       0.403191       0.403987       0.403321       0.400857       0.396093       0.388483       0.377694       0.363932       0.348311       0.333194       0.322559       0.322559
       0.326200       0.326200       0.336760       0.351716       0.367100       0.380572       0.391047       0.398334       0.402781       0.404937       0.405304       0.404214       0.401817       0.398132       0.393106       0.386669       0.378759       0.369336       0.358385       0.345923       0.331995       0.316681       0.300093       0.282383       0.263736       0.244374       0.224549       0.204533       0.184611       0.165067       0.146170       0.128162       0.111246       0.095577       0.081259       0.068344       0.056828       0.046665       0.037768       0.030014       0.023260       0.017343       0.012092       0.007340       0.003012       0.002133       0.006301       0.010964       0.016070       0.021745       0.028118       0.035299       0.043378       0.052417       0.062447       0.073465       0.085437       0.098290       0.111924       0.126206       0.140984       0.156087       0.171338       0.186554       0.201561       0.216194       0.230304       0.243760       0.256452       0.268290       0.279204       0.289141       0.298066       0.305954       0.312792       0.318573       0.323297       0.326966       0.329583       0.331151       0.331674       0.331151       0.329583       0.326966       0.323297       0.318573       0.312792       0.305954       0.298066       0.289141       0.279204       0.268290       0.256452       0.243760       0.230304       0.216194       0.201561       0.186554       0.171338       0.156087       0.140984       0.126206       0.111924       0.098290       0.085437       0.073465       0.062447       0.052417       0.043378       0.035299       0.028118       0.021745       0.016070       0.010964       0.006301       0.002133       0.003012       0.007340       0.012092       0.017343       0.023260       0.030014       0.037768       0.046665       0.056828       0.068344       0.081259       0.095577       0.111246       0.128162       0.146170       0.165067       0.184611       0.204533       0.224549       0.244374       0.263736       0.282383       0.300093       0.316681       0.331995       0.345923       0.358385       0.369336       0.378759       0.386669       0.393106       0.398132       0.401817       0.404214       0.405304       0.404937       0.402781       0.398334       0.391047       0.380572       0.367100       0.351716       0.336760       0.326200       0.326200
       0.329668       0.329668       0.340155       0.354953       0.370107       0.383302       0.393473       0.400451       0.404592       0.406449       0.406522       0.405141       0.402453       0.398475       0.393154       0.386421       0.378213       0.368493       0.357249       0.344501       0.330298       0.314724       0.297899       0.279978       0.261155       0.241657       0.221740       0.201681       0.181765       0.162277       0.143482       0.125616       0.108877       0.093413       0.079318       0.066637       0.055361       0.045437       0.036775       0.029252       0.022725       0.017038       0.012037       0.007612       0.003942       0.003305       0.006605       0.010918       0.015790       0.021266       0.027447       0.034434       0.042310       0.051132       0.060933       0.071711       0.083432       0.096029       0.109405       0.123432       0.137962       0.152831       0.167862       0.182878       0.197705       0.212181       0.226157       0.239500       0.252101       0.263866       0.274724       0.284621       0.293517       0.301385       0.308211       0.313985       0.318706       0.322374       0.324990       0.326559       0.327082       0.326559       0.324990       0.322374       0.318706       0.313985       0.308211       0.301385       0.293517       0.284621       0.274724       0.263866       0.252101       0.239500       0.226157       0.212181       0.197705       0.182878       0.167862       0.152831       0.137962       0.123432       0.109405       0.096029       0.083432       0.071711       0.060933       0.051132       0.042310       0.034434       0.027447       0.021266       0.015790       0.010918       0.006605       0.003305       0.003942       0.007612       0.012037       0.017038       0.022725       0.029252       0.036775       0.045437       0.055361       0.066637       0.079318       0.093413       0.108877       0.125616       0.143482       0.162277       0.181765       0.201681       0.221740       0.241657       0.261155       0.279978       0.297899       0.314724       0.330298       0.344501       0.357249       0.368493       0.378213       0.386421       0.393154       0.398475       0.402453       0.405141       0.406522       0.406449       0.404592       0.400451       0.393473       0.383302       0.370107       0.354953       0.340155       0.329668       0.329668
       0.332980       0.332980       0.343394       0.358038       0.372969       0.385895       0.395774       0.402453       0.406297       0.407861       0.407644       0.405973       0.402991       0.398715       0.393090       0.386048       0.377529       0.367497       0.355943       0.342891       0.328395       0.312545       0.295467       0.277324       0.258315       0.238675       0.218664       0.198564       0.178662       0.159241       0.140564       0.122862       0.106326       0.091098       0.077265       0.064865       0.053887       0.044276       0.035945       0.028778       0.022648       0.017429       0.013031       0.009480       0.007131       0.006818       0.008745       0.012095       0.016347       0.021372       0.027190       0.033859       0.041441       0.049981       0.059502       0.070000       0.081440       0.093756       0.106853       0.120607       0.134873       0.149491       0.164289       0.179091       0.193727       0.208035       0.221865       0.235086       0.247586       0.259271       0.270067       0.279916       0.288777       0.296621       0.303430       0.309195       0.313910       0.317574       0.320190       0.321759       0.322281       0.321759       0.320190       0.317574       0.313910       0.309195       0.303430       0.296621       0.288777       0.279916       0.270067       0.259271       0.247586       0.235086       0.221865       0.208035       0.193727       0.179091       0.164289       0.149491       0.134873       0.120607       0.106853       0.093756       0.081440       0.070000       0.059502       0.049981       0.041441       0.033859       0.027190       0.021372       0.016347       0.012095       0.008745       0.006818       0.007131       0.009480       0.013031       0.017429       0.022648       0.028778       0.035945       0.044276       0.053887       0.064865       0.077265       0.091098       0.106326       0.122862       0.140564       0.159241       0.178662       0.198564       0.218664       0.238675       0.258315       0.277324       0.295467       0.312545       0.328395       0.342891       0.355943       0.367497       0.377529       0.386048       0.393090       0.398715       0.402991       0.405973       0.407644       0.407861       0.406297       0.402453       0.395774       0.385895       0.372969       0.358038       0.343394       0.332980       0.332980
       0.336151       0.336151       0.346493       0.360985       0.375699       0.388364       0.397960       0.404348       0.407903       0.409179       0.408674       0.406712       0.403433       0.398850       0.392912       0.385549       0.376704       0.366343       0.354461       0.341087       0.326281       0.310138       0.292792       0.274414       0.255210       0.235423       0.215318       0.195180       0.175300       0.155958       0.137415       0.119896       0.103587       0.088620       0.075078       0.062993       0.052352       0.043101       0.035156       0.028414       0.022762       0.018100       0.014370       0.011605       0.009995       0.009815       0.011132       0.013710       0.017304       0.021797       0.027173       0.033460       0.040695       0.048911       0.058119       0.068310       0.079446       0.091462       0.104262       0.117728       0.131717       0.146070       0.160621       0.175198       0.189630       0.203757       0.217432       0.230521       0.242911       0.254507       0.265232       0.275026       0.283847       0.291662       0.298451       0.304202       0.308909       0.312569       0.315182       0.316749       0.317271       0.316749       0.315182       0.312569       0.308909       0.304202       0.298451       0.291662       0.283847       0.275026       0.265232       0.254507       0.242911       0.230521       0.217432       0.203757       0.189630       0.175198       0.160621       0.146070       0.131717       0.117728       0.104262       0.091462       0.079446       0.068310       0.058119       0.048911       0.040695       0.033460       0.027173       0.021797       0.017304       0.013710       0.011132       0.009815       0.009995       0.011605       0.014370       0.018100       0.022762       0.028414       0.035156       0.043101       0.052352       0.062993       0.075078       0.088620       0.103587       0.119896       0.137415       0.155958       0.175300       0.195180       0.215318       0.235423       0.255210       0.274414       0.292792       0.310138       0.326281       0.341087       0.354461       0.366343       0.376704       0.385549       0.392912       0.398850       0.403433       0.406712       0.408674       0.409179       0.407903       0.404348       0.397960       0.388364       0.375699       0.360985       0.346493       0.336151       0.336151
       0.339196       0.339196       0.349465       0.363808       0.378310       0.390720       0.400040       0.406146       0.409416       0.410408       0.409615       0.407359       0.403777       0.398880       0.392616       0.384918       0.375731       0.365024       0.352797       0.339083       0.323948       0.307496       0.289868       0.271243       0.251837       0.231898       0.211699       0.191529       0.171679       0.152429       0.134035       0.116716       0.100651       0.085963       0.072729       0.060976       0.050686       0.041806       0.034257       0.027941       0.022758       0.018614       0.015447       0.013246       0.012063       0.011978       0.013014       0.015115       0.018200       0.022223       0.027178       0.033084       0.039967       0.047849       0.056734       0.066607       0.077429       0.089133       0.101627       0.114792       0.128491       0.142569       0.156862       0.171200       0.185417       0.199353       0.212860       0.225807       0.238078       0.249576       0.260222       0.269956       0.278729       0.286510       0.293274       0.299008       0.303703       0.307356       0.309965       0.311530       0.312052       0.311530       0.309965       0.307356       0.303703       0.299008       0.293274       0.286510       0.278729       0.269956       0.260222       0.249576       0.238078       0.225807       0.212860       0.199353       0.185417       0.171200       0.156862       0.142569       0.128491       0.114792       0.101627       0.089133       0.077429       0.066607       0.056734       0.047849       0.039967       0.033084       0.027178       0.022223       0.018200       0.015115       0.013014       0.011978       0.012063       0.013246       0.015447       0.018614       0.022758       0.027941       0.034257       0.041806       0.050686       0.060976       0.072729       0.085963       0.100651       0.116716       0.134035       0.152429       0.171679       0.191529       0.211699       0.231898       0.251837       0.271243       0.289868       0.307496       0.323948       0.339083       0.352797       0.365024       0.375731       0.384918       0.392616       0.398880       0.403777       0.407359       0.409615       0.410408       0.409416       0.406146       0.400040       0.390720       0.378310       0.363808       0.349465       0.339196       0.339196
       0.342127       0.342127       0.352324       0.366520       0.380813       0.392975       0.402025       0.407852       0.410843       0.411551       0.410471       0.407916       0.404023       0.398802       0.392201       0.384154       0.374607       0.363536       0.350944       0.336871       0.321390       0.304613       0.286689       0.267807       0.248192       0.228100       0.207809       0.187613       0.167803       0.148657       0.130426       0.113322       0.097514       0.083117       0.070198       0.058777       0.048830       0.040303       0.033118       0.027180       0.022391       0.018660       0.015908       0.014087       0.013176       0.013180       0.014105       0.015950       0.018710       0.022390       0.027008       0.032587       0.039153       0.046722       0.055295       0.064856       0.075364       0.086754       0.098936       0.111794       0.125195       0.138988       0.153012       0.167101       0.181092       0.194825       0.208155       0.220949       0.233090       0.244481       0.255041       0.264706       0.273426       0.281167       0.287901       0.293614       0.298295       0.301938       0.304541       0.306103       0.306623       0.306103       0.304541       0.301938       0.298295       0.293614       0.287901       0.281167       0.273426       0.264706       0.255041       0.244481       0.233090       0.220949       0.208155       0.194825       0.181092       0.167101       0.153012       0.138988       0.125195       0.111794       0.098936       0.086754       0.075364       0.064856       0.055295       0.046722       0.039153       0.032587       0.027008       0.022390       0.018710       0.015950       0.014105       0.013180       0.013176       0.014087       0.015908       0.018660       0.022391       0.027180       0.033118       0.040303       0.048830       0.058777       0.070198       0.083117       0.097514       0.113322       0.130426       0.148657       0.167803       0.187613       0.207809       0.228100       0.248192       0.267807       0.286689       0.304613       0.321390       0.336871       0.350944       0.363536       0.374607       0.384154       0.392201       0.398802       0.404023       0.407916       0.410471       0.411551       0.410843       0.407852       0.402025       0.392975       0.380813       0.366520       0.352324       0.342127       0.342127
       0.344957       0.344957       0.355082       0.369131       0.383219       0.395136       0.403922       0.409475       0.412188       0.412614       0.411242       0.408384       0.404173       0.398617       0.391664       0.383251       0.373328       0.361874       0.348899       0.334448       0.318603       0.301485       0.283253       0.264105       0.244275       0.224029       0.203650       0.183436       0.163677       0.144649       0.126595       0.109721       0.094181       0.080082       0.067478       0.056379       0.046754       0.038543       0.031665       0.026026       0.021529       0.018083       0.015604       0.014026       0.013300       0.013400       0.014321       0.016070       0.018670       0.022149       0.026539       0.031874       0.038180       0.045476       0.053765       0.063031       0.073235       0.084314       0.096183       0.108731       0.121828       0.135328       0.149074       0.162905       0.176659       0.190179       0.203321       0.215951       0.227953       0.239228       0.249692       0.259281       0.267941       0.275635       0.282335       0.288022       0.292685       0.296316       0.298911       0.300468       0.300988       0.300468       0.298911       0.296316       0.292685       0.288022       0.282335       0.275635       0.267941       0.259281       0.249692       0.239228       0.227953       0.215951       0.203321       0.190179       0.176659       0.162905       0.149074       0.135328       0.121828       0.108731       0.096183       0.084314       0.073235       0.063031       0.053765       0.045476       0.038180       0.031874       0.026539       0.022149       0.018670       0.016070       0.014321       0.013400       0.013300       0.014026       0.015604       0.018083       0.021529       0.026026       0.031665       0.038543       0.046754       0.056379       0.067478       0.080082       0.094181       0.109721       0.126595       0.144649       0.163677       0.183436       0.203650       0.224029       0.244275       0.264105       0.283253       0.301485       0.318603       0.334448       0.348899       0.361874       0.373328       0.383251       0.391664       0.398617       0.404173       0.408384       0.411242       0.412614       0.412188       0.409475       0.403922       0.395136       0.383219       0.369131       0.355082       0.344957       0.344957
       0.347696       0.347696       0.357748       0.371653       0.385538       0.397214       0.405738       0.411021       0.413457       0.413599       0.411933       0.408765       0.404225       0.398321       0.391002       0.382207       0.371889       0.360033       0.346654       0.331807       0.315581       0.298107       0.279555       0.260133       0.240087       0.219688       0.199228       0.179006       0.159312       0.140417       0.122557       0.105926       0.090668       0.076873       0.064583       0.053795       0.044468       0.036531       0.029898       0.024473       0.020160       0.016873       0.014536       0.013091       0.012492       0.012701       0.013698       0.015478       0.018056       0.021461       0.025732       0.030906       0.037017       0.044087       0.052125       0.061117       0.071031       0.081808       0.093367       0.105603       0.118392       0.131593       0.145053       0.158616       0.172123       0.185420       0.198362       0.210818       0.222671       0.233820       0.244181       0.253684       0.262277       0.269918       0.276578       0.282235       0.286876       0.290492       0.293077       0.294629       0.295147       0.294629       0.293077       0.290492       0.286876       0.282235       0.276578       0.269918       0.262277       0.253684       0.244181       0.233820       0.222671       0.210818       0.198362       0.185420       0.172123       0.158616       0.145053       0.131593       0.118392       0.105603       0.093367       0.081808       0.071031       0.061117       0.052125       0.044087       0.037017       0.030906       0.025732       0.021461       0.018056       0.015478       0.013698       0.012701       0.012492       0.013091       0.014536       0.016873       0.020160       0.024473       0.029898       0.036531       0.044468       0.053795       0.064583       0.076873       0.090668       0.105926       0.122557       0.140417       0.159312       0.179006       0.199228       0.219688       0.240087       0.260133       0.279555       0.298107       0.315581       0.331807       0.346654       0.360033       0.371889       0.382207       0.391002       0.398321       0.404225       0.408765       0.411933       0.413599       0.413457       0.411021       0.405738       0.397214       0.385538       0.371653       0.357748       0.347696       0.347696
       0.350353       0.350353       0.360333       0.374094       0.387778       0.399216       0.407481       0.412495       0.414654       0.414511       0.412545       0.409059       0.404180       0.397915       0.390213       0.381018       0.370286       0.358008       0.344207       0.328944       0.312320       0.294477       0.275595       0.255894       0.235630       0.215083       0.194550       0.174333       0.154720       0.135977       0.118331       0.101961       0.086999       0.073519       0.061548       0.051067       0.042020       0.034327       0.027890       0.022606       0.018381       0.015136       0.012820       0.011407       0.010884       0.011222       0.012371       0.014286       0.016953       0.020387       0.024625       0.029709       0.035679       0.042565       0.050381       0.059121       0.068757       0.079239       0.090491       0.102415       0.114892       0.127787       0.140955       0.154240       0.167490       0.180553       0.193286       0.205558       0.217251       0.228264       0.238511       0.247922       0.256439       0.264021       0.270635       0.276257       0.280872       0.284470       0.287043       0.288588       0.289103       0.288588       0.287043       0.284470       0.280872       0.276257       0.270635       0.264021       0.256439       0.247922       0.238511       0.228264       0.217251       0.205558       0.193286       0.180553       0.167490       0.154240       0.140955       0.127787       0.114892       0.102415       0.090491       0.079239       0.068757       0.059121       0.050381       0.042565       0.035679       0.029709       0.024625       0.020387       0.016953       0.014286       0.012371       0.011222       0.010884       0.011407       0.012820       0.015136       0.018381       0.022606       0.027890       0.034327       0.042020       0.051067       0.061548       0.073519       0.086999       0.101961       0.118331       0.135977       0.154720       0.174333       0.194550       0.215083       0.235630       0.255894       0.275595       0.294477       0.312320       0.328944       0.344207       0.358008       0.370286       0.381018       0.390213       0.397915       0.404180       0.409059       0.412545       0.414511       0.414654       0.412495       0.407481       0.399216       0.387778       0.374094       0.360333       0.350353       0.350353
       0.352940       0.352940       0.362847       0.376463       0.389948       0.401149       0.409158       0.413903       0.415784       0.415351       0.413079       0.409266       0.404037       0.397395       0.389295       0.379680       0.368515       0.355795       0.341551       0.325855       0.308818       0.290592       0.271372       0.251389       0.230908       0.210220       0.189627       0.169432       0.149920       0.131351       0.113940       0.097855       0.083209       0.070062       0.058423       0.048256       0.039490       0.032030       0.025765       0.020582       0.016378       0.013080       0.010663       0.009168       0.008668       0.009166       0.010551       0.012695       0.015531       0.019061       0.023320       0.028356       0.034219       0.040945       0.048558       0.057058       0.066426       0.076618       0.087564       0.099173       0.111335       0.123919       0.136785       0.149785       0.162768       0.175586       0.188099       0.200176       0.211699       0.222566       0.232690       0.241999       0.250433       0.257949       0.264510       0.270092       0.274678       0.278254       0.280812       0.282349       0.282862       0.282349       0.280812       0.278254       0.274678       0.270092       0.264510       0.257949       0.250433       0.241999       0.232690       0.222566       0.211699       0.200176       0.188099       0.175586       0.162768       0.149785       0.136785       0.123919       0.111335       0.099173       0.087564       0.076618       0.066426       0.057058       0.048558       0.040945       0.034219       0.028356       0.023320       0.019061       0.015531       0.012695       0.010551       0.009166       0.008668       0.009168       0.010663       0.013080       0.016378       0.020582       0.025765       0.032030       0.039490       0.048256       0.058423       0.070062       0.083209       0.097855       0.113940       0.131351       0.149920       0.169432       0.189627       0.210220       0.230908       0.251389       0.271372       0.290592       0.308818       0.325855       0.341551       0.355795       0.368515       0.379680       0.389295       0.397395       0.404037       0.409266       0.413079       0.415351       0.415784       0.413903       0.409158       0.401149       0.389948       0.376463       0.362847       0.352940       0.352940
       0.355463       0.355463       0.365296       0.378769       0.392055       0.403021       0.410773       0.415250       0.416851       0.416124       0.413538       0.409388       0.403794       0.396762       0.388245       0.378192       0.366573       0.353390       0.338684       0.322537       0.305071       0.286452       0.266887       0.246620       0.225928       0.205109       0.184471       0.164317       0.144930       0.126559       0.109410       0.093636       0.079333       0.066543       0.055259       0.045428       0.036964       0.029754       0.023674       0.018595       0.014397       0.010991       0.008361       0.006629       0.006069       0.006795       0.008529       0.010976       0.014020       0.017663       0.021951       0.026947       0.032708       0.039281       0.046694       0.054958       0.064059       0.073960       0.084598       0.095890       0.107730       0.119996       0.132554       0.145259       0.157965       0.170528       0.182810       0.194680       0.206023       0.216734       0.226725       0.235923       0.244266       0.251708       0.258210       0.263747       0.268298       0.271849       0.274391       0.275918       0.276428       0.275918       0.274391       0.271849       0.268298       0.263747       0.258210       0.251708       0.244266       0.235923       0.226725       0.216734       0.206023       0.194680       0.182810       0.170528       0.157965       0.145259       0.132554       0.119996       0.107730       0.095890       0.084598       0.073960       0.064059       0.054958       0.046694       0.039281       0.032708       0.026947       0.021951       0.017663       0.014020       0.010976       0.008529       0.006795       0.006069       0.006629       0.008361       0.010991       0.014397       0.018595       0.023674       0.029754       0.036964       0.045428       0.055259       0.066543       0.079333       0.093636       0.109410       0.126559       0.144930       0.164317       0.184471       0.205109       0.225928       0.246620       0.266887       0.286452       0.305071       0.322537       0.338684       0.353390       0.366573       0.378192       0.388245       0.396762       0.403794       0.409388       0.413538       0.416124       0.416851       0.415250       0.410773       0.403021       0.392055       0.378769       0.365296       0.355463       0.355463
       0.357931       0.357931       0.367690       0.381019       0.394106       0.404838       0.412334       0.416540       0.417858       0.416831       0.413924       0.409425       0.403453       0.396012       0.387060       0.376548       0.364454       0.350789       0.335602       0.318987       0.301079       0.282057       0.262143       0.241595       0.220699       0.199762       0.179098       0.159007       0.139770       0.121627       0.104769       0.089335       0.075404       0.063002       0.052104       0.042642       0.034516       0.027600       0.021754       0.016833       0.012695       0.009216       0.006325       0.004138       0.003329       0.004472       0.006697       0.009456       0.012668       0.016377       0.020657       0.025582       0.031221       0.037625       0.044830       0.052850       0.061678       0.071283       0.081608       0.092577       0.104089       0.116030       0.128270       0.140671       0.153091       0.165388       0.177428       0.189081       0.200231       0.210776       0.220625       0.229702       0.237945       0.245305       0.251743       0.257228       0.261740       0.265262       0.267785       0.269301       0.269806       0.269301       0.267785       0.265262       0.261740       0.257228       0.251743       0.245305       0.237945       0.229702       0.220625       0.210776       0.200231       0.189081       0.177428       0.165388       0.153091       0.140671       0.128270       0.116030       0.104089       0.092577       0.081608       0.071283       0.061678       0.052850       0.044830       0.037625       0.031221       0.025582       0.020657       0.016377       0.012668       0.009456       0.006697       0.004472       0.003329       0.004138       0.006325       0.009216       0.012695       0.016833       0.021754       0.027600       0.034516       0.042642       0.052104       0.063002       0.075404       0.089335       0.104769       0.121627       0.139770       0.159007       0.179098       0.199762       0.220699       0.241595       0.262143       0.282057       0.301079       0.318987       0.335602       0.350789       0.364454       0.376548       0.387060       0.396012       0.403453       0.409425       0.413924       0.416831       0.417858       0.416540       0.412334       0.404838       0.394106       0.381019       0.367690       0.357931       0.357931
       0.360351       0.360351       0.370036       0.383220       0.396108       0.406604       0.413843       0.417777       0.418808       0.417475       0.414236       0.409376       0.403011       0.395145       0.385737       0.374747       0.362157       0.347988       0.332301       0.315202       0.296840       0.277409       0.257144       0.236318       0.215229       0.194191       0.173522       0.153521       0.134462       0.116576       0.100040       0.084977       0.071450       0.059467       0.048989       0.039935       0.032191       0.025624       0.020084       0.015415       0.011462       0.008070       0.005098       0.002426       0.000703       0.002899       0.005548       0.008444       0.011678       0.015345       0.019538       0.024338       0.029814       0.036021       0.042997       0.050760       0.059304       0.068604       0.078609       0.089246       0.100423       0.112031       0.123944       0.136031       0.148154       0.160176       0.171962       0.183387       0.194335       0.204702       0.214397       0.223345       0.231479       0.238750       0.245115       0.250543       0.255011       0.258501       0.261001       0.262504       0.263006       0.262504       0.261001       0.258501       0.255011       0.250543       0.245115       0.238750       0.231479       0.223345       0.214397       0.204702       0.194335       0.183387       0.171962       0.160176       0.148154       0.136031       0.123944       0.112031       0.100423       0.089246       0.078609       0.068604       0.059304       0.050760       0.042997       0.036021       0.029814       0.024338       0.019538       0.015345       0.011678       0.008444       0.005548       0.002899       0.000703       0.002426       0.005098       0.008070       0.011462       0.015415       0.020084       0.025624       0.032191       0.039935       0.048989       0.059467       0.071450       0.084977       0.100040       0.116576       0.134462       0.153521       0.173522       0.194191       0.215229       0.236318       0.257144       0.277409       0.296840       0.315202       0.332301       0.347988       0.362157       0.374747       0.385737       0.395145       0.403011       0.409376       0.414236       0.417475       0.418808       0.417777       0.413843       0.406604       0.396108       0.383220       0.370036       0.360351       0.360351
       0.362731       0.362731       0.372340       0.385378       0.398066       0.408327       0.415307       0.418965       0.419704       0.418056       0.414476       0.409242       0.402467       0.394157       0.384275       0.372784       0.359678       0.344985       0.328780       0.311181       0.292355       0.272509       0.251895       0.230799       0.209530       0.188411       0.167761       0.147878       0.129028       0.111429       0.095246       0.080583       0.067489       0.055954       0.045926       0.037313       0.029994       0.023828       0.018664       0.014348       0.010726       0.007653       0.005012       0.002791       0.001721       0.003112       0.005410       0.008082       0.011130       0.014623       0.018638       0.023247       0.028515       0.034493       0.041217       0.048704       0.056952       0.065936       0.075611       0.085909       0.096743       0.108008       0.119587       0.131351       0.143167       0.154901       0.166424       0.177609       0.188343       0.198522       0.208054       0.216862       0.224879       0.232051       0.238337       0.243702       0.248120       0.251574       0.254049       0.255538       0.256034       0.255538       0.254049       0.251574       0.248120       0.243702       0.238337       0.232051       0.224879       0.216862       0.208054       0.198522       0.188343       0.177609       0.166424       0.154901       0.143167       0.131351       0.119587       0.108008       0.096743       0.085909       0.075611       0.065936       0.056952       0.048704       0.041217       0.034493       0.028515       0.023247       0.018638       0.014623       0.011130       0.008082       0.005410       0.003112       0.001721       0.002791       0.005012       0.007653       0.010726       0.014348       0.018664       0.023828       0.029994       0.037313       0.045926       0.055954       0.067489       0.080583       0.095246       0.111429       0.129028       0.147878       0.167761       0.188411       0.209530       0.230799       0.251895       0.272509       0.292355       0.311181       0.328780       0.344985       0.359678       0.372784       0.384275       0.394157       0.402467       0.409242       0.414476       0.418056       0.419704       0.418965       0.415307       0.408327       0.398066       0.385378       0.372340       0.362731       0.362731
       0.365076       0.365076       0.374609       0.387500       0.399987       0.410010       0.416729       0.420108       0.420548       0.418578       0.414645       0.409022       0.401820       0.393047       0.382669       0.370657       0.357012       0.341776       0.325036       0.306925       0.287626       0.267363       0.246404       0.225048       0.203617       0.182439       0.161834       0.142099       0.123488       0.106208       0.090406       0.076171       0.063533       0.052469       0.042913       0.034763       0.027893       0.022162       0.017421       0.013522       0.010326       0.007717       0.005633       0.004156       0.003635       0.004354       0.005995       0.008224       0.010944       0.014164       0.017932       0.022300       0.027323       0.033043       0.039494       0.046689       0.054628       0.063287       0.072624       0.082575       0.093058       0.103973       0.115208       0.126639       0.138139       0.149576       0.160824       0.171759       0.182268       0.192248       0.201606       0.210264       0.218154       0.225221       0.231419       0.236714       0.241079       0.244492       0.246939       0.248411       0.248902       0.248411       0.246939       0.244492       0.241079       0.236714       0.231419       0.225221       0.218154       0.210264       0.201606       0.192248       0.182268       0.171759       0.160824       0.149576       0.138139       0.126639       0.115208       0.103973       0.093058       0.082575       0.072624       0.063287       0.054628       0.046689       0.039494       0.033043       0.027323       0.022300       0.017932       0.014164       0.010944       0.008224       0.005995       0.004354       0.003635       0.004156       0.005633       0.007717       0.010326       0.013522       0.017421       0.022162       0.027893       0.034763       0.042913       0.052469       0.063533       0.076171       0.090406       0.106208       0.123488       0.142099       0.161834       0.182439       0.203617       0.225048       0.246404       0.267363       0.287626       0.306925       0.325036       0.341776       0.357012       0.370657       0.382669       0.393047       0.401820       0.409022       0.414645       0.418578       0.420548       0.420108       0.416729       0.410010       0.399987       0.387500       0.374609       0.365076       0.365076
       0.367394       0.367394       0.376848       0.389590       0.401874       0.411658       0.418113       0.421208       0.421343       0.419041       0.414742       0.408715       0.401069       0.391813       0.380918       0.368363       0.354159       0.338360       0.321068       0.302434       0.282655       0.261975       0.240678       0.219077       0.197503       0.176292       0.155763       0.136205       0.117865       0.100933       0.085541       0.071756       0.059594       0.049014       0.039939       0.032259       0.025843       0.020552       0.016240       0.012768       0.010011       0.007867       0.006285       0.005294       0.005007       0.005505       0.006725       0.008554       0.010930       0.013852       0.017345       0.021450       0.026208       0.031656       0.037820       0.044714       0.052335       0.060662       0.069654       0.079252       0.089376       0.099934       0.110817       0.121908       0.133081       0.144212       0.155174       0.165848       0.176122       0.185891       0.195066       0.203564       0.211318       0.218270       0.224374       0.229593       0.233897       0.237265       0.239682       0.241135       0.241621       0.241135       0.239682       0.237265       0.233897       0.229593       0.224374       0.218270       0.211318       0.203564       0.195066       0.185891       0.176122       0.165848       0.155174       0.144212       0.133081       0.121908       0.110817       0.099934       0.089376       0.079252       0.069654       0.060662       0.052335       0.044714       0.037820       0.031656       0.026208       0.021450       0.017345       0.013852       0.010930       0.008554       0.006725       0.005505       0.005007       0.005294       0.006285       0.007867       0.010011       0.012768       0.016240       0.020552       0.025843       0.032259       0.039939       0.049014       0.059594       0.071756       0.085541       0.100933       0.117865       0.136205       0.155763       0.176292       0.197503       0.219077       0.240678       0.261975       0.282655       0.302434       0.321068       0.338360       0.354159       0.368363       0.380918       0.391813       0.401069       0.408715       0.414742       0.419041       0.421343       0.421208       0.418113       0.411658       0.401874       0.389590       0.376848       0.367394       0.367394
       0.369688       0.369688       0.379063       0.391655       0.403734       0.413275       0.419462       0.422268       0.422090       0.419445       0.414767       0.408321       0.400212       0.390452       0.379018       0.365898       0.351114       0.334734       0.316877       0.297709       0.277447       0.256353       0.234728       0.212899       0.191207       0.169991       0.149568       0.130222       0.112184       0.095630       0.080670       0.067355       0.055680       0.045590       0.036995       0.029776       0.023799       0.018925       0.015013       0.011931       0.009561       0.007806       0.006600       0.005922       0.005790       0.006228       0.007235       0.008795       0.010898       0.013555       0.016789       0.020636       0.025131       0.030305       0.036181       0.042770       0.050070       0.058061       0.066704       0.075943       0.085705       0.095900       0.106424       0.117166       0.128005       0.138819       0.149487       0.159890       0.169917       0.179466       0.188446       0.196774       0.204383       0.211212       0.217214       0.222350       0.226589       0.229908       0.232290       0.233724       0.234202       0.233724       0.232290       0.229908       0.226589       0.222350       0.217214       0.211212       0.204383       0.196774       0.188446       0.179466       0.169917       0.159890       0.149487       0.138819       0.128005       0.117166       0.106424       0.095900       0.085705       0.075943       0.066704       0.058061       0.050070       0.042770       0.036181       0.030305       0.025131       0.020636       0.016789       0.013555       0.010898       0.008795       0.007235       0.006228       0.005790       0.005922       0.006600       0.007806       0.009561       0.011931       0.015013       0.018925       0.023799       0.029776       0.036995       0.045590       0.055680       0.067355       0.080670       0.095630       0.112184       0.130222       0.149568       0.169991       0.191207       0.212899       0.234728       0.256353       0.277447       0.297709       0.316877       0.334734       0.351114       0.365898       0.379018       0.390452       0.400212       0.408321       0.414767       0.419445       0.422090       0.422268       0.419462       0.413275       0.403734       0.391655       0.379063       0.369688       0.369688
       0.371965       0.371965       0.381259       0.393698       0.405569       0.414865       0.420779       0.423290       0.422791       0.419792       0.414722       0.407838       0.399247       0.388962       0.376967       0.363260       0.347876       0.330898       0.312462       0.292753       0.272007       0.250506       0.228567       0.206531       0.184747       0.163557       0.143275       0.124174       0.106471       0.090321       0.075817       0.062988       0.051809       0.042209       0.034084       0.027307       0.021740       0.017242       0.013678       0.010920       0.008858       0.007396       0.006459       0.006001       0.005999       0.006457       0.007384       0.008799       0.010720       0.013174       0.016191       0.019807       0.024056       0.028966       0.034560       0.040849       0.047829       0.055484       0.063777       0.072656       0.082051       0.091878       0.102038       0.112425       0.122922       0.133411       0.143774       0.153896       0.163667       0.172986       0.181760       0.189910       0.197363       0.204061       0.209954       0.215000       0.219168       0.222434       0.224778       0.226190       0.226661       0.226190       0.224778       0.222434       0.219168       0.215000       0.209954       0.204061       0.197363       0.189910       0.181760       0.172986       0.163667       0.153896       0.143774       0.133411       0.122922       0.112425       0.102038       0.091878       0.082051       0.072656       0.063777       0.055484       0.047829       0.040849       0.034560       0.028966       0.024056       0.019807       0.016191       0.013174       0.010720       0.008799       0.007384       0.006457       0.005999       0.006001       0.006459       0.007396       0.008858       0.010920       0.013678       0.017242       0.021740       0.027307       0.034084       0.042209       0.051809       0.062988       0.075817       0.090321       0.106471       0.124174       0.143275       0.163557       0.184747       0.206531       0.228567       0.250506       0.272007       0.292753       0.312462       0.330898       0.347876       0.363260       0.376967       0.388962       0.399247       0.407838       0.414722       0.419792       0.422791       0.423290       0.420779       0.414865       0.405569       0.393698       0.381259       0.371965       0.371965
       0.374230       0.374230       0.383441       0.395724       0.407384       0.416430       0.422067       0.424276       0.423446       0.420082       0.414603       0.407265       0.398171       0.387340       0.374762       0.360447       0.344444       0.326852       0.307825       0.287570       0.266343       0.244445       0.222210       0.199991       0.178145       0.157015       0.136910       0.118088       0.100752       0.085035       0.071009       0.058680       0.048003       0.038890       0.031224       0.024867       0.019676       0.015508       0.012230       0.009722       0.007881       0.006622       0.005874       0.005581       0.005705       0.006230       0.007163       0.008525       0.010346       0.012662       0.015511       0.018931       0.022958       0.027622       0.032946       0.038942       0.045609       0.052930       0.060875       0.069393       0.078420       0.087876       0.097669       0.107695       0.117843       0.128000       0.138050       0.147881       0.157386       0.166465       0.175025       0.182985       0.190275       0.196833       0.202608       0.207558       0.211650       0.214858       0.217162       0.218549       0.219013       0.218549       0.217162       0.214858       0.211650       0.207558       0.202608       0.196833       0.190275       0.182985       0.175025       0.166465       0.157386       0.147881       0.138050       0.128000       0.117843       0.107695       0.097669       0.087876       0.078420       0.069393       0.060875       0.052930       0.045609       0.038942       0.032946       0.027622       0.022958       0.018931       0.015511       0.012662       0.010346       0.008525       0.007163       0.006230       0.005705       0.005581       0.005874       0.006622       0.007881       0.009722       0.012230       0.015508       0.019676       0.024867       0.031224       0.038890       0.048003       0.058680       0.071009       0.085035       0.100752       0.118088       0.136910       0.157015       0.178145       0.199991       0.222210       0.244445       0.266343       0.287570       0.307825       0.326852       0.344444       0.360447       0.374762       0.387340       0.398171       0.407265       0.414603       0.420082       0.423446       0.424276       0.422067       0.416430       0.407384       0.395724       0.383441       0.374230       0.374230
       0.376486       0.376486       0.385613       0.397738       0.409183       0.417975       0.423329       0.425227       0.424057       0.420315       0.414412       0.406600       0.396984       0.385584       0.372401       0.357456       0.340815       0.322594       0.302969       0.282166       0.260463       0.238181       0.215671       0.193297       0.171424       0.150391       0.130498       0.111993       0.095056       0.079800       0.066272       0.054457       0.044289       0.035662       0.028445       0.022490       0.017646       0.013768       0.010722       0.008394       0.006694       0.005555       0.004927       0.004764       0.005017       0.005647       0.006641       0.008012       0.009792       0.012022       0.014743       0.018000       0.021830       0.026266       0.031335       0.037048       0.043408       0.050402       0.058001       0.066160       0.074820       0.083904       0.093325       0.102986       0.112780       0.122597       0.132327       0.141860       0.151090       0.159918       0.168255       0.176017       0.183134       0.189544       0.195195       0.200042       0.204052       0.207197       0.209457       0.210819       0.211274       0.210819       0.209457       0.207197       0.204052       0.200042       0.195195       0.189544       0.183134       0.176017       0.168255       0.159918       0.151090       0.141860       0.132327       0.122597       0.112780       0.102986       0.093325       0.083904       0.074820       0.066160       0.058001       0.050402       0.043408       0.037048       0.031335       0.026266       0.021830       0.018000       0.014743       0.012022       0.009792       0.008012       0.006641       0.005647       0.005017       0.004764       0.004927       0.005555       0.006694       0.008394       0.010722       0.013768       0.017646       0.022490       0.028445       0.035662       0.044289       0.054457       0.066272       0.079800       0.095056       0.111993       0.130498       0.150391       0.171424       0.193297       0.215671       0.238181       0.260463       0.282166       0.302969       0.322594       0.340815       0.357456       0.372401       0.385584       0.396984       0.406600       0.414412       0.420315       0.424057       0.425227       0.423329       0.417975       0.409183       0.397738       0.385613       0.376486       0.376486
       0.378739       0.378739       0.387779       0.399742       0.410969       0.419502       0.424566       0.426146       0.424624       0.420489       0.414147       0.405842       0.395681       0.383691       0.369881       0.354286       0.336989       0.318128       0.297897       0.276547       0.254378       0.231729       0.208969       0.186473       0.164607       0.143709       0.124069       0.105916       0.089411       0.074644       0.061635       0.050349       0.040697       0.032558       0.025785       0.020221       0.015708       0.012094       0.009244       0.007044       0.005415       0.004315       0.003741       0.003684       0.004080       0.004845       0.005933       0.007348       0.009120       0.011292       0.013912       0.017028       0.020679       0.024904       0.029729       0.035170       0.041231       0.047903       0.055161       0.062964       0.071256       0.079968       0.089017       0.098309       0.107744       0.117217       0.126620       0.135846       0.144793       0.153363       0.161466       0.169022       0.175958       0.182212       0.187730       0.192468       0.196391       0.199469       0.201683       0.203017       0.203462       0.203017       0.201683       0.199469       0.196391       0.192468       0.187730       0.182212       0.175958       0.169022       0.161466       0.153363       0.144793       0.135846       0.126620       0.117217       0.107744       0.098309       0.089017       0.079968       0.071256       0.062964       0.055161       0.047903       0.041231       0.035170       0.029729       0.024904       0.020679       0.017028       0.013912       0.011292       0.009120       0.007348       0.005933       0.004845       0.004080       0.003684       0.003741       0.004315       0.005415       0.007044       0.009244       0.012094       0.015708       0.020221       0.025785       0.032558       0.040697       0.050349       0.061635       0.074644       0.089411       0.105916       0.124069       0.143709       0.164607       0.186473       0.208969       0.231729       0.254378       0.276547       0.297897       0.318128       0.336989       0.354286       0.369881       0.383691       0.395681       0.405842       0.414147       0.420489       0.424624       0.426146       0.424566       0.419502       0.410969       0.399742       0.387779       0.378739       0.378739
       0.380992       0.380992       0.389944       0.401741       0.412744       0.421012       0.425779       0.427032       0.425147       0.420606       0.413805       0.404988       0.394261       0.381657       0.367199       0.350935       0.332967       0.313455       0.292615       0.270722       0.248099       0.225105       0.202123       0.179539       0.157720       0.136998       0.117650       0.099887       0.083846       0.069593       0.057124       0.046379       0.037253       0.029605       0.023278       0.018105       0.013920       0.010565       0.007901       0.005809       0.004204       0.003063       0.002458       0.002491       0.003065       0.003989       0.005180       0.006641       0.008408       0.010529       0.013057       0.016041       0.019525       0.023547       0.028137       0.033313       0.039083       0.045439       0.052361       0.059811       0.067738       0.076078       0.084753       0.093675       0.102748       0.111871       0.120941       0.129854       0.138510       0.146814       0.154677       0.162017       0.168764       0.174854       0.180233       0.184856       0.188686       0.191694       0.193857       0.195161       0.195597       0.195161       0.193857       0.191694       0.188686       0.184856       0.180233       0.174854       0.168764       0.162017       0.154677       0.146814       0.138510       0.129854       0.120941       0.111871       0.102748       0.093675       0.084753       0.076078       0.067738       0.059811       0.052361       0.045439       0.039083       0.033313       0.028137       0.023547       0.019525       0.016041       0.013057       0.010529       0.008408       0.006641       0.005180       0.003989       0.003065       0.002491       0.002458       0.003063       0.004204       0.005809       0.007901       0.010565       0.013920       0.018105       0.023278       0.029605       0.037253       0.046379       0.057124       0.069593       0.083846       0.099887       0.117650       0.136998       0.157720       0.179539       0.202123       0.225105       0.248099       0.270722       0.292615       0.313455       0.332967       0.350935       0.367199       0.381657       0.394261       0.404988       0.413805       0.420606       0.425147       0.427032       0.425779       0.421012       0.412744       0.401741       0.389944       0.380992       0.380992
       0.383249       0.383249       0.392109       0.403738       0.414512       0.422508       0.426971       0.427886       0.425625       0.420662       0.413386       0.404036       0.392720       0.379482       0.364353       0.347402       0.328749       0.308577       0.287128       0.264701       0.241640       0.218326       0.195156       0.172521       0.150790       0.130286       0.111270       0.093932       0.078386       0.064671       0.052759       0.042569       0.033975       0.026825       0.020948       0.016170       0.012322       0.009241       0.006783       0.004819       0.003246       0.002008       0.001224       0.001355       0.002180       0.003258       0.004519       0.005994       0.007733       0.009790       0.012218       0.015068       0.018385       0.022209       0.026570       0.031488       0.036972       0.043017       0.049607       0.056708       0.064273       0.072243       0.080545       0.089095       0.097804       0.106574       0.115306       0.123900       0.132259       0.140289       0.147903       0.155021       0.161571       0.167490       0.172724       0.177225       0.180957       0.183890       0.186001       0.187273       0.187698       0.187273       0.186001       0.183890       0.180957       0.177225       0.172724       0.167490       0.161571       0.155021       0.147903       0.140289       0.132259       0.123900       0.115306       0.106574       0.097804       0.089095       0.080545       0.072243       0.064273       0.056708       0.049607       0.043017       0.036972       0.031488       0.026570       0.022209       0.018385       0.015068       0.012218       0.009790       0.007733       0.005994       0.004519       0.003258       0.002180       0.001355       0.001224       0.002008       0.003246       0.004819       0.006783       0.009241       0.012322       0.016170       0.020948       0.026825       0.033975       0.042569       0.052759       0.064671       0.078386       0.093932       0.111270       0.130286       0.150790       0.172521       0.195156       0.218326       0.241640       0.264701       0.287128       0.308577       0.328749       0.347402       0.364353       0.379482       0.392720       0.404036       0.413386       0.420662       0.425625       0.427886       0.426971       0.422508       0.414512       0.403738       0.392109       0.383249       0.383249
       0.385514       0.385514       0.394280       0.405734       0.416274       0.423992       0.428141       0.428708       0.426058       0.420656       0.412885       0.402981       0.391056       0.377160       0.361341       0.343685       0.324336       0.303500       0.281445       0.258494       0.235017       0.211412       0.188088       0.165444       0.143843       0.123598       0.104954       0.088076       0.073052       0.059897       0.048558       0.038931       0.030874       0.024222       0.018798       0.014421       0.010922       0.008138       0.005923       0.004147       0.002696       0.001468       0.000378       0.000656       0.001696       0.002807       0.004049       0.005477       0.007147       0.009112       0.011424       0.014132       0.017280       0.020905       0.025039       0.029702       0.034904       0.040644       0.046907       0.053663       0.060870       0.068472       0.076402       0.084581       0.092923       0.101338       0.109728       0.117999       0.126054       0.133805       0.141164       0.148052       0.154399       0.160140       0.165221       0.169596       0.173226       0.176080       0.178134       0.179374       0.179788       0.179374       0.178134       0.176080       0.173226       0.169596       0.165221       0.160140       0.154399       0.148052       0.141164       0.133805       0.126054       0.117999       0.109728       0.101338       0.092923       0.084581       0.076402       0.068472       0.060870       0.053663       0.046907       0.040644       0.034904       0.029702       0.025039       0.020905       0.017280       0.014132       0.011424       0.009112       0.007147       0.005477       0.004049       0.002807       0.001696       0.000656       0.000378       0.001468       0.002696       0.004147       0.005923       0.008138       0.010922       0.014421       0.018798       0.024222       0.030874       0.038931       0.048558       0.059897       0.073052       0.088076       0.104954       0.123598       0.143843       0.165444       0.188088       0.211412       0.235017       0.258494       0.281445       0.303500       0.324336       0.343685       0.361341       0.377160       0.391056       0.402981       0.412885       0.420656       0.426058       0.428708       0.428141       0.423992       0.416274       0.405734       0.394280       0.385514       0.385514
       0.387790       0.387790       0.396458       0.407733       0.418032       0.425464       0.429290       0.429497       0.426444       0.420587       0.412302       0.401822       0.389264       0.374689       0.358160       0.339785       0.319731       0.298229       0.275574       0.252116       0.228248       0.204384       0.180945       0.158333       0.136907       0.116964       0.098728       0.082342       0.067866       0.055287       0.044530       0.035470       0.027950       0.021793       0.016817       0.012841       0.009694       0.007221       0.005281       0.003753       0.002538       0.001572       0.000929       0.001024       0.001732       0.002671       0.003787       0.005105       0.006664       0.008511       0.010690       0.013246       0.016218       0.019644       0.023551       0.027963       0.032888       0.038327       0.044268       0.050683       0.057536       0.064773       0.072333       0.080142       0.088118       0.096175       0.104222       0.112165       0.119913       0.127378       0.134476       0.141129       0.147265       0.152823       0.157747       0.161989       0.165512       0.168283       0.170280       0.171484       0.171887       0.171484       0.170280       0.168283       0.165512       0.161989       0.157747       0.152823       0.147265       0.141129       0.134476       0.127378       0.119913       0.112165       0.104222       0.096175       0.088118       0.080142       0.072333       0.064773       0.057536       0.050683       0.044268       0.038327       0.032888       0.027963       0.023551       0.019644       0.016218       0.013246       0.010690       0.008511       0.006664       0.005105       0.003787       0.002671       0.001732       0.001024       0.000929       0.001572       0.002538       0.003753       0.005281       0.007221       0.009694       0.012841       0.016817       0.021793       0.027950       0.035470       0.044530       0.055287       0.067866       0.082342       0.098728       0.116964       0.136907       0.158333       0.180945       0.204384       0.228248       0.252116       0.275574       0.298229       0.319731       0.339785       0.358160       0.374689       0.389264       0.401822       0.412302       0.420587       0.426444       0.429497       0.429290       0.425464       0.418032       0.407733       0.396458       0.387790       0.387790
       0.390079       0.390079       0.398646       0.409736       0.419787       0.426924       0.430417       0.430252       0.426781       0.420450       0.411630       0.400553       0.387341       0.372065       0.354809       0.335702       0.314935       0.292769       0.269526       0.245581       0.221350       0.197264       0.173752       0.151217       0.130008       0.110408       0.092617       0.076751       0.062844       0.050854       0.040684       0.032189       0.025198       0.019526       0.014985       0.011396       0.008592       0.006424       0.004763       0.003499       0.002550       0.001877       0.001516       0.001563       0.002000       0.002719       0.003666       0.004840       0.006267       0.007979       0.010014       0.012410       0.015204       0.018430       0.022113       0.026276       0.030928       0.036072       0.041695       0.047776       0.054278       0.061155       0.068348       0.075789       0.083400       0.091100       0.098801       0.106414       0.113851       0.121027       0.127858       0.134270       0.140191       0.145560       0.150320       0.154426       0.157838       0.160523       0.162459       0.163627       0.164017       0.163627       0.162459       0.160523       0.157838       0.154426       0.150320       0.145560       0.140191       0.134270       0.127858       0.121027       0.113851       0.106414       0.098801       0.091100       0.083400       0.075789       0.068348       0.061155       0.054278       0.047776       0.041695       0.036072       0.030928       0.026276       0.022113       0.018430       0.015204       0.012410       0.010014       0.007979       0.006267       0.004840       0.003666       0.002719       0.002000       0.001563       0.001516       0.001877       0.002550       0.003499       0.004763       0.006424       0.008592       0.011396       0.014985       0.019526       0.025198       0.032189       0.040684       0.050854       0.062844       0.076751       0.092617       0.110408       0.130008       0.151217       0.173752       0.197264       0.221350       0.245581       0.269526       0.292769       0.314935       0.335702       0.354809       0.372065       0.387341       0.400553       0.411630       0.420450       0.426781       0.430252       0.430417       0.426924       0.419787       0.409736       0.398646       0.390079       0.390079
       0.392384       0.392384       0.400847       0.411746       0.421541       0.428373       0.431522       0.430970       0.427065       0.420242       0.410866       0.399170       0.385281       0.369285       0.351286       0.331435       0.309954       0.287129       0.263313       0.238906       0.214344       0.190076       0.166536       0.144123       0.123176       0.103958       0.086645       0.071325       0.058002       0.046610       0.037026       0.029089       0.022614       0.017408       0.013281       0.010055       0.007568       0.005680       0.004271       0.003242       0.002517       0.002052       0.001839       0.001893       0.002214       0.002783       0.003585       0.004623       0.005917       0.007493       0.009382       0.011619       0.014236       0.017263       0.020726       0.024645       0.029030       0.033883       0.039195       0.044946       0.051104       0.057626       0.064456       0.071532       0.078780       0.086123       0.093478       0.100760       0.107884       0.114767       0.121328       0.127494       0.133196       0.138370       0.142964       0.146929       0.150225       0.152822       0.154695       0.155825       0.156203       0.155825       0.154695       0.152822       0.150225       0.146929       0.142964       0.138370       0.133196       0.127494       0.121328       0.114767       0.107884       0.100760       0.093478       0.086123       0.078780       0.071532       0.064456       0.057626       0.051104       0.044946       0.039195       0.033883       0.029030       0.024645       0.020726       0.017263       0.014236       0.011619       0.009382       0.007493       0.005917       0.004623       0.003585       0.002783       0.002214       0.001893       0.001839       0.002052       0.002517       0.003242       0.004271       0.005680       0.007568       0.010055       0.013281       0.017408       0.022614       0.029089       0.037026       0.046610       0.058002       0.071325       0.086645       0.103958       0.123176       0.144123       0.166536       0.190076       0.214344       0.238906       0.263313       0.287129       0.309954       0.331435       0.351286       0.369285       0.385281       0.399170       0.410866       0.420242       0.427065       0.430970       0.431522       0.428373       0.421541       0.411746       0.400847       0.392384       0.392384
       0.394707       0.394707       0.403061       0.413762       0.423292       0.429810       0.432601       0.431649       0.427291       0.419957       0.410004       0.397666       0.383078       0.366344       0.347587       0.326986       0.304790       0.281317       0.256948       0.232108       0.207254       0.182846       0.159323       0.137079       0.116438       0.097640       0.080835       0.066081       0.053355       0.042563       0.033562       0.026171       0.020195       0.015432       0.011691       0.008797       0.006592       0.004945       0.003744       0.002900       0.002341       0.002018       0.001903       0.001987       0.002273       0.002764       0.003468       0.004400       0.005578       0.007029       0.008780       0.010863       0.013308       0.016142       0.019390       0.023070       0.027194       0.031764       0.036772       0.042200       0.048020       0.054192       0.060665       0.067380       0.074268       0.081257       0.088267       0.095217       0.102027       0.108614       0.114903       0.120820       0.126298       0.131275       0.135697       0.139518       0.142697       0.145202       0.147009       0.148101       0.148466       0.148101       0.147009       0.145202       0.142697       0.139518       0.135697       0.131275       0.126298       0.120820       0.114903       0.108614       0.102027       0.095217       0.088267       0.081257       0.074268       0.067380       0.060665       0.054192       0.048020       0.042200       0.036772       0.031764       0.027194       0.023070       0.019390       0.016142       0.013308       0.010863       0.008780       0.007029       0.005578       0.004400       0.003468       0.002764       0.002273       0.001987       0.001903       0.002018       0.002341       0.002900       0.003744       0.004945       0.006592       0.008797       0.011691       0.015432       0.020195       0.026171       0.033562       0.042563       0.053355       0.066081       0.080835       0.097640       0.116438       0.137079       0.159323       0.182846       0.207254       0.232108       0.256948       0.281317       0.304790       0.326986       0.347587       0.366344       0.383078       0.397666       0.410004       0.419957       0.427291       0.431649       0.432601       0.429810       0.423292       0.413762       0.403061       0.394707       0.394707
       0.397048       0.397048       0.405289       0.415784       0.425040       0.431231       0.433652       0.432283       0.427455       0.419588       0.409036       0.396033       0.380727       0.363236       0.343710       0.322354       0.299450       0.275344       0.250445       0.225206       0.200101       0.175601       0.152144       0.130115       0.109821       0.091478       0.075207       0.061037       0.048916       0.038725       0.030297       0.023438       0.017941       0.013597       0.010215       0.007620       0.005661       0.004211       0.003170       0.002458       0.002014       0.001790       0.001752       0.001881       0.002173       0.002636       0.003287       0.004143       0.005230       0.006571       0.008197       0.010136       0.012416       0.015064       0.018104       0.021553       0.025423       0.029717       0.034429       0.039542       0.045032       0.050861       0.056982       0.063341       0.069874       0.076512       0.083179       0.089799       0.096294       0.102586       0.108600       0.114266       0.119517       0.124293       0.128541       0.132214       0.135273       0.137685       0.139425       0.140477       0.140828       0.140477       0.139425       0.137685       0.135273       0.132214       0.128541       0.124293       0.119517       0.114266       0.108600       0.102586       0.096294       0.089799       0.083179       0.076512       0.069874       0.063341       0.056982       0.050861       0.045032       0.039542       0.034429       0.029717       0.025423       0.021553       0.018104       0.015064       0.012416       0.010136       0.008197       0.006571       0.005230       0.004143       0.003287       0.002636       0.002173       0.001881       0.001752       0.001790       0.002014       0.002458       0.003170       0.004211       0.005661       0.007620       0.010215       0.013597       0.017941       0.023438       0.030297       0.038725       0.048916       0.061037       0.075207       0.091478       0.109821       0.130115       0.152144       0.175601       0.200101       0.225206       0.250445       0.275344       0.299450       0.322354       0.343710       0.363236       0.380727       0.396033       0.409036       0.419588       0.427455       0.432283       0.433652       0.431231       0.425040       0.415784       0.405289       0.397048       0.397048
       0.399410       0.399410       0.407531       0.417812       0.426782       0.432635       0.434670       0.432867       0.427549       0.419128       0.407953       0.394263       0.378218       0.359956       0.339651       0.317541       0.293937       0.269218       0.243821       0.218223       0.192913       0.168368       0.145026       0.123259       0.103353       0.085497       0.069783       0.056211       0.044698       0.035102       0.027238       0.020895       0.015856       0.011910       0.008861       0.006537       0.004790       0.003502       0.002578       0.001952       0.001577       0.001421       0.001450       0.001634       0.001956       0.002421       0.003046       0.003852       0.004866       0.006115       0.007627       0.009432       0.011557       0.014028       0.016868       0.020095       0.023719       0.027746       0.032169       0.036976       0.042143       0.047637       0.053414       0.059424       0.065607       0.071898       0.078226       0.084517       0.090699       0.096695       0.102435       0.107848       0.112871       0.117444       0.121516       0.125039       0.127975       0.130292       0.131964       0.132975       0.133313       0.132975       0.131964       0.130292       0.127975       0.125039       0.121516       0.117444       0.112871       0.107848       0.102435       0.096695       0.090699       0.084517       0.078226       0.071898       0.065607       0.059424       0.053414       0.047637       0.042143       0.036976       0.032169       0.027746       0.023719       0.020095       0.016868       0.014028       0.011557       0.009432       0.007627       0.006115       0.004866       0.003852       0.003046       0.002421       0.001956       0.001634       0.001450       0.001421       0.001577       0.001952       0.002578       0.003502       0.004790       0.006537       0.008861       0.011910       0.015856       0.020895       0.027238       0.035102       0.044698       0.056211       0.069783       0.085497       0.103353       0.123259       0.145026       0.168368       0.192913       0.218223       0.243821       0.269218       0.293937       0.317541       0.339651       0.359956       0.378218       0.394263       0.407953       0.419128       0.427549       0.432867       0.434670       0.432635       0.426782       0.417812       0.407531       0.399410       0.399410
       0.401790       0.401790       0.409787       0.419844       0.428516       0.434014       0.435647       0.433392       0.427562       0.418564       0.406744       0.392345       0.375541       0.356494       0.335406       0.312546       0.288257       0.262951       0.237092       0.211178       0.185713       0.161177       0.138001       0.116541       0.097060       0.079720       0.064582       0.051615       0.040710       0.031702       0.024388       0.018543       0.013944       0.010374       0.007639       0.005566       0.004012       0.002860       0.002023       0.001442       0.001093       0.000979       0.001073       0.001319       0.001683       0.002161       0.002773       0.003542       0.004495       0.005662       0.007071       0.008751       0.010730       0.013033       0.015682       0.018695       0.022083       0.025851       0.029995       0.034505       0.039359       0.044526       0.049967       0.055635       0.061474       0.067424       0.073417       0.079384       0.085255       0.090957       0.096422       0.101583       0.106377       0.110746       0.114640       0.118012       0.120824       0.123044       0.124648       0.125617       0.125941       0.125617       0.124648       0.123044       0.120824       0.118012       0.114640       0.110746       0.106377       0.101583       0.096422       0.090957       0.085255       0.079384       0.073417       0.067424       0.061474       0.055635       0.049967       0.044526       0.039359       0.034505       0.029995       0.025851       0.022083       0.018695       0.015682       0.013033       0.010730       0.008751       0.007071       0.005662       0.004495       0.003542       0.002773       0.002161       0.001683       0.001319       0.001073       0.000979       0.001093       0.001442       0.002023       0.002860       0.004012       0.005566       0.007639       0.010374       0.013944       0.018543       0.024388       0.031702       0.040710       0.051615       0.064582       0.079720       0.097060       0.116541       0.138001       0.161177       0.185713       0.211178       0.237092       0.262951       0.288257       0.312546       0.335406       0.356494       0.375541       0.392345       0.406744       0.418564       0.427562       0.433392       0.435647       0.434014       0.428516       0.419844       0.409787       0.401790       0.401790
       0.404187       0.404187       0.412053       0.421874       0.430234       0.435363       0.436575       0.433846       0.427483       0.417884       0.405394       0.390264       0.372684       0.352842       0.330969       0.307368       0.282415       0.256553       0.230275       0.204095       0.178528       0.154055       0.131096       0.109989       0.090969       0.074170       0.059622       0.047263       0.036961       0.028529       0.021748       0.016383       0.012204       0.008993       0.006555       0.004721       0.003350       0.002327       0.001566       0.001007       0.000636       0.000528       0.000703       0.001019       0.001419       0.001906       0.002502       0.003235       0.004132       0.005222       0.006534       0.008097       0.009937       0.012080       0.014547       0.017354       0.020515       0.024034       0.027910       0.032132       0.036681       0.041531       0.046645       0.051980       0.057483       0.063098       0.068762       0.074409       0.079972       0.085383       0.090576       0.095485       0.100050       0.104216       0.107931       0.111151       0.113839       0.115961       0.117495       0.118423       0.118733       0.118423       0.117495       0.115961       0.113839       0.111151       0.107931       0.104216       0.100050       0.095485       0.090576       0.085383       0.079972       0.074409       0.068762       0.063098       0.057483       0.051980       0.046645       0.041531       0.036681       0.032132       0.027910       0.024034       0.020515       0.017354       0.014547       0.012080       0.009937       0.008097       0.006534       0.005222       0.004132       0.003235       0.002502       0.001906       0.001419       0.001019       0.000703       0.000528       0.000636       0.001007       0.001566       0.002327       0.003350       0.004721       0.006555       0.008993       0.012204       0.016383       0.021748       0.028529       0.036961       0.047263       0.059622       0.074170       0.090969       0.109989       0.131096       0.154055       0.178528       0.204095       0.230275       0.256553       0.282415       0.307368       0.330969       0.352842       0.372684       0.390264       0.405394       0.417884       0.427483       0.433846       0.436575       0.435363       0.430234       0.421874       0.412053       0.404187       0.404187
       0.406597       0.406597       0.414324       0.423898       0.431930       0.436670       0.437442       0.434217       0.427295       0.417070       0.403885       0.388003       0.369632       0.348986       0.326331       0.302004       0.276414       0.250036       0.223385       0.196995       0.171384       0.147031       0.124342       0.103630       0.085105       0.068867       0.054917       0.043167       0.033457       0.025585       0.019316       0.014409       0.010630       0.007760       0.005606       0.004002       0.002812       0.001925       0.001255       0.000735       0.000318       0.000138       0.000450       0.000812       0.001218       0.001691       0.002260       0.002949       0.003788       0.004803       0.006022       0.007473       0.009181       0.011171       0.013463       0.016074       0.019017       0.022297       0.025913       0.029858       0.034114       0.038656       0.043453       0.048463       0.053639       0.058927       0.064268       0.069601       0.074862       0.079986       0.084908       0.089568       0.093906       0.097869       0.101406       0.104474       0.107036       0.109062       0.110526       0.111411       0.111707       0.111411       0.110526       0.109062       0.107036       0.104474       0.101406       0.097869       0.093906       0.089568       0.084908       0.079986       0.074862       0.069601       0.064268       0.058927       0.053639       0.048463       0.043453       0.038656       0.034114       0.029858       0.025913       0.022297       0.019017       0.016074       0.013463       0.011171       0.009181       0.007473       0.006022       0.004803       0.003788       0.002949       0.002260       0.001691       0.001218       0.000812       0.000450       0.000138       0.000318       0.000735       0.001255       0.001925       0.002812       0.004002       0.005606       0.007760       0.010630       0.014409       0.019316       0.025585       0.033457       0.043167       0.054917       0.068867       0.085105       0.103630       0.124342       0.147031       0.171384       0.196995       0.223385       0.250036       0.276414       0.302004       0.326331       0.348986       0.369632       0.388003       0.403885       0.417070       0.427295       0.434217       0.437442       0.436670       0.431930       0.423898       0.414324       0.406597       0.406597
       0.409015       0.409015       0.416593       0.425904       0.433591       0.437923       0.438231       0.434485       0.426979       0.416100       0.402196       0.385541       0.366365       0.344913       0.321484       0.296450       0.270257       0.243408       0.216440       0.189899       0.164307       0.140133       0.117765       0.097491       0.079490       0.063831       0.050484       0.039334       0.030202       0.022868       0.017087       0.012613       0.009210       0.006660       0.004773       0.003390       0.002380       0.001638       0.001084       0.000661       0.000338       0.000218       0.000428       0.000736       0.001100       0.001533       0.002057       0.002695       0.003471       0.004410       0.005538       0.006881       0.008463       0.010306       0.012431       0.014855       0.017589       0.020639       0.024007       0.027685       0.031657       0.035904       0.040393       0.045089       0.049946       0.054916       0.059943       0.064969       0.069933       0.074774       0.079431       0.083844       0.087958       0.091719       0.095079       0.097996       0.100434       0.102362       0.103756       0.104600       0.104882       0.104600       0.103756       0.102362       0.100434       0.097996       0.095079       0.091719       0.087958       0.083844       0.079431       0.074774       0.069933       0.064969       0.059943       0.054916       0.049946       0.045089       0.040393       0.035904       0.031657       0.027685       0.024007       0.020639       0.017589       0.014855       0.012431       0.010306       0.008463       0.006881       0.005538       0.004410       0.003471       0.002695       0.002057       0.001533       0.001100       0.000736       0.000428       0.000218       0.000338       0.000661       0.001084       0.001638       0.002380       0.003390       0.004773       0.006660       0.009210       0.012613       0.017087       0.022868       0.030202       0.039334       0.050484       0.063831       0.079490       0.097491       0.117765       0.140133       0.164307       0.189899       0.216440       0.243408       0.270257       0.296450       0.321484       0.344913       0.366365       0.385541       0.402196       0.416100       0.426979       0.434485       0.438231       0.437923       0.433591       0.425904       0.416593       0.409015       0.409015
       0.411429       0.411429       0.418849       0.427882       0.435202       0.439103       0.438921       0.434627       0.426509       0.414949       0.400301       0.382853       0.362861       0.340602       0.316412       0.290700       0.263945       0.236676       0.209452       0.182826       0.157319       0.133385       0.111391       0.091595       0.074145       0.059078       0.046334       0.035774       0.027200       0.020377       0.015056       0.010985       0.007929       0.005675       0.004036       0.002858       0.002018       0.001418       0.000988       0.000682       0.000486       0.000429       0.000531       0.000747       0.001043       0.001420       0.001890       0.002470       0.003181       0.004044       0.005084       0.006322       0.007783       0.009486       0.011453       0.013697       0.016231       0.019063       0.022192       0.025613       0.029314       0.033275       0.037468       0.041859       0.046409       0.051070       0.055791       0.060517       0.065192       0.069756       0.074153       0.078324       0.082216       0.085778       0.088964       0.091732       0.094046       0.095877       0.097202       0.098004       0.098272       0.098004       0.097202       0.095877       0.094046       0.091732       0.088964       0.085778       0.082216       0.078324       0.074153       0.069756       0.065192       0.060517       0.055791       0.051070       0.046409       0.041859       0.037468       0.033275       0.029314       0.025613       0.022192       0.019063       0.016231       0.013697       0.011453       0.009486       0.007783       0.006322       0.005084       0.004044       0.003181       0.002470       0.001890       0.001420       0.001043       0.000747       0.000531       0.000429       0.000486       0.000682       0.000988       0.001418       0.002018       0.002858       0.004036       0.005675       0.007929       0.010985       0.015056       0.020377       0.027200       0.035774       0.046334       0.059078       0.074145       0.091595       0.111391       0.133385       0.157319       0.182826       0.209452       0.236676       0.263945       0.290700       0.316412       0.340602       0.362861       0.382853       0.400301       0.414949       0.426509       0.434627       0.438921       0.439103       0.435202       0.427882       0.418849       0.411429       0.411429
       0.413827       0.413827       0.421076       0.429811       0.436743       0.440185       0.439486       0.434614       0.425853       0.413583       0.398166       0.379907       0.359092       0.336032       0.311101       0.284745       0.257475       0.229847       0.202434       0.175794       0.150440       0.126810       0.105242       0.085964       0.069090       0.054625       0.042480       0.032494       0.024453       0.018113       0.013218       0.009517       0.006777       0.004788       0.003371       0.002378       0.001690       0.001218       0.000896       0.000685       0.000566       0.000540       0.000608       0.000766       0.001006       0.001329       0.001745       0.002267       0.002914       0.003704       0.004658       0.005797       0.007142       0.008712       0.010527       0.012600       0.014944       0.017566       0.020468       0.023644       0.027084       0.030770       0.034678       0.038777       0.043029       0.047391       0.051816       0.056251       0.060645       0.064940       0.069082       0.073016       0.076691       0.080058       0.083071       0.085692       0.087885       0.089621       0.090877       0.091637       0.091892       0.091637       0.090877       0.089621       0.087885       0.085692       0.083071       0.080058       0.076691       0.073016       0.069082       0.064940       0.060645       0.056251       0.051816       0.047391       0.043029       0.038777       0.034678       0.030770       0.027084       0.023644       0.020468       0.017566       0.014944       0.012600       0.010527       0.008712       0.007142       0.005797       0.004658       0.003704       0.002914       0.002267       0.001745       0.001329       0.001006       0.000766       0.000608       0.000540       0.000566       0.000685       0.000896       0.001218       0.001690       0.002378       0.003371       0.004788       0.006777       0.009517       0.013218       0.018113       0.024453       0.032494       0.042480       0.054625       0.069090       0.085964       0.105242       0.126810       0.150440       0.175794       0.202434       0.229847       0.257475       0.284745       0.311101       0.336032       0.359092       0.379907       0.398166       0.413583       0.425853       0.434614       0.439486       0.440185       0.436743       0.429811       0.421076       0.413827       0.413827
       0.416187       0.416187       0.423252       0.431668       0.438183       0.441137       0.439890       0.434408       0.424972       0.411963       0.395753       0.376669       0.355028       0.331177       0.305531       0.278573       0.250845       0.222924       0.195395       0.168816       0.143688       0.120425       0.099336       0.080615       0.064339       0.050482       0.038930       0.029500       0.021966       0.016075       0.011571       0.008204       0.005745       0.003991       0.002767       0.001932       0.001374       0.001007       0.000772       0.000631       0.000562       0.000559       0.000622       0.000752       0.000955       0.001237       0.001607       0.002078       0.002665       0.003386       0.004259       0.005303       0.006538       0.007982       0.009653       0.011564       0.013727       0.016150       0.018833       0.021775       0.024966       0.028390       0.032025       0.035842       0.039808       0.043882       0.048020       0.052175       0.056295       0.060328       0.064223       0.067927       0.071390       0.074566       0.077411       0.079887       0.081961       0.083603       0.084792       0.085512       0.085753       0.085512       0.084792       0.083603       0.081961       0.079887       0.077411       0.074566       0.071390       0.067927       0.064223       0.060328       0.056295       0.052175       0.048020       0.043882       0.039808       0.035842       0.032025       0.028390       0.024966       0.021775       0.018833       0.016150       0.013727       0.011564       0.009653       0.007982       0.006538       0.005303       0.004259       0.003386       0.002665       0.002078       0.001607       0.001237       0.000955       0.000752       0.000622       0.000559       0.000562       0.000631       0.000772       0.001007       0.001374       0.001932       0.002767       0.003991       0.005745       0.008204       0.011571       0.016075       0.021966       0.029500       0.038930       0.050482       0.064339       0.080615       0.099336       0.120425       0.143688       0.168816       0.195395       0.222924       0.250845       0.278573       0.305531       0.331177       0.355028       0.376669       0.395753       0.411963       0.424972       0.434408       0.439890       0.441137       0.438183       0.431668       0.423252       0.416187       0.416187
       0.418481       0.418481       0.425346       0.433416       0.439484       0.441918       0.440088       0.433961       0.423817       0.410041       0.393016       0.373096       0.350630       0.326007       0.299681       0.272170       0.244046       0.215905       0.188339       0.161902       0.137074       0.114244       0.093686       0.075558       0.059901       0.046659       0.035691       0.026798       0.019742       0.014267       0.010117       0.007047       0.004833       0.003279       0.002220       0.001518       0.001067       0.000786       0.000617       0.000526       0.000493       0.000510       0.000577       0.000699       0.000882       0.001135       0.001468       0.001895       0.002429       0.003086       0.003884       0.004839       0.005971       0.007296       0.008830       0.010587       0.012579       0.014812       0.017288       0.020007       0.022960       0.026133       0.029506       0.033054       0.036745       0.040543       0.044406       0.048289       0.052146       0.055926       0.059581       0.063061       0.066318       0.069309       0.071990       0.074326       0.076282       0.077833       0.078957       0.079637       0.079865       0.079637       0.078957       0.077833       0.076282       0.074326       0.071990       0.069309       0.066318       0.063061       0.059581       0.055926       0.052146       0.048289       0.044406       0.040543       0.036745       0.033054       0.029506       0.026133       0.022960       0.020007       0.017288       0.014812       0.012579       0.010587       0.008830       0.007296       0.005971       0.004839       0.003884       0.003086       0.002429       0.001895       0.001468       0.001135       0.000882       0.000699       0.000577       0.000510       0.000493       0.000526       0.000617       0.000786       0.001067       0.001518       0.002220       0.003279       0.004833       0.007047       0.010117       0.014267       0.019742       0.026798       0.035691       0.046659       0.059901       0.075558       0.093686       0.114244       0.137074       0.161902       0.188339       0.215905       0.244046       0.272170       0.299681       0.326007       0.350630       0.373096       0.393016       0.410041       0.423817       0.433961       0.440088       0.441918       0.439484       0.433416       0.425346       0.418481       0.418481
       0.420666       0.420666       0.427312       0.435007       0.440593       0.442470       0.440019       0.433213       0.422329       0.407758       0.389901       0.369139       0.345858       0.320489       0.293525       0.265519       0.237070       0.208789       0.181270       0.155055       0.130604       0.108272       0.088298       0.070798       0.055781       0.043158       0.032765       0.024389       0.017784       0.012692       0.008860       0.006050       0.004046       0.002660       0.001735       0.001143       0.000779       0.000566       0.000448       0.000394       0.000386       0.000419       0.000495       0.000616       0.000789       0.001023       0.001328       0.001718       0.002205       0.002804       0.003532       0.004405       0.005439       0.006652       0.008057       0.009669       0.011498       0.013551       0.015831       0.018337       0.021064       0.023997       0.027121       0.030412       0.033840       0.037373       0.040972       0.044595       0.048198       0.051735       0.055158       0.058422       0.061481       0.064291       0.066814       0.069013       0.070856       0.072318       0.073378       0.074019       0.074234       0.074019       0.073378       0.072318       0.070856       0.069013       0.066814       0.064291       0.061481       0.058422       0.055158       0.051735       0.048198       0.044595       0.040972       0.037373       0.033840       0.030412       0.027121       0.023997       0.021064       0.018337       0.015831       0.013551       0.011498       0.009669       0.008057       0.006652       0.005439       0.004405       0.003532       0.002804       0.002205       0.001718       0.001328       0.001023       0.000789       0.000616       0.000495       0.000419       0.000386       0.000394       0.000448       0.000566       0.000779       0.001143       0.001735       0.002660       0.004046       0.006050       0.008860       0.012692       0.017784       0.024389       0.032765       0.043158       0.055781       0.070798       0.088298       0.108272       0.130604       0.155055       0.181270       0.208789       0.237070       0.265519       0.293525       0.320489       0.345858       0.369139       0.389901       0.407758       0.422329       0.433213       0.440019       0.442470       0.440593       0.435007       0.427312       0.420666       0.420666
       0.422683       0.422683       0.429086       0.436372       0.441438       0.442717       0.439608       0.432086       0.420431       0.405044       0.386345       0.364744       0.340668       0.314589       0.287039       0.258605       0.229908       0.201570       0.174184       0.148275       0.124276       0.102508       0.083167       0.066333       0.051974       0.039974       0.030149       0.022271       0.016090       0.011351       0.007804       0.005219       0.003391       0.002142       0.001324       0.000817       0.000524       0.000368       0.000291       0.000261       0.000269       0.000314       0.000397       0.000520       0.000688       0.000908       0.001191       0.001549       0.001994       0.002540       0.003203       0.003999       0.004942       0.006049       0.007333       0.008807       0.010482       0.012364       0.014459       0.016764       0.019275       0.021981       0.024867       0.027912       0.031090       0.034370       0.037716       0.041090       0.044451       0.047754       0.050955       0.054011       0.056878       0.059516       0.061885       0.063952       0.065686       0.067062       0.068060       0.068664       0.068867       0.068664       0.068060       0.067062       0.065686       0.063952       0.061885       0.059516       0.056878       0.054011       0.050955       0.047754       0.044451       0.041090       0.037716       0.034370       0.031090       0.027912       0.024867       0.021981       0.019275       0.016764       0.014459       0.012364       0.010482       0.008807       0.007333       0.006049       0.004942       0.003999       0.003203       0.002540       0.001994       0.001549       0.001191       0.000908       0.000688       0.000520       0.000397       0.000314       0.000269       0.000261       0.000291       0.000368       0.000524       0.000817       0.001324       0.002142       0.003391       0.005219       0.007804       0.011351       0.016090       0.022271       0.030149       0.039974       0.051974       0.066333       0.083167       0.102508       0.124276       0.148275       0.174184       0.201570       0.229908       0.258605       0.287039       0.314589       0.340668       0.364744       0.386345       0.405044       0.420431       0.432086       0.439608       0.442717       0.441438       0.436372       0.429086       0.422683       0.422683
       0.424443       0.424443       0.430579       0.437417       0.441919       0.442559       0.438752       0.430482       0.418032       0.401816       0.382274       0.359851       0.335013       0.308273       0.280200       0.251413       0.222551       0.194244       0.167077       0.141556       0.118084       0.096942       0.078284       0.062148       0.048467       0.037095       0.027830       0.020435       0.014656       0.010241       0.006949       0.004560       0.002879       0.001739       0.001000       0.000553       0.000314       0.000209       0.000167       0.000151       0.000163       0.000214       0.000304       0.000429       0.000592       0.000800       0.001063       0.001391       0.001797       0.002295       0.002898       0.003621       0.004479       0.005486       0.006656       0.008000       0.009529       0.011251       0.013169       0.015283       0.017590       0.020081       0.022742       0.025554       0.028493       0.031532       0.034638       0.037774       0.040903       0.043982       0.046971       0.049828       0.052512       0.054983       0.057205       0.059146       0.060775       0.062068       0.063006       0.063574       0.063765       0.063574       0.063006       0.062068       0.060775       0.059146       0.057205       0.054983       0.052512       0.049828       0.046971       0.043982       0.040903       0.037774       0.034638       0.031532       0.028493       0.025554       0.022742       0.020081       0.017590       0.015283       0.013169       0.011251       0.009529       0.008000       0.006656       0.005486       0.004479       0.003621       0.002898       0.002295       0.001797       0.001391       0.001063       0.000800       0.000592       0.000429       0.000304       0.000214       0.000163       0.000151       0.000167       0.000209       0.000314       0.000553       0.001000       0.001739       0.002879       0.004560       0.006949       0.010241       0.014656       0.020435       0.027830       0.037095       0.048467       0.062148       0.078284       0.096942       0.118084       0.141556       0.167077       0.194244       0.222551       0.251413       0.280200       0.308273       0.335013       0.359851       0.382274       0.401816       0.418032       0.430482       0.438752       0.442559       0.441919       0.437417       0.430579       0.424443       0.424443
       0.425823       0.425823       0.431662       0.438008       0.441900       0.441856       0.437317       0.428273       0.415016       0.397972       0.377605       0.354395       0.328845       0.301508       0.272989       0.243933       0.214994       0.186807       0.159944       0.134891       0.112015       0.091557       0.073627       0.058220       0.045235       0.034498       0.025789       0.018862       0.013465       0.009352       0.006292       0.004075       0.002517       0.001461       0.000778       0.000365       0.000151       0.000093       0.000090       0.000075       0.000077       0.000135       0.000230       0.000355       0.000511       0.000706       0.000949       0.001248       0.001618       0.002069       0.002615       0.003270       0.004048       0.004961       0.006023       0.007246       0.008638       0.010207       0.011959       0.013893       0.016007       0.018293       0.020740       0.023331       0.026044       0.028854       0.031732       0.034642       0.037550       0.040417       0.043204       0.045871       0.048380       0.050692       0.052774       0.054593       0.056122       0.057336       0.058217       0.058751       0.058930       0.058751       0.058217       0.057336       0.056122       0.054593       0.052774       0.050692       0.048380       0.045871       0.043204       0.040417       0.037550       0.034642       0.031732       0.028854       0.026044       0.023331       0.020740       0.018293       0.016007       0.013893       0.011959       0.010207       0.008638       0.007246       0.006023       0.004961       0.004048       0.003270       0.002615       0.002069       0.001618       0.001248       0.000949       0.000706       0.000511       0.000355       0.000230       0.000135       0.000077       0.000075       0.000090       0.000093       0.000151       0.000365       0.000778       0.001461       0.002517       0.004075       0.006292       0.009352       0.013465       0.018862       0.025789       0.034498       0.045235       0.058220       0.073627       0.091557       0.112015       0.134891       0.159944       0.186807       0.214994       0.243933       0.272989       0.301508       0.328845       0.354395       0.377605       0.397972       0.415016       0.428273       0.437317       0.441856       0.441900       0.438008       0.431662       0.425823       0.425823
       0.426644       0.426644       0.432151       0.437957       0.441190       0.440423       0.435123       0.425294       0.411237       0.393390       0.372243       0.348306       0.322119       0.294270       0.265396       0.236163       0.207239       0.179258       0.152781       0.128268       0.106052       0.086329       0.069168       0.054519       0.042247       0.032150       0.023994       0.017525       0.012496       0.008666       0.005817       0.003753       0.002301       0.001316       0.000676       0.000285       0.000066       0.000037       0.000063       0.000041       0.000015       0.000091       0.000188       0.000307       0.000452       0.000631       0.000851       0.001122       0.001456       0.001863       0.002355       0.002946       0.003648       0.004474       0.005434       0.006542       0.007805       0.009231       0.010825       0.012589       0.014520       0.016613       0.018858       0.021240       0.023739       0.026333       0.028993       0.031690       0.034389       0.037054       0.039649       0.042137       0.044479       0.046641       0.048589       0.050293       0.051726       0.052865       0.053692       0.054193       0.054361       0.054193       0.053692       0.052865       0.051726       0.050293       0.048589       0.046641       0.044479       0.042137       0.039649       0.037054       0.034389       0.031690       0.028993       0.026333       0.023739       0.021240       0.018858       0.016613       0.014520       0.012589       0.010825       0.009231       0.007805       0.006542       0.005434       0.004474       0.003648       0.002946       0.002355       0.001863       0.001456       0.001122       0.000851       0.000631       0.000452       0.000307       0.000188       0.000091       0.000015       0.000041       0.000063       0.000037       0.000066       0.000285       0.000676       0.001316       0.002301       0.003753       0.005817       0.008666       0.012496       0.017525       0.023994       0.032150       0.042247       0.054519       0.069168       0.086329       0.106052       0.128268       0.152781       0.179258       0.207239       0.236163       0.265396       0.294270       0.322119       0.348306       0.372243       0.393390       0.411237       0.425294       0.435123       0.440423       0.441190       0.437957       0.432151       0.426644       0.426644
       0.426651       0.426651       0.431786       0.437000       0.439525       0.438002       0.431932       0.421332       0.406512       0.387925       0.366079       0.341512       0.314794       0.286543       0.257421       0.228113       0.199298       0.171606       0.145589       0.121678       0.100173       0.081230       0.064870       0.051004       0.039460       0.030010       0.022405       0.016388       0.011714       0.008153       0.005501       0.003576       0.002217       0.001294       0.000693       0.000331       0.000144       0.000092       0.000084       0.000064       0.000054       0.000100       0.000182       0.000286       0.000415       0.000574       0.000770       0.001012       0.001310       0.001675       0.002117       0.002647       0.003278       0.004021       0.004887       0.005885       0.007027       0.008318       0.009763       0.011367       0.013126       0.015037       0.017091       0.019275       0.021572       0.023962       0.026418       0.028913       0.031414       0.033889       0.036303       0.038620       0.040806       0.042826       0.044648       0.046243       0.047585       0.048653       0.049428       0.049899       0.050057       0.049899       0.049428       0.048653       0.047585       0.046243       0.044648       0.042826       0.040806       0.038620       0.036303       0.033889       0.031414       0.028913       0.026418       0.023962       0.021572       0.019275       0.017091       0.015037       0.013126       0.011367       0.009763       0.008318       0.007027       0.005885       0.004887       0.004021       0.003278       0.002647       0.002117       0.001675       0.001310       0.001012       0.000770       0.000574       0.000415       0.000286       0.000182       0.000100       0.000054       0.000064       0.000084       0.000092       0.000144       0.000331       0.000693       0.001294       0.002217       0.003576       0.005501       0.008153       0.011714       0.016388       0.022405       0.030010       0.039460       0.051004       0.064870       0.081230       0.100173       0.121678       0.145589       0.171606       0.199298       0.228113       0.257421       0.286543       0.314794       0.341512       0.366079       0.387925       0.406512       0.421332       0.431932       0.438002       0.439525       0.437000       0.431786       0.426651       0.426651
       0.425484       0.425484       0.430203       0.434768       0.436543       0.434246       0.427421       0.416103       0.400608       0.381396       0.358987       0.333936       0.306836       0.278324       0.249083       0.219812       0.191198       0.163874       0.138375       0.115116       0.094361       0.076227       0.060694       0.047629       0.036825       0.028029       0.020976       0.015406       0.011078       0.007777       0.005310       0.003510       0.002235       0.001363       0.000793       0.000447       0.000260       0.000176       0.000138       0.000116       0.000113       0.000142       0.000201       0.000285       0.000393       0.000530       0.000701       0.000914       0.001179       0.001503       0.001897       0.002371       0.002936       0.003601       0.004377       0.005274       0.006301       0.007465       0.008771       0.010222       0.011819       0.013558       0.015433       0.017431       0.019538       0.021735       0.023999       0.026304       0.028620       0.030917       0.033160       0.035318       0.037356       0.039242       0.040945       0.042438       0.043696       0.044696       0.045424       0.045865       0.046013       0.045865       0.045424       0.044696       0.043696       0.042438       0.040945       0.039242       0.037356       0.035318       0.033160       0.030917       0.028620       0.026304       0.023999       0.021735       0.019538       0.017431       0.015433       0.013558       0.011819       0.010222       0.008771       0.007465       0.006301       0.005274       0.004377       0.003601       0.002936       0.002371       0.001897       0.001503       0.001179       0.000914       0.000701       0.000530       0.000393       0.000285       0.000201       0.000142       0.000113       0.000116       0.000138       0.000176       0.000260       0.000447       0.000793       0.001363       0.002235       0.003510       0.005310       0.007777       0.011078       0.015406       0.020976       0.028029       0.036825       0.047629       0.060694       0.076227       0.094361       0.115116       0.138375       0.163874       0.191198       0.219812       0.249083       0.278324       0.306836       0.333936       0.358987       0.381396       0.400608       0.416103       0.427421       0.434246       0.436543       0.434768       0.430203       0.425484       0.425484
       0.422640       0.422640       0.426894       0.430754       0.431743       0.428682       0.421163       0.409241       0.393230       0.373585       0.350823       0.325502       0.298221       0.269629       0.240420       0.211308       0.182989       0.156096       0.131163       0.108585       0.088601       0.071293       0.056599       0.044347       0.034292       0.026155       0.019656       0.014531       0.010546       0.007495       0.005203       0.003520       0.002317       0.001485       0.000933       0.000586       0.000383       0.000271       0.000210       0.000179       0.000171       0.000188       0.000228       0.000292       0.000379       0.000493       0.000640       0.000826       0.001058       0.001346       0.001695       0.002117       0.002619       0.003212       0.003904       0.004706       0.005624       0.006668       0.007842       0.009151       0.010595       0.012173       0.013878       0.015701       0.017630       0.019647       0.021731       0.023858       0.026001       0.028130       0.030214       0.032223       0.034123       0.035884       0.037477       0.038875       0.040053       0.040991       0.041674       0.042088       0.042227       0.042088       0.041674       0.040991       0.040053       0.038875       0.037477       0.035884       0.034123       0.032223       0.030214       0.028130       0.026001       0.023858       0.021731       0.019647       0.017630       0.015701       0.013878       0.012173       0.010595       0.009151       0.007842       0.006668       0.005624       0.004706       0.003904       0.003212       0.002619       0.002117       0.001695       0.001346       0.001058       0.000826       0.000640       0.000493       0.000379       0.000292       0.000228       0.000188       0.000171       0.000179       0.000210       0.000271       0.000383       0.000586       0.000933       0.001485       0.002317       0.003520       0.005203       0.007495       0.010546       0.014531       0.019656       0.026155       0.034292       0.044347       0.056599       0.071293       0.088601       0.108585       0.131163       0.156096       0.182989       0.211308       0.240420       0.269629       0.298221       0.325502       0.350823       0.373585       0.393230       0.409241       0.421163       0.428682       0.431743       0.430754       0.426894       0.422640       0.422640
       0.417436       0.417436       0.421170       0.424268       0.424455       0.420678       0.412594       0.400269       0.384004       0.364225       0.341421       0.316129       0.288936       0.260490       0.231494       0.202673       0.174737       0.148330       0.123989       0.102100       0.082887       0.066402       0.052546       0.041109       0.031809       0.024337       0.018396       0.013717       0.010071       0.007267       0.005144       0.003569       0.002430       0.001628       0.001083       0.000727       0.000504       0.000367       0.000286       0.000241       0.000221       0.000224       0.000248       0.000293       0.000361       0.000455       0.000580       0.000742       0.000946       0.001200       0.001509       0.001882       0.002326       0.002851       0.003465       0.004176       0.004993       0.005924       0.006974       0.008148       0.009449       0.010874       0.012420       0.014080       0.015842       0.017690       0.019606       0.021568       0.023549       0.025523       0.027460       0.029330       0.031103       0.032748       0.034239       0.035548       0.036653       0.037534       0.038175       0.038564       0.038695       0.038564       0.038175       0.037534       0.036653       0.035548       0.034239       0.032748       0.031103       0.029330       0.027460       0.025523       0.023549       0.021568       0.019606       0.017690       0.015842       0.014080       0.012420       0.010874       0.009449       0.008148       0.006974       0.005924       0.004993       0.004176       0.003465       0.002851       0.002326       0.001882       0.001509       0.001200       0.000946       0.000742       0.000580       0.000455       0.000361       0.000293       0.000248       0.000224       0.000221       0.000241       0.000286       0.000367       0.000504       0.000727       0.001083       0.001628       0.002430       0.003569       0.005144       0.007267       0.010071       0.013717       0.018396       0.024337       0.031809       0.041109       0.052546       0.066402       0.082887       0.102100       0.123989       0.148330       0.174737       0.202673       0.231494       0.260490       0.288936       0.316129       0.341421       0.364225       0.384004       0.400269       0.412594       0.420678       0.424455       0.424268       0.421170       0.417436       0.417436
       0.408974       0.408974       0.412127       0.414407       0.413796       0.409410       0.400983       0.388585       0.372470       0.352999       0.330594       0.305738       0.278983       0.250966       0.222392       0.194005       0.166537       0.140654       0.116909       0.095694       0.077226       0.061538       0.048503       0.037873       0.029327       0.022526       0.017149       0.012921       0.009616       0.007057       0.005100       0.003629       0.002546       0.001769       0.001227       0.000858       0.000614       0.000455       0.000354       0.000291       0.000256       0.000244       0.000253       0.000282       0.000333       0.000411       0.000519       0.000661       0.000841       0.001064       0.001337       0.001665       0.002056       0.002517       0.003057       0.003683       0.004405       0.005228       0.006161       0.007209       0.008373       0.009656       0.011054       0.012561       0.014167       0.015859       0.017619       0.019427       0.021260       0.023091       0.024892       0.026635       0.028290       0.029830       0.031227       0.032455       0.033493       0.034321       0.034924       0.035290       0.035413       0.035290       0.034924       0.034321       0.033493       0.032455       0.031227       0.029830       0.028290       0.026635       0.024892       0.023091       0.021260       0.019427       0.017619       0.015859       0.014167       0.012561       0.011054       0.009656       0.008373       0.007209       0.006161       0.005228       0.004405       0.003683       0.003057       0.002517       0.002056       0.001665       0.001337       0.001064       0.000841       0.000661       0.000519       0.000411       0.000333       0.000282       0.000253       0.000244       0.000256       0.000291       0.000354       0.000455       0.000614       0.000858       0.001227       0.001769       0.002546       0.003629       0.005100       0.007057       0.009616       0.012921       0.017149       0.022526       0.029327       0.037873       0.048503       0.061538       0.077226       0.095694       0.116909       0.140654       0.166537       0.194005       0.222392       0.250966       0.278983       0.305738       0.330594       0.352999       0.372470       0.388585       0.400983       0.409410       0.413796       0.414407       0.412127       0.408974       0.408974
       0.396132       0.396132       0.398634       0.400038       0.398661       0.393846       0.385429       0.373453       0.358078       0.339540       0.318138       0.294255       0.268383       0.241134       0.213224       0.185424       0.158503       0.133167       0.109999       0.089414       0.071639       0.056700       0.044449       0.034605       0.026807       0.020680       0.015876       0.012106       0.009149       0.006837       0.005045       0.003676       0.002649       0.001895       0.001353       0.000971       0.000707       0.000527       0.000405       0.000324       0.000272       0.000244       0.000237       0.000253       0.000293       0.000360       0.000456       0.000582       0.000742       0.000939       0.001178       0.001466       0.001807       0.002208       0.002678       0.003224       0.003855       0.004577       0.005399       0.006327       0.007365       0.008514       0.009773       0.011137       0.012599       0.014147       0.015764       0.017432       0.019128       0.020828       0.022506       0.024133       0.025682       0.027126       0.028437       0.029593       0.030570       0.031350       0.031918       0.032264       0.032380       0.032264       0.031918       0.031350       0.030570       0.029593       0.028437       0.027126       0.025682       0.024133       0.022506       0.020828       0.019128       0.017432       0.015764       0.014147       0.012599       0.011137       0.009773       0.008514       0.007365       0.006327       0.005399       0.004577       0.003855       0.003224       0.002678       0.002208       0.001807       0.001466       0.001178       0.000939       0.000742       0.000582       0.000456       0.000360       0.000293       0.000253       0.000237       0.000244       0.000272       0.000324       0.000405       0.000527       0.000707       0.000971       0.001353       0.001895       0.002649       0.003676       0.005045       0.006837       0.009149       0.012106       0.015876       0.020680       0.026807       0.034605       0.044449       0.056700       0.071639       0.089414       0.109999       0.133167       0.158503       0.185424       0.213224       0.241134       0.268383       0.294255       0.318138       0.339540       0.358078       0.373453       0.385429       0.393846       0.398661       0.400038       0.398634       0.396132       0.396132
       0.377620       0.377620       0.379386       0.379842       0.377744       0.372764       0.364876       0.354032       0.340217       0.323458       0.303854       0.281628       0.257182       0.231102       0.204125       0.177071       0.150770       0.125986       0.103354       0.083331       0.066167       0.051901       0.040374       0.031279       0.024217       0.018766       0.014546       0.011248       0.008647       0.006588       0.004965       0.003700       0.002729       0.001997       0.001457       0.001064       0.000782       0.000582       0.000439       0.000338       0.000268       0.000222       0.000201       0.000206       0.000241       0.000303       0.000392       0.000507       0.000650       0.000825       0.001034       0.001283       0.001577       0.001923       0.002326       0.002796       0.003340       0.003966       0.004684       0.005498       0.006416       0.007440       0.008571       0.009804       0.011134       0.012549       0.014036       0.015577       0.017150       0.018733       0.020299       0.021823       0.023277       0.024635       0.025871       0.026961       0.027884       0.028621       0.029159       0.029486       0.029596       0.029486       0.029159       0.028621       0.027884       0.026961       0.025871       0.024635       0.023277       0.021823       0.020299       0.018733       0.017150       0.015577       0.014036       0.012549       0.011134       0.009804       0.008571       0.007440       0.006416       0.005498       0.004684       0.003966       0.003340       0.002796       0.002326       0.001923       0.001577       0.001283       0.001034       0.000825       0.000650       0.000507       0.000392       0.000303       0.000241       0.000206       0.000201       0.000222       0.000268       0.000338       0.000439       0.000582       0.000782       0.001064       0.001457       0.001997       0.002729       0.003700       0.004965       0.006588       0.008647       0.011248       0.014546       0.018766       0.024217       0.031279       0.040374       0.051901       0.066167       0.083331       0.103354       0.125986       0.150770       0.177071       0.204125       0.231102       0.257182       0.281628       0.303854       0.323458       0.340217       0.354032       0.364876       0.372764       0.377744       0.379842       0.379386       0.377620       0.377620
       0.352135       0.352135       0.353061       0.352455       0.349660       0.344847       0.338228       0.329464       0.318278       0.304389       0.287583       0.267850       0.245470       0.221009       0.195252       0.169103       0.143483       0.119242       0.097086       0.077532       0.060873       0.047173       0.036284       0.027883       0.021533       0.016763       0.013142       0.010331       0.008099       0.006302       0.004853       0.003694       0.002781       0.002075       0.001538       0.001137       0.000840       0.000621       0.000460       0.000341       0.000251       0.000187       0.000148       0.000145       0.000181       0.000245       0.000332       0.000439       0.000569       0.000723       0.000905       0.001118       0.001368       0.001659       0.002000       0.002396       0.002857       0.003392       0.004009       0.004717       0.005523       0.006431       0.007443       0.008556       0.009766       0.011063       0.012433       0.013861       0.015325       0.016804       0.018273       0.019706       0.021077       0.022360       0.023530       0.024563       0.025439       0.026140       0.026651       0.026962       0.027066       0.026962       0.026651       0.026140       0.025439       0.024563       0.023530       0.022360       0.021077       0.019706       0.018273       0.016804       0.015325       0.013861       0.012433       0.011063       0.009766       0.008556       0.007443       0.006431       0.005523       0.004717       0.004009       0.003392       0.002857       0.002396       0.002000       0.001659       0.001368       0.001118       0.000905       0.000723       0.000569       0.000439       0.000332       0.000245       0.000181       0.000145       0.000148       0.000187       0.000251       0.000341       0.000460       0.000621       0.000840       0.001137       0.001538       0.002075       0.002781       0.003694       0.004853       0.006302       0.008099       0.010331       0.013142       0.016763       0.021533       0.027883       0.036284       0.047173       0.060873       0.077532       0.097086       0.119242       0.143483       0.169103       0.195252       0.221009       0.245470       0.267850       0.287583       0.304389       0.318278       0.329464       0.338228       0.344847       0.349660       0.352455       0.353061       0.352135       0.352135
       0.318677       0.318677       0.318626       0.316752       0.313161       0.308849       0.304596       0.299070       0.291793       0.282093       0.269287       0.253017       0.233409       0.211037       0.186785       0.161687       0.136794       0.113071       0.091317       0.072122       0.055838       0.042573       0.032207       0.024420       0.018747       0.014658       0.011655       0.009353       0.007506       0.005980       0.004709       0.003659       0.002807       0.002129       0.001600       0.001194       0.000885       0.000652       0.000475       0.000340       0.000234       0.000150       0.000088       0.000076       0.000125       0.000198       0.000284       0.000384       0.000500       0.000635       0.000790       0.000970       0.001177       0.001417       0.001696       0.002021       0.002402       0.002849       0.003371       0.003979       0.004680       0.005481       0.006386       0.007392       0.008495       0.009688       0.010957       0.012286       0.013657       0.015047       0.016433       0.017789       0.019089       0.020308       0.021422       0.022407       0.023243       0.023912       0.024401       0.024699       0.024798       0.024699       0.024401       0.023912       0.023243       0.022407       0.021422       0.020308       0.019089       0.017789       0.016433       0.015047       0.013657       0.012286       0.010957       0.009688       0.008495       0.007392       0.006386       0.005481       0.004680       0.003979       0.003371       0.002849       0.002402       0.002021       0.001696       0.001417       0.001177       0.000970       0.000790       0.000635       0.000500       0.000384       0.000284       0.000198       0.000125       0.000076       0.000088       0.000150       0.000234       0.000340       0.000475       0.000652       0.000885       0.001194       0.001600       0.002129       0.002807       0.003659       0.004709       0.005980       0.007506       0.009353       0.011655       0.014658       0.018747       0.024420       0.032207       0.042573       0.055838       0.072122       0.091317       0.113071       0.136794       0.161687       0.186785       0.211037       0.233409       0.253017       0.269287       0.282093       0.291793       0.299070       0.304596       0.308849       0.313161       0.316752       0.318626       0.318677       0.318677
       0.276999       0.276999       0.275790       0.272263       0.267444       0.263679       0.263850       0.262658       0.260627       0.256611       0.249162       0.237401       0.221279       0.201435       0.178929       0.154991       0.130848       0.107605       0.086172       0.067221       0.051171       0.038186       0.028194       0.020907       0.015856       0.012449       0.010092       0.008326       0.006879       0.005631       0.004541       0.003602       0.002812       0.002164       0.001646       0.001238       0.000922       0.000679       0.000491       0.000346       0.000231       0.000136       0.000054       0.000021       0.000095       0.000171       0.000253       0.000344       0.000446       0.000562       0.000692       0.000839       0.001005       0.001195       0.001414       0.001670       0.001972       0.002333       0.002764       0.003277       0.003883       0.004589       0.005398       0.006311       0.007324       0.008429       0.009614       0.010862       0.012156       0.013473       0.014791       0.016083       0.017326       0.018493       0.019561       0.020507       0.021311       0.021955       0.022425       0.022712       0.022808       0.022712       0.022425       0.021955       0.021311       0.020507       0.019561       0.018493       0.017326       0.016083       0.014791       0.013473       0.012156       0.010862       0.009614       0.008429       0.007324       0.006311       0.005398       0.004589       0.003883       0.003277       0.002764       0.002333       0.001972       0.001670       0.001414       0.001195       0.001005       0.000839       0.000692       0.000562       0.000446       0.000344       0.000253       0.000171       0.000095       0.000021       0.000054       0.000136       0.000231       0.000346       0.000491       0.000679       0.000922       0.001238       0.001646       0.002164       0.002812       0.003602       0.004541       0.005631       0.006879       0.008326       0.010092       0.012449       0.015856       0.020907       0.028194       0.038186       0.051171       0.067221       0.086172       0.107605       0.130848       0.154991       0.178929       0.201435       0.221279       0.237401       0.249162       0.256611       0.260627       0.262658       0.263850       0.263679       0.267444       0.272263       0.275790       0.276999       0.276999
       0.239731       0.239731       0.236835       0.230547       0.222759       0.217186       0.218082       0.220839       0.225195       0.228477       0.227811       0.221561       0.209529       0.192536       0.171922       0.149188       0.125781       0.102966       0.081773       0.062958       0.047004       0.034134       0.024334       0.017389       0.012872       0.010145       0.008474       0.007277       0.006245       0.005275       0.004362       0.003530       0.002801       0.002185       0.001679       0.001273       0.000953       0.000705       0.000513       0.000364       0.000248       0.000157       0.000091       0.000072       0.000111       0.000171       0.000241       0.000319       0.000406       0.000503       0.000609       0.000725       0.000852       0.000993       0.001153       0.001339       0.001564       0.001840       0.002184       0.002609       0.003130       0.003753       0.004484       0.005322       0.006263       0.007300       0.008419       0.009605       0.010840       0.012101       0.013366       0.014611       0.015809       0.016937       0.017969       0.018885       0.019664       0.020288       0.020744       0.021022       0.021115       0.021022       0.020744       0.020288       0.019664       0.018885       0.017969       0.016937       0.015809       0.014611       0.013366       0.012101       0.010840       0.009605       0.008419       0.007300       0.006263       0.005322       0.004484       0.003753       0.003130       0.002609       0.002184       0.001840       0.001564       0.001339       0.001153       0.000993       0.000852       0.000725       0.000609       0.000503       0.000406       0.000319       0.000241       0.000171       0.000111       0.000072       0.000091       0.000157       0.000248       0.000364       0.000513       0.000705       0.000953       0.001273       0.001679       0.002185       0.002801       0.003530       0.004362       0.005275       0.006245       0.007277       0.008474       0.010145       0.012872       0.017389       0.024334       0.034134       0.047004       0.062958       0.081773       0.102966       0.125781       0.149188       0.171922       0.192536       0.209529       0.221561       0.227811       0.228477       0.225195       0.220839       0.218082       0.217186       0.222759       0.230547       0.236835       0.239731       0.239731
       0.207453       0.207453       0.202388       0.192162       0.179276       0.168968       0.167899       0.174355       0.186637       0.199059       0.206496       0.206472       0.198834       0.184772       0.166030       0.144446       0.121708       0.099255       0.078229       0.059463       0.043493       0.030583       0.020775       0.013948       0.009814       0.007766       0.006849       0.006260       0.005644       0.004940       0.004191       0.003456       0.002783       0.002195       0.001702       0.001300       0.000981       0.000730       0.000537       0.000390       0.000278       0.000197       0.000146       0.000130       0.000148       0.000188       0.000242       0.000306       0.000378       0.000457       0.000541       0.000629       0.000720       0.000814       0.000914       0.001030       0.001174       0.001365       0.001625       0.001973       0.002423       0.002983       0.003657       0.004443       0.005336       0.006326       0.007401       0.008545       0.009739       0.010962       0.012190       0.013401       0.014568       0.015667       0.016675       0.017569       0.018330       0.018940       0.019386       0.019657       0.019749       0.019657       0.019386       0.018940       0.018330       0.017569       0.016675       0.015667       0.014568       0.013401       0.012190       0.010962       0.009739       0.008545       0.007401       0.006326       0.005336       0.004443       0.003657       0.002983       0.002423       0.001973       0.001625       0.001365       0.001174       0.001030       0.000914       0.000814       0.000720       0.000629       0.000541       0.000457       0.000378       0.000306       0.000242       0.000188       0.000148       0.000130       0.000146       0.000197       0.000278       0.000390       0.000537       0.000730       0.000981       0.001300       0.001702       0.002195       0.002783       0.003456       0.004191       0.004940       0.005644       0.006260       0.006849       0.007766       0.009814       0.013948       0.020775       0.030583       0.043493       0.059463       0.078229       0.099255       0.121708       0.144446       0.166030       0.184772       0.198834       0.206472       0.206496       0.199059       0.186637       0.174355       0.167899       0.168968       0.179276       0.192162       0.202388       0.207453       0.207453
       0.181772       0.181772       0.174329       0.159349       0.139231       0.120397       0.114060       0.124812       0.147727       0.171194       0.187414       0.193601       0.190088       0.178657       0.161539       0.140920       0.118727       0.096550       0.075630       0.056859       0.040807       0.027755       0.017760       0.010762       0.006726       0.005352       0.005313       0.005361       0.005134       0.004661       0.004047       0.003392       0.002763       0.002199       0.001718       0.001320       0.001002       0.000753       0.000561       0.000416       0.000310       0.000237       0.000192       0.000175       0.000182       0.000208       0.000249       0.000300       0.000359       0.000424       0.000490       0.000554       0.000613       0.000663       0.000706       0.000747       0.000803       0.000905       0.001085       0.001373       0.001779       0.002307       0.002954       0.003716       0.004586       0.005553       0.006604       0.007725       0.008895       0.010096       0.011302       0.012492       0.013639       0.014721       0.015712       0.016593       0.017341       0.017942       0.018382       0.018649       0.018739       0.018649       0.018382       0.017942       0.017341       0.016593       0.015712       0.014721       0.013639       0.012492       0.011302       0.010096       0.008895       0.007725       0.006604       0.005553       0.004586       0.003716       0.002954       0.002307       0.001779       0.001373       0.001085       0.000905       0.000803       0.000747       0.000706       0.000663       0.000613       0.000554       0.000490       0.000424       0.000359       0.000300       0.000249       0.000208       0.000182       0.000175       0.000192       0.000237       0.000310       0.000416       0.000561       0.000753       0.001002       0.001320       0.001718       0.002199       0.002763       0.003392       0.004047       0.004661       0.005134       0.005361       0.005313       0.005352       0.006726       0.010762       0.017760       0.027755       0.040807       0.056859       0.075630       0.096550       0.118727       0.140920       0.161539       0.178657       0.190088       0.193601       0.187414       0.171194       0.147727       0.124812       0.114060       0.120397       0.139231       0.159349       0.174329       0.181772       0.181772
       0.164921       0.164921       0.155487       0.136126       0.107981       0.076008       0.057724       0.076830       0.114971       0.149908       0.173722       0.184762       0.184284       0.174714       0.158713       0.138744       0.116908       0.094906       0.074043       0.055250       0.039112       0.025905       0.015654       0.008240       0.003735       0.003022       0.004078       0.004712       0.004785       0.004473       0.003951       0.003348       0.002749       0.002200       0.001727       0.001333       0.001016       0.000768       0.000578       0.000436       0.000333       0.000263       0.000221       0.000202       0.000204       0.000223       0.000255       0.000298       0.000349       0.000403       0.000457       0.000505       0.000541       0.000557       0.000549       0.000514       0.000467       0.000455       0.000567       0.000842       0.001257       0.001796       0.002450       0.003214       0.004082       0.005043       0.006088       0.007199       0.008360       0.009549       0.010746       0.011924       0.013062       0.014134       0.015117       0.015989       0.016732       0.017328       0.017764       0.018029       0.018118       0.018029       0.017764       0.017328       0.016732       0.015989       0.015117       0.014134       0.013062       0.011924       0.010746       0.009549       0.008360       0.007199       0.006088       0.005043       0.004082       0.003214       0.002450       0.001796       0.001257       0.000842       0.000567       0.000455       0.000467       0.000514       0.000549       0.000557       0.000541       0.000505       0.000457       0.000403       0.000349       0.000298       0.000255       0.000223       0.000204       0.000202       0.000221       0.000263       0.000333       0.000436       0.000578       0.000768       0.001016       0.001333       0.001727       0.002200       0.002749       0.003348       0.003951       0.004473       0.004785       0.004712       0.004078       0.003022       0.003735       0.008240       0.015654       0.025905       0.039112       0.055250       0.074043       0.094906       0.116908       0.138744       0.158713       0.174714       0.184284       0.184762       0.173722       0.149908       0.114971       0.076830       0.057724       0.076008       0.107981       0.136126       0.155487       0.164921       0.164921
       0.159005       0.159005       0.148767       0.127513       0.095292       0.053207       0.003465       0.050360       0.100998       0.141678       0.168670       0.181590       0.182242       0.173348       0.157748       0.138008       0.116297       0.094354       0.073509       0.054705       0.038531       0.025257       0.014883       0.007197       0.001847       0.001594       0.003564       0.004470       0.004659       0.004407       0.003918       0.003333       0.002743       0.002201       0.001729       0.001337       0.001021       0.000773       0.000584       0.000443       0.000341       0.000273       0.000231       0.000212       0.000212       0.000228       0.000257       0.000297       0.000345       0.000396       0.000446       0.000488       0.000515       0.000518       0.000486       0.000410       0.000277       0.000078       0.000201       0.000567       0.001029       0.001592       0.002259       0.003030       0.003901       0.004864       0.005907       0.007017       0.008175       0.009362       0.010555       0.011731       0.012865       0.013934       0.014915       0.015785       0.016526       0.017120       0.017555       0.017819       0.017908       0.017819       0.017555       0.017120       0.016526       0.015785       0.014915       0.013934       0.012865       0.011731       0.010555       0.009362       0.008175       0.007017       0.005907       0.004864       0.003901       0.003030       0.002259       0.001592       0.001029       0.000567       0.000201       0.000078       0.000277       0.000410       0.000486       0.000518       0.000515       0.000488       0.000446       0.000396       0.000345       0.000297       0.000257       0.000228       0.000212       0.000212       0.000231       0.000273       0.000341       0.000443       0.000584       0.000773       0.001021       0.001337       0.001729       0.002201       0.002743       0.003333       0.003918       0.004407       0.004659       0.004470       0.003564       0.001594       0.001847       0.007197       0.014883       0.025257       0.038531       0.054705       0.073509       0.094354       0.116297       0.138008       0.157748       0.173348       0.182242       0.181590       0.168670       0.141678       0.100998       0.050360       0.003465       0.053207       0.095292       0.127513       0.148767       0.159005       0.159005
       0.164921       0.164921       0.155487       0.136126       0.107981       0.076008       0.057724       0.076830       0.114971       0.149908       0.173722       0.184762       0.184284       0.174714       0.158713       0.138744       0.116908       0.094906       0.074043       0.055250       0.039112       0.025905       0.015654       0.008240       0.003735       0.003022       0.004078       0.004712       0.004785       0.004473       0.003951       0.003348       0.002749       0.002200       0.001727       0.001333       0.001016       0.000768       0.000578       0.000436       0.000333       0.000263       0.000221       0.000202       0.000204       0.000223       0.000255       0.000298       0.000349       0.000403       0.000457       0.000505       0.000541       0.000557       0.000549       0.000514       0.000467       0.000455       0.000567       0.000842       0.001257       0.001796       0.002450       0.003214       0.004082       0.005043       0.006088       0.007199       0.008360       0.009549       0.010746       0.011924       0.013062       0.014134       0.015117       0.015989       0.016732       0.017328       0.017764       0.018029       0.018118       0.018029       0.017764       0.017328       0.016732       0.015989       0.015117       0.014134       0.013062       0.011924       0.010746       0.009549       0.008360       0.007199       0.006088       0.005043       0.004082       0.003214       0.002450       0.001796       0.001257       0.000842       0.000567       0.000455       0.000467       0.000514       0.000549       0.000557       0.000541       0.000505       0.000457       0.000403       0.000349       0.000298       0.000255       0.000223       0.000204       0.000202       0.000221       0.000263       0.000333       0.000436       0.000578       0.000768       0.001016       0.001333       0.001727       0.002200       0.002749       0.003348       0.003951       0.004473       0.004785       0.004712       0.004078       0.003022       0.003735       0.008240       0.015654       0.025905       0.039112       0.055250       0.074043       0.094906       0.116908       0.138744       0.158713       0.174714       0.184284       0.184762       0.173722       0.149908       0.114971       0.076830       0.057724       0.076008       0.107981       0.136126       0.155487       0.164921       0.164921
       0.181772       0.181772       0.174329       0.159349       0.139231       0.120397       0.114060       0.124812       0.147727       0.171194       0.187414       0.193601       0.190088       0.178657       0.161539       0.140920       0.118727       0.096550       0.075630       0.056859       0.040807       0.027755       0.017760       0.010762       0.006726       0.005352       0.005313       0.005361       0.005134       0.004661       0.004047       0.003392       0.002763       0.002199       0.001718       0.001320       0.001002       0.000753       0.000561       0.000416       0.000310       0.000237       0.000192       0.000175       0.000182       0.000208       0.000249       0.000300       0.000359       0.000424       0.000490       0.000554       0.000613       0.000663       0.000706       0.000747       0.000803       0.000905       0.001085       0.001373       0.001779       0.002307       0.002954       0.003716       0.004586       0.005553       0.006604       0.007725       0.008895       0.010096       0.011302       0.012492       0.013639       0.014721       0.015712       0.016593       0.017341       0.017942       0.018382       0.018649       0.018739       0.018649       0.018382       0.017942       0.017341       0.016593       0.015712       0.014721       0.013639       0.012492       0.011302       0.010096       0.008895       0.007725       0.006604       0.005553       0.004586       0.003716       0.002954       0.002307       0.001779       0.001373       0.001085       0.000905       0.000803       0.000747       0.000706       0.000663       0.000613       0.000554       0.000490       0.000424       0.000359       0.000300       0.000249       0.000208       0.000182       0.000175       0.000192       0.000237       0.000310       0.000416       0.000561       0.000753       0.001002       0.001320       0.001718       0.002199       0.002763       0.003392       0.004047       0.004661       0.005134       0.005361       0.005313       0.005352       0.006726       0.010762       0.017760       0.027755       0.040807       0.056859       0.075630       0.096550       0.118727       0.140920       0.161539       0.178657       0.190088       0.193601       0.187414       0.171194       0.147727       0.124812       0.114060       0.120397       0.139231       0.159349       0.174329       0.181772       0.181772
       0.207453       0.207453       0.202388       0.192162       0.179276       0.168968       0.167899       0.174355       0.186637       0.199059       0.206496       0.206472       0.198834       0.184772       0.166030       0.144446       0.121708       0.099255       0.078229       0.059463       0.043493       0.030583       0.020775       0.013948       0.009814       0.007766       0.006849       0.006260       0.005644       0.004940       0.004191       0.003456       0.002783       0.002195       0.001702       0.001300       0.000981       0.000730       0.000537       0.000390       0.000278       0.000197       0.000146       0.000130       0.000148       0.000188       0.000242       0.000306       0.000378       0.000457       0.000541       0.000629       0.000720       0.000814       0.000914       0.001030       0.001174       0.001365       0.001625       0.001973       0.002423       0.002983       0.003657       0.004443       0.005336       0.006326       0.007401       0.008545       0.009739       0.010962       0.012190       0.013401       0.014568       0.015667       0.016675       0.017569       0.018330       0.018940       0.019386       0.019657       0.019749       0.019657       0.019386       0.018940       0.018330       0.017569       0.016675       0.015667       0.014568       0.013401       0.012190       0.010962       0.009739       0.008545       0.007401       0.006326       0.005336       0.004443       0.003657       0.002983       0.002423       0.001973       0.001625       0.001365       0.001174       0.001030       0.000914       0.000814       0.000720       0.000629       0.000541       0.000457       0.000378       0.000306       0.000242       0.000188       0.000148       0.000130       0.000146       0.000197       0.000278       0.000390       0.000537       0.000730       0.000981       0.001300       0.001702       0.002195       0.002783       0.003456       0.004191       0.004940       0.005644       0.006260       0.006849       0.007766       0.009814       0.013948       0.020775       0.030583       0.043493       0.059463       0.078229       0.099255       0.121708       0.144446       0.166030       0.184772       0.198834       0.206472       0.206496       0.199059       0.186637       0.174355       0.167899       0.168968       0.179276       0.192162       0.202388       0.207453       0.207453
       0.239731       0.239731       0.236835       0.230547       0.222759       0.217186       0.218082       0.220839       0.225195       0.228477       0.227811       0.221561       0.209529       0.192536       0.171922       0.149188       0.125781       0.102966       0.081773       0.062958       0.047004       0.034134       0.024334       0.017389       0.012872       0.010145       0.008474       0.007277       0.006245       0.005275       0.004362       0.003530       0.002801       0.002185       0.001679       0.001273       0.000953       0.000705       0.000513       0.000364       0.000248       0.000157       0.000091       0.000072       0.000111       0.000171       0.000241       0.000319       0.000406       0.000503       0.000609       0.000725       0.000852       0.000993       0.001153       0.001339       0.001564       0.001840       0.002184       0.002609       0.003130       0.003753       0.004484       0.005322       0.006263       0.007300       0.008419       0.009605       0.010840       0.012101       0.013366       0.014611       0.015809       0.016937       0.017969       0.018885       0.019664       0.020288       0.020744       0.021022       0.021115       0.021022       0.020744       0.020288       0.019664       0.018885       0.017969       0.016937       0.015809       0.014611       0.013366       0.012101       0.010840       0.009605       0.008419       0.007300       0.006263       0.005322       0.004484       0.003753       0.003130       0.002609       0.002184       0.001840       0.001564       0.001339       0.001153       0.000993       0.000852       0.000725       0.000609       0.000503       0.000406       0.000319       0.000241       0.000171       0.000111       0.000072       0.000091       0.000157       0.000248       0.000364       0.000513       0.000705       0.000953       0.001273       0.001679       0.002185       0.002801       0.003530       0.004362       0.005275       0.006245       0.007277       0.008474       0.010145       0.012872       0.017389       0.024334       0.034134       0.047004       0.062958       0.081773       0.102966       0.125781       0.149188       0.171922       0.192536       0.209529       0.221561       0.227811       0.228477       0.225195       0.220839       0.218082       0.217186       0.222759       0.230547       0.236835       0.239731       0.239731
       0.276999       0.276999       0.275790       0.272263       0.267444       0.263679       0.263850       0.262658       0.260627       0.256611       0.249162       0.237401       0.221279       0.201435       0.178929       0.154991       0.130848       0.107605       0.086172       0.067221       0.051171       0.038186       0.028194       0.020907       0.015856       0.012449       0.010092       0.008326       0.006879       0.005631       0.004541       0.003602       0.002812       0.002164       0.001646       0.001238       0.000922       0.000679       0.000491       0.000346       0.000231       0.000136       0.000054       0.000021       0.000095       0.000171       0.000253       0.000344       0.000446       0.000562       0.000692       0.000839       0.001005       0.001195       0.001414       0.001670       0.001972       0.002333       0.002764       0.003277       0.003883       0.004589       0.005398       0.006311       0.007324       0.008429       0.009614       0.010862       0.012156       0.013473       0.014791       0.016083       0.017326       0.018493       0.019561       0.020507       0.021311       0.021955       0.022425       0.022712       0.022808       0.022712       0.022425       0.021955       0.021311       0.020507       0.019561       0.018493       0.017326       0.016083       0.014791       0.013473       0.012156       0.010862       0.009614       0.008429       0.007324       0.006311       0.005398       0.004589       0.003883       0.003277       0.002764       0.002333       0.001972       0.001670       0.001414       0.001195       0.001005       0.000839       0.000692       0.000562       0.000446       0.000344       0.000253       0.000171       0.000095       0.000021       0.000054       0.000136       0.000231       0.000346       0.000491       0.000679       0.000922       0.001238       0.001646       0.002164       0.002812       0.003602       0.004541       0.005631       0.006879       0.008326       0.010092       0.012449       0.015856       0.020907       0.028194       0.038186       0.051171       0.067221       0.086172       0.107605       0.130848       0.154991       0.178929       0.201435       0.221279       0.237401       0.249162       0.256611       0.260627       0.262658       0.263850       0.263679       0.267444       0.272263       0.275790       0.276999       0.276999
       0.318677       0.318677       0.318626       0.316752       0.313161       0.308849       0.304596       0.299070       0.291793       0.282093       0.269287       0.253017       0.233409       0.211037       0.186785       0.161687       0.136794       0.113071       0.091317       0.072122       0.055838       0.042573       0.032207       0.024420       0.018747       0.014658       0.011655       0.009353       0.007506       0.005980       0.004709       0.003659       0.002807       0.002129       0.001600       0.001194       0.000885       0.000652       0.000475       0.000340       0.000234       0.000150       0.000088       0.000076       0.000125       0.000198       0.000284       0.000384       0.000500       0.000635       0.000790       0.000970       0.001177       0.001417       0.001696       0.002021       0.002402       0.002849       0.003371       0.003979       0.004680       0.005481       0.006386       0.007392       0.008495       0.009688       0.010957       0.012286       0.013657       0.015047       0.016433       0.017789       0.019089       0.020308       0.021422       0.022407       0.023243       0.023912       0.024401       0.024699       0.024798       0.024699       0.024401       0.023912       0.023243       0.022407       0.021422       0.020308       0.019089       0.017789       0.016433       0.015047       0.013657       0.012286       0.010957       0.009688       0.008495       0.007392       0.006386       0.005481       0.004680       0.003979       0.003371       0.002849       0.002402       0.002021       0.001696       0.001417       0.001177       0.000970       0.000790       0.000635       0.000500       0.000384       0.000284       0.000198       0.000125       0.000076       0.000088       0.000150       0.000234       0.000340       0.000475       0.000652       0.000885       0.001194       0.001600       0.002129       0.002807       0.003659       0.004709       0.005980       0.007506       0.009353       0.011655       0.014658       0.018747       0.024420       0.032207       0.042573       0.055838       0.072122       0.091317       0.113071       0.136794       0.161687       0.186785       0.211037       0.233409       0.253017       0.269287       0.282093       0.291793       0.299070       0.304596       0.308849       0.313161       0.316752       0.318626       0.318677       0.318677
       0.352135       0.352135       0.353061       0.352455       0.349660       0.344847       0.338228       0.329464       0.318278       0.304389       0.287583       0.267850       0.245470       0.221009       0.195252       0.169103       0.143483       0.119242       0.097086       0.077532       0.060873       0.047173       0.036284       0.027883       0.021533       0.016763       0.013142       0.010331       0.008099       0.006302       0.004853       0.003694       0.002781       0.002075       0.001538       0.001137       0.000840       0.000621       0.000460       0.000341       0.000251       0.000187       0.000148       0.000145       0.000181       0.000245       0.000332       0.000439       0.000569       0.000723       0.000905       0.001118       0.001368       0.001659       0.002000       0.002396       0.002857       0.003392       0.004009       0.004717       0.005523       0.006431       0.007443       0.008556       0.009766       0.011063       0.012433       0.013861       0.015325       0.016804       0.018273       0.019706       0.021077       0.022360       0.023530       0.024563       0.025439       0.026140       0.026651       0.026962       0.027066       0.026962       0.026651       0.026140       0.025439       0.024563       0.023530       0.022360       0.021077       0.019706       0.018273       0.016804       0.015325       0.013861       0.012433       0.011063       0.009766       0.008556       0.007443       0.006431       0.005523       0.004717       0.004009       0.003392       0.002857       0.002396       0.002000       0.001659       0.001368       0.001118       0.000905       0.000723       0.000569       0.000439       0.000332       0.000245       0.000181       0.000145       0.000148       0.000187       0.000251       0.000341       0.000460       0.000621       0.000840       0.001137       0.001538       0.002075       0.002781       0.003694       0.004853       0.006302       0.008099       0.010331       0.013142       0.016763       0.021533       0.027883       0.036284       0.047173       0.060873       0.077532       0.097086       0.119242       0.143483       0.169103       0.195252       0.221009       0.245470       0.267850       0.287583       0.304389       0.318278       0.329464       0.338228       0.344847       0.349660       0.352455       0.353061       0.352135       0.352135
       0.377620       0.377620       0.379386       0.379842       0.377744       0.372764       0.364876       0.354032       0.340217       0.323458       0.303854       0.281628       0.257182       0.231102       0.204125       0.177071       0.150770       0.125986       0.103354       0.083331       0.066167       0.051901       0.040374       0.031279       0.024217       0.018766       0.014546       0.011248       0.008647       0.006588       0.004965       0.003700       0.002729       0.001997       0.001457       0.001064       0.000782       0.000582       0.000439       0.000338       0.000268       0.000222       0.000201       0.000206       0.000241       0.000303       0.000392       0.000507       0.000650       0.000825       0.001034       0.001283       0.001577       0.001923       0.002326       0.002796       0.003340       0.003966       0.004684       0.005498       0.006416       0.007440       0.008571       0.009804       0.011134       0.012549       0.014036       0.015577       0.017150       0.018733       0.020299       0.021823       0.023277       0.024635       0.025871       0.026961       0.027884       0.028621       0.029159       0.029486       0.029596       0.029486       0.029159       0.028621       0.027884       0.026961       0.025871       0.024635       0.023277       0.021823       0.020299       0.018733       0.017150       0.015577       0.014036       0.012549       0.011134       0.009804       0.008571       0.007440       0.006416       0.005498       0.004684       0.003966       0.003340       0.002796       0.002326       0.001923       0.001577       0.001283       0.001034       0.000825       0.000650       0.000507       0.000392       0.000303       0.000241       0.000206       0.000201       0.000222       0.000268       0.000338       0.000439       0.000582       0.000782       0.001064       0.001457       0.001997       0.002729       0.003700       0.004965       0.006588       0.008647       0.011248       0.014546       0.018766       0.024217       0.031279       0.040374       0.051901       0.066167       0.083331       0.103354       0.125986       0.150770       0.177071       0.204125       0.231102       0.257182       0.281628       0.303854       0.323458       0.340217       0.354032       0.364876       0.372764       0.377744       0.379842       0.379386       0.377620       0.377620
       0.396132       0.396132       0.398634       0.400038       0.398661       0.393846       0.385429       0.373453       0.358078       0.339540       0.318138       0.294255       0.268383       0.241134       0.213224       0.185424       0.158503       0.133167       0.109999       0.089414       0.071639       0.056700       0.044449       0.034605       0.026807       0.020680       0.015876       0.012106       0.009149       0.006837       0.005045       0.003676       0.002649       0.001895       0.001353       0.000971       0.000707       0.000527       0.000405       0.000324       0.000272       0.000244       0.000237       0.000253       0.000293       0.000360       0.000456       0.000582       0.000742       0.000939       0.001178       0.001466       0.001807       0.002208       0.002678       0.003224       0.003855       0.004577       0.005399       0.006327       0.007365       0.008514       0.009773       0.011137       0.012599       0.014147       0.015764       0.017432       0.019128       0.020828       0.022506       0.024133       0.025682       0.027126       0.028437       0.029593       0.030570       0.031350       0.031918       0.032264       0.032380       0.032264       0.031918       0.031350       0.030570       0.029593       0.028437       0.027126       0.025682       0.024133       0.022506       0.020828       0.019128       0.017432       0.015764       0.014147       0.012599       0.011137       0.009773       0.008514       0.007365       0.006327       0.005399       0.004577       0.003855       0.003224       0.002678       0.002208       0.001807       0.001466       0.001178       0.000939       0.000742       0.000582       0.000456       0.000360       0.000293       0.000253       0.000237       0.000244       0.000272       0.000324       0.000405       0.000527       0.000707       0.000971       0.001353       0.001895       0.002649       0.003676       0.005045       0.006837       0.009149       0.012106       0.015876       0.020680       0.026807       0.034605       0.044449       0.056700       0.071639       0.089414       0.109999       0.133167       0.158503       0.185424       0.213224       0.241134       0.268383       0.294255       0.318138       0.339540       0.358078       0.373453       0.385429       0.393846       0.398661       0.400038       0.398634       0.396132       0.396132
       0.408974       0.408974       0.412127       0.414407       0.413796       0.409410       0.400983       0.388585       0.372470       0.352999       0.330594       0.305738       0.278983       0.250966       0.222392       0.194005       0.166537       0.140654       0.116909       0.095694       0.077226       0.061538       0.048503       0.037873       0.029327       0.022526       0.017149       0.012921       0.009616       0.007057       0.005100       0.003629       0.002546       0.001769       0.001227       0.000858       0.000614       0.000455       0.000354       0.000291       0.000256       0.000244       0.000253       0.000282       0.000333       0.000411       0.000519       0.000661       0.000841       0.001064       0.001337       0.001665       0.002056       0.002517       0.003057       0.003683       0.004405       0.005228       0.006161       0.007209       0.008373       0.009656       0.011054       0.012561       0.014167       0.015859       0.017619       0.019427       0.021260       0.023091       0.024892       0.026635       0.028290       0.029830       0.031227       0.032455       0.033493       0.034321       0.034924       0.035290       0.035413       0.035290       0.034924       0.034321       0.033493       0.032455       0.031227       0.029830       0.028290       0.026635       0.024892       0.023091       0.021260       0.019427       0.017619       0.015859       0.014167       0.012561       0.011054       0.009656       0.008373       0.007209       0.006161       0.005228       0.004405       0.003683       0.003057       0.002517       0.002056       0.001665       0.001337       0.001064       0.000841       0.000661       0.000519       0.000411       0.000333       0.000282       0.000253       0.000244       0.000256       0.000291       0.000354       0.000455       0.000614       0.000858       0.001227       0.001769       0.002546       0.003629       0.005100       0.007057       0.009616       0.012921       0.017149       0.022526       0.029327       0.037873       0.048503       0.061538       0.077226       0.095694       0.116909       0.140654       0.166537       0.194005       0.222392       0.250966       0.278983       0.305738       0.330594       0.352999       0.372470       0.388585       0.400983       0.409410       0.413796       0.414407       0.412127       0.408974       0.408974
       0.417436       0.417436       0.421170       0.424268       0.424455       0.420678       0.412594       0.400269       0.384004       0.364225       0.341421       0.316129       0.288936       0.260490       0.231494       0.202673       0.174737       0.148330       0.123989       0.102100       0.082887       0.066402       0.052546       0.041109       0.031809       0.024337       0.018396       0.013717       0.010071       0.007267       0.005144       0.003569       0.002430       0.001628       0.001083       0.000727       0.000504       0.000367       0.000286       0.000241       0.000221       0.000224       0.000248       0.000293       0.000361       0.000455       0.000580       0.000742       0.000946       0.001200       0.001509       0.001882       0.002326       0.002851       0.003465       0.004176       0.004993       0.005924       0.006974       0.008148       0.009449       0.010874       0.012420       0.014080       0.015842       0.017690       0.019606       0.021568       0.023549       0.025523       0.027460       0.029330       0.031103       0.032748       0.034239       0.035548       0.036653       0.037534       0.038175       0.038564       0.038695       0.038564       0.038175       0.037534       0.036653       0.035548       0.034239       0.032748       0.031103       0.029330       0.027460       0.025523       0.023549       0.021568       0.019606       0.017690       0.015842       0.014080       0.012420       0.010874       0.009449       0.008148       0.006974       0.005924       0.004993       0.004176       0.003465       0.002851       0.002326       0.001882       0.001509       0.001200       0.000946       0.000742       0.000580       0.000455       0.000361       0.000293       0.000248       0.000224       0.000221       0.000241       0.000286       0.000367       0.000504       0.000727       0.001083       0.001628       0.002430       0.003569       0.005144       0.007267       0.010071       0.013717       0.018396       0.024337       0.031809       0.041109       0.052546       0.066402       0.082887       0.102100       0.123989       0.148330       0.174737       0.202673       0.231494       0.260490       0.288936       0.316129       0.341421       0.364225       0.384004       0.400269       0.412594       0.420678       0.424455       0.424268       0.421170       0.417436       0.417436
       0.422640       0.422640       0.426894       0.430754       0.431743       0.428682       0.421163       0.409241       0.393230       0.373585       0.350823       0.325502       0.298221       0.269629       0.240420       0.211308       0.182989       0.156096       0.131163       0.108585       0.088601       0.071293       0.056599       0.044347       0.034292       0.026155       0.019656       0.014531       0.010546       0.007495       0.005203       0.003520       0.002317       0.001485       0.000933       0.000586       0.000383       0.000271       0.000210       0.000179       0.000171       0.000188       0.000228       0.000292       0.000379       0.000493       0.000640       0.000826       0.001058       0.001346       0.001695       0.002117       0.002619       0.003212       0.003904       0.004706       0.005624       0.006668       0.007842       0.009151       0.010595       0.012173       0.013878       0.015701       0.017630       0.019647       0.021731       0.023858       0.026001       0.028130       0.030214       0.032223       0.034123       0.035884       0.037477       0.038875       0.040053       0.040991       0.041674       0.042088       0.042227       0.042088       0.041674       0.040991       0.040053       0.038875       0.037477       0.035884       0.034123       0.032223       0.030214       0.028130       0.026001       0.023858       0.021731       0.019647       0.017630       0.015701       0.013878       0.012173       0.010595       0.009151       0.007842       0.006668       0.005624       0.004706       0.003904       0.003212       0.002619       0.002117       0.001695       0.001346       0.001058       0.000826       0.000640       0.000493       0.000379       0.000292       0.000228       0.000188       0.000171       0.000179       0.000210       0.000271       0.000383       0.000586       0.000933       0.001485       0.002317       0.003520       0.005203       0.007495       0.010546       0.014531       0.019656       0.026155       0.034292       0.044347       0.056599       0.071293       0.088601       0.108585       0.131163       0.156096       0.182989       0.211308       0.240420       0.269629       0.298221       0.325502       0.350823       0.373585       0.393230       0.409241       0.421163       0.428682       0.431743       0.430754       0.426894       0.422640       0.422640
       0.425484       0.425484       0.430203       0.434768       0.436543       0.434246       0.427421       0.416103       0.400608       0.381396       0.358987       0.333936       0.306836       0.278324       0.249083       0.219812       0.191198       0.163874       0.138375       0.115116       0.094361       0.076227       0.060694       0.047629       0.036825       0.028029       0.020976       0.015406       0.011078       0.007777       0.005310       0.003510       0.002235       0.001363       0.000793       0.000447       0.000260       0.000176       0.000138       0.000116       0.000113       0.000142       0.000201       0.000285       0.000393       0.000530       0.000701       0.000914       0.001179       0.001503       0.001897       0.002371       0.002936       0.003601       0.004377       0.005274       0.006301       0.007465       0.008771       0.010222       0.011819       0.013558       0.015433       0.017431       0.019538       0.021735       0.023999       0.026304       0.028620       0.030917       0.033160       0.035318       0.037356       0.039242       0.040945       0.042438       0.043696       0.044696       0.045424       0.045865       0.046013       0.045865       0.045424       0.044696       0.043696       0.042438       0.040945       0.039242       0.037356       0.035318       0.033160       0.030917       0.028620       0.026304       0.023999       0.021735       0.019538       0.017431       0.015433       0.013558       0.011819       0.010222       0.008771       0.007465       0.006301       0.005274       0.004377       0.003601       0.002936       0.002371       0.001897       0.001503       0.001179       0.000914       0.000701       0.000530       0.000393       0.000285       0.000201       0.000142       0.000113       0.000116       0.000138       0.000176       0.000260       0.000447       0.000793       0.001363       0.002235       0.003510       0.005310       0.007777       0.011078       0.015406       0.020976       0.028029       0.036825       0.047629       0.060694       0.076227       0.094361       0.115116       0.138375       0.163874       0.191198       0.219812       0.249083       0.278324       0.306836       0.333936       0.358987       0.381396       0.400608       0.416103       0.427421       0.434246       0.436543       0.434768       0.430203       0.425484       0.425484
       0.426651       0.426651       0.431786       0.437000       0.439525       0.438002       0.431932       0.421332       0.406512       0.387925       0.366079       0.341512       0.314794       0.286543       0.257421       0.228113       0.199298       0.171606       0.145589       0.121678       0.100173       0.081230       0.064870       0.051004       0.039460       0.030010       0.022405       0.016388       0.011714       0.008153       0.005501       0.003576       0.002217       0.001294       0.000693       0.000331       0.000144       0.000092       0.000084       0.000064       0.000054       0.000100       0.000182       0.000286       0.000415       0.000574       0.000770       0.001012       0.001310       0.001675       0.002117       0.002647       0.003278       0.004021       0.004887       0.005885       0.007027       0.008318       0.009763       0.011367       0.013126       0.015037       0.017091       0.019275       0.021572       0.023962       0.026418       0.028913       0.031414       0.033889       0.036303       0.038620       0.040806       0.042826       0.044648       0.046243       0.047585       0.048653       0.049428       0.049899       0.050057       0.049899       0.049428       0.048653       0.047585       0.046243       0.044648       0.042826       0.040806       0.038620       0.036303       0.033889       0.031414       0.028913       0.026418       0.023962       0.021572       0.019275       0.017091       0.015037       0.013126       0.011367       0.009763       0.008318       0.007027       0.005885       0.004887       0.004021       0.003278       0.002647       0.002117       0.001675       0.001310       0.001012       0.000770       0.000574       0.000415       0.000286       0.000182       0.000100       0.000054       0.000064       0.000084       0.000092       0.000144       0.000331       0.000693       0.001294       0.002217       0.003576       0.005501       0.008153       0.011714       0.016388       0.022405       0.030010       0.039460       0.051004       0.064870       0.081230       0.100173       0.121678       0.145589       0.171606       0.199298       0.228113       0.257421       0.286543       0.314794       0.341512       0.366079       0.387925       0.406512       0.421332       0.431932       0.438002       0.439525       0.437000       0.431786       0.426651       0.426651
       0.426644       0.426644       0.432151       0.437957       0.441190       0.440423       0.435123       0.425294       0.411237       0.393390       0.372243       0.348306       0.322119       0.294270       0.265396       0.236163       0.207239       0.179258       0.152781       0.128268       0.106052       0.086329       0.069168       0.054519       0.042247       0.032150       0.023994       0.017525       0.012496       0.008666       0.005817       0.003753       0.002301       0.001316       0.000676       0.000285       0.000066       0.000037       0.000063       0.000041       0.000015       0.000091       0.000188       0.000307       0.000452       0.000631       0.000851       0.001122       0.001456       0.001863       0.002355       0.002946       0.003648       0.004474       0.005434       0.006542       0.007805       0.009231       0.010825       0.012589       0.014520       0.016613       0.018858       0.021240       0.023739       0.026333       0.028993       0.031690       0.034389       0.037054       0.039649       0.042137       0.044479       0.046641       0.048589       0.050293       0.051726       0.052865       0.053692       0.054193       0.054361       0.054193       0.053692       0.052865       0.051726       0.050293       0.048589       0.046641       0.044479       0.042137       0.039649       0.037054       0.034389       0.031690       0.028993       0.026333       0.023739       0.021240       0.018858       0.016613       0.014520       0.012589       0.010825       0.009231       0.007805       0.006542       0.005434       0.004474       0.003648       0.002946       0.002355       0.001863       0.001456       0.001122       0.000851       0.000631       0.000452       0.000307       0.000188       0.000091       0.000015       0.000041       0.000063       0.000037       0.000066       0.000285       0.000676       0.001316       0.002301       0.003753       0.005817       0.008666       0.012496       0.017525       0.023994       0.032150       0.042247       0.054519       0.069168       0.086329       0.106052       0.128268       0.152781       0.179258       0.207239       0.236163       0.265396       0.294270       0.322119       0.348306       0.372243       0.393390       0.411237       0.425294       0.435123       0.440423       0.441190       0.437957       0.432151       0.426644       0.426644
       0.425823       0.425823       0.431662       0.438008       0.441900       0.441856       0.437317       0.428273       0.415016       0.397972       0.377605       0.354395       0.328845       0.301508       0.272989       0.243933       0.214994       0.186807       0.159944       0.134891       0.112015       0.091557       0.073627       0.058220       0.045235       0.034498       0.025789       0.018862       0.013465       0.009352       0.006292       0.004075       0.002517       0.001461       0.000778       0.000365       0.000151       0.000093       0.000090       0.000075       0.000077       0.000135       0.000230       0.000355       0.000511       0.000706       0.000949       0.001248       0.001618       0.002069       0.002615       0.003270       0.004048       0.004961       0.006023       0.007246       0.008638       0.010207       0.011959       0.013893       0.016007       0.018293       0.020740       0.023331       0.026044       0.028854       0.031732       0.034642       0.037550       0.040417       0.043204       0.045871       0.048380       0.050692       0.052774       0.054593       0.056122       0.057336       0.058217       0.058751       0.058930       0.058751       0.058217       0.057336       0.056122       0.054593       0.052774       0.050692       0.048380       0.045871       0.043204       0.040417       0.037550       0.034642       0.031732       0.028854       0.026044       0.023331       0.020740       0.018293       0.016007       0.013893       0.011959       0.010207       0.008638       0.007246       0.006023       0.004961       0.004048       0.003270       0.002615       0.002069       0.001618       0.001248       0.000949       0.000706       0.000511       0.000355       0.000230       0.000135       0.000077       0.000075       0.000090       0.000093       0.000151       0.000365       0.000778       0.001461       0.002517       0.004075       0.006292       0.009352       0.013465       0.018862       0.025789       0.034498       0.045235       0.058220       0.073627       0.091557       0.112015       0.134891       0.159944       0.186807       0.214994       0.243933       0.272989       0.301508       0.328845       0.354395       0.377605       0.397972       0.415016       0.428273       0.437317       0.441856       0.441900       0.438008       0.431662       0.425823       0.425823
       0.424443       0.424443       0.430579       0.437417       0.441919       0.442559       0.438752       0.430482       0.418032       0.401816       0.382274       0.359851       0.335013       0.308273       0.280200       0.251413       0.222551       0.194244       0.167077       0.141556       0.118084       0.096942       0.078284       0.062148       0.048467       0.037095       0.027830       0.020435       0.014656       0.010241       0.006949       0.004560       0.002879       0.001739       0.001000       0.000553       0.000314       0.000209       0.000167       0.000151       0.000163       0.000214       0.000304       0.000429       0.000592       0.000800       0.001063       0.001391       0.001797       0.002295       0.002898       0.003621       0.004479       0.005486       0.006656       0.008000       0.009529       0.011251       0.013169       0.015283       0.017590       0.020081       0.022742       0.025554       0.028493       0.031532       0.034638       0.037774       0.040903       0.043982       0.046971       0.049828       0.052512       0.054983       0.057205       0.059146       0.060775       0.062068       0.063006       0.063574       0.063765       0.063574       0.063006       0.062068       0.060775       0.059146       0.057205       0.054983       0.052512       0.049828       0.046971       0.043982       0.040903       0.037774       0.034638       0.031532       0.028493       0.025554       0.022742       0.020081       0.017590       0.015283       0.013169       0.011251       0.009529       0.008000       0.006656       0.005486       0.004479       0.003621       0.002898       0.002295       0.001797       0.001391       0.001063       0.000800       0.000592       0.000429       0.000304       0.000214       0.000163       0.000151       0.000167       0.000209       0.000314       0.000553       0.001000       0.001739       0.002879       0.004560       0.006949       0.010241       0.014656       0.020435       0.027830       0.037095       0.048467       0.062148       0.078284       0.096942       0.118084       0.141556       0.167077       0.194244       0.222551       0.251413       0.280200       0.308273       0.335013       0.359851       0.382274       0.401816       0.418032       0.430482       0.438752       0.442559       0.441919       0.437417       0.430579       0.424443       0.424443
       0.422683       0.422683       0.429086       0.436372       0.441438       0.442717       0.439608       0.432086       0.420431       0.405044       0.386345       0.364744       0.340668       0.314589       0.287039       0.258605       0.229908       0.201570       0.174184       0.148275       0.124276       0.102508       0.083167       0.066333       0.051974       0.039974       0.030149       0.022271       0.016090       0.011351       0.007804       0.005219       0.003391       0.002142       0.001324       0.000817       0.000524       0.000368       0.000291       0.000261       0.000269       0.000314       0.000397       0.000520       0.000688       0.000908       0.001191       0.001549       0.001994       0.002540       0.003203       0.003999       0.004942       0.006049       0.007333       0.008807       0.010482       0.012364       0.014459       0.016764       0.019275       0.021981       0.024867       0.027912       0.031090       0.034370       0.037716       0.041090       0.044451       0.047754       0.050955       0.054011       0.056878       0.059516       0.061885       0.063952       0.065686       0.067062       0.068060       0.068664       0.068867       0.068664       0.068060       0.067062       0.065686       0.063952       0.061885       0.059516       0.056878       0.054011       0.050955       0.047754       0.044451       0.041090       0.037716       0.034370       0.031090       0.027912       0.024867       0.021981       0.019275       0.016764       0.014459       0.012364       0.010482       0.008807       0.007333       0.006049       0.004942       0.003999       0.003203       0.002540       0.001994       0.001549       0.001191       0.000908       0.000688       0.000520       0.000397       0.000314       0.000269       0.000261       0.000291       0.000368       0.000524       0.000817       0.001324       0.002142       0.003391       0.005219       0.007804       0.011351       0.016090       0.022271       0.030149       0.039974       0.051974       0.066333       0.083167       0.102508       0.124276       0.148275       0.174184       0.201570       0.229908       0.258605       0.287039       0.314589       0.340668       0.364744       0.386345       0.405044       0.420431       0.432086       0.439608       0.442717       0.441438       0.436372       0.429086       0.422683       0.422683
       0.420666       0.420666       0.427312       0.435007       0.440593       0.442470       0.440019       0.433213       0.422329       0.407758       0.389901       0.369139       0.345858       0.320489       0.293525       0.265519       0.237070       0.208789       0.181270       0.155055       0.130604       0.108272       0.088298       0.070798       0.055781       0.043158       0.032765       0.024389       0.017784       0.012692       0.008860       0.006050       0.004046       0.002660       0.001735       0.001143       0.000779       0.000566       0.000448       0.000394       0.000386       0.000419       0.000495       0.000616       0.000789       0.001023       0.001328       0.001718       0.002205       0.002804       0.003532       0.004405       0.005439       0.006652       0.008057       0.009669       0.011498       0.013551       0.015831       0.018337       0.021064       0.023997       0.027121       0.030412       0.033840       0.037373       0.040972       0.044595       0.048198       0.051735       0.055158       0.058422       0.061481       0.064291       0.066814       0.069013       0.070856       0.072318       0.073378       0.074019       0.074234       0.074019       0.073378       0.072318       0.070856       0.069013       0.066814       0.064291       0.061481       0.058422       0.055158       0.051735       0.048198       0.044595       0.040972       0.037373       0.033840       0.030412       0.027121       0.023997       0.021064       0.018337       0.015831       0.013551       0.011498       0.009669       0.008057       0.006652       0.005439       0.004405       0.003532       0.002804       0.002205       0.001718       0.001328       0.001023       0.000789       0.000616       0.000495       0.000419       0.000386       0.000394       0.000448       0.000566       0.000779       0.001143       0.001735       0.002660       0.004046       0.006050       0.008860       0.012692       0.017784       0.024389       0.032765       0.043158       0.055781       0.070798       0.088298       0.108272       0.130604       0.155055       0.181270       0.208789       0.237070       0.265519       0.293525       0.320489       0.345858       0.369139       0.389901       0.407758       0.422329       0.433213       0.440019       0.442470       0.440593       0.435007       0.427312       0.420666       0.420666
       0.418481       0.418481       0.425346       0.433416       0.439484       0.441918       0.440088       0.433961       0.423817       0.410041       0.393016       0.373096       0.350630       0.326007       0.299681       0.272170       0.244046       0.215905       0.188339       0.161902       0.137074       0.114244       0.093686       0.075558       0.059901       0.046659       0.035691       0.026798       0.019742       0.014267       0.010117       0.007047       0.004833       0.003279       0.002220       0.001518       0.001067       0.000786       0.000617       0.000526       0.000493       0.000510       0.000577       0.000699       0.000882       0.001135       0.001468       0.001895       0.002429       0.003086       0.003884       0.004839       0.005971       0.007296       0.008830       0.010587       0.012579       0.014812       0.017288       0.020007       0.022960       0.026133       0.029506       0.033054       0.036745       0.040543       0.044406       0.048289       0.052146       0.055926       0.059581       0.063061       0.066318       0.069309       0.071990       0.074326       0.076282       0.077833       0.078957       0.079637       0.079865       0.079637       0.078957       0.077833       0.076282       0.074326       0.071990       0.069309       0.066318       0.063061       0.059581       0.055926       0.052146       0.048289       0.044406       0.040543       0.036745       0.033054       0.029506       0.026133       0.022960       0.020007       0.017288       0.014812       0.012579       0.010587       0.008830       0.007296       0.005971       0.004839       0.003884       0.003086       0.002429       0.001895       0.001468       0.001135       0.000882       0.000699       0.000577       0.000510       0.000493       0.000526       0.000617       0.000786       0.001067       0.001518       0.002220       0.003279       0.004833       0.007047       0.010117       0.014267       0.019742       0.026798       0.035691       0.046659       0.059901       0.075558       0.093686       0.114244       0.137074       0.161902       0.188339       0.215905       0.244046       0.272170       0.299681       0.326007       0.350630       0.373096       0.393016       0.410041       0.423817       0.433961       0.440088       0.441918       0.439484       0.433416       0.425346       0.418481       0.418481
       0.416187       0.416187       0.423252       0.431668       0.438183       0.441137       0.439890       0.434408       0.424972       0.411963       0.395753       0.376669       0.355028       0.331177       0.305531       0.278573       0.250845       0.222924       0.195395       0.168816       0.143688       0.120425       0.099336       0.080615       0.064339       0.050482       0.038930       0.029500       0.021966       0.016075       0.011571       0.008204       0.005745       0.003991       0.002767       0.001932       0.001374       0.001007       0.000772       0.000631       0.000562       0.000559       0.000622       0.000752       0.000955       0.001237       0.001607       0.002078       0.002665       0.003386       0.004259       0.005303       0.006538       0.007982       0.009653       0.011564       0.013727       0.016150       0.018833       0.021775       0.024966       0.028390       0.032025       0.035842       0.039808       0.043882       0.048020       0.052175       0.056295       0.060328       0.064223       0.067927       0.071390       0.074566       0.077411       0.079887       0.081961       0.083603       0.084792       0.085512       0.085753       0.085512       0.084792       0.083603       0.081961       0.079887       0.077411       0.074566       0.071390       0.067927       0.064223       0.060328       0.056295       0.052175       0.048020       0.043882       0.039808       0.035842       0.032025       0.028390       0.024966       0.021775       0.018833       0.016150       0.013727       0.011564       0.009653       0.007982       0.006538       0.005303       0.004259       0.003386       0.002665       0.002078       0.001607       0.001237       0.000955       0.000752       0.000622       0.000559       0.000562       0.000631       0.000772       0.001007       0.001374       0.001932       0.002767       0.003991       0.005745       0.008204       0.011571       0.016075       0.021966       0.029500       0.038930       0.050482       0.064339       0.080615       0.099336       0.120425       0.143688       0.168816       0.195395       0.222924       0.250845       0.278573       0.305531       0.331177       0.355028       0.376669       0.395753       0.411963       0.424972       0.434408       0.439890       0.441137       0.438183       0.431668       0.423252       0.416187       0.416187
       0.413827       0.413827       0.421076       0.429811       0.436743       0.440185       0.439486       0.434614       0.425853       0.413583       0.398166       0.379907       0.359092       0.336032       0.311101       0.284745       0.257475       0.229847       0.202434       0.175794       0.150440       0.126810       0.105242       0.085964       0.069090       0.054625       0.042480       0.032494       0.024453       0.018113       0.013218       0.009517       0.006777       0.004788       0.003371       0.002378       0.001690       0.001218       0.000896       0.000685       0.000566       0.000540       0.000608       0.000766       0.001006       0.001329       0.001745       0.002267       0.002914       0.003704       0.004658       0.005797       0.007142       0.008712       0.010527       0.012600       0.014944       0.017566       0.020468       0.023644       0.027084       0.030770       0.034678       0.038777       0.043029       0.047391       0.051816       0.056251       0.060645       0.064940       0.069082       0.073016       0.076691       0.080058       0.083071       0.085692       0.087885       0.089621       0.090877       0.091637       0.091892       0.091637       0.090877       0.089621       0.087885       0.085692       0.083071       0.080058       0.076691       0.073016       0.069082       0.064940       0.060645       0.056251       0.051816       0.047391       0.043029       0.038777       0.034678       0.030770       0.027084       0.023644       0.020468       0.017566       0.014944       0.012600       0.010527       0.008712       0.007142       0.005797       0.004658       0.003704       0.002914       0.002267       0.001745       0.001329       0.001006       0.000766       0.000608       0.000540       0.000566       0.000685       0.000896       0.001218       0.001690       0.002378       0.003371       0.004788       0.006777       0.009517       0.013218       0.018113       0.024453       0.032494       0.042480       0.054625       0.069090       0.085964       0.105242       0.126810       0.150440       0.175794       0.202434       0.229847       0.257475       0.284745       0.311101       0.336032       0.359092       0.379907       0.398166       0.413583       0.425853       0.434614       0.439486       0.440185       0.436743       0.429811       0.421076       0.413827       0.413827
       0.411429       0.411429       0.418849       0.427882       0.435202       0.439103       0.438921       0.434627       0.426509       0.414949       0.400301       0.382853       0.362861       0.340602       0.316412       0.290700       0.263945       0.236676       0.209452       0.182826       0.157319       0.133385       0.111391       0.091595       0.074145       0.059078       0.046334       0.035774       0.027200       0.020377       0.015056       0.010985       0.007929       0.005675       0.004036       0.002858       0.002018       0.001418       0.000988       0.000682       0.000486       0.000429       0.000531       0.000747       0.001043       0.001420       0.001890       0.002470       0.003181       0.004044       0.005084       0.006322       0.007783       0.009486       0.011453       0.013697       0.016231       0.019063       0.022192       0.025613       0.029314       0.033275       0.037468       0.041859       0.046409       0.051070       0.055791       0.060517       0.065192       0.069756       0.074153       0.078324       0.082216       0.085778       0.088964       0.091732       0.094046       0.095877       0.097202       0.098004       0.098272       0.098004       0.097202       0.095877       0.094046       0.091732       0.088964       0.085778       0.082216       0.078324       0.074153       0.069756       0.065192       0.060517       0.055791       0.051070       0.046409       0.041859       0.037468       0.033275       0.029314       0.025613       0.022192       0.019063       0.016231       0.013697       0.011453       0.009486       0.007783       0.006322       0.005084       0.004044       0.003181       0.002470       0.001890       0.001420       0.001043       0.000747       0.000531       0.000429       0.000486       0.000682       0.000988       0.001418       0.002018       0.002858       0.004036       0.005675       0.007929       0.010985       0.015056       0.020377       0.027200       0.035774       0.046334       0.059078       0.074145       0.091595       0.111391       0.133385       0.157319       0.182826       0.209452       0.236676       0.263945       0.290700       0.316412       0.340602       0.362861       0.382853       0.400301       0.414949       0.426509       0.434627       0.438921       0.439103       0.435202       0.427882       0.418849       0.411429       0.411429
       0.409015       0.409015       0.416593       0.425904       0.433591       0.437923       0.438231       0.434485       0.426979       0.416100       0.402196       0.385541       0.366365       0.344913       0.321484       0.296450       0.270257       0.243408       0.216440       0.189899       0.164307       0.140133       0.117765       0.097491       0.079490       0.063831       0.050484       0.039334       0.030202       0.022868       0.017087       0.012613       0.009210       0.006660       0.004773       0.003390       0.002380       0.001638       0.001084       0.000661       0.000338       0.000218       0.000428       0.000736       0.001100       0.001533       0.002057       0.002695       0.003471       0.004410       0.005538       0.006881       0.008463       0.010306       0.012431       0.014855       0.017589       0.020639       0.024007       0.027685       0.031657       0.035904       0.040393       0.045089       0.049946       0.054916       0.059943       0.064969       0.069933       0.074774       0.079431       0.083844       0.087958       0.091719       0.095079       0.097996       0.100434       0.102362       0.103756       0.104600       0.104882       0.104600       0.103756       0.102362       0.100434       0.097996       0.095079       0.091719       0.087958       0.083844       0.079431       0.074774       0.069933       0.064969       0.059943       0.054916       0.049946       0.045089       0.040393       0.035904       0.031657       0.027685       0.024007       0.020639       0.017589       0.014855       0.012431       0.010306       0.008463       0.006881       0.005538       0.004410       0.003471       0.002695       0.002057       0.001533       0.001100       0.000736       0.000428       0.000218       0.000338       0.000661       0.001084       0.001638       0.002380       0.003390       0.004773       0.006660       0.009210       0.012613       0.017087       0.022868       0.030202       0.039334       0.050484       0.063831       0.079490       0.097491       0.117765       0.140133       0.164307       0.189899       0.216440       0.243408       0.270257       0.296450       0.321484       0.344913       0.366365       0.385541       0.402196       0.416100       0.426979       0.434485       0.438231       0.437923       0.433591       0.425904       0.416593       0.409015       0.409015
       0.406597       0.406597       0.414324       0.423898       0.431930       0.436670       0.437442       0.434217       0.427295       0.417070       0.403885       0.388003       0.369632       0.348986       0.326331       0.302004       0.276414       0.250036       0.223385       0.196995       0.171384       0.147031       0.124342       0.103630       0.085105       0.068867       0.054917       0.043167       0.033457       0.025585       0.019316       0.014409       0.010630       0.007760       0.005606       0.004002       0.002812       0.001925       0.001255       0.000735       0.000318       0.000138       0.000450       0.000812       0.001218       0.001691       0.002260       0.002949       0.003788       0.004803       0.006022       0.007473       0.009181       0.011171       0.013463       0.016074       0.019017       0.022297       0.025913       0.029858       0.034114       0.038656       0.043453       0.048463       0.053639       0.058927       0.064268       0.069601       0.074862       0.079986       0.084908       0.089568       0.093906       0.097869       0.101406       0.104474       0.107036       0.109062       0.110526       0.111411       0.111707       0.111411       0.110526       0.109062       0.107036       0.104474       0.101406       0.097869       0.093906       0.089568       0.084908       0.079986       0.074862       0.069601       0.064268       0.058927       0.053639       0.048463       0.043453       0.038656       0.034114       0.029858       0.025913       0.022297       0.019017       0.016074       0.013463       0.011171       0.009181       0.007473       0.006022       0.004803       0.003788       0.002949       0.002260       0.001691       0.001218       0.000812       0.000450       0.000138       0.000318       0.000735       0.001255       0.001925       0.002812       0.004002       0.005606       0.007760       0.010630       0.014409       0.019316       0.025585       0.033457       0.043167       0.054917       0.068867       0.085105       0.103630       0.124342       0.147031       0.171384       0.196995       0.223385       0.250036       0.276414       0.302004       0.326331       0.348986       0.369632       0.388003       0.403885       0.417070       0.427295       0.434217       0.437442       0.436670       0.431930       0.423898       0.414324       0.406597       0.406597
       0.404187       0.404187       0.412053       0.421874       0.430234       0.435363       0.436575       0.433846       0.427483       0.417884       0.405394       0.390264       0.372684       0.352842       0.330969       0.307368       0.282415       0.256553       0.230275       0.204095       0.178528       0.154055       0.131096       0.109989       0.090969       0.074170       0.059622       0.047263       0.036961       0.028529       0.021748       0.016383       0.012204       0.008993       0.006555       0.004721       0.003350       0.002327       0.001566       0.001007       0.000636       0.000528       0.000703       0.001019       0.001419       0.001906       0.002502       0.003235       0.004132       0.005222       0.006534       0.008097       0.009937       0.012080       0.014547       0.017354       0.020515       0.024034       0.027910       0.032132       0.036681       0.041531       0.046645       0.051980       0.057483       0.063098       0.068762       0.074409       0.079972       0.085383       0.090576       0.095485       0.100050       0.104216       0.107931       0.111151       0.113839       0.115961       0.117495       0.118423       0.118733       0.118423       0.117495       0.115961       0.113839       0.111151       0.107931       0.104216       0.100050       0.095485       0.090576       0.085383       0.079972       0.074409       0.068762       0.063098       0.057483       0.051980       0.046645       0.041531       0.036681       0.032132       0.027910       0.024034       0.020515       0.017354       0.014547       0.012080       0.009937       0.008097       0.006534       0.005222       0.004132       0.003235       0.002502       0.001906       0.001419       0.001019       0.000703       0.000528       0.000636       0.001007       0.001566       0.002327       0.003350       0.004721       0.006555       0.008993       0.012204       0.016383       0.021748       0.028529       0.036961       0.047263       0.059622       0.074170       0.090969       0.109989       0.131096       0.154055       0.178528       0.204095       0.230275       0.256553       0.282415       0.307368       0.330969       0.352842       0.372684       0.390264       0.405394       0.417884       0.427483       0.433846       0.436575       0.435363       0.430234       0.421874       0.412053       0.404187       0.404187
       0.401790       0.401790       0.409787       0.419844       0.428516       0.434014       0.435647       0.433392       0.427562       0.418564       0.406744       0.392345       0.375541       0.356494       0.335406       0.312546       0.288257       0.262951       0.237092       0.211178       0.185713       0.161177       0.138001       0.116541       0.097060       0.079720       0.064582       0.051615       0.040710       0.031702       0.024388       0.018543       0.013944       0.010374       0.007639       0.005566       0.004012       0.002860       0.002023       0.001442       0.001093       0.000979       0.001073       0.001319       0.001683       0.002161       0.002773       0.003542       0.004495       0.005662       0.007071       0.008751       0.010730       0.013033       0.015682       0.018695       0.022083       0.025851       0.029995       0.034505       0.039359       0.044526       0.049967       0.055635       0.061474       0.067424       0.073417       0.079384       0.085255       0.090957       0.096422       0.101583       0.106377       0.110746       0.114640       0.118012       0.120824       0.123044       0.124648       0.125617       0.125941       0.125617       0.124648       0.123044       0.120824       0.118012       0.114640       0.110746       0.106377       0.101583       0.096422       0.090957       0.085255       0.079384       0.073417       0.067424       0.061474       0.055635       0.049967       0.044526       0.039359       0.034505       0.029995       0.025851       0.022083       0.018695       0.015682       0.013033       0.010730       0.008751       0.007071       0.005662       0.004495       0.003542       0.002773       0.002161       0.001683       0.001319       0.001073       0.000979       0.001093       0.001442       0.002023       0.002860       0.004012       0.005566       0.007639       0.010374       0.013944       0.018543       0.024388       0.031702       0.040710       0.051615       0.064582       0.079720       0.097060       0.116541       0.138001       0.161177       0.185713       0.211178       0.237092       0.262951       0.288257       0.312546       0.335406       0.356494       0.375541       0.392345       0.406744       0.418564       0.427562       0.433392       0.435647       0.434014       0.428516       0.419844       0.409787       0.401790       0.401790
       0.399410       0.399410       0.407531       0.417812       0.426782       0.432635       0.434670       0.432867       0.427549       0.419128       0.407953       0.394263       0.378218       0.359956       0.339651       0.317541       0.293937       0.269218       0.243821       0.218223       0.192913       0.168368       0.145026       0.123259       0.103353       0.085497       0.069783       0.056211       0.044698       0.035102       0.027238       0.020895       0.015856       0.011910       0.008861       0.006537       0.004790       0.003502       0.002578       0.001952       0.001577       0.001421       0.001450       0.001634       0.001956       0.002421       0.003046       0.003852       0.004866       0.006115       0.007627       0.009432       0.011557       0.014028       0.016868       0.020095       0.023719       0.027746       0.032169       0.036976       0.042143       0.047637       0.053414       0.059424       0.065607       0.071898       0.078226       0.084517       0.090699       0.096695       0.102435       0.107848       0.112871       0.117444       0.121516       0.125039       0.127975       0.130292       0.131964       0.132975       0.133313       0.132975       0.131964       0.130292       0.127975       0.125039       0.121516       0.117444       0.112871       0.107848       0.102435       0.096695       0.090699       0.084517       0.078226       0.071898       0.065607       0.059424       0.053414       0.047637       0.042143       0.036976       0.032169       0.027746       0.023719       0.020095       0.016868       0.014028       0.011557       0.009432       0.007627       0.006115       0.004866       0.003852       0.003046       0.002421       0.001956       0.001634       0.001450       0.001421       0.001577       0.001952       0.002578       0.003502       0.004790       0.006537       0.008861       0.011910       0.015856       0.020895       0.027238       0.035102       0.044698       0.056211       0.069783       0.085497       0.103353       0.123259       0.145026       0.168368       0.192913       0.218223       0.243821       0.269218       0.293937       0.317541       0.339651       0.359956       0.378218       0.394263       0.407953       0.419128       0.427549       0.432867       0.434670       0.432635       0.426782       0.417812       0.407531       0.399410       0.399410
       0.397048       0.397048       0.405289       0.415784       0.425040       0.431231       0.433652       0.432283       0.427455       0.419588       0.409036       0.396033       0.380727       0.363236       0.343710       0.322354       0.299450       0.275344       0.250445       0.225206       0.200101       0.175601       0.152144       0.130115       0.109821       0.091478       0.075207       0.061037       0.048916       0.038725       0.030297       0.023438       0.017941       0.013597       0.010215       0.007620       0.005661       0.004211       0.003170       0.002458       0.002014       0.001790       0.001752       0.001881       0.002173       0.002636       0.003287       0.004143       0.005230       0.006571       0.008197       0.010136       0.012416       0.015064       0.018104       0.021553       0.025423       0.029717       0.034429       0.039542       0.045032       0.050861       0.056982       0.063341       0.069874       0.076512       0.083179       0.089799       0.096294       0.102586       0.108600       0.114266       0.119517       0.124293       0.128541       0.132214       0.135273       0.137685       0.139425       0.140477       0.140828       0.140477       0.139425       0.137685       0.135273       0.132214       0.128541       0.124293       0.119517       0.114266       0.108600       0.102586       0.096294       0.089799       0.083179       0.076512       0.069874       0.063341       0.056982       0.050861       0.045032       0.039542       0.034429       0.029717       0.025423       0.021553       0.018104       0.015064       0.012416       0.010136       0.008197       0.006571       0.005230       0.004143       0.003287       0.002636       0.002173       0.001881       0.001752       0.001790       0.002014       0.002458       0.003170       0.004211       0.005661       0.007620       0.010215       0.013597       0.017941       0.023438       0.030297       0.038725       0.048916       0.061037       0.075207       0.091478       0.109821       0.130115       0.152144       0.175601       0.200101       0.225206       0.250445       0.275344       0.299450       0.322354       0.343710       0.363236       0.380727       0.396033       0.409036       0.419588       0.427455       0.432283       0.433652       0.431231       0.425040       0.415784       0.405289       0.397048       0.397048
       0.394707       0.394707       0.403061       0.413762       0.423292       0.429810       0.432601       0.431649       0.427291       0.419957       0.410004       0.397666       0.383078       0.366344       0.347587       0.326986       0.304790       0.281317       0.256948       0.232108       0.207254       0.182846       0.159323       0.137079       0.116438       0.097640       0.080835       0.066081       0.053355       0.042563       0.033562       0.026171       0.020195       0.015432       0.011691       0.008797       0.006592       0.004945       0.003744       0.002900       0.002341       0.002018       0.001903       0.001987       0.002273       0.002764       0.003468       0.004400       0.005578       0.007029       0.008780       0.010863       0.013308       0.016142       0.019390       0.023070       0.027194       0.031764       0.036772       0.042200       0.048020       0.054192       0.060665       0.067380       0.074268       0.081257       0.088267       0.095217       0.102027       0.108614       0.114903       0.120820       0.126298       0.131275       0.135697       0.139518       0.142697       0.145202       0.147009       0.148101       0.148466       0.148101       0.147009       0.145202       0.142697       0.139518       0.135697       0.131275       0.126298       0.120820       0.114903       0.108614       0.102027       0.095217       0.088267       0.081257       0.074268       0.067380       0.060665       0.054192       0.048020       0.042200       0.036772       0.031764       0.027194       0.023070       0.019390       0.016142       0.013308       0.010863       0.008780       0.007029       0.005578       0.004400       0.003468       0.002764       0.002273       0.001987       0.001903       0.002018       0.002341       0.002900       0.003744       0.004945       0.006592       0.008797       0.011691       0.015432       0.020195       0.026171       0.033562       0.042563       0.053355       0.066081       0.080835       0.097640       0.116438       0.137079       0.159323       0.182846       0.207254       0.232108       0.256948       0.281317       0.304790       0.326986       0.347587       0.366344       0.383078       0.397666       0.410004       0.419957       0.427291       0.431649       0.432601       0.429810       0.423292       0.413762       0.403061       0.394707       0.394707
       0.392384       0.392384       0.400847       0.411746       0.421541       0.428373       0.431522       0.430970       0.427065       0.420242       0.410866       0.399170       0.385281       0.369285       0.351286       0.331435       0.309954       0.287129       0.263313       0.238906       0.214344       0.190076       0.166536       0.144123       0.123176       0.103958       0.086645       0.071325       0.058002       0.046610       0.037026       0.029089       0.022614       0.017408       0.013281       0.010055       0.007568       0.005680       0.004271       0.003242       0.002517       0.002052       0.001839       0.001893       0.002214       0.002783       0.003585       0.004623       0.005917       0.007493       0.009382       0.011619       0.014236       0.017263       0.020726       0.024645       0.029030       0.033883       0.039195       0.044946       0.051104       0.057626       0.064456       0.071532       0.078780       0.086123       0.093478       0.100760       0.107884       0.114767       0.121328       0.127494       0.133196       0.138370       0.142964       0.146929       0.150225       0.152822       0.154695       0.155825       0.156203       0.155825       0.154695       0.152822       0.150225       0.146929       0.142964       0.138370       0.133196       0.127494       0.121328       0.114767       0.107884       0.100760       0.093478       0.086123       0.078780       0.071532       0.064456       0.057626       0.051104       0.044946       0.039195       0.033883       0.029030       0.024645       0.020726       0.017263       0.014236       0.011619       0.009382       0.007493       0.005917       0.004623       0.003585       0.002783       0.002214       0.001893       0.001839       0.002052       0.002517       0.003242       0.004271       0.005680       0.007568       0.010055       0.013281       0.017408       0.022614       0.029089       0.037026       0.046610       0.058002       0.071325       0.086645       0.103958       0.123176       0.144123       0.166536       0.190076       0.214344       0.238906       0.263313       0.287129       0.309954       0.331435       0.351286       0.369285       0.385281       0.399170       0.410866       0.420242       0.427065       0.430970       0.431522       0.428373       0.421541       0.411746       0.400847       0.392384       0.392384
       0.390079       0.390079       0.398646       0.409736       0.419787       0.426924       0.430417       0.430252       0.426781       0.420450       0.411630       0.400553       0.387341       0.372065       0.354809       0.335702       0.314935       0.292769       0.269526       0.245581       0.221350       0.197264       0.173752       0.151217       0.130008       0.110408       0.092617       0.076751       0.062844       0.050854       0.040684       0.032189       0.025198       0.019526       0.014985       0.011396       0.008592       0.006424       0.004763       0.003499       0.002550       0.001877       0.001516       0.001563       0.002000       0.002719       0.003666       0.004840       0.006267       0.007979       0.010014       0.012410       0.015204       0.018430       0.022113       0.026276       0.030928       0.036072       0.041695       0.047776       0.054278       0.061155       0.068348       0.075789       0.083400       0.091100       0.098801       0.106414       0.113851       0.121027       0.127858       0.134270       0.140191       0.145560       0.150320       0.154426       0.157838       0.160523       0.162459       0.163627       0.164017       0.163627       0.162459       0.160523       0.157838       0.154426       0.150320       0.145560       0.140191       0.134270       0.127858       0.121027       0.113851       0.106414       0.098801       0.091100       0.083400       0.075789       0.068348       0.061155       0.054278       0.047776       0.041695       0.036072       0.030928       0.026276       0.022113       0.018430       0.015204       0.012410       0.010014       0.007979       0.006267       0.004840       0.003666       0.002719       0.002000       0.001563       0.001516       0.001877       0.002550       0.003499       0.004763       0.006424       0.008592       0.011396       0.014985       0.019526       0.025198       0.032189       0.040684       0.050854       0.062844       0.076751       0.092617       0.110408       0.130008       0.151217       0.173752       0.197264       0.221350       0.245581       0.269526       0.292769       0.314935       0.335702       0.354809       0.372065       0.387341       0.400553       0.411630       0.420450       0.426781       0.430252       0.430417       0.426924       0.419787       0.409736       0.398646       0.390079       0.390079
       0.387790       0.387790       0.396458       0.407733       0.418032       0.425464       0.429290       0.429497       0.426444       0.420587       0.412302       0.401822       0.389264       0.374689       0.358160       0.339785       0.319731       0.298229       0.275574       0.252116       0.228248       0.204384       0.180945       0.158333       0.136907       0.116964       0.098728       0.082342       0.067866       0.055287       0.044530       0.035470       0.027950       0.021793       0.016817       0.012841       0.009694       0.007221       0.005281       0.003753       0.002538       0.001572       0.000929       0.001024       0.001732       0.002671       0.003787       0.005105       0.006664       0.008511       0.010690       0.013246       0.016218       0.019644       0.023551       0.027963       0.032888       0.038327       0.044268       0.050683       0.057536       0.064773       0.072333       0.080142       0.088118       0.096175       0.104222       0.112165       0.119913       0.127378       0.134476       0.141129       0.147265       0.152823       0.157747       0.161989       0.165512       0.168283       0.170280       0.171484       0.171887       0.171484       0.170280       0.168283       0.165512       0.161989       0.157747       0.152823       0.147265       0.141129       0.134476       0.127378       0.119913       0.112165       0.104222       0.096175       0.088118       0.080142       0.072333       0.064773       0.057536       0.050683       0.044268       0.038327       0.032888       0.027963       0.023551       0.019644       0.016218       0.013246       0.010690       0.008511       0.006664       0.005105       0.003787       0.002671       0.001732       0.001024       0.000929       0.001572       0.002538       0.003753       0.005281       0.007221       0.009694       0.012841       0.016817       0.021793       0.027950       0.035470       0.044530       0.055287       0.067866       0.082342       0.098728       0.116964       0.136907       0.158333       0.180945       0.204384       0.228248       0.252116       0.275574       0.298229       0.319731       0.339785       0.358160       0.374689       0.389264       0.401822       0.412302       0.420587       0.426444       0.429497       0.429290       0.425464       0.418032       0.407733       0.396458       0.387790       0.387790
       0.385514       0.385514       0.394280       0.405734       0.416274       0.423992       0.428141       0.428708       0.426058       0.420656       0.412885       0.402981       0.391056       0.377160       0.361341       0.343685       0.324336       0.303500       0.281445       0.258494       0.235017       0.211412       0.188088       0.165444       0.143843       0.123598       0.104954       0.088076       0.073052       0.059897       0.048558       0.038931       0.030874       0.024222       0.018798       0.014421       0.010922       0.008138       0.005923       0.004147       0.002696       0.001468       0.000378       0.000656       0.001696       0.002807       0.004049       0.005477       0.007147       0.009112       0.011424       0.014132       0.017280       0.020905       0.025039       0.029702       0.034904       0.040644       0.046907       0.053663       0.060870       0.068472       0.076402       0.084581       0.092923       0.101338       0.109728       0.117999       0.126054       0.133805       0.141164       0.148052       0.154399       0.160140       0.165221       0.169596       0.173226       0.176080       0.178134       0.179374       0.179788       0.179374       0.178134       0.176080       0.173226       0.169596       0.165221       0.160140       0.154399       0.148052       0.141164       0.133805       0.126054       0.117999       0.109728       0.101338       0.092923       0.084581       0.076402       0.068472       0.060870       0.053663       0.046907       0.040644       0.034904       0.029702       0.025039       0.020905       0.017280       0.014132       0.011424       0.009112       0.007147       0.005477       0.004049       0.002807       0.001696       0.000656       0.000378       0.001468       0.002696       0.004147       0.005923       0.008138       0.010922       0.014421       0.018798       0.024222       0.030874       0.038931       0.048558       0.059897       0.073052       0.088076       0.104954       0.123598       0.143843       0.165444       0.188088       0.211412       0.235017       0.258494       0.281445       0.303500       0.324336       0.343685       0.361341       0.377160       0.391056       0.402981       0.412885       0.420656       0.426058       0.428708       0.428141       0.423992       0.416274       0.405734       0.394280       0.385514       0.385514
       0.383249       0.383249       0.392109       0.403738       0.414512       0.422508       0.426971       0.427886       0.425625       0.420662       0.413386       0.404036       0.392720       0.379482       0.364353       0.347402       0.328749       0.308577       0.287128       0.264701       0.241640       0.218326       0.195156       0.172521       0.150790       0.130286       0.111270       0.093932       0.078386       0.064671       0.052759       0.042569       0.033975       0.026825       0.020948       0.016170       0.012322       0.009241       0.006783       0.004819       0.003246       0.002008       0.001224       0.001355       0.002180       0.003258       0.004519       0.005994       0.007733       0.009790       0.012218       0.015068       0.018385       0.022209       0.026570       0.031488       0.036972       0.043017       0.049607       0.056708       0.064273       0.072243       0.080545       0.089095       0.097804       0.106574       0.115306       0.123900       0.132259       0.140289       0.147903       0.155021       0.161571       0.167490       0.172724       0.177225       0.180957       0.183890       0.186001       0.187273       0.187698       0.187273       0.186001       0.183890       0.180957       0.177225       0.172724       0.167490       0.161571       0.155021       0.147903       0.140289       0.132259       0.123900       0.115306       0.106574       0.097804       0.089095       0.080545       0.072243       0.064273       0.056708       0.049607       0.043017       0.036972       0.031488       0.026570       0.022209       0.018385       0.015068       0.012218       0.009790       0.007733       0.005994       0.004519       0.003258       0.002180       0.001355       0.001224       0.002008       0.003246       0.004819       0.006783       0.009241       0.012322       0.016170       0.020948       0.026825       0.033975       0.042569       0.052759       0.064671       0.078386       0.093932       0.111270       0.130286       0.150790       0.172521       0.195156       0.218326       0.241640       0.264701       0.287128       0.308577       0.328749       0.347402       0.364353       0.379482       0.392720       0.404036       0.413386       0.420662       0.425625       0.427886       0.426971       0.422508       0.414512       0.403738       0.392109       0.383249       0.383249
       0.380992       0.380992       0.389944       0.401741       0.412744       0.421012       0.425779       0.427032       0.425147       0.420606       0.413805       0.404988       0.394261       0.381657       0.367199       0.350935       0.332967       0.313455       0.292615       0.270722       0.248099       0.225105       0.202123       0.179539       0.157720       0.136998       0.117650       0.099887       0.083846       0.069593       0.057124       0.046379       0.037253       0.029605       0.023278       0.018105       0.013920       0.010565       0.007901       0.005809       0.004204       0.003063       0.002458       0.002491       0.003065       0.003989       0.005180       0.006641       0.008408       0.010529       0.013057       0.016041       0.019525       0.023547       0.028137       0.033313       0.039083       0.045439       0.052361       0.059811       0.067738       0.076078       0.084753       0.093675       0.102748       0.111871       0.120941       0.129854       0.138510       0.146814       0.154677       0.162017       0.168764       0.174854       0.180233       0.184856       0.188686       0.191694       0.193857       0.195161       0.195597       0.195161       0.193857       0.191694       0.188686       0.184856       0.180233       0.174854       0.168764       0.162017       0.154677       0.146814       0.138510       0.129854       0.120941       0.111871       0.102748       0.093675       0.084753       0.076078       0.067738       0.059811       0.052361       0.045439       0.039083       0.033313       0.028137       0.023547       0.019525       0.016041       0.013057       0.010529       0.008408       0.006641       0.005180       0.003989       0.003065       0.002491       0.002458       0.003063       0.004204       0.005809       0.007901       0.010565       0.013920       0.018105       0.023278       0.029605       0.037253       0.046379       0.057124       0.069593       0.083846       0.099887       0.117650       0.136998       0.157720       0.179539       0.202123       0.225105       0.248099       0.270722       0.292615       0.313455       0.332967       0.350935       0.367199       0.381657       0.394261       0.404988       0.413805       0.420606       0.425147       0.427032       0.425779       0.421012       0.412744       0.401741       0.389944       0.380992       0.380992
       0.378739       0.378739       0.387779       0.399742       0.410969       0.419502       0.424566       0.426146       0.424624       0.420489       0.414147       0.405842       0.395681       0.383691       0.369881       0.354286       0.336989       0.318128       0.297897       0.276547       0.254378       0.231729       0.208969       0.186473       0.164607       0.143709       0.124069       0.105916       0.089411       0.074644       0.061635       0.050349       0.040697       0.032558       0.025785       0.020221       0.015708       0.012094       0.009244       0.007044       0.005415       0.004315       0.003741       0.003684       0.004080       0.004845       0.005933       0.007348       0.009120       0.011292       0.013912       0.017028       0.020679       0.024904       0.029729       0.035170       0.041231       0.047903       0.055161       0.062964       0.071256       0.079968       0.089017       0.098309       0.107744       0.117217       0.126620       0.135846       0.144793       0.153363       0.161466       0.169022       0.175958       0.182212       0.187730       0.192468       0.196391       0.199469       0.201683       0.203017       0.203462       0.203017       0.201683       0.199469       0.196391       0.192468       0.187730       0.182212       0.175958       0.169022       0.161466       0.153363       0.144793       0.135846       0.126620       0.117217       0.107744       0.098309       0.089017       0.079968       0.071256       0.062964       0.055161       0.047903       0.041231       0.035170       0.029729       0.024904       0.020679       0.017028       0.013912       0.011292       0.009120       0.007348       0.005933       0.004845       0.004080       0.003684       0.003741       0.004315       0.005415       0.007044       0.009244       0.012094       0.015708       0.020221       0.025785       0.032558       0.040697       0.050349       0.061635       0.074644       0.089411       0.105916       0.124069       0.143709       0.164607       0.186473       0.208969       0.231729       0.254378       0.276547       0.297897       0.318128       0.336989       0.354286       0.369881       0.383691       0.395681       0.405842       0.414147       0.420489       0.424624       0.426146       0.424566       0.419502       0.410969       0.399742       0.387779       0.378739       0.378739
       0.376486       0.376486       0.385613       0.397738       0.409183       0.417975       0.423329       0.425227       0.424057       0.420315       0.414412       0.406600       0.396984       0.385584       0.372401       0.357456       0.340815       0.322594       0.302969       0.282166       0.260463       0.238181       0.215671       0.193297       0.171424       0.150391       0.130498       0.111993       0.095056       0.079800       0.066272       0.054457       0.044289       0.035662       0.028445       0.022490       0.017646       0.013768       0.010722       0.008394       0.006694       0.005555       0.004927       0.004764       0.005017       0.005647       0.006641       0.008012       0.009792       0.012022       0.014743       0.018000       0.021830       0.026266       0.031335       0.037048       0.043408       0.050402       0.058001       0.066160       0.074820       0.083904       0.093325       0.102986       0.112780       0.122597       0.132327       0.141860       0.151090       0.159918       0.168255       0.176017       0.183134       0.189544       0.195195       0.200042       0.204052       0.207197       0.209457       0.210819       0.211274       0.210819       0.209457       0.207197       0.204052       0.200042       0.195195       0.189544       0.183134       0.176017       0.168255       0.159918       0.151090       0.141860       0.132327       0.122597       0.112780       0.102986       0.093325       0.083904       0.074820       0.066160       0.058001       0.050402       0.043408       0.037048       0.031335       0.026266       0.021830       0.018000       0.014743       0.012022       0.009792       0.008012       0.006641       0.005647       0.005017       0.004764       0.004927       0.005555       0.006694       0.008394       0.010722       0.013768       0.017646       0.022490       0.028445       0.035662       0.044289       0.054457       0.066272       0.079800       0.095056       0.111993       0.130498       0.150391       0.171424       0.193297       0.215671       0.238181       0.260463       0.282166       0.302969       0.322594       0.340815       0.357456       0.372401       0.385584       0.396984       0.406600       0.414412       0.420315       0.424057       0.425227       0.423329       0.417975       0.409183       0.397738       0.385613       0.376486       0.376486
       0.374230       0.374230       0.383441       0.395724       0.407384       0.416430       0.422067       0.424276       0.423446       0.420082       0.414603       0.407265       0.398171       0.387340       0.374762       0.360447       0.344444       0.326852       0.307825       0.287570       0.266343       0.244445       0.222210       0.199991       0.178145       0.157015       0.136910       0.118088       0.100752       0.085035       0.071009       0.058680       0.048003       0.038890       0.031224       0.024867       0.019676       0.015508       0.012230       0.009722       0.007881       0.006622       0.005874       0.005581       0.005705       0.006230       0.007163       0.008525       0.010346       0.012662       0.015511       0.018931       0.022958       0.027622       0.032946       0.038942       0.045609       0.052930       0.060875       0.069393       0.078420       0.087876       0.097669       0.107695       0.117843       0.128000       0.138050       0.147881       0.157386       0.166465       0.175025       0.182985       0.190275       0.196833       0.202608       0.207558       0.211650       0.214858       0.217162       0.218549       0.219013       0.218549       0.217162       0.214858       0.211650       0.207558       0.202608       0.196833       0.190275       0.182985       0.175025       0.166465       0.157386       0.147881       0.138050       0.128000       0.117843       0.107695       0.097669       0.087876       0.078420       0.069393       0.060875       0.052930       0.045609       0.038942       0.032946       0.027622       0.022958       0.018931       0.015511       0.012662       0.010346       0.008525       0.007163       0.006230       0.005705       0.005581       0.005874       0.006622       0.007881       0.009722       0.012230       0.015508       0.019676       0.024867       0.031224       0.038890       0.048003       0.058680       0.071009       0.085035       0.100752       0.118088       0.136910       0.157015       0.178145       0.199991       0.222210       0.244445       0.266343       0.287570       0.307825       0.326852       0.344444       0.360447       0.374762       0.387340       0.398171       0.407265       0.414603       0.420082       0.423446       0.424276       0.422067       0.416430       0.407384       0.395724       0.383441       0.374230       0.374230
       0.371965       0.371965       0.381259       0.393698       0.405569       0.414865       0.420779       0.423290       0.422791       0.419792       0.414722       0.407838       0.399247       0.388962       0.376967       0.363260       0.347876       0.330898       0.312462       0.292753       0.272007       0.250506       0.228567       0.206531       0.184747       0.163557       0.143275       0.124174       0.106471       0.090321       0.075817       0.062988       0.051809       0.042209       0.034084       0.027307       0.021740       0.017242       0.013678       0.010920       0.008858       0.007396       0.006459       0.006001       0.005999       0.006457       0.007384       0.008799       0.010720       0.013174       0.016191       0.019807       0.024056       0.028966       0.034560       0.040849       0.047829       0.055484       0.063777       0.072656       0.082051       0.091878       0.102038       0.112425       0.122922       0.133411       0.143774       0.153896       0.163667       0.172986       0.181760       0.189910       0.197363       0.204061       0.209954       0.215000       0.219168       0.222434       0.224778       0.226190       0.226661       0.226190       0.224778       0.222434       0.219168       0.215000       0.209954       0.204061       0.197363       0.189910       0.181760       0.172986       0.163667       0.153896       0.143774       0.133411       0.122922       0.112425       0.102038       0.091878       0.082051       0.072656       0.063777       0.055484       0.047829       0.040849       0.034560       0.028966       0.024056       0.019807       0.016191       0.013174       0.010720       0.008799       0.007384       0.006457       0.005999       0.006001       0.006459       0.007396       0.008858       0.010920       0.013678       0.017242       0.021740       0.027307       0.034084       0.042209       0.051809       0.062988       0.075817       0.090321       0.106471       0.124174       0.143275       0.163557       0.184747       0.206531       0.228567       0.250506       0.272007       0.292753       0.312462       0.330898       0.347876       0.363260       0.376967       0.388962       0.399247       0.407838       0.414722       0.419792       0.422791       0.423290       0.420779       0.414865       0.405569       0.393698       0.381259       0.371965       0.371965
       0.369688       0.369688       0.379063       0.391655       0.403734       0.413275       0.419462       0.422268       0.422090       0.419445       0.414767       0.408321       0.400212       0.390452       0.379018       0.365898       0.351114       0.334734       0.316877       0.297709       0.277447       0.256353       0.234728       0.212899       0.191207       0.169991       0.149568       0.130222       0.112184       0.095630       0.080670       0.067355       0.055680       0.045590       0.036995       0.029776       0.023799       0.018925       0.015013       0.011931       0.009561       0.007806       0.006600       0.005922       0.005790       0.006228       0.007235       0.008795       0.010898       0.013555       0.016789       0.020636       0.025131       0.030305       0.036181       0.042770       0.050070       0.058061       0.066704       0.075943       0.085705       0.095900       0.106424       0.117166       0.128005       0.138819       0.149487       0.159890       0.169917       0.179466       0.188446       0.196774       0.204383       0.211212       0.217214       0.222350       0.226589       0.229908       0.232290       0.233724       0.234202       0.233724       0.232290       0.229908       0.226589       0.222350       0.217214       0.211212       0.204383       0.196774       0.188446       0.179466       0.169917       0.159890       0.149487       0.138819       0.128005       0.117166       0.106424       0.095900       0.085705       0.075943       0.066704       0.058061       0.050070       0.042770       0.036181       0.030305       0.025131       0.020636       0.016789       0.013555       0.010898       0.008795       0.007235       0.006228       0.005790       0.005922       0.006600       0.007806       0.009561       0.011931       0.015013       0.018925       0.023799       0.029776       0.036995       0.045590       0.055680       0.067355       0.080670       0.095630       0.112184       0.130222       0.149568       0.169991       0.191207       0.212899       0.234728       0.256353       0.277447       0.297709       0.316877       0.334734       0.351114       0.365898       0.379018       0.390452       0.400212       0.408321       0.414767       0.419445       0.422090       0.422268       0.419462       0.413275       0.403734       0.391655       0.379063       0.369688       0.369688
       0.367394       0.367394       0.376848       0.389590       0.401874       0.411658       0.418113       0.421208       0.421343       0.419041       0.414742       0.408715       0.401069       0.391813       0.380918       0.368363       0.354159       0.338360       0.321068       0.302434       0.282655       0.261975       0.240678       0.219077       0.197503       0.176292       0.155763       0.136205       0.117865       0.100933       0.085541       0.071756       0.059594       0.049014       0.039939       0.032259       0.025843       0.020552       0.016240       0.012768       0.010011       0.007867       0.006285       0.005294       0.005007       0.005505       0.006725       0.008554       0.010930       0.013852       0.017345       0.021450       0.026208       0.031656       0.037820       0.044714       0.052335       0.060662       0.069654       0.079252       0.089376       0.099934       0.110817       0.121908       0.133081       0.144212       0.155174       0.165848       0.176122       0.185891       0.195066       0.203564       0.211318       0.218270       0.224374       0.229593       0.233897       0.237265       0.239682       0.241135       0.241621       0.241135       0.239682       0.237265       0.233897       0.229593       0.224374       0.218270       0.211318       0.203564       0.195066       0.185891       0.176122       0.165848       0.155174       0.144212       0.133081       0.121908       0.110817       0.099934       0.089376       0.079252       0.069654       0.060662       0.052335       0.044714       0.037820       0.031656       0.026208       0.021450       0.017345       0.013852       0.010930       0.008554       0.006725       0.005505       0.005007       0.005294       0.006285       0.007867       0.010011       0.012768       0.016240       0.020552       0.025843       0.032259       0.039939       0.049014       0.059594       0.071756       0.085541       0.100933       0.117865       0.136205       0.155763       0.176292       0.197503       0.219077       0.240678       0.261975       0.282655       0.302434       0.321068       0.338360       0.354159       0.368363       0.380918       0.391813       0.401069       0.408715       0.414742       0.419041       0.421343       0.421208       0.418113       0.411658       0.401874       0.389590       0.376848       0.367394       0.367394
       0.365076       0.365076       0.374609       0.387500       0.399987       0.410010       0.416729       0.420108       0.420548       0.418578       0.414645       0.409022       0.401820       0.393047       0.382669       0.370657       0.357012       0.341776       0.325036       0.306925       0.287626       0.267363       0.246404       0.225048       0.203617       0.182439       0.161834       0.142099       0.123488       0.106208       0.090406       0.076171       0.063533       0.052469       0.042913       0.034763       0.027893       0.022162       0.017421       0.013522       0.010326       0.007717       0.005633       0.004156       0.003635       0.004354       0.005995       0.008224       0.010944       0.014164       0.017932       0.022300       0.027323       0.033043       0.039494       0.046689       0.054628       0.063287       0.072624       0.082575       0.093058       0.103973       0.115208       0.126639       0.138139       0.149576       0.160824       0.171759       0.182268       0.192248       0.201606       0.210264       0.218154       0.225221       0.231419       0.236714       0.241079       0.244492       0.246939       0.248411       0.248902       0.248411       0.246939       0.244492       0.241079       0.236714       0.231419       0.225221       0.218154       0.210264       0.201606       0.192248       0.182268       0.171759       0.160824       0.149576       0.138139       0.126639       0.115208       0.103973       0.093058       0.082575       0.072624       0.063287       0.054628       0.046689       0.039494       0.033043       0.027323       0.022300       0.017932       0.014164       0.010944       0.008224       0.005995       0.004354       0.003635       0.004156       0.005633       0.007717       0.010326       0.013522       0.017421       0.022162       0.027893       0.034763       0.042913       0.052469       0.063533       0.076171       0.090406       0.106208       0.123488       0.142099       0.161834       0.182439       0.203617       0.225048       0.246404       0.267363       0.287626       0.306925       0.325036       0.341776       0.357012       0.370657       0.382669       0.393047       0.401820       0.409022       0.414645       0.418578       0.420548       0.420108       0.416729       0.410010       0.399987       0.387500       0.374609       0.365076       0.365076
       0.362731       0.362731       0.372340       0.385378       0.398066       0.408327       0.415307       0.418965       0.419704       0.418056       0.414476       0.409242       0.402467       0.394157       0.384275       0.372784       0.359678       0.344985       0.328780       0.311181       0.292355       0.272509       0.251895       0.230799       0.209530       0.188411       0.167761       0.147878       0.129028       0.111429       0.095246       0.080583       0.067489       0.055954       0.045926       0.037313       0.029994       0.023828       0.018664       0.014348       0.010726       0.007653       0.005012       0.002791       0.001721       0.003112       0.005410       0.008082       0.011130       0.014623       0.018638       0.023247       0.028515       0.034493       0.041217       0.048704       0.056952       0.065936       0.075611       0.085909       0.096743       0.108008       0.119587       0.131351       0.143167       0.154901       0.166424       0.177609       0.188343       0.198522       0.208054       0.216862       0.224879       0.232051       0.238337       0.243702       0.248120       0.251574       0.254049       0.255538       0.256034       0.255538       0.254049       0.251574       0.248120       0.243702       0.238337       0.232051       0.224879       0.216862       0.208054       0.198522       0.188343       0.177609       0.166424       0.154901       0.143167       0.131351       0.119587       0.108008       0.096743       0.085909       0.075611       0.065936       0.056952       0.048704       0.041217       0.034493       0.028515       0.023247       0.018638       0.014623       0.011130       0.008082       0.005410       0.003112       0.001721       0.002791       0.005012       0.007653       0.010726       0.014348       0.018664       0.023828       0.029994       0.037313       0.045926       0.055954       0.067489       0.080583       0.095246       0.111429       0.129028       0.147878       0.167761       0.188411       0.209530       0.230799       0.251895       0.272509       0.292355       0.311181       0.328780       0.344985       0.359678       0.372784       0.384275       0.394157       0.402467       0.409242       0.414476       0.418056       0.419704       0.418965       0.415307       0.408327       0.398066       0.385378       0.372340       0.362731       0.362731
       0.360351       0.360351       0.370036       0.383220       0.396108       0.406604       0.413843       0.417777       0.418808       0.417475       0.414236       0.409376       0.403011       0.395145       0.385737       0.374747       0.362157       0.347988       0.332301       0.315202       0.296840       0.277409       0.257144       0.236318       0.215229       0.194191       0.173522       0.153521       0.134462       0.116576       0.100040       0.084977       0.071450       0.059467       0.048989       0.039935       0.032191       0.025624       0.020084       0.015415       0.011462       0.008070       0.005098       0.002426       0.000703       0.002899       0.005548       0.008444       0.011678       0.015345       0.019538       0.024338       0.029814       0.036021       0.042997       0.050760       0.059304       0.068604       0.078609       0.089246       0.100423       0.112031       0.123944       0.136031       0.148154       0.160176       0.171962       0.183387       0.194335       0.204702       0.214397       0.223345       0.231479       0.238750       0.245115       0.250543       0.255011       0.258501       0.261001       0.262504       0.263006       0.262504       0.261001       0.258501       0.255011       0.250543       0.245115       0.238750       0.231479       0.223345       0.214397       0.204702       0.194335       0.183387       0.171962       0.160176       0.148154       0.136031       0.123944       0.112031       0.100423       0.089246       0.078609       0.068604       0.059304       0.050760       0.042997       0.036021       0.029814       0.024338       0.019538       0.015345       0.011678       0.008444       0.005548       0.002899       0.000703       0.002426       0.005098       0.008070       0.011462       0.015415       0.020084       0.025624       0.032191       0.039935       0.048989       0.059467       0.071450       0.084977       0.100040       0.116576       0.134462       0.153521       0.173522       0.194191       0.215229       0.236318       0.257144       0.277409       0.296840       0.315202       0.332301       0.347988       0.362157       0.374747       0.385737       0.395145       0.403011       0.409376       0.414236       0.417475       0.418808       0.417777       0.413843       0.406604       0.396108       0.383220       0.370036       0.360351       0.360351
       0.357931       0.357931       0.367690       0.381019       0.394106       0.404838       0.412334       0.416540       0.417858       0.416831       0.413924       0.409425       0.403453       0.396012       0.387060       0.376548       0.364454       0.350789       0.335602       0.318987       0.301079       0.282057       0.262143       0.241595       0.220699       0.199762       0.179098       0.159007       0.139770       0.121627       0.104769       0.089335       0.075404       0.063002       0.052104       0.042642       0.034516       0.027600       0.021754       0.016833       0.012695       0.009216       0.006325       0.004138       0.003329       0.004472       0.006697       0.009456       0.012668       0.016377       0.020657       0.025582       0.031221       0.037625       0.044830       0.052850       0.061678       0.071283       0.081608       0.092577       0.104089       0.116030       0.128270       0.140671       0.153091       0.165388       0.177428       0.189081       0.200231       0.210776       0.220625       0.229702       0.237945       0.245305       0.251743       0.257228       0.261740       0.265262       0.267785       0.269301       0.269806       0.269301       0.267785       0.265262       0.261740       0.257228       0.251743       0.245305       0.237945       0.229702       0.220625       0.210776       0.200231       0.189081       0.177428       0.165388       0.153091       0.140671       0.128270       0.116030       0.104089       0.092577       0.081608       0.071283       0.061678       0.052850       0.044830       0.037625       0.031221       0.025582       0.020657       0.016377       0.012668       0.009456       0.006697       0.004472       0.003329       0.004138       0.006325       0.009216       0.012695       0.016833       0.021754       0.027600       0.034516       0.042642       0.052104       0.063002       0.075404       0.089335       0.104769       0.121627       0.139770       0.159007       0.179098       0.199762       0.220699       0.241595       0.262143       0.282057       0.301079       0.318987       0.335602       0.350789       0.364454       0.376548       0.387060       0.396012       0.403453       0.409425       0.413924       0.416831       0.417858       0.416540       0.412334       0.404838       0.394106       0.381019       0.367690       0.357931       0.357931
       0.355463       0.355463       0.365296       0.378769       0.392055       0.403021       0.410773       0.415250       0.416851       0.416124       0.413538       0.409388       0.403794       0.396762       0.388245       0.378192       0.366573       0.353390       0.338684       0.322537       0.305071       0.286452       0.266887       0.246620       0.225928       0.205109       0.184471       0.164317       0.144930       0.126559       0.109410       0.093636       0.079333       0.066543       0.055259       0.045428       0.036964       0.029754       0.023674       0.018595       0.014397       0.010991       0.008361       0.006629       0.006069       0.006795       0.008529       0.010976       0.014020       0.017663       0.021951       0.026947       0.032708       0.039281       0.046694       0.054958       0.064059       0.073960       0.084598       0.095890       0.107730       0.119996       0.132554       0.145259       0.157965       0.170528       0.182810       0.194680       0.206023       0.216734       0.226725       0.235923       0.244266       0.251708       0.258210       0.263747       0.268298       0.271849       0.274391       0.275918       0.276428       0.275918       0.274391       0.271849       0.268298       0.263747       0.258210       0.251708       0.244266       0.235923       0.226725       0.216734       0.206023       0.194680       0.182810       0.170528       0.157965       0.145259       0.132554       0.119996       0.107730       0.095890       0.084598       0.073960       0.064059       0.054958       0.046694       0.039281       0.032708       0.026947       0.021951       0.017663       0.014020       0.010976       0.008529       0.006795       0.006069       0.006629       0.008361       0.010991       0.014397       0.018595       0.023674       0.029754       0.036964       0.045428       0.055259       0.066543       0.079333       0.093636       0.109410       0.126559       0.144930       0.164317       0.184471       0.205109       0.225928       0.246620       0.266887       0.286452       0.305071       0.322537       0.338684       0.353390       0.366573       0.378192       0.388245       0.396762       0.403794       0.409388       0.413538       0.416124       0.416851       0.415250       0.410773       0.403021       0.392055       0.378769       0.365296       0.355463       0.355463
       0.352940       0.352940       0.362847       0.376463       0.389948       0.401149       0.409158       0.413903       0.415784       0.415351       0.413079       0.409266       0.404037       0.397395       0.389295       0.379680       0.368515       0.355795       0.341551       0.325855       0.308818       0.290592       0.271372       0.251389       0.230908       0.210220       0.189627       0.169432       0.149920       0.131351       0.113940       0.097855       0.083209       0.070062       0.058423       0.048256       0.039490       0.032030       0.025765       0.020582       0.016378       0.013080       0.010663       0.009168       0.008668       0.009166       0.010551       0.012695       0.015531       0.019061       0.023320       0.028356       0.034219       0.040945       0.048558       0.057058       0.066426       0.076618       0.087564       0.099173       0.111335       0.123919       0.136785       0.149785       0.162768       0.175586       0.188099       0.200176       0.211699       0.222566       0.232690       0.241999       0.250433       0.257949       0.264510       0.270092       0.274678       0.278254       0.280812       0.282349       0.282862       0.282349       0.280812       0.278254       0.274678       0.270092       0.264510       0.257949       0.250433       0.241999       0.232690       0.222566       0.211699       0.200176       0.188099       0.175586       0.162768       0.149785       0.136785       0.123919       0.111335       0.099173       0.087564       0.076618       0.066426       0.057058       0.048558       0.040945       0.034219       0.028356       0.023320       0.019061       0.015531       0.012695       0.010551       0.009166       0.008668       0.009168       0.010663       0.013080       0.016378       0.020582       0.025765       0.032030       0.039490       0.048256       0.058423       0.070062       0.083209       0.097855       0.113940       0.131351       0.149920       0.169432       0.189627       0.210220       0.230908       0.251389       0.271372       0.290592       0.308818       0.325855       0.341551       0.355795       0.368515       0.379680       0.389295       0.397395       0.404037       0.409266       0.413079       0.415351       0.415784       0.413903       0.409158       0.401149       0.389948       0.376463       0.362847       0.352940       0.352940
       0.350353       0.350353       0.360333       0.374094       0.387778       0.399216       0.407481       0.412495       0.414654       0.414511       0.412545       0.409059       0.404180       0.397915       0.390213       0.381018       0.370286       0.358008       0.344207       0.328944       0.312320       0.294477       0.275595       0.255894       0.235630       0.215083       0.194550       0.174333       0.154720       0.135977       0.118331       0.101961       0.086999       0.073519       0.061548       0.051067       0.042020       0.034327       0.027890       0.022606       0.018381       0.015136       0.012820       0.011407       0.010884       0.011222       0.012371       0.014286       0.016953       0.020387       0.024625       0.029709       0.035679       0.042565       0.050381       0.059121       0.068757       0.079239       0.090491       0.102415       0.114892       0.127787       0.140955       0.154240       0.167490       0.180553       0.193286       0.205558       0.217251       0.228264       0.238511       0.247922       0.256439       0.264021       0.270635       0.276257       0.280872       0.284470       0.287043       0.288588       0.289103       0.288588       0.287043       0.284470       0.280872       0.276257       0.270635       0.264021       0.256439       0.247922       0.238511       0.228264       0.217251       0.205558       0.193286       0.180553       0.167490       0.154240       0.140955       0.127787       0.114892       0.102415       0.090491       0.079239       0.068757       0.059121       0.050381       0.042565       0.035679       0.029709       0.024625       0.020387       0.016953       0.014286       0.012371       0.011222       0.010884       0.011407       0.012820       0.015136       0.018381       0.022606       0.027890       0.034327       0.042020       0.051067       0.061548       0.073519       0.086999       0.101961       0.118331       0.135977       0.154720       0.174333       0.194550       0.215083       0.235630       0.255894       0.275595       0.294477       0.312320       0.328944       0.344207       0.358008       0.370286       0.381018       0.390213       0.397915       0.404180       0.409059       0.412545       0.414511       0.414654       0.412495       0.407481       0.399216       0.387778       0.374094       0.360333       0.350353       0.350353
       0.347696       0.347696       0.357748       0.371653       0.385538       0.397214       0.405738       0.411021       0.413457       0.413599       0.411933       0.408765       0.404225       0.398321       0.391002       0.382207       0.371889       0.360033       0.346654       0.331807       0.315581       0.298107       0.279555       0.260133       0.240087       0.219688       0.199228       0.179006       0.159312       0.140417       0.122557       0.105926       0.090668       0.076873       0.064583       0.053795       0.044468       0.036531       0.029898       0.024473       0.020160       0.016873       0.014536       0.013091       0.012492       0.012701       0.013698       0.015478       0.018056       0.021461       0.025732       0.030906       0.037017       0.044087       0.052125       0.061117       0.071031       0.081808       0.093367       0.105603       0.118392       0.131593       0.145053       0.158616       0.172123       0.185420       0.198362       0.210818       0.222671       0.233820       0.244181       0.253684       0.262277       0.269918       0.276578       0.282235       0.286876       0.290492       0.293077       0.294629       0.295147       0.294629       0.293077       0.290492       0.286876       0.282235       0.276578       0.269918       0.262277       0.253684       0.244181       0.233820       0.222671       0.210818       0.198362       0.185420       0.172123       0.158616       0.145053       0.131593       0.118392       0.105603       0.093367       0.081808       0.071031       0.061117       0.052125       0.044087       0.037017       0.030906       0.025732       0.021461       0.018056       0.015478       0.013698       0.012701       0.012492       0.013091       0.014536       0.016873       0.020160       0.024473       0.029898       0.036531       0.044468       0.053795       0.064583       0.076873       0.090668       0.105926       0.122557       0.140417       0.159312       0.179006       0.199228       0.219688       0.240087       0.260133       0.279555       0.298107       0.315581       0.331807       0.346654       0.360033       0.371889       0.382207       0.391002       0.398321       0.404225       0.408765       0.411933       0.413599       0.413457       0.411021       0.405738       0.397214       0.385538       0.371653       0.357748       0.347696       0.347696
       0.344957       0.344957       0.355082       0.369131       0.383219       0.395136       0.403922       0.409475       0.412188       0.412614       0.411242       0.408384       0.404173       0.398617       0.391664       0.383251       0.373328       0.361874       0.348899       0.334448       0.318603       0.301485       0.283253       0.264105       0.244275       0.224029       0.203650       0.183436       0.163677       0.144649       0.126595       0.109721       0.094181       0.080082       0.067478       0.056379       0.046754       0.038543       0.031665       0.026026       0.021529       0.018083       0.015604       0.014026       0.013300       0.013400       0.014321       0.016070       0.018670       0.022149       0.026539       0.031874       0.038180       0.045476       0.053765       0.063031       0.073235       0.084314       0.096183       0.108731       0.121828       0.135328       0.149074       0.162905       0.176659       0.190179       0.203321       0.215951       0.227953       0.239228       0.249692       0.259281       0.267941       0.275635       0.282335       0.288022       0.292685       0.296316       0.298911       0.300468       0.300988       0.300468       0.298911       0.296316       0.292685       0.288022       0.282335       0.275635       0.267941       0.259281       0.249692       0.239228       0.227953       0.215951       0.203321       0.190179       0.176659       0.162905       0.149074       0.135328       0.121828       0.108731       0.096183       0.084314       0.073235       0.063031       0.053765       0.045476       0.038180       0.031874       0.026539       0.022149       0.018670       0.016070       0.014321       0.013400       0.013300       0.014026       0.015604       0.018083       0.021529       0.026026       0.031665       0.038543       0.046754       0.056379       0.067478       0.080082       0.094181       0.109721       0.126595       0.144649       0.163677       0.183436       0.203650       0.224029       0.244275       0.264105       0.283253       0.301485       0.318603       0.334448       0.348899       0.361874       0.373328       0.383251       0.391664       0.398617       0.404173       0.408384       0.411242       0.412614       0.412188       0.409475       0.403922       0.395136       0.383219       0.369131       0.355082       0.344957       0.344957
       0.342127       0.342127       0.352324       0.366520       0.380813       0.392975       0.402025       0.407852       0.410843       0.411551       0.410471       0.407916       0.404023       0.398802       0.392201       0.384154       0.374607       0.363536       0.350944       0.336871       0.321390       0.304613       0.286689       0.267807       0.248192       0.228100       0.207809       0.187613       0.167803       0.148657       0.130426       0.113322       0.097514       0.083117       0.070198       0.058777       0.048830       0.040303       0.033118       0.027180       0.022391       0.018660       0.015908       0.014087       0.013176       0.013180       0.014105       0.015950       0.018710       0.022390       0.027008       0.032587       0.039153       0.046722       0.055295       0.064856       0.075364       0.086754       0.098936       0.111794       0.125195       0.138988       0.153012       0.167101       0.181092       0.194825       0.208155       0.220949       0.233090       0.244481       0.255041       0.264706       0.273426       0.281167       0.287901       0.293614       0.298295       0.301938       0.304541       0.306103       0.306623       0.306103       0.304541       0.301938       0.298295       0.293614       0.287901       0.281167       0.273426       0.264706       0.255041       0.244481       0.233090       0.220949       0.208155       0.194825       0.181092       0.167101       0.153012       0.138988       0.125195       0.111794       0.098936       0.086754       0.075364       0.064856       0.055295       0.046722       0.039153       0.032587       0.027008       0.022390       0.018710       0.015950       0.014105       0.013180       0.013176       0.014087       0.015908       0.018660       0.022391       0.027180       0.033118       0.040303       0.048830       0.058777       0.070198       0.083117       0.097514       0.113322       0.130426       0.148657       0.167803       0.187613       0.207809       0.228100       0.248192       0.267807       0.286689       0.304613       0.321390       0.336871       0.350944       0.363536       0.374607       0.384154       0.392201       0.398802       0.404023       0.407916       0.410471       0.411551       0.410843       0.407852       0.402025       0.392975       0.380813       0.366520       0.352324       0.342127       0.342127
       0.339196       0.339196       0.349465       0.363808       0.378310       0.390720       0.400040       0.406146       0.409416       0.410408       0.409615       0.407359       0.403777       0.398880       0.392616       0.384918       0.375731       0.365024       0.352797       0.339083       0.323948       0.307496       0.289868       0.271243       0.251837       0.231898       0.211699       0.191529       0.171679       0.152429       0.134035       0.116716       0.100651       0.085963       0.072729       0.060976       0.050686       0.041806       0.034257       0.027941       0.022758       0.018614       0.015447       0.013246       0.012063       0.011978       0.013014       0.015115       0.018200       0.022223       0.027178       0.033084       0.039967       0.047849       0.056734       0.066607       0.077429       0.089133       0.101627       0.114792       0.128491       0.142569       0.156862       0.171200       0.185417       0.199353       0.212860       0.225807       0.238078       0.249576       0.260222       0.269956       0.278729       0.286510       0.293274       0.299008       0.303703       0.307356       0.309965       0.311530       0.312052       0.311530       0.309965       0.307356       0.303703       0.299008       0.293274       0.286510       0.278729       0.269956       0.260222       0.249576       0.238078       0.225807       0.212860       0.199353       0.185417       0.171200       0.156862       0.142569       0.128491       0.114792       0.101627       0.089133       0.077429       0.066607       0.056734       0.047849       0.039967       0.033084       0.027178       0.022223       0.018200       0.015115       0.013014       0.011978       0.012063       0.013246       0.015447       0.018614       0.022758       0.027941       0.034257       0.041806       0.050686       0.060976       0.072729       0.085963       0.100651       0.116716       0.134035       0.152429       0.171679       0.191529       0.211699       0.231898       0.251837       0.271243       0.289868       0.307496       0.323948       0.339083       0.352797       0.365024       0.375731       0.384918       0.392616       0.398880       0.403777       0.407359       0.409615       0.410408       0.409416       0.406146       0.400040       0.390720       0.378310       0.363808       0.349465       0.339196       0.339196
       0.336151       0.336151       0.346493       0.360985       0.375699       0.388364       0.397960       0.404348       0.407903       0.409179       0.408674       0.406712       0.403433       0.398850       0.392912       0.385549       0.376704       0.366343       0.354461       0.341087       0.326281       0.310138       0.292792       0.274414       0.255210       0.235423       0.215318       0.195180       0.175300       0.155958       0.137415       0.119896       0.103587       0.088620       0.075078       0.062993       0.052352       0.043101       0.035156       0.028414       0.022762       0.018100       0.014370       0.011605       0.009995       0.009815       0.011132       0.013710       0.017304       0.021797       0.027173       0.033460       0.040695       0.048911       0.058119       0.068310       0.079446       0.091462       0.104262       0.117728       0.131717       0.146070       0.160621       0.175198       0.189630       0.203757       0.217432       0.230521       0.242911       0.254507       0.265232       0.275026       0.283847       0.291662       0.298451       0.304202       0.308909       0.312569       0.315182       0.316749       0.317271       0.316749       0.315182       0.312569       0.308909       0.304202       0.298451       0.291662       0.283847       0.275026       0.265232       0.254507       0.242911       0.230521       0.217432       0.203757       0.189630       0.175198       0.160621       0.146070       0.131717       0.117728       0.104262       0.091462       0.079446       0.068310       0.058119       0.048911       0.040695       0.033460       0.027173       0.021797       0.017304       0.013710       0.011132       0.009815       0.009995       0.011605       0.014370       0.018100       0.022762       0.028414       0.035156       0.043101       0.052352       0.062993       0.075078       0.088620       0.103587       0.119896       0.137415       0.155958       0.175300       0.195180       0.215318       0.235423       0.255210       0.274414       0.292792       0.310138       0.326281       0.341087       0.354461       0.366343       0.376704       0.385549       0.392912       0.398850       0.403433       0.406712       0.408674       0.409179       0.407903       0.404348       0.397960       0.388364       0.375699       0.360985       0.346493       0.336151       0.336151
       0.332980       0.332980       0.343394       0.358038       0.372969       0.385895       0.395774       0.402453       0.406297       0.407861       0.407644       0.405973       0.402991       0.398715       0.393090       0.386048       0.377529       0.367497       0.355943       0.342891       0.328395       0.312545       0.295467       0.277324       0.258315       0.238675       0.218664       0.198564       0.178662       0.159241       0.140564       0.122862       0.106326       0.091098       0.077265       0.064865       0.053887       0.044276       0.035945       0.028778       0.022648       0.017429       0.013031       0.009480       0.007131       0.006818       0.008745       0.012095       0.016347       0.021372       0.027190       0.033859       0.041441       0.049981       0.059502       0.070000       0.081440       0.093756       0.106853       0.120607       0.134873       0.149491       0.164289       0.179091       0.193727       0.208035       0.221865       0.235086       0.247586       0.259271       0.270067       0.279916       0.288777       0.296621       0.303430       0.309195       0.313910       0.317574       0.320190       0.321759       0.322281       0.321759       0.320190       0.317574       0.313910       0.309195       0.303430       0.296621       0.288777       0.279916       0.270067       0.259271       0.247586       0.235086       0.221865       0.208035       0.193727       0.179091       0.164289       0.149491       0.134873       0.120607       0.106853       0.093756       0.081440       0.070000       0.059502       0.049981       0.041441       0.033859       0.027190       0.021372       0.016347       0.012095       0.008745       0.006818       0.007131       0.009480       0.013031       0.017429       0.022648       0.028778       0.035945       0.044276       0.053887       0.064865       0.077265       0.091098       0.106326       0.122862       0.140564       0.159241       0.178662       0.198564       0.218664       0.238675       0.258315       0.277324       0.295467       0.312545       0.328395       0.342891       0.355943       0.367497       0.377529       0.386048       0.393090       0.398715       0.402991       0.405973       0.407644       0.407861       0.406297       0.402453       0.395774       0.385895       0.372969       0.358038       0.343394       0.332980       0.332980
       0.329668       0.329668       0.340155       0.354953       0.370107       0.383302       0.393473       0.400451       0.404592       0.406449       0.406522       0.405141       0.402453       0.398475       0.393154       0.386421       0.378213       0.368493       0.357249       0.344501       0.330298       0.314724       0.297899       0.279978       0.261155       0.241657       0.221740       0.201681       0.181765       0.162277       0.143482       0.125616       0.108877       0.093413       0.079318       0.066637       0.055361       0.045437       0.036775       0.029252       0.022725       0.017038       0.012037       0.007612       0.003942       0.003305       0.006605       0.010918       0.015790       0.021266       0.027447       0.034434       0.042310       0.051132       0.060933       0.071711       0.083432       0.096029       0.109405       0.123432       0.137962       0.152831       0.167862       0.182878       0.197705       0.212181       0.226157       0.239500       0.252101       0.263866       0.274724       0.284621       0.293517       0.301385       0.308211       0.313985       0.318706       0.322374       0.324990       0.326559       0.327082       0.326559       0.324990       0.322374       0.318706       0.313985       0.308211       0.301385       0.293517       0.284621       0.274724       0.263866       0.252101       0.239500       0.226157       0.212181       0.197705       0.182878       0.167862       0.152831       0.137962       0.123432       0.109405       0.096029       0.083432       0.071711       0.060933       0.051132       0.042310       0.034434       0.027447       0.021266       0.015790       0.010918       0.006605       0.003305       0.003942       0.007612       0.012037       0.017038       0.022725       0.029252       0.036775       0.045437       0.055361       0.066637       0.079318       0.093413       0.108877       0.125616       0.143482       0.162277       0.181765       0.201681       0.221740       0.241657       0.261155       0.279978       0.297899       0.314724       0.330298       0.344501       0.357249       0.368493       0.378213       0.386421       0.393154       0.398475       0.402453       0.405141       0.406522       0.406449       0.404592       0.400451       0.393473       0.383302       0.370107       0.354953       0.340155       0.329668       0.329668
       0.326200       0.326200       0.336760       0.351716       0.367100       0.380572       0.391047       0.398334       0.402781       0.404937       0.405304       0.404214       0.401817       0.398132       0.393106       0.386669       0.378759       0.369336       0.358385       0.345923       0.331995       0.316681       0.300093       0.282383       0.263736       0.244374       0.224549       0.204533       0.184611       0.165067       0.146170       0.128162       0.111246       0.095577       0.081259       0.068344       0.056828       0.046665       0.037768       0.030014       0.023260       0.017343       0.012092       0.007340       0.003012       0.002133       0.006301       0.010964       0.016070       0.021745       0.028118       0.035299       0.043378       0.052417       0.062447       0.073465       0.085437       0.098290       0.111924       0.126206       0.140984       0.156087       0.171338       0.186554       0.201561       0.216194       0.230304       0.243760       0.256452       0.268290       0.279204       0.289141       0.298066       0.305954       0.312792       0.318573       0.323297       0.326966       0.329583       0.331151       0.331674       0.331151       0.329583       0.326966       0.323297       0.318573       0.312792       0.305954       0.298066       0.289141       0.279204       0.268290       0.256452       0.243760       0.230304       0.216194       0.201561       0.186554       0.171338       0.156087       0.140984       0.126206       0.111924       0.098290       0.085437       0.073465       0.062447       0.052417       0.043378       0.035299       0.028118       0.021745       0.016070       0.010964       0.006301       0.002133       0.003012       0.007340       0.012092       0.017343       0.023260       0.030014       0.037768       0.046665       0.056828       0.068344       0.081259       0.095577       0.111246       0.128162       0.146170       0.165067       0.184611       0.204533       0.224549       0.244374       0.263736       0.282383       0.300093       0.316681       0.331995       0.345923       0.358385       0.369336       0.378759       0.386669       0.393106       0.398132       0.401817       0.404214       0.405304       0.404937       0.402781       0.398334       0.391047       0.380572       0.367100       0.351716       0.336760       0.326200       0.326200
       0.322559       0.322559       0.333194       0.348311       0.363932       0.377694       0.388483       0.396093       0.400857       0.403321       0.403987       0.403191       0.401084       0.397687       0.392948       0.386798       0.379173       0.370031       0.359357       0.347164       0.333494       0.318423       0.302058       0.284544       0.266063       0.246831       0.227093       0.207122       0.187199       0.167611       0.148628       0.130499       0.113433       0.097594       0.083095       0.069997       0.058309       0.047992       0.038971       0.031136       0.024359       0.018506       0.013470       0.009249       0.006272       0.005922       0.008487       0.012496       0.017325       0.022892       0.029253       0.036487       0.044668       0.053848       0.064050       0.075267       0.087455       0.100538       0.114407       0.128925       0.143934       0.159257       0.174713       0.190117       0.205291       0.220070       0.234304       0.247862       0.260637       0.272539       0.283502       0.293475       0.302425       0.310328       0.317175       0.322960       0.327685       0.331353       0.333968       0.335536       0.336058       0.335536       0.333968       0.331353       0.327685       0.322960       0.317175       0.310328       0.302425       0.293475       0.283502       0.272539       0.260637       0.247862       0.234304       0.220070       0.205291       0.190117       0.174713       0.159257       0.143934       0.128925       0.114407       0.100538       0.087455       0.075267       0.064050       0.053848       0.044668       0.036487       0.029253       0.022892       0.017325       0.012496       0.008487       0.005922       0.006272       0.009249       0.013470       0.018506       0.024359       0.031136       0.038971       0.047992       0.058309       0.069997       0.083095       0.097594       0.113433       0.130499       0.148628       0.167611       0.187199       0.207122       0.227093       0.246831       0.266063       0.284544       0.302058       0.318423       0.333494       0.347164       0.359357       0.370031       0.379173       0.386798       0.392948       0.397687       0.401084       0.403191       0.403987       0.403321       0.400857       0.396093       0.388483       0.377694       0.363932       0.348311       0.333194       0.322559       0.322559
       0.318726       0.318726       0.329437       0.344721       0.360588       0.374651       0.385771       0.393717       0.398812       0.401595       0.402569       0.402070       0.400254       0.397141       0.392684       0.386811       0.379459       0.370585       0.360173       0.348232       0.334804       0.319958       0.303800       0.286470       0.268143       0.249032       0.229379       0.209452       0.189533       0.169909       0.150855       0.132623       0.115431       0.099453       0.084812       0.071580       0.059779       0.049384       0.040335       0.032542       0.025903       0.020322       0.015750       0.012264       0.010183       0.009988       0.011741       0.014974       0.019295       0.024559       0.030758       0.037934       0.046134       0.055392       0.065720       0.077098       0.089474       0.102763       0.116847       0.131584       0.146807       0.162336       0.177984       0.193562       0.208892       0.223805       0.238153       0.251805       0.264654       0.276614       0.287620       0.297623       0.306591       0.314506       0.321358       0.327145       0.331869       0.335535       0.338148       0.339714       0.340235       0.339714       0.338148       0.335535       0.331869       0.327145       0.321358       0.314506       0.306591       0.297623       0.287620       0.276614       0.264654       0.251805       0.238153       0.223805       0.208892       0.193562       0.177984       0.162336       0.146807       0.131584       0.116847       0.102763       0.089474       0.077098       0.065720       0.055392       0.046134       0.037934       0.030758       0.024559       0.019295       0.014974       0.011741       0.009988       0.010183       0.012264       0.015750       0.020322       0.025903       0.032542       0.040335       0.049384       0.059779       0.071580       0.084812       0.099453       0.115431       0.132623       0.150855       0.169909       0.189533       0.209452       0.229379       0.249032       0.268143       0.286470       0.303800       0.319958       0.334804       0.348232       0.360173       0.370585       0.379459       0.386811       0.392684       0.397141       0.400254       0.402070       0.402569       0.401595       0.398812       0.393717       0.385771       0.374651       0.360588       0.344721       0.329437       0.318726       0.318726
       0.314682       0.314682       0.325470       0.340925       0.357050       0.371429       0.382896       0.391197       0.396639       0.399754       0.401045       0.400850       0.399326       0.396498       0.392317       0.386713       0.379623       0.371004       0.360838       0.349134       0.335931       0.321295       0.305329       0.288167       0.269984       0.250985       0.231410       0.211526       0.191614       0.171961       0.152845       0.134526       0.117229       0.101135       0.086380       0.073047       0.061173       0.050749       0.041729       0.034045       0.027613       0.022362       0.018257       0.015337       0.013737       0.013610       0.014969       0.017659       0.021512       0.026441       0.032430       0.039499       0.047677       0.056981       0.067407       0.078924       0.091468       0.104945       0.119230       0.134170       0.149594       0.165316       0.181144       0.196885       0.212359       0.227397       0.241849       0.255586       0.268502       0.280513       0.291555       0.301583       0.310567       0.318490       0.325344       0.331130       0.335851       0.339514       0.342124       0.343687       0.344208       0.343687       0.342124       0.339514       0.335851       0.331130       0.325344       0.318490       0.310567       0.301583       0.291555       0.280513       0.268502       0.255586       0.241849       0.227397       0.212359       0.196885       0.181144       0.165316       0.149594       0.134170       0.119230       0.104945       0.091468       0.078924       0.067407       0.056981       0.047677       0.039499       0.032430       0.026441       0.021512       0.017659       0.014969       0.013610       0.013737       0.015337       0.018257       0.022362       0.027613       0.034045       0.041729       0.050749       0.061173       0.073047       0.086380       0.101135       0.117229       0.134526       0.152845       0.171961       0.191614       0.211526       0.231410       0.250985       0.269984       0.288167       0.305329       0.321295       0.335931       0.349134       0.360838       0.371004       0.379623       0.386713       0.392317       0.396498       0.399326       0.400850       0.401045       0.399754       0.396639       0.391197       0.382896       0.371429       0.357050       0.340925       0.325470       0.314682       0.314682
       0.310403       0.310403       0.321270       0.336904       0.353298       0.368012       0.379846       0.388522       0.394329       0.397793       0.399413       0.399530       0.398303       0.395758       0.391849       0.386508       0.379671       0.371294       0.361361       0.349879       0.336884       0.322442       0.306652       0.289646       0.271593       0.252697       0.233194       0.213349       0.193443       0.173765       0.154596       0.136199       0.118807       0.102612       0.087757       0.074340       0.062407       0.051964       0.042980       0.035400       0.029156       0.024178       0.020420       0.017864       0.016530       0.016448       0.017615       0.019989       0.023526       0.028202       0.034022       0.041006       0.049171       0.058523       0.069046       0.080697       0.093404       0.107062       0.121537       0.136672       0.152287       0.168191       0.184187       0.200081       0.215689       0.230842       0.245389       0.259203       0.272179       0.284235       0.295308       0.305356       0.314351       0.322279       0.329134       0.334917       0.339634       0.343291       0.345897       0.347458       0.347978       0.347458       0.345897       0.343291       0.339634       0.334917       0.329134       0.322279       0.314351       0.305356       0.295308       0.284235       0.272179       0.259203       0.245389       0.230842       0.215689       0.200081       0.184187       0.168191       0.152287       0.136672       0.121537       0.107062       0.093404       0.080697       0.069046       0.058523       0.049171       0.041006       0.034022       0.028202       0.023526       0.019989       0.017615       0.016448       0.016530       0.017864       0.020420       0.024178       0.029156       0.035400       0.042980       0.051964       0.062407       0.074340       0.087757       0.102612       0.118807       0.136199       0.154596       0.173765       0.193443       0.213349       0.233194       0.252697       0.271593       0.289646       0.306652       0.322442       0.336884       0.349879       0.361361       0.371294       0.379671       0.386508       0.391849       0.395758       0.398303       0.399530       0.399413       0.397793       0.394329       0.388522       0.379846       0.368012       0.353298       0.336904       0.321270       0.310403       0.310403
       0.305867       0.305867       0.316814       0.332635       0.349313       0.364381       0.376606       0.385680       0.391875       0.395706       0.397670       0.398109       0.397185       0.394925       0.391286       0.386201       0.379607       0.371463       0.361749       0.350473       0.337672       0.323408       0.307779       0.290914       0.272979       0.254176       0.234738       0.214927       0.195026       0.175323       0.156103       0.137633       0.120153       0.103860       0.088907       0.075400       0.063396       0.052911       0.043923       0.036387       0.030240       0.025414       0.021845       0.019481       0.018288       0.018247       0.019350       0.021595       0.024992       0.029558       0.035316       0.042290       0.050495       0.059931       0.070574       0.082373       0.095249       0.109089       0.123753       0.139076       0.154875       0.170952       0.187107       0.203145       0.218878       0.234137       0.248772       0.262655       0.275684       0.287778       0.298878       0.308942       0.317945       0.325875       0.332728       0.338506       0.343217       0.346869       0.349471       0.351028       0.351547       0.351028       0.349471       0.346869       0.343217       0.338506       0.332728       0.325875       0.317945       0.308942       0.298878       0.287778       0.275684       0.262655       0.248772       0.234137       0.218878       0.203145       0.187107       0.170952       0.154875       0.139076       0.123753       0.109089       0.095249       0.082373       0.070574       0.059931       0.050495       0.042290       0.035316       0.029558       0.024992       0.021595       0.019350       0.018247       0.018288       0.019481       0.021845       0.025414       0.030240       0.036387       0.043923       0.052911       0.063396       0.075400       0.088907       0.103860       0.120153       0.137633       0.156103       0.175323       0.195026       0.214927       0.234738       0.254176       0.272979       0.290914       0.307779       0.323408       0.337672       0.350473       0.361749       0.371463       0.379607       0.386201       0.391286       0.394925       0.397185       0.398109       0.397670       0.395706       0.391875       0.385680       0.376606       0.364381       0.349313       0.332635       0.316814       0.305867       0.305867
       0.301046       0.301046       0.312077       0.328094       0.345074       0.360519       0.373162       0.382662       0.389270       0.393490       0.395815       0.396588       0.395974       0.394002       0.390632       0.385798       0.379440       0.371516       0.362009       0.350927       0.338304       0.324203       0.308720       0.291982       0.274153       0.255431       0.236049       0.216267       0.196367       0.176638       0.157368       0.138827       0.121257       0.104863       0.089804       0.076190       0.064084       0.053508       0.044445       0.036855       0.030677       0.025847       0.022297       0.019972       0.018828       0.018834       0.019979       0.022264       0.025705       0.030329       0.036165       0.043239       0.051566       0.061144       0.071947       0.083920       0.096980       0.111009       0.125863       0.141373       0.157350       0.173593       0.189901       0.206073       0.221923       0.237279       0.251994       0.265940       0.279016       0.291144       0.302265       0.312342       0.321350       0.329279       0.336128       0.341900       0.346604       0.350250       0.352846       0.354400       0.354918       0.354400       0.352846       0.350250       0.346604       0.341900       0.336128       0.329279       0.321350       0.312342       0.302265       0.291144       0.279016       0.265940       0.251994       0.237279       0.221923       0.206073       0.189901       0.173593       0.157350       0.141373       0.125863       0.111009       0.096980       0.083920       0.071947       0.061144       0.051566       0.043239       0.036165       0.030329       0.025705       0.022264       0.019979       0.018834       0.018828       0.019972       0.022297       0.025847       0.030677       0.036855       0.044445       0.053508       0.064084       0.076190       0.089804       0.104863       0.121257       0.138827       0.157368       0.176638       0.196367       0.216267       0.236049       0.255431       0.274153       0.291982       0.308720       0.324203       0.338304       0.350927       0.362009       0.371516       0.379440       0.385798       0.390632       0.394002       0.395974       0.396588       0.395815       0.393490       0.389270       0.382662       0.373162       0.360519       0.345074       0.328094       0.312077       0.301046       0.301046
       0.295913       0.295913       0.307032       0.323257       0.340558       0.356408       0.369500       0.379458       0.386508       0.391141       0.393847       0.394969       0.394673       0.392993       0.389892       0.385305       0.379175       0.371462       0.362150       0.351247       0.338788       0.324837       0.309485       0.292861       0.275124       0.256473       0.237138       0.217379       0.197476       0.177719       0.158397       0.139784       0.122123       0.105623       0.090445       0.076701       0.064457       0.053734       0.044515       0.036758       0.030406       0.025399       0.021689       0.019248       0.018066       0.018134       0.019430       0.021925       0.025601       0.030461       0.036524       0.043817       0.052355       0.062140       0.073147       0.085324       0.098586       0.112814       0.127862       0.143556       0.159707       0.176111       0.192562       0.208862       0.224820       0.240267       0.255054       0.269057       0.282175       0.294331       0.305470       0.315555       0.324566       0.332492       0.339335       0.345100       0.349796       0.353435       0.356026       0.357576       0.358093       0.357576       0.356026       0.353435       0.349796       0.345100       0.339335       0.332492       0.324566       0.315555       0.305470       0.294331       0.282175       0.269057       0.255054       0.240267       0.224820       0.208862       0.192562       0.176111       0.159707       0.143556       0.127862       0.112814       0.098586       0.085324       0.073147       0.062140       0.052355       0.043817       0.036524       0.030461       0.025601       0.021925       0.019430       0.018134       0.018066       0.019248       0.021689       0.025399       0.030406       0.036758       0.044515       0.053734       0.064457       0.076701       0.090445       0.105623       0.122123       0.139784       0.158397       0.177719       0.197476       0.217379       0.237138       0.256473       0.275124       0.292861       0.309485       0.324837       0.338788       0.351247       0.362150       0.371462       0.379175       0.385305       0.389892       0.392993       0.394673       0.394969       0.393847       0.391141       0.386508       0.379458       0.369500       0.356408       0.340558       0.323257       0.307032       0.295913       0.295913
       0.290440       0.290440       0.301652       0.318098       0.335745       0.352032       0.365608       0.376059       0.383584       0.388659       0.391768       0.393254       0.393287       0.391904       0.389072       0.384729       0.378821       0.371309       0.362181       0.351444       0.339136       0.325319       0.310085       0.293560       0.275904       0.257313       0.238017       0.218274       0.198363       0.178577       0.159203       0.140518       0.122766       0.106156       0.090852       0.076963       0.064552       0.053636       0.044192       0.036171       0.029510       0.024157       0.020091       0.017350       0.016023       0.016174       0.017762       0.020663       0.024769       0.030032       0.036458       0.044070       0.052895       0.062940       0.074190       0.086594       0.100072       0.114506       0.129748       0.145626       0.161945       0.178502       0.195091       0.211509       0.227568       0.243099       0.257952       0.272005       0.285159       0.297339       0.308492       0.318583       0.327593       0.335516       0.342351       0.348108       0.352796       0.356427       0.359011       0.360559       0.361074       0.360559       0.359011       0.356427       0.352796       0.348108       0.342351       0.335516       0.327593       0.318583       0.308492       0.297339       0.285159       0.272005       0.257952       0.243099       0.227568       0.211509       0.195091       0.178502       0.161945       0.145626       0.129748       0.114506       0.100072       0.086594       0.074190       0.062940       0.052895       0.044070       0.036458       0.030032       0.024769       0.020663       0.017762       0.016174       0.016023       0.017350       0.020091       0.024157       0.029510       0.036171       0.044192       0.053636       0.064552       0.076963       0.090852       0.106156       0.122766       0.140518       0.159203       0.178577       0.198363       0.218274       0.238017       0.257313       0.275904       0.293560       0.310085       0.325319       0.339136       0.351444       0.362181       0.371309       0.378821       0.384729       0.389072       0.391904       0.393287       0.393254       0.391768       0.388659       0.383584       0.376059       0.365608       0.352032       0.335745       0.318098       0.301652       0.290440       0.290440
       0.284599       0.284599       0.295910       0.312595       0.330615       0.347376       0.361477       0.372462       0.380498       0.386045       0.389581       0.391448       0.391821       0.390742       0.388179       0.384077       0.378384       0.371065       0.362109       0.351527       0.339356       0.325659       0.310529       0.294091       0.276505       0.257964       0.238698       0.218965       0.199044       0.179227       0.159803       0.141048       0.123210       0.106496       0.091067       0.077032       0.064449       0.053323       0.043622       0.035281       0.028223       0.022382       0.017756       0.014471       0.012826       0.013101       0.015196       0.018740       0.023460       0.029256       0.036131       0.044124       0.053275       0.063608       0.075117       0.087758       0.101456       0.116095       0.131529       0.147583       0.164065       0.180768       0.197485       0.214014       0.230166       0.245772       0.260685       0.274783       0.287968       0.300168       0.311332       0.321426       0.330434       0.338351       0.345178       0.350925       0.355604       0.359227       0.361806       0.363349       0.363863       0.363349       0.361806       0.359227       0.355604       0.350925       0.345178       0.338351       0.330434       0.321426       0.311332       0.300168       0.287968       0.274783       0.260685       0.245772       0.230166       0.214014       0.197485       0.180768       0.164065       0.147583       0.131529       0.116095       0.101456       0.087758       0.075117       0.063608       0.053275       0.044124       0.036131       0.029256       0.023460       0.018740       0.015196       0.013101       0.012826       0.014471       0.017756       0.022382       0.028223       0.035281       0.043622       0.053323       0.064449       0.077032       0.091067       0.106496       0.123210       0.141048       0.159803       0.179227       0.199044       0.218965       0.238698       0.257964       0.276505       0.294091       0.310529       0.325659       0.339356       0.351527       0.362109       0.371065       0.378384       0.384077       0.388179       0.390742       0.391821       0.391448       0.389581       0.386045       0.380498       0.372462       0.361477       0.347376       0.330615       0.312595       0.295910       0.284599       0.284599
       0.278362       0.278362       0.289781       0.306725       0.325152       0.342428       0.357100       0.368663       0.377251       0.383303       0.387291       0.389559       0.390284       0.389514       0.387222       0.383358       0.377874       0.370739       0.361945       0.351506       0.339459       0.325870       0.310831       0.294467       0.276938       0.258438       0.239195       0.219466       0.199533       0.179686       0.160216       0.141400       0.123485       0.106680       0.091144       0.076984       0.064249       0.052938       0.043003       0.034359       0.026900       0.020523       0.015181       0.011025       0.008712       0.009209       0.012196       0.016642       0.022088       0.028452       0.035781       0.044148       0.053618       0.064229       0.075987       0.088857       0.102765       0.117599       0.133215       0.149436       0.166070       0.182909       0.199745       0.216376       0.232613       0.248287       0.263253       0.277390       0.290602       0.302818       0.313990       0.324085       0.333089       0.340998       0.347817       0.353554       0.358224       0.361838       0.364411       0.365950       0.366462       0.365950       0.364411       0.361838       0.358224       0.353554       0.347817       0.340998       0.333089       0.324085       0.313990       0.302818       0.290602       0.277390       0.263253       0.248287       0.232613       0.216376       0.199745       0.182909       0.166070       0.149436       0.133215       0.117599       0.102765       0.088857       0.075987       0.064229       0.053618       0.044148       0.035781       0.028452       0.022088       0.016642       0.012196       0.009209       0.008712       0.011025       0.015181       0.020523       0.026900       0.034359       0.043003       0.052938       0.064249       0.076984       0.091144       0.106680       0.123485       0.141400       0.160216       0.179686       0.199533       0.219466       0.239195       0.258438       0.276938       0.294467       0.310831       0.325870       0.339459       0.351506       0.361945       0.370739       0.377874       0.383358       0.387222       0.389514       0.390284       0.389559       0.387291       0.383303       0.377251       0.368663       0.357100       0.342428       0.325152       0.306725       0.289781       0.278362       0.278362
       0.271709       0.271709       0.283245       0.300473       0.319345       0.337183       0.352477       0.364667       0.373849       0.380443       0.384910       0.387597       0.388686       0.388230       0.386210       0.382581       0.377300       0.370341       0.361699       0.351390       0.339455       0.325960       0.311000       0.294699       0.277217       0.258748       0.239521       0.219793       0.199846       0.179971       0.160462       0.141595       0.123620       0.106747       0.091134       0.076887       0.064052       0.052620       0.042534       0.033689       0.025952       0.019166       0.013180       0.007932       0.004085       0.005168       0.009688       0.015098       0.021166       0.027978       0.035659       0.044320       0.054046       0.064889       0.076860       0.089929       0.104025       0.119036       0.134816       0.151190       0.167962       0.184925       0.201870       0.218593       0.234907       0.250642       0.265655       0.279825       0.293060       0.305289       0.316466       0.326560       0.335559       0.343460       0.350268       0.355995       0.360655       0.364262       0.366828       0.368363       0.368874       0.368363       0.366828       0.364262       0.360655       0.355995       0.350268       0.343460       0.335559       0.326560       0.316466       0.305289       0.293060       0.279825       0.265655       0.250642       0.234907       0.218593       0.201870       0.184925       0.167962       0.151190       0.134816       0.119036       0.104025       0.089929       0.076860       0.064889       0.054046       0.044320       0.035659       0.027978       0.021166       0.015098       0.009688       0.005168       0.004085       0.007932       0.013180       0.019166       0.025952       0.033689       0.042534       0.052620       0.064052       0.076887       0.091134       0.106747       0.123620       0.141595       0.160462       0.179971       0.199846       0.219793       0.239521       0.258748       0.277217       0.294699       0.311000       0.325960       0.339455       0.351390       0.361699       0.370341       0.377300       0.382581       0.386210       0.388230       0.388686       0.387597       0.384910       0.380443       0.373849       0.364667       0.352477       0.337183       0.319345       0.300473       0.283245       0.271709       0.271709
       0.264623       0.264623       0.276291       0.293831       0.313192       0.331646       0.347617       0.360487       0.370309       0.377478       0.382452       0.385576       0.387039       0.386903       0.385154       0.381756       0.376672       0.369880       0.361379       0.351189       0.339354       0.325942       0.311048       0.294799       0.277354       0.258908       0.239690       0.219959       0.199997       0.180098       0.160557       0.141652       0.123637       0.106723       0.091072       0.076790       0.063924       0.052465       0.042351       0.033476       0.025696       0.018836       0.012708       0.007125       0.002145       0.003890       0.009153       0.014866       0.021133       0.028113       0.035951       0.044767       0.054650       0.065650       0.077779       0.091006       0.105257       0.120418       0.136342       0.152850       0.169746       0.186819       0.203860       0.220666       0.237047       0.252837       0.267890       0.282089       0.295342       0.307581       0.318760       0.328851       0.337844       0.345735       0.352533       0.358250       0.362900       0.366499       0.369058       0.370590       0.371099       0.370590       0.369058       0.366499       0.362900       0.358250       0.352533       0.345735       0.337844       0.328851       0.318760       0.307581       0.295342       0.282089       0.267890       0.252837       0.237047       0.220666       0.203860       0.186819       0.169746       0.152850       0.136342       0.120418       0.105257       0.091006       0.077779       0.065650       0.054650       0.044767       0.035951       0.028113       0.021133       0.014866       0.009153       0.003890       0.002145       0.007125       0.012708       0.018836       0.025696       0.033476       0.042351       0.052465       0.063924       0.076790       0.091072       0.106723       0.123637       0.141652       0.160557       0.180098       0.199997       0.219959       0.239690       0.258908       0.277354       0.294799       0.311048       0.325942       0.339354       0.351189       0.361379       0.369880       0.376672       0.381756       0.385154       0.386903       0.387039       0.385576       0.382452       0.377478       0.370309       0.360487       0.347617       0.331646       0.313192       0.293831       0.276291       0.264623       0.264623
       0.257105       0.257105       0.268920       0.286808       0.306706       0.325834       0.342542       0.356145       0.366650       0.374431       0.379936       0.383513       0.385360       0.385546       0.384068       0.380896       0.376001       0.369366       0.360996       0.350914       0.339168       0.325826       0.310988       0.294779       0.277361       0.258930       0.239716       0.219978       0.200001       0.180081       0.160514       0.141585       0.123549       0.106622       0.090970       0.076704       0.063878       0.052488       0.042481       0.033759       0.026196       0.019655       0.014036       0.009420       0.006612       0.007385       0.011100       0.016155       0.022106       0.028932       0.036711       0.045530       0.055458       0.066534       0.078760       0.092097       0.106467       0.121750       0.137793       0.154417       0.171419       0.188589       0.205714       0.222592       0.239032       0.254868       0.269956       0.284179       0.297446       0.309692       0.320871       0.330959       0.339944       0.347826       0.354613       0.360320       0.364960       0.368551       0.371104       0.372632       0.373140       0.372632       0.371104       0.368551       0.364960       0.360320       0.354613       0.347826       0.339944       0.330959       0.320871       0.309692       0.297446       0.284179       0.269956       0.254868       0.239032       0.222592       0.205714       0.188589       0.171419       0.154417       0.137793       0.121750       0.106467       0.092097       0.078760       0.066534       0.055458       0.045530       0.036711       0.028932       0.022106       0.016155       0.011100       0.007385       0.006612       0.009420       0.014036       0.019655       0.026196       0.033759       0.042481       0.052488       0.063878       0.076704       0.090970       0.106622       0.123549       0.141585       0.160514       0.180081       0.200001       0.219978       0.239716       0.258930       0.277361       0.294779       0.310988       0.325826       0.339168       0.350914       0.360996       0.369366       0.376001       0.380896       0.384068       0.385546       0.385360       0.383513       0.379936       0.374431       0.366650       0.356145       0.342542       0.325834       0.306706       0.286808       0.268920       0.257105       0.257105
       0.249174       0.249174       0.261155       0.279430       0.299921       0.319783       0.337287       0.351675       0.362907       0.371331       0.377387       0.381431       0.383667       0.384176       0.382965       0.380013       0.375298       0.368811       0.360561       0.350576       0.338906       0.325624       0.310829       0.294651       0.277251       0.258827       0.239610       0.219862       0.199869       0.179929       0.160344       0.141399       0.123356       0.106436       0.090813       0.076604       0.063872       0.052625       0.042822       0.034388       0.027222       0.021235       0.016399       0.012864       0.011091       0.011596       0.014232       0.018421       0.023805       0.030275       0.037841       0.046546       0.056431       0.067516       0.079786       0.093193       0.107648       0.123026       0.139167       0.155886       0.172979       0.190231       0.207430       0.224369       0.240860       0.256735       0.271851       0.286093       0.299372       0.311622       0.322800       0.332883       0.341859       0.349731       0.356509       0.362205       0.366836       0.370418       0.372966       0.374490       0.374997       0.374490       0.372966       0.370418       0.366836       0.362205       0.356509       0.349731       0.341859       0.332883       0.322800       0.311622       0.299372       0.286093       0.271851       0.256735       0.240860       0.224369       0.207430       0.190231       0.172979       0.155886       0.139167       0.123026       0.107648       0.093193       0.079786       0.067516       0.056431       0.046546       0.037841       0.030275       0.023805       0.018421       0.014232       0.011596       0.011091       0.012864       0.016399       0.021235       0.027222       0.034388       0.042822       0.052625       0.063872       0.076604       0.090813       0.106436       0.123356       0.141399       0.160344       0.179929       0.199869       0.219862       0.239610       0.258827       0.277251       0.294651       0.310829       0.325624       0.338906       0.350576       0.360561       0.368811       0.375298       0.380013       0.382965       0.384176       0.383667       0.381431       0.377387       0.371331       0.362907       0.351675       0.337287       0.319783       0.299921       0.279430       0.261155       0.249174       0.249174
       0.240878       0.240878       0.253049       0.271753       0.292892       0.313550       0.331907       0.347129       0.359124       0.368215       0.374839       0.379355       0.381982       0.382810       0.381860       0.379120       0.374575       0.368225       0.360083       0.350184       0.338579       0.325345       0.310584       0.294427       0.277036       0.258612       0.239387       0.219624       0.199612       0.179653       0.160050       0.141095       0.123053       0.106151       0.090570       0.076435       0.063821       0.052746       0.043188       0.035086       0.028365       0.022954       0.018828       0.016056       0.014811       0.015249       0.017336       0.020889       0.025745       0.031830       0.039135       0.047679       0.057478       0.068533       0.080816       0.094265       0.108781       0.124232       0.140452       0.157250       0.174419       0.191741       0.209001       0.225993       0.242526       0.258433       0.273573       0.287831       0.301117       0.313369       0.324545       0.334621       0.343589       0.351452       0.358219       0.363905       0.368527       0.372102       0.374644       0.376165       0.376671       0.376165       0.374644       0.372102       0.368527       0.363905       0.358219       0.351452       0.343589       0.334621       0.324545       0.313369       0.301117       0.287831       0.273573       0.258433       0.242526       0.225993       0.209001       0.191741       0.174419       0.157250       0.140452       0.124232       0.108781       0.094265       0.080816       0.068533       0.057478       0.047679       0.039135       0.031830       0.025745       0.020889       0.017336       0.015249       0.014811       0.016056       0.018828       0.022954       0.028365       0.035086       0.043188       0.052746       0.063821       0.076435       0.090570       0.106151       0.123053       0.141095       0.160050       0.179653       0.199612       0.219624       0.239387       0.258612       0.277036       0.294427       0.310584       0.325345       0.338579       0.350184       0.360083       0.368225       0.374575       0.379120       0.381860       0.382810       0.381982       0.379355       0.374839       0.368215       0.359124       0.347129       0.331907       0.313550       0.292892       0.271753       0.253049       0.240878       0.240878
       0.232304       0.232304       0.244691       0.263870       0.285713       0.307222       0.326481       0.342575       0.355358       0.365132       0.372329       0.377318       0.380330       0.381470       0.380771       0.378230       0.373845       0.367619       0.359574       0.349748       0.338198       0.325002       0.310264       0.294118       0.276728       0.258297       0.239057       0.219276       0.199242       0.179262       0.159641       0.140674       0.122632       0.105746       0.090202       0.076135       0.063626       0.052706       0.043363       0.035551       0.029205       0.024255       0.020649       0.018372       0.017449       0.017913       0.019762       0.022958       0.027463       0.033261       0.040356       0.048761       0.058481       0.069505       0.081793       0.095273       0.109838       0.125349       0.141635       0.158500       0.175732       0.193113       0.210424       0.227459       0.244027       0.259961       0.275120       0.289389       0.302681       0.314933       0.326105       0.336175       0.345134       0.352987       0.359744       0.365421       0.370035       0.373603       0.376140       0.377657       0.378162       0.377657       0.376140       0.373603       0.370035       0.365421       0.359744       0.352987       0.345134       0.336175       0.326105       0.314933       0.302681       0.289389       0.275120       0.259961       0.244027       0.227459       0.210424       0.193113       0.175732       0.158500       0.141635       0.125349       0.109838       0.095273       0.081793       0.069505       0.058481       0.048761       0.040356       0.033261       0.027463       0.022958       0.019762       0.017913       0.017449       0.018372       0.020649       0.024255       0.029205       0.035551       0.043363       0.052706       0.063626       0.076135       0.090202       0.105746       0.122632       0.140674       0.159641       0.179262       0.199242       0.219276       0.239057       0.258297       0.276728       0.294118       0.310264       0.325002       0.338198       0.349748       0.359574       0.367619       0.373845       0.378230       0.380771       0.381470       0.380330       0.377318       0.372329       0.365132       0.355358       0.342575       0.326481       0.307222       0.285713       0.263870       0.244691       0.232304       0.232304
       0.223595       0.223595       0.236223       0.255920       0.278515       0.300918       0.321112       0.338099       0.351681       0.362137       0.369902       0.375354       0.378739       0.380177       0.379714       0.377359       0.373119       0.367005       0.359044       0.349280       0.337772       0.324603       0.309879       0.293736       0.276340       0.257894       0.238634       0.218829       0.198770       0.178765       0.159122       0.140139       0.122089       0.105207       0.089683       0.075654       0.063208       0.052382       0.043172       0.035540       0.029426       0.024759       0.021467       0.019492       0.018794       0.019355       0.021175       0.024261       0.028629       0.034302       0.041300       0.049643       0.059334       0.070355       0.082663       0.096179       0.110792       0.126357       0.142700       0.159622       0.176909       0.194339       0.211693       0.228763       0.245360       0.261315       0.276488       0.290765       0.304059       0.316310       0.327478       0.337541       0.346492       0.354335       0.361083       0.366752       0.371358       0.374920       0.377452       0.378966       0.379470       0.378966       0.377452       0.374920       0.371358       0.366752       0.361083       0.354335       0.346492       0.337541       0.327478       0.316310       0.304059       0.290765       0.276488       0.261315       0.245360       0.228763       0.211693       0.194339       0.176909       0.159622       0.142700       0.126357       0.110792       0.096179       0.082663       0.070355       0.059334       0.049643       0.041300       0.034302       0.028629       0.024261       0.021175       0.019355       0.018794       0.019492       0.021467       0.024759       0.029426       0.035540       0.043172       0.052382       0.063208       0.075654       0.089683       0.105207       0.122089       0.140139       0.159122       0.178765       0.198770       0.218829       0.238634       0.257894       0.276340       0.293736       0.309879       0.324603       0.337772       0.349280       0.359044       0.367005       0.373119       0.377359       0.379714       0.380177       0.378739       0.375354       0.369902       0.362137       0.351681       0.338099       0.321112       0.300918       0.278515       0.255920       0.236223       0.223595       0.223595
       0.214951       0.214951       0.227845       0.248094       0.271472       0.294792       0.315930       0.333806       0.348174       0.359296       0.367608       0.373501       0.377237       0.378953       0.378707       0.376521       0.372410       0.366393       0.358503       0.348788       0.337312       0.324160       0.309441       0.293292       0.275882       0.257416       0.238132       0.218298       0.198210       0.178176       0.158507       0.139501       0.121432       0.104537       0.089005       0.074975       0.062533       0.051718       0.042527       0.034927       0.028863       0.024274       0.021096       0.019269       0.018743       0.019475       0.021439       0.024634       0.029081       0.034808       0.041851       0.050234       0.059965       0.071030       0.083385       0.096953       0.111619       0.127239       0.143635       0.160607       0.177940       0.195411       0.212801       0.229900       0.246518       0.262489       0.277672       0.291955       0.305251       0.317499       0.328662       0.338718       0.347661       0.355496       0.362236       0.367896       0.372496       0.376052       0.378580       0.380091       0.380594       0.380091       0.378580       0.376052       0.372496       0.367896       0.362236       0.355496       0.347661       0.338718       0.328662       0.317499       0.305251       0.291955       0.277672       0.262489       0.246518       0.229900       0.212801       0.195411       0.177940       0.160607       0.143635       0.127239       0.111619       0.096953       0.083385       0.071030       0.059965       0.050234       0.041851       0.034808       0.029081       0.024634       0.021439       0.019475       0.018743       0.019269       0.021096       0.024274       0.028863       0.034927       0.042527       0.051718       0.062533       0.074975       0.089005       0.104537       0.121432       0.139501       0.158507       0.178176       0.198210       0.218298       0.238132       0.257416       0.275882       0.293292       0.309441       0.324160       0.337312       0.348788       0.358503       0.366393       0.372410       0.376521       0.378707       0.378953       0.377237       0.373501       0.367608       0.359296       0.348174       0.333806       0.315930       0.294792       0.271472       0.248094       0.227845       0.214951       0.214951
       0.206648       0.206648       0.219822       0.240639       0.264806       0.289030       0.311086       0.329816       0.344931       0.356678       0.365499       0.371799       0.375855       0.377821       0.377768       0.375730       0.371730       0.365794       0.357961       0.348283       0.336827       0.323682       0.308959       0.292797       0.275368       0.256876       0.237562       0.217698       0.197578       0.177512       0.157812       0.138777       0.120680       0.103756       0.088191       0.074121       0.061625       0.050738       0.041452       0.033730       0.027525       0.022794       0.019518       0.017694       0.017307       0.018299       0.020584       0.024097       0.028819       0.034771       0.041991       0.050512       0.060355       0.071511       0.083944       0.097580       0.112308       0.127983       0.144430       0.161447       0.178820       0.196325       0.213742       0.230863       0.247499       0.263481       0.278671       0.292956       0.306251       0.318496       0.329654       0.339703       0.348639       0.356467       0.363199       0.368853       0.373447       0.376998       0.379522       0.381032       0.381534       0.381032       0.379522       0.376998       0.373447       0.368853       0.363199       0.356467       0.348639       0.339703       0.329654       0.318496       0.306251       0.292956       0.278671       0.263481       0.247499       0.230863       0.213742       0.196325       0.178820       0.161447       0.144430       0.127983       0.112308       0.097580       0.083944       0.071511       0.060355       0.050512       0.041991       0.034771       0.028819       0.024097       0.020584       0.018299       0.017307       0.017694       0.019518       0.022794       0.027525       0.033730       0.041452       0.050738       0.061625       0.074121       0.088191       0.103756       0.120680       0.138777       0.157812       0.177512       0.197578       0.217698       0.237562       0.256876       0.275368       0.292797       0.308959       0.323682       0.336827       0.348283       0.357961       0.365794       0.371730       0.375730       0.377768       0.377821       0.375855       0.371799       0.365499       0.356678       0.344931       0.329816       0.311086       0.289030       0.264806       0.240639       0.219822       0.206648       0.206648
       0.199023       0.199023       0.212479       0.233849       0.258769       0.283842       0.306746       0.326256       0.342046       0.354354       0.363627       0.370284       0.374620       0.376802       0.376914       0.374999       0.371089       0.365217       0.357426       0.347772       0.336326       0.323179       0.308444       0.292263       0.274808       0.256286       0.236941       0.217043       0.196889       0.176791       0.157060       0.137995       0.119866       0.102904       0.087292       0.073157       0.060570       0.049553       0.040084       0.032115       0.025595       0.020502       0.016886       0.014882       0.014612       0.016002       0.018813       0.022841       0.028004       0.034309       0.041802       0.050533       0.060536       0.071817       0.084348       0.098064       0.112857       0.128587       0.145080       0.162137       0.179542       0.197073       0.214512       0.231649       0.248295       0.264285       0.279478       0.293763       0.307057       0.319299       0.330451       0.340494       0.349424       0.357246       0.363972       0.369621       0.374209       0.377757       0.380278       0.381786       0.382288       0.381786       0.380278       0.377757       0.374209       0.369621       0.363972       0.357246       0.349424       0.340494       0.330451       0.319299       0.307057       0.293763       0.279478       0.264285       0.248295       0.231649       0.214512       0.197073       0.179542       0.162137       0.145080       0.128587       0.112857       0.098064       0.084348       0.071817       0.060536       0.050533       0.041802       0.034309       0.028004       0.022841       0.018813       0.016002       0.014612       0.014882       0.016886       0.020502       0.025595       0.032115       0.040084       0.049553       0.060570       0.073157       0.087292       0.102904       0.119866       0.137995       0.157060       0.176791       0.196889       0.217043       0.236941       0.256286       0.274808       0.292263       0.308444       0.323179       0.336326       0.347772       0.357426       0.365217       0.371089       0.374999       0.376914       0.376802       0.374620       0.370284       0.363627       0.354354       0.342046       0.326256       0.306746       0.283842       0.258769       0.233849       0.212479       0.199023       0.199023
       0.192463       0.192463       0.206179       0.228049       0.253632       0.279443       0.303078       0.323252       0.339613       0.352391       0.362041       0.368994       0.373558       0.375915       0.376158       0.374340       0.370498       0.364671       0.356907       0.347264       0.335818       0.322660       0.307906       0.291699       0.274214       0.255660       0.236280       0.216349       0.196163       0.176035       0.156276       0.137183       0.119026       0.102032       0.086376       0.072176       0.059494       0.048333       0.038654       0.030383       0.023441       0.017793       0.013542       0.011071       0.010899       0.012935       0.016526       0.021232       0.026929       0.033640       0.041440       0.050402       0.060579       0.071992       0.084625       0.098419       0.113274       0.129053       0.145585       0.162673       0.180102       0.197652       0.215104       0.232251       0.248904       0.264896       0.280090       0.294374       0.307664       0.319902       0.331049       0.341088       0.350013       0.357829       0.364551       0.370196       0.374781       0.378326       0.380845       0.382352       0.382853       0.382352       0.380845       0.378326       0.374781       0.370196       0.364551       0.357829       0.350013       0.341088       0.331049       0.319902       0.307664       0.294374       0.280090       0.264896       0.248904       0.232251       0.215104       0.197652       0.180102       0.162673       0.145585       0.129053       0.113274       0.098419       0.084625       0.071992       0.060579       0.050402       0.041440       0.033640       0.026929       0.021232       0.016526       0.012935       0.010899       0.011071       0.013542       0.017793       0.023441       0.030383       0.038654       0.048333       0.059494       0.072176       0.086376       0.102032       0.119026       0.137183       0.156276       0.176035       0.196163       0.216349       0.236280       0.255660       0.274214       0.291699       0.307906       0.322660       0.335818       0.347264       0.356907       0.364671       0.370498       0.374340       0.376158       0.375915       0.373558       0.368994       0.362041       0.352391       0.339613       0.323252       0.303078       0.279443       0.253632       0.228049       0.206179       0.192463       0.192463
       0.187358       0.187358       0.201283       0.223549       0.249654       0.276037       0.300234       0.320917       0.337713       0.350848       0.360782       0.367957       0.372692       0.375176       0.375513       0.373762       0.369964       0.364163       0.356410       0.346767       0.335309       0.322132       0.307352       0.291115       0.273596       0.255008       0.235594       0.215630       0.195415       0.175262       0.155482       0.136372       0.118200       0.101189       0.085511       0.071275       0.058532       0.047272       0.037432       0.028910       0.021579       0.015326       0.010163       0.006653       0.006567       0.009772       0.014375       0.019782       0.025968       0.033032       0.041091       0.050247       0.060570       0.072093       0.084810       0.098668       0.113572       0.129388       0.145947       0.163055       0.180499       0.198058       0.215516       0.232666       0.249319       0.265310       0.280501       0.294781       0.308068       0.320301       0.331445       0.341480       0.350401       0.358214       0.364933       0.370575       0.375159       0.378702       0.381220       0.382726       0.383227       0.382726       0.381220       0.378702       0.375159       0.370575       0.364933       0.358214       0.350401       0.341480       0.331445       0.320301       0.308068       0.294781       0.280501       0.265310       0.249319       0.232666       0.215516       0.198058       0.180499       0.163055       0.145947       0.129388       0.113572       0.098668       0.084810       0.072093       0.060570       0.050247       0.041091       0.033032       0.025968       0.019782       0.014375       0.009772       0.006567       0.006653       0.010163       0.015326       0.021579       0.028910       0.037432       0.047272       0.058532       0.071275       0.085511       0.101189       0.118200       0.136372       0.155482       0.175262       0.195415       0.215630       0.235594       0.255008       0.273596       0.291115       0.307352       0.322132       0.335309       0.346767       0.356410       0.364163       0.369964       0.373762       0.375513       0.375176       0.372692       0.367957       0.360782       0.350848       0.337713       0.320917       0.300234       0.276037       0.249654       0.223549       0.201283       0.187358       0.187358
       0.184040       0.184040       0.198096       0.220610       0.247040       0.273782       0.298331       0.319335       0.336406       0.349767       0.359880       0.367195       0.372035       0.374597       0.374989       0.373272       0.369494       0.363700       0.355943       0.346286       0.334807       0.321602       0.306791       0.290519       0.272965       0.254340       0.234893       0.214899       0.194659       0.174488       0.154697       0.135585       0.117417       0.100417       0.084751       0.070529       0.057792       0.046523       0.036647       0.028042       0.020546       0.013966       0.008102       0.002820       0.002805       0.007843       0.013210       0.019025       0.025471       0.032719       0.040916       0.050178       0.060583       0.072171       0.084936       0.098830       0.113761       0.129596       0.146167       0.163282       0.180728       0.198287       0.215743       0.232888       0.249535       0.265521       0.280706       0.294981       0.308263       0.320493       0.331633       0.341665       0.350584       0.358396       0.365114       0.370755       0.375339       0.378881       0.381400       0.382906       0.383407       0.382906       0.381400       0.378881       0.375339       0.370755       0.365114       0.358396       0.350584       0.341665       0.331633       0.320493       0.308263       0.294981       0.280706       0.265521       0.249535       0.232888       0.215743       0.198287       0.180728       0.163282       0.146167       0.129596       0.113761       0.098830       0.084936       0.072171       0.060583       0.050178       0.040916       0.032719       0.025471       0.019025       0.013210       0.007843       0.002805       0.002820       0.008102       0.013966       0.020546       0.028042       0.036647       0.046523       0.057792       0.070529       0.084751       0.100417       0.117417       0.135585       0.154697       0.174488       0.194659       0.214899       0.234893       0.254340       0.272965       0.290519       0.306791       0.321602       0.334807       0.346286       0.355943       0.363700       0.369494       0.373272       0.374989       0.374597       0.372035       0.367195       0.359880       0.349767       0.336406       0.319335       0.298331       0.273782       0.247040       0.220610       0.198096       0.184040       0.184040
       0.182712       0.182712       0.196801       0.219385       0.245913       0.272770       0.297437       0.318554       0.335726       0.349171       0.359352       0.366719       0.371597       0.374184       0.374589       0.372877       0.369093       0.363286       0.355509       0.345826       0.334317       0.321078       0.306230       0.289920       0.272327       0.253667       0.234187       0.214166       0.193907       0.173726       0.153936       0.134836       0.116693       0.099733       0.084122       0.069969       0.057318       0.046152       0.036400       0.027942       0.020628       0.014296       0.008850       0.004686       0.004656       0.008609       0.013617       0.019263       0.025620       0.032822       0.040998       0.050253       0.060659       0.072251       0.085021       0.098918       0.113849       0.129681       0.146247       0.163353       0.180788       0.198336       0.215779       0.232912       0.249548       0.265523       0.280700       0.294968       0.308244       0.320470       0.331608       0.341639       0.350558       0.358370       0.365089       0.370732       0.375316       0.378860       0.381380       0.382886       0.383388       0.382886       0.381380       0.378860       0.375316       0.370732       0.365089       0.358370       0.350558       0.341639       0.331608       0.320470       0.308244       0.294968       0.280700       0.265523       0.249548       0.232912       0.215779       0.198336       0.180788       0.163353       0.146247       0.129681       0.113849       0.098918       0.085021       0.072251       0.060659       0.050253       0.040998       0.032822       0.025620       0.019263       0.013617       0.008609       0.004656       0.004686       0.008850       0.014296       0.020628       0.027942       0.036400       0.046152       0.057318       0.069969       0.084122       0.099733       0.116693       0.134836       0.153936       0.173726       0.193907       0.214166       0.234187       0.253667       0.272327       0.289920       0.306230       0.321078       0.334317       0.345826       0.355509       0.363286       0.369093       0.372877       0.374589       0.374184       0.371597       0.366719       0.359352       0.349171       0.335726       0.318554       0.297437       0.272770       0.245913       0.219385       0.196801       0.182712       0.182712
       0.183399       0.183399       0.197420       0.219890       0.246284       0.273007       0.297558       0.318578       0.335674       0.349062       0.359199       0.366531       0.371379       0.373938       0.374317       0.372576       0.368763       0.362924       0.355113       0.345393       0.333844       0.320564       0.305674       0.289323       0.271691       0.252995       0.233484       0.213439       0.193166       0.172981       0.153201       0.134127       0.116029       0.099132       0.083611       0.069576       0.057079       0.046112       0.036618       0.028500       0.021648       0.015983       0.011576       0.008902       0.008833       0.011291       0.015307       0.020359       0.026343       0.033301       0.041314       0.050460       0.060792       0.072333       0.085064       0.098931       0.113835       0.129641       0.146182       0.163263       0.180675       0.198198       0.215619       0.232731       0.249350       0.265310       0.280475       0.294734       0.308005       0.320227       0.331364       0.341395       0.350316       0.358131       0.364854       0.370499       0.375087       0.378634       0.381155       0.382663       0.383165       0.382663       0.381155       0.378634       0.375087       0.370499       0.364854       0.358131       0.350316       0.341395       0.331364       0.320227       0.308005       0.294734       0.280475       0.265310       0.249350       0.232731       0.215619       0.198198       0.180675       0.163263       0.146182       0.129641       0.113835       0.098931       0.085064       0.072333       0.060792       0.050460       0.041314       0.033301       0.026343       0.020359       0.015307       0.011291       0.008833       0.008902       0.011576       0.015983       0.021648       0.028500       0.036618       0.046112       0.057079       0.069576       0.083611       0.099132       0.116029       0.134127       0.153201       0.172981       0.193166       0.213439       0.233484       0.252995       0.271691       0.289323       0.305674       0.320564       0.333844       0.345393       0.355113       0.362924       0.368763       0.372576       0.374317       0.373938       0.371379       0.366531       0.359199       0.349062       0.335674       0.318578       0.297558       0.273007       0.246284       0.219890       0.197420       0.183399       0.183399
       0.185941       0.185941       0.199807       0.222002       0.248053       0.274419       0.298634       0.319364       0.336222       0.349419       0.359406       0.366620       0.371374       0.373856       0.374169       0.372370       0.368505       0.362616       0.354756       0.344988       0.333392       0.320066       0.305130       0.288735       0.271062       0.252330       0.232789       0.212724       0.192440       0.172256       0.152493       0.133453       0.115409       0.098591       0.083177       0.069286       0.056978       0.046258       0.037085       0.029387       0.023085       0.018132       0.014583       0.012644       0.012552       0.014259       0.017445       0.021845       0.027355       0.033976       0.041751       0.050726       0.060936       0.072385       0.085047       0.098856       0.113710       0.129471       0.145968       0.163009       0.180382       0.197869       0.215257       0.232341       0.248935       0.264875       0.280025       0.294273       0.307537       0.319756       0.330893       0.340927       0.349852       0.357672       0.364400       0.370052       0.374645       0.378196       0.380721       0.382231       0.382734       0.382231       0.380721       0.378196       0.374645       0.370052       0.364400       0.357672       0.349852       0.340927       0.330893       0.319756       0.307537       0.294273       0.280025       0.264875       0.248935       0.232341       0.215257       0.197869       0.180382       0.163009       0.145968       0.129471       0.113710       0.098856       0.085047       0.072385       0.060936       0.050726       0.041751       0.033976       0.027355       0.021845       0.017445       0.014259       0.012552       0.012644       0.014583       0.018132       0.023085       0.029387       0.037085       0.046258       0.056978       0.069286       0.083177       0.098591       0.115409       0.133453       0.152493       0.172256       0.192440       0.212724       0.232789       0.252330       0.271062       0.288735       0.305130       0.320066       0.333392       0.344988       0.354756       0.362616       0.368505       0.372370       0.374169       0.373856       0.371374       0.366620       0.359406       0.349419       0.336222       0.319364       0.298634       0.274419       0.248053       0.222002       0.199807       0.185941       0.185941
       0.190030       0.190030       0.203679       0.225479       0.251028       0.276856       0.300557       0.320833       0.337311       0.350201       0.359945       0.366966       0.371567       0.373927       0.374139       0.372256       0.368316       0.362360       0.354439       0.344614       0.332964       0.319585       0.304600       0.288159       0.270445       0.251677       0.232108       0.212023       0.191730       0.171551       0.151806       0.132802       0.114813       0.098074       0.082765       0.069013       0.056885       0.046399       0.037526       0.030207       0.024374       0.019968       0.016968       0.015404       0.015306       0.016638       0.019301       0.023202       0.028303       0.034609       0.042147       0.050945       0.061019       0.072363       0.084938       0.098673       0.113460       0.129159       0.145598       0.162583       0.179903       0.197343       0.214687       0.231733       0.248296       0.264211       0.279342       0.293577       0.306834       0.319050       0.330188       0.340226       0.349158       0.356986       0.363722       0.369382       0.373983       0.377541       0.380070       0.381583       0.382087       0.381583       0.380070       0.377541       0.373983       0.369382       0.363722       0.356986       0.349158       0.340226       0.330188       0.319050       0.306834       0.293577       0.279342       0.264211       0.248296       0.231733       0.214687       0.197343       0.179903       0.162583       0.145598       0.129159       0.113460       0.098673       0.084938       0.072363       0.061019       0.050945       0.042147       0.034609       0.028303       0.023202       0.019301       0.016638       0.015306       0.015404       0.016968       0.019968       0.024374       0.030207       0.037526       0.046399       0.056885       0.069013       0.082765       0.098074       0.114813       0.132802       0.151806       0.171551       0.191730       0.212023       0.232108       0.251677       0.270445       0.288159       0.304600       0.319585       0.332964       0.344614       0.354439       0.362360       0.368316       0.372256       0.374139       0.373927       0.371567       0.366966       0.359945       0.350201       0.337311       0.320833       0.300557       0.276856       0.251028       0.225479       0.203679       0.190030       0.190030
       0.195275       0.195275       0.208677       0.230013       0.254955       0.280121       0.303178       0.322876       0.338862       0.351352       0.360774       0.367541       0.371941       0.374138       0.374219       0.372226       0.368193       0.362157       0.354163       0.344272       0.332561       0.319126       0.304089       0.287600       0.269844       0.251040       0.231443       0.211339       0.191038       0.170862       0.151135       0.132162       0.114220       0.097545       0.082321       0.068675       0.056682       0.046363       0.037698       0.030633       0.025096       0.021012       0.018309       0.016934       0.016848       0.018019       0.020420       0.024041       0.028888       0.034983       0.042350       0.051011       0.060972       0.072219       0.084707       0.098361       0.113071       0.128695       0.145062       0.161977       0.179232       0.196611       0.213902       0.230901       0.247424       0.263309       0.278417       0.292638       0.305886       0.318100       0.329241       0.339285       0.348225       0.356065       0.362812       0.368483       0.373094       0.376660       0.379196       0.380713       0.381218       0.380713       0.379196       0.376660       0.373094       0.368483       0.362812       0.356065       0.348225       0.339285       0.329241       0.318100       0.305886       0.292638       0.278417       0.263309       0.247424       0.230901       0.213902       0.196611       0.179232       0.161977       0.145062       0.128695       0.113071       0.098361       0.084707       0.072219       0.060972       0.051011       0.042350       0.034983       0.028888       0.024041       0.020420       0.018019       0.016848       0.016934       0.018309       0.021012       0.025096       0.030633       0.037698       0.046363       0.056682       0.068675       0.082321       0.097545       0.114220       0.132162       0.151135       0.170862       0.191038       0.211339       0.231443       0.251040       0.269844       0.287600       0.304089       0.319126       0.332561       0.344272       0.354163       0.362157       0.368193       0.372226       0.374219       0.374138       0.371941       0.367541       0.360774       0.351352       0.338862       0.322876       0.303178       0.280121       0.254955       0.230013       0.208677       0.195275       0.195275
       0.201275       0.201275       0.214425       0.235274       0.259562       0.283997       0.306330       0.325367       0.340785       0.352805       0.361849       0.368312       0.372470       0.374474       0.374397       0.372274       0.368132       0.362002       0.353927       0.343963       0.332185       0.318690       0.303598       0.287061       0.269262       0.250422       0.230797       0.210674       0.190365       0.170191       0.150476       0.131526       0.113617       0.096984       0.081810       0.068222       0.056293       0.046044       0.037455       0.030473       0.025027       0.021036       0.018421       0.017114       0.017061       0.018224       0.020588       0.024153       0.028936       0.034964       0.042264       0.050857       0.060748       0.071921       0.084333       0.097906       0.112533       0.128072       0.144354       0.161186       0.178362       0.195668       0.212893       0.229836       0.246312       0.262160       0.277241       0.291444       0.304683       0.316896       0.328040       0.338094       0.347046       0.354899       0.361661       0.367346       0.371969       0.375546       0.378090       0.379612       0.380118       0.379612       0.378090       0.375546       0.371969       0.367346       0.361661       0.354899       0.347046       0.338094       0.328040       0.316896       0.304683       0.291444       0.277241       0.262160       0.246312       0.229836       0.212893       0.195668       0.178362       0.161186       0.144354       0.128072       0.112533       0.097906       0.084333       0.071921       0.060748       0.050857       0.042264       0.034964       0.028936       0.024153       0.020588       0.018224       0.017061       0.017114       0.018421       0.021036       0.025027       0.030473       0.037455       0.046044       0.056293       0.068222       0.081810       0.096984       0.113617       0.131526       0.150476       0.170191       0.190365       0.210674       0.230797       0.250422       0.269262       0.287061       0.303598       0.318690       0.332185       0.343963       0.353927       0.362002       0.368132       0.372274       0.374397       0.374474       0.372470       0.368312       0.361849       0.352805       0.340785       0.325367       0.306330       0.283997       0.259562       0.235274       0.214425       0.201275       0.201275
       0.207670       0.207670       0.220582       0.240955       0.264586       0.288271       0.309845       0.328179       0.342985       0.354492       0.363116       0.369243       0.373129       0.374914       0.374660       0.372391       0.368127       0.361894       0.353728       0.343685       0.331837       0.318279       0.303131       0.286543       0.268701       0.249826       0.230174       0.210033       0.189713       0.169539       0.149831       0.130895       0.113005       0.096391       0.081231       0.067649       0.055710       0.045428       0.036779       0.029705       0.024137       0.020013       0.017289       0.015941       0.015945       0.017248       0.019785       0.023512       0.028420       0.034530       0.041870       0.050468       0.060335       0.071462       0.083808       0.097302       0.111840       0.127284       0.143468       0.160203       0.177286       0.194505       0.211653       0.228529       0.244950       0.260754       0.275804       0.289987       0.303216       0.315427       0.326577       0.336641       0.345608       0.353478       0.360258       0.365960       0.370599       0.374189       0.376742       0.378270       0.378779       0.378270       0.376742       0.374189       0.370599       0.365960       0.360258       0.353478       0.345608       0.336641       0.326577       0.315427       0.303216       0.289987       0.275804       0.260754       0.244950       0.228529       0.211653       0.194505       0.177286       0.160203       0.143468       0.127284       0.111840       0.097302       0.083808       0.071462       0.060335       0.050468       0.041870       0.034530       0.028420       0.023512       0.019785       0.017248       0.015945       0.015941       0.017289       0.020013       0.024137       0.029705       0.036779       0.045428       0.055710       0.067649       0.081231       0.096391       0.113005       0.130895       0.149831       0.169539       0.189713       0.210033       0.230174       0.249826       0.268701       0.286543       0.303131       0.318279       0.331837       0.343685       0.353728       0.361894       0.368127       0.372391       0.374660       0.374914       0.373129       0.369243       0.363116       0.354492       0.342985       0.328179       0.309845       0.288271       0.264586       0.240955       0.220582       0.207670       0.207670
       0.214165       0.214165       0.226864       0.246795       0.269800       0.292751       0.313570       0.331193       0.345369       0.356342       0.364527       0.370294       0.373890       0.375440       0.374994       0.372567       0.368171       0.361826       0.353565       0.343438       0.331517       0.317893       0.302688       0.286050       0.268165       0.249255       0.229577       0.209417       0.189088       0.168912       0.149208       0.130280       0.112397       0.095784       0.080613       0.066997       0.054992       0.044600       0.035780       0.028467       0.022589       0.018106       0.015049       0.013527       0.013622       0.015241       0.018174       0.022266       0.027461       0.033769       0.041231       0.049887       0.059763       0.070858       0.083143       0.096554       0.110994       0.126330       0.142401       0.159024       0.175998       0.193117       0.210173       0.226971       0.243328       0.259082       0.274095       0.288254       0.301472       0.313682       0.324839       0.334917       0.343902       0.351792       0.358593       0.364316       0.368973       0.372579       0.375144       0.376680       0.377191       0.376680       0.375144       0.372579       0.368973       0.364316       0.358593       0.351792       0.343902       0.334917       0.324839       0.313682       0.301472       0.288254       0.274095       0.259082       0.243328       0.226971       0.210173       0.193117       0.175998       0.159024       0.142401       0.126330       0.110994       0.096554       0.083143       0.070858       0.059763       0.049887       0.041231       0.033769       0.027461       0.022266       0.018174       0.015241       0.013622       0.013527       0.015049       0.018106       0.022589       0.028467       0.035780       0.044600       0.054992       0.066997       0.080613       0.095784       0.112397       0.130280       0.149208       0.168912       0.189088       0.209417       0.229577       0.249255       0.268165       0.286050       0.302688       0.317893       0.331517       0.343438       0.353565       0.361826       0.368171       0.372567       0.374994       0.375440       0.373890       0.370294       0.364527       0.356342       0.345369       0.331193       0.313570       0.292751       0.269800       0.246795       0.226864       0.214165       0.214165
       0.220539       0.220539       0.233055       0.252591       0.275018       0.297278       0.317373       0.334302       0.347856       0.358294       0.366032       0.371432       0.374728       0.376032       0.375385       0.372792       0.368258       0.361795       0.353434       0.343221       0.331223       0.317534       0.302270       0.285582       0.267655       0.248712       0.229008       0.208832       0.188494       0.168317       0.148617       0.129695       0.111816       0.095199       0.080007       0.066344       0.054252       0.043716       0.034678       0.027048       0.020732       0.015685       0.012012       0.010089       0.010334       0.012537       0.016115       0.020730       0.026302       0.032861       0.040473       0.049200       0.059086       0.070146       0.082360       0.095676       0.110001       0.125212       0.141153       0.157645       0.174493       0.191495       0.208447       0.225153       0.241435       0.257130       0.272101       0.286234       0.299438       0.311647       0.322813       0.332906       0.341913       0.349827       0.356654       0.362401       0.367080       0.370704       0.373284       0.374828       0.375342       0.374828       0.373284       0.370704       0.367080       0.362401       0.356654       0.349827       0.341913       0.332906       0.322813       0.311647       0.299438       0.286234       0.272101       0.257130       0.241435       0.225153       0.208447       0.191495       0.174493       0.157645       0.141153       0.125212       0.110001       0.095676       0.082360       0.070146       0.059086       0.049200       0.040473       0.032861       0.026302       0.020730       0.016115       0.012537       0.010334       0.010089       0.012012       0.015685       0.020732       0.027048       0.034678       0.043716       0.054252       0.066344       0.080007       0.095199       0.111816       0.129695       0.148617       0.168317       0.188494       0.208832       0.229008       0.248712       0.267655       0.285582       0.302270       0.317534       0.331223       0.343221       0.353434       0.361795       0.368258       0.372792       0.375385       0.376032       0.374728       0.371432       0.366032       0.358294       0.347856       0.334302       0.317373       0.297278       0.275018       0.252591       0.233055       0.220539       0.220539
       0.226642       0.226642       0.239004       0.258195       0.280103       0.301730       0.321147       0.337418       0.350374       0.360291       0.367588       0.372623       0.375616       0.376672       0.375819       0.373056       0.368380       0.361797       0.353332       0.343030       0.330956       0.317199       0.301878       0.285140       0.267173       0.248197       0.228470       0.208279       0.187936       0.167760       0.148068       0.129157       0.111288       0.094675       0.079474       0.065779       0.053620       0.042969       0.033745       0.025830       0.019084       0.013392       0.008791       0.005956       0.006502       0.009767       0.014182       0.019344       0.025260       0.032025       0.039746       0.048508       0.058373       0.069369       0.081488       0.094683       0.108871       0.123934       0.139722       0.156063       0.172766       0.189633       0.206463       0.223065       0.239261       0.254888       0.269811       0.283912       0.297101       0.309308       0.320484       0.330596       0.339627       0.347570       0.354426       0.360202       0.364907       0.368553       0.371148       0.372702       0.373220       0.372702       0.371148       0.368553       0.364907       0.360202       0.354426       0.347570       0.339627       0.330596       0.320484       0.309308       0.297101       0.283912       0.269811       0.254888       0.239261       0.223065       0.206463       0.189633       0.172766       0.156063       0.139722       0.123934       0.108871       0.094683       0.081488       0.069369       0.058373       0.048508       0.039746       0.032025       0.025260       0.019344       0.014182       0.009767       0.006502       0.005956       0.008791       0.013392       0.019084       0.025830       0.033745       0.042969       0.053620       0.065779       0.079474       0.094675       0.111288       0.129157       0.148068       0.167760       0.187936       0.208279       0.228470       0.248197       0.267173       0.285140       0.301878       0.317199       0.330956       0.343030       0.353332       0.361797       0.368380       0.373056       0.375819       0.376672       0.375616       0.372623       0.367588       0.360291       0.350374       0.337418       0.321147       0.301730       0.280103       0.258195       0.239004       0.226642       0.226642
       0.232378       0.232378       0.244614       0.263508       0.284959       0.306015       0.324813       0.340474       0.352866       0.362287       0.369160       0.373837       0.376534       0.377343       0.376285       0.373350       0.368530       0.361825       0.353257       0.342866       0.330714       0.316891       0.301511       0.284726       0.266719       0.247713       0.227964       0.207762       0.187417       0.167248       0.147570       0.128679       0.110833       0.094243       0.079061       0.065374       0.053206       0.042520       0.033223       0.025178       0.018211       0.012126       0.006721       0.001954       0.003369       0.008083       0.013102       0.018560       0.024626       0.031454       0.039176       0.047893       0.057677       0.068562       0.080545       0.093586       0.107608       0.122496       0.138107       0.154274       0.170810       0.187522       0.204214       0.220696       0.236792       0.252342       0.267208       0.281274       0.294445       0.306650       0.317837       0.327971       0.337030       0.345006       0.351896       0.357704       0.362439       0.366110       0.368725       0.370290       0.370812       0.370290       0.368725       0.366110       0.362439       0.357704       0.351896       0.345006       0.337030       0.327971       0.317837       0.306650       0.294445       0.281274       0.267208       0.252342       0.236792       0.220696       0.204214       0.187522       0.170810       0.154274       0.138107       0.122496       0.107608       0.093586       0.080545       0.068562       0.057677       0.047893       0.039176       0.031454       0.024626       0.018560       0.013102       0.008083       0.003369       0.001954       0.006721       0.012126       0.018211       0.025178       0.033223       0.042520       0.053206       0.065374       0.079061       0.094243       0.110833       0.128679       0.147570       0.167248       0.187417       0.207762       0.227964       0.247713       0.266719       0.284726       0.301511       0.316891       0.330714       0.342866       0.353257       0.361825       0.368530       0.373350       0.376285       0.377343       0.376534       0.373837       0.369160       0.362287       0.352866       0.340474       0.324813       0.306015       0.284959       0.263508       0.244614       0.232378       0.232378
       0.237697       0.237697       0.249830       0.268473       0.289525       0.310075       0.328315       0.343417       0.355288       0.364245       0.370716       0.375052       0.377461       0.378029       0.376769       0.373665       0.368702       0.361876       0.353204       0.342724       0.330496       0.316606       0.301170       0.284338       0.266293       0.247259       0.227492       0.207281       0.186937       0.166780       0.147125       0.128265       0.110459       0.093917       0.078788       0.065161       0.053059       0.042445       0.033230       0.025283       0.018443       0.012549       0.007525       0.003929       0.004729       0.008652       0.013363       0.018632       0.024549       0.031239       0.038823       0.047394       0.057022       0.067738       0.079541       0.092391       0.106212       0.120897       0.136304       0.152271       0.168618       0.185154       0.201688       0.218034       0.234017       0.249478       0.264280       0.278303       0.291453       0.303656       0.314855       0.325013       0.334105       0.342117       0.349046       0.354893       0.359662       0.363361       0.365998       0.367577       0.368103       0.367577       0.365998       0.363361       0.359662       0.354893       0.349046       0.342117       0.334105       0.325013       0.314855       0.303656       0.291453       0.278303       0.264280       0.249478       0.234017       0.218034       0.201688       0.185154       0.168618       0.152271       0.136304       0.120897       0.106212       0.092391       0.079541       0.067738       0.057022       0.047394       0.038823       0.031239       0.024549       0.018632       0.013363       0.008652       0.004729       0.003929       0.007525       0.012549       0.018443       0.025283       0.033230       0.042445       0.053059       0.065161       0.078788       0.093917       0.110459       0.128265       0.147125       0.166780       0.186937       0.207281       0.227492       0.247259       0.266293       0.284338       0.301170       0.316606       0.330496       0.342724       0.353204       0.361876       0.368702       0.373665       0.376769       0.378029       0.377461       0.375052       0.370716       0.364245       0.355288       0.343417       0.328315       0.310075       0.289525       0.268473       0.249830       0.237697       0.237697
       0.242579       0.242579       0.254629       0.273060       0.293768       0.313873       0.331615       0.346213       0.357608       0.366136       0.372232       0.376246       0.378381       0.378718       0.377263       0.373994       0.368890       0.361945       0.353171       0.342603       0.330299       0.316345       0.300854       0.283976       0.265895       0.246834       0.227051       0.206834       0.186496       0.166355       0.146729       0.127910       0.110158       0.093685       0.078642       0.065121       0.053152       0.042706       0.033710       0.026055       0.019626       0.014353       0.010332       0.008088       0.008393       0.010919       0.014741       0.019443       0.024956       0.031334       0.038654       0.046989       0.056391       0.066886       0.078465       0.091088       0.104679       0.119130       0.134306       0.150048       0.166181       0.182519       0.198876       0.215067       0.230921       0.246281       0.261008       0.274983       0.288109       0.300307       0.311520       0.321704       0.330832       0.338887       0.345860       0.351749       0.356558       0.360290       0.362951       0.364545       0.365077       0.364545       0.362951       0.360290       0.356558       0.351749       0.345860       0.338887       0.330832       0.321704       0.311520       0.300307       0.288109       0.274983       0.261008       0.246281       0.230921       0.215067       0.198876       0.182519       0.166181       0.150048       0.134306       0.119130       0.104679       0.091088       0.078465       0.066886       0.056391       0.046989       0.038654       0.031334       0.024956       0.019443       0.014741       0.010919       0.008393       0.008088       0.010332       0.014353       0.019626       0.026055       0.033710       0.042706       0.053152       0.065121       0.078642       0.093685       0.110158       0.127910       0.146729       0.166355       0.186496       0.206834       0.227051       0.246834       0.265895       0.283976       0.300854       0.316345       0.330299       0.342603       0.353171       0.361945       0.368890       0.373994       0.377263       0.378718       0.378381       0.376246       0.372232       0.366136       0.357608       0.346213       0.331615       0.313873       0.293768       0.273060       0.254629       0.242579       0.242579
       0.247027       0.247027       0.259011       0.277264       0.297675       0.317391       0.334692       0.348840       0.359805       0.367941       0.373691       0.377404       0.379282       0.379399       0.377757       0.374328       0.369089       0.362028       0.353154       0.342500       0.330123       0.316105       0.300561       0.283639       0.265523       0.246437       0.226639       0.206419       0.186087       0.165966       0.146371       0.127599       0.109910       0.093517       0.078577       0.065189       0.053389       0.043164       0.034454       0.027177       0.021249       0.016629       0.013383       0.011714       0.011807       0.013528       0.016537       0.020588       0.025598       0.031574       0.038560       0.046602       0.055736       0.065972       0.077296       0.089662       0.102994       0.117186       0.132105       0.147597       0.163491       0.179608       0.195765       0.211782       0.227491       0.242735       0.257377       0.271295       0.284391       0.296584       0.307811       0.318025       0.327193       0.335295       0.342317       0.348255       0.353108       0.356878       0.359567       0.361179       0.361716       0.361179       0.359567       0.356878       0.353108       0.348255       0.342317       0.335295       0.327193       0.318025       0.307811       0.296584       0.284391       0.271295       0.257377       0.242735       0.227491       0.211782       0.195765       0.179608       0.163491       0.147597       0.132105       0.117186       0.102994       0.089662       0.077296       0.065972       0.055736       0.046602       0.038560       0.031574       0.025598       0.020588       0.016537       0.013528       0.011807       0.011714       0.013383       0.016629       0.021249       0.027177       0.034454       0.043164       0.053389       0.065189       0.078577       0.093517       0.109910       0.127599       0.146371       0.165966       0.186087       0.206419       0.226639       0.246437       0.265523       0.283639       0.300561       0.316105       0.330123       0.342500       0.353154       0.362028       0.369089       0.374328       0.377757       0.379399       0.379282       0.377404       0.373691       0.367941       0.359805       0.348840       0.334692       0.317391       0.297675       0.277264       0.259011       0.247027       0.247027
       0.251058       0.251058       0.262990       0.281093       0.301249       0.320626       0.337539       0.351286       0.361865       0.369646       0.375079       0.378516       0.380153       0.380064       0.378244       0.374664       0.369294       0.362121       0.353151       0.342414       0.329965       0.315886       0.300290       0.283326       0.265177       0.246067       0.226254       0.206030       0.185706       0.165603       0.146040       0.127313       0.109684       0.093370       0.078532       0.065273       0.053641       0.043629       0.035193       0.028262       0.022758       0.018624       0.015841       0.014428       0.014391       0.015656       0.018096       0.021611       0.026159       0.031745       0.038394       0.046135       0.054987       0.064950       0.076002       0.088092       0.101145       0.115054       0.129692       0.144909       0.160540       0.176410       0.192344       0.208166       0.223711       0.238824       0.253367       0.267220       0.280281       0.292465       0.303706       0.313952       0.323165       0.331319       0.338397       0.344391       0.349294       0.353105       0.355827       0.357458       0.358002       0.357458       0.355827       0.353105       0.349294       0.344391       0.338397       0.331319       0.323165       0.313952       0.303706       0.292465       0.280281       0.267220       0.253367       0.238824       0.223711       0.208166       0.192344       0.176410       0.160540       0.144909       0.129692       0.115054       0.101145       0.088092       0.076002       0.064950       0.054987       0.046135       0.038394       0.031745       0.026159       0.021611       0.018096       0.015656       0.014391       0.014428       0.015841       0.018624       0.022758       0.028262       0.035193       0.043629       0.053641       0.065273       0.078532       0.093370       0.109684       0.127313       0.146040       0.165603       0.185706       0.206030       0.226254       0.246067       0.265177       0.283326       0.300290       0.315886       0.329965       0.342414       0.353151       0.362121       0.369294       0.374664       0.378244       0.380064       0.380153       0.378516       0.375079       0.369646       0.361865       0.351286       0.337539       0.320626       0.301249       0.281093       0.262990       0.251058       0.251058
       0.254697       0.254697       0.266586       0.284563       0.304501       0.323582       0.340156       0.353547       0.363781       0.371243       0.376389       0.379571       0.380987       0.380705       0.378719       0.374995       0.369501       0.362221       0.353158       0.342341       0.329823       0.315685       0.300040       0.283034       0.264853       0.245720       0.225893       0.205664       0.185345       0.165258       0.145721       0.127031       0.109452       0.093202       0.078444       0.065286       0.053778       0.043923       0.035680       0.028982       0.023745       0.019886       0.017331       0.016017       0.015891       0.016900       0.018997       0.022155       0.026369       0.031650       0.038019       0.045493       0.054082       0.063779       0.074555       0.086361       0.099118       0.112725       0.127059       0.141976       0.157318       0.172917       0.188603       0.204206       0.219565       0.234529       0.248961       0.262738       0.275756       0.287929       0.299183       0.309463       0.318725       0.326937       0.334078       0.340133       0.345092       0.348952       0.351709       0.353363       0.353915       0.353363       0.351709       0.348952       0.345092       0.340133       0.334078       0.326937       0.318725       0.309463       0.299183       0.287929       0.275756       0.262738       0.248961       0.234529       0.219565       0.204206       0.188603       0.172917       0.157318       0.141976       0.127059       0.112725       0.099118       0.086361       0.074555       0.063779       0.054082       0.045493       0.038019       0.031650       0.026369       0.022155       0.018997       0.016900       0.015891       0.016017       0.017331       0.019886       0.023745       0.028982       0.035680       0.043923       0.053778       0.065286       0.078444       0.093202       0.109452       0.127031       0.145721       0.165258       0.185345       0.205664       0.225893       0.245720       0.264853       0.283034       0.300040       0.315685       0.329823       0.342341       0.353158       0.362221       0.369501       0.374995       0.378719       0.380705       0.380987       0.379571       0.376389       0.371243       0.363781       0.353547       0.340156       0.323582       0.304501       0.284563       0.266586       0.254697       0.254697
       0.257972       0.257972       0.269826       0.287697       0.307446       0.326272       0.342547       0.355626       0.365553       0.372729       0.377615       0.380567       0.381779       0.381318       0.379177       0.375318       0.369707       0.362325       0.353174       0.342281       0.329697       0.315502       0.299809       0.282764       0.264551       0.245395       0.225554       0.205318       0.185001       0.164925       0.145405       0.126741       0.109194       0.092983       0.078271       0.065164       0.053716       0.043927       0.035758       0.029141       0.023987       0.020201       0.017691       0.016376       0.016188       0.017083       0.019032       0.022026       0.026067       0.031169       0.037347       0.044617       0.052981       0.062432       0.072940       0.084456       0.096907       0.110195       0.124203       0.138795       0.153820       0.169120       0.184530       0.199890       0.215040       0.229835       0.244137       0.257826       0.270794       0.282949       0.294216       0.304532       0.313848       0.322125       0.329335       0.335459       0.340481       0.344395       0.347193       0.348872       0.349432       0.348872       0.347193       0.344395       0.340481       0.335459       0.329335       0.322125       0.313848       0.304532       0.294216       0.282949       0.270794       0.257826       0.244137       0.229835       0.215040       0.199890       0.184530       0.169120       0.153820       0.138795       0.124203       0.110195       0.096907       0.084456       0.072940       0.062432       0.052981       0.044617       0.037347       0.031169       0.026067       0.022026       0.019032       0.017083       0.016188       0.016376       0.017691       0.020201       0.023987       0.029141       0.035758       0.043927       0.053716       0.065164       0.078271       0.092983       0.109194       0.126741       0.145405       0.164925       0.185001       0.205318       0.225554       0.245395       0.264551       0.282764       0.299809       0.315502       0.329697       0.342281       0.353174       0.362325       0.369707       0.375318       0.379177       0.381318       0.381779       0.380567       0.377615       0.372729       0.365553       0.355626       0.342547       0.326272       0.307446       0.287697       0.269826       0.257972       0.257972
       0.260914       0.260914       0.272740       0.290520       0.310107       0.328710       0.344724       0.357527       0.367183       0.374103       0.378756       0.381498       0.382524       0.381900       0.379615       0.375630       0.369909       0.362431       0.353197       0.342231       0.329584       0.315335       0.299596       0.282513       0.264270       0.245091       0.225234       0.204991       0.184672       0.164599       0.145089       0.126436       0.108903       0.092703       0.077997       0.064890       0.053428       0.043609       0.035388       0.028694       0.023439       0.019535       0.016909       0.015504       0.015278       0.016182       0.018165       0.021184       0.025222       0.030278       0.036366       0.043498       0.051681       0.060908       0.071157       0.082381       0.094513       0.107463       0.121122       0.135362       0.150042       0.165012       0.180118       0.195204       0.210120       0.224723       0.238877       0.252462       0.265369       0.277502       0.288780       0.299133       0.308507       0.316855       0.324142       0.330343       0.335437       0.339410       0.342254       0.343962       0.344532       0.343962       0.342254       0.339410       0.335437       0.330343       0.324142       0.316855       0.308507       0.299133       0.288780       0.277502       0.265369       0.252462       0.238877       0.224723       0.210120       0.195204       0.180118       0.165012       0.150042       0.135362       0.121122       0.107463       0.094513       0.082381       0.071157       0.060908       0.051681       0.043498       0.036366       0.030278       0.025222       0.021184       0.018165       0.016182       0.015278       0.015504       0.016909       0.019535       0.023439       0.028694       0.035388       0.043609       0.053428       0.064890       0.077997       0.092703       0.108903       0.126436       0.145089       0.164599       0.184672       0.204991       0.225234       0.245091       0.264270       0.282513       0.299596       0.315335       0.329584       0.342231       0.353197       0.362431       0.369909       0.375630       0.379615       0.381900       0.382524       0.381498       0.378756       0.374103       0.367183       0.357527       0.344724       0.328710       0.310107       0.290520       0.272740       0.260914       0.260914
       0.263552       0.263552       0.275355       0.293058       0.312504       0.330913       0.346698       0.359259       0.368675       0.375367       0.379812       0.382365       0.383222       0.382448       0.380030       0.375928       0.370105       0.362537       0.353225       0.342190       0.329483       0.315183       0.299400       0.282281       0.264009       0.244807       0.224934       0.204681       0.184358       0.164284       0.144775       0.126123       0.108586       0.092375       0.077644       0.064491       0.052956       0.043026       0.034649       0.027744       0.022224       0.018019       0.015103       0.013506       0.013259       0.014307       0.016513       0.019745       0.023932       0.029058       0.035134       0.042181       0.050213       0.059233       0.069223       0.080147       0.091946       0.104537       0.117821       0.131679       0.145982       0.160590       0.175358       0.190139       0.204791       0.219175       0.233160       0.246624       0.259458       0.271561       0.282846       0.293239       0.302675       0.311100       0.318473       0.324759       0.329932       0.333973       0.336869       0.338609       0.339190       0.338609       0.336869       0.333973       0.329932       0.324759       0.318473       0.311100       0.302675       0.293239       0.282846       0.271561       0.259458       0.246624       0.233160       0.219175       0.204791       0.190139       0.175358       0.160590       0.145982       0.131679       0.117821       0.104537       0.091946       0.080147       0.069223       0.059233       0.050213       0.042181       0.035134       0.029058       0.023932       0.019745       0.016513       0.014307       0.013259       0.013506       0.015103       0.018019       0.022224       0.027744       0.034649       0.043026       0.052956       0.064491       0.077644       0.092375       0.108586       0.126123       0.144775       0.164284       0.184358       0.204681       0.224934       0.244807       0.264009       0.282281       0.299400       0.315183       0.329483       0.342190       0.353225       0.362537       0.370105       0.375928       0.380030       0.382448       0.383222       0.382365       0.379812       0.375367       0.368675       0.359259       0.346698       0.330913       0.312504       0.293058       0.275355       0.263552       0.263552
       0.265915       0.265915       0.277698       0.295335       0.314660       0.332899       0.348484       0.360831       0.370035       0.376526       0.380783       0.383167       0.383871       0.382960       0.380421       0.376212       0.370293       0.362642       0.353255       0.342156       0.329394       0.315045       0.299221       0.282067       0.263767       0.244544       0.224655       0.204391       0.184061       0.163984       0.144472       0.125814       0.108265       0.092029       0.077257       0.064035       0.052395       0.042312       0.033720       0.026524       0.020623       0.015951       0.012540       0.010582       0.010323       0.011704       0.014354       0.017964       0.022409       0.027669       0.033772       0.040752       0.048641       0.057449       0.067172       0.077780       0.089222       0.101428       0.114307       0.127751       0.141642       0.155851       0.170244       0.184685       0.199039       0.213175       0.226964       0.240288       0.253033       0.265097       0.276387       0.286819       0.296321       0.304832       0.312299       0.318680       0.323941       0.328058       0.331012       0.332788       0.333381       0.332788       0.331012       0.328058       0.323941       0.318680       0.312299       0.304832       0.296321       0.286819       0.276387       0.265097       0.253033       0.240288       0.226964       0.213175       0.199039       0.184685       0.170244       0.155851       0.141642       0.127751       0.114307       0.101428       0.089222       0.077780       0.067172       0.057449       0.048641       0.040752       0.033772       0.027669       0.022409       0.017964       0.014354       0.011704       0.010323       0.010582       0.012540       0.015951       0.020623       0.026524       0.033720       0.042312       0.052395       0.064035       0.077257       0.092029       0.108265       0.125814       0.144472       0.163984       0.184061       0.204391       0.224655       0.244544       0.263767       0.282067       0.299221       0.315045       0.329394       0.342156       0.353255       0.362642       0.370293       0.376212       0.380421       0.382960       0.383871       0.383167       0.380783       0.376526       0.370035       0.360831       0.348484       0.332899       0.314660       0.295335       0.277698       0.265915       0.265915
       0.268028       0.268028       0.279796       0.297375       0.316594       0.334686       0.350095       0.362254       0.371271       0.377583       0.381674       0.383906       0.384472       0.383437       0.380787       0.376479       0.370473       0.362743       0.353289       0.342129       0.329314       0.314920       0.299058       0.281871       0.263545       0.244301       0.224398       0.204124       0.183788       0.163707       0.144191       0.125527       0.107965       0.091706       0.076893       0.063607       0.051868       0.041640       0.032842       0.025356       0.019054       0.013830       0.009698       0.007044       0.006756       0.008808       0.012141       0.016221       0.020937       0.026319       0.032425       0.039316       0.047036       0.055609       0.065038       0.075304       0.086363       0.098152       0.110592       0.123585       0.137024       0.150794       0.164771       0.178832       0.192852       0.206705       0.220270       0.233430       0.246070       0.258084       0.269372       0.279844       0.289417       0.298020       0.305590       0.312077       0.317438       0.321639       0.324657       0.326475       0.327081       0.326475       0.324657       0.321639       0.317438       0.312077       0.305590       0.298020       0.289417       0.279844       0.269372       0.258084       0.246070       0.233430       0.220270       0.206705       0.192852       0.178832       0.164771       0.150794       0.137024       0.123585       0.110592       0.098152       0.086363       0.075304       0.065038       0.055609       0.047036       0.039316       0.032425       0.026319       0.020937       0.016221       0.012141       0.008808       0.006756       0.007044       0.009698       0.013830       0.019054       0.025356       0.032842       0.041640       0.051868       0.063607       0.076893       0.091706       0.107965       0.125527       0.144191       0.163707       0.183788       0.204124       0.224398       0.244301       0.263545       0.281871       0.299058       0.314920       0.329314       0.342129       0.353289       0.362743       0.370473       0.376479       0.380787       0.383437       0.384472       0.383906       0.381674       0.377583       0.371271       0.362254       0.350095       0.334686       0.316594       0.297375       0.279796       0.268028       0.268028
       0.269916       0.269916       0.281670       0.299200       0.318327       0.336289       0.351545       0.363539       0.372390       0.378544       0.382488       0.384583       0.385026       0.383879       0.381127       0.376729       0.370642       0.362841       0.353323       0.342108       0.329244       0.314808       0.298909       0.281692       0.263342       0.244079       0.224163       0.203880       0.183540       0.163458       0.143942       0.125278       0.107712       0.091443       0.076609       0.063286       0.051489       0.041173       0.032247       0.024576       0.017999       0.012346       0.007474       0.003516       0.003054       0.006458       0.010526       0.014951       0.019808       0.025202       0.031227       0.037962       0.045461       0.053757       0.062856       0.072745       0.083386       0.094724       0.106687       0.119189       0.132134       0.145420       0.158937       0.172574       0.186217       0.199750       0.213058       0.226026       0.238541       0.250491       0.261771       0.272282       0.281931       0.290634       0.298319       0.304923       0.310393       0.314690       0.317780       0.319643       0.320266       0.319643       0.317780       0.314690       0.310393       0.304923       0.298319       0.290634       0.281931       0.272282       0.261771       0.250491       0.238541       0.226026       0.213058       0.199750       0.186217       0.172574       0.158937       0.145420       0.132134       0.119189       0.106687       0.094724       0.083386       0.072745       0.062856       0.053757       0.045461       0.037962       0.031227       0.025202       0.019808       0.014951       0.010526       0.006458       0.003054       0.003516       0.007474       0.012346       0.017999       0.024576       0.032247       0.041173       0.051489       0.063286       0.076609       0.091443       0.107712       0.125278       0.143942       0.163458       0.183540       0.203880       0.224163       0.244079       0.263342       0.281692       0.298909       0.314808       0.329244       0.342108       0.353323       0.362841       0.370642       0.376729       0.381127       0.383879       0.385026       0.384583       0.382488       0.378544       0.372390       0.363539       0.351545       0.336289       0.318327       0.299200       0.281670       0.269916       0.269916
       0.271601       0.271601       0.283344       0.300830       0.319877       0.337726       0.352846       0.364696       0.373401       0.379415       0.383227       0.385202       0.385534       0.384285       0.381443       0.376962       0.370801       0.362934       0.353358       0.342091       0.329182       0.314706       0.298774       0.281530       0.263158       0.243879       0.223951       0.203663       0.183322       0.163243       0.143733       0.125078       0.107522       0.091263       0.076438       0.063122       0.051329       0.041014       0.032084       0.024405       0.017815       0.012136       0.007199       0.002988       0.002390       0.006059       0.010129       0.014476       0.019206       0.024433       0.030252       0.036741       0.043954       0.051920       0.060647       0.070121       0.080308       0.091157       0.102604       0.114573       0.126979       0.139733       0.152742       0.165906       0.179125       0.192295       0.205309       0.218054       0.230420       0.242291       0.253556       0.264104       0.273832       0.282645       0.290456       0.297189       0.302783       0.307185       0.310357       0.312271       0.312911       0.312271       0.310357       0.307185       0.302783       0.297189       0.290456       0.282645       0.273832       0.264104       0.253556       0.242291       0.230420       0.218054       0.205309       0.192295       0.179125       0.165906       0.152742       0.139733       0.126979       0.114573       0.102604       0.091157       0.080308       0.070121       0.060647       0.051920       0.043954       0.036741       0.030252       0.024433       0.019206       0.014476       0.010129       0.006059       0.002390       0.002988       0.007199       0.012136       0.017815       0.024405       0.032084       0.041014       0.051329       0.063122       0.076438       0.091263       0.107522       0.125078       0.143733       0.163243       0.183322       0.203663       0.223951       0.243879       0.263158       0.281530       0.298774       0.314706       0.329182       0.342091       0.353358       0.362934       0.370801       0.376962       0.381443       0.384285       0.385534       0.385202       0.383227       0.379415       0.373401       0.364696       0.352846       0.337726       0.319877       0.300830       0.283344       0.271601       0.271601
       0.273102       0.273102       0.284835       0.302284       0.321260       0.339010       0.354012       0.365734       0.374312       0.380202       0.383898       0.385764       0.385997       0.384658       0.381733       0.377177       0.370949       0.363022       0.353392       0.342078       0.329127       0.314616       0.298653       0.281384       0.262992       0.243698       0.223762       0.203471       0.183132       0.163061       0.143565       0.124928       0.107398       0.091171       0.076386       0.063122       0.051396       0.041170       0.032362       0.024854       0.018514       0.013227       0.008979       0.006131       0.005720       0.007761       0.010972       0.014788       0.019119       0.024000       0.029492       0.035650       0.042513       0.050103       0.058418       0.067442       0.077140       0.087464       0.098356       0.109747       0.121567       0.133740       0.146186       0.158824       0.171569       0.184328       0.197004       0.209493       0.221683       0.233457       0.244696       0.255280       0.265093       0.274024       0.281974       0.288852       0.294582       0.299103       0.302366       0.304338       0.304997       0.304338       0.302366       0.299103       0.294582       0.288852       0.281974       0.274024       0.265093       0.255280       0.244696       0.233457       0.221683       0.209493       0.197004       0.184328       0.171569       0.158824       0.146186       0.133740       0.121567       0.109747       0.098356       0.087464       0.077140       0.067442       0.058418       0.050103       0.042513       0.035650       0.029492       0.024000       0.019119       0.014788       0.010972       0.007761       0.005720       0.006131       0.008979       0.013227       0.018514       0.024854       0.032362       0.041170       0.051396       0.063122       0.076386       0.091171       0.107398       0.124928       0.143565       0.163061       0.183132       0.203471       0.223762       0.243698       0.262992       0.281384       0.298653       0.314616       0.329127       0.342078       0.353392       0.363022       0.370949       0.377177       0.381733       0.384658       0.385997       0.385764       0.383898       0.380202       0.374312       0.365734       0.354012       0.339010       0.321260       0.302284       0.284835       0.273102       0.273102
       0.274437       0.274437       0.286161       0.303577       0.322492       0.340155       0.355053       0.366664       0.375129       0.380910       0.384504       0.386274       0.386419       0.384998       0.381999       0.377375       0.371087       0.363105       0.353425       0.342068       0.329079       0.314535       0.298544       0.281252       0.262842       0.243537       0.223594       0.203302       0.182968       0.162909       0.143432       0.124822       0.107329       0.091150       0.076429       0.063249       0.051635       0.041559       0.032954       0.025722       0.019762       0.015003       0.011467       0.009346       0.008912       0.010085       0.012415       0.015547       0.019341       0.023773       0.028862       0.034634       0.041108       0.048288       0.056164       0.064711       0.073891       0.083657       0.093955       0.104726       0.115910       0.127447       0.139275       0.151329       0.163542       0.175838       0.188130       0.200322       0.212306       0.223963       0.235165       0.245783       0.255686       0.264747       0.272850       0.279888       0.285771       0.290425       0.293790       0.295826       0.296508       0.295826       0.293790       0.290425       0.285771       0.279888       0.272850       0.264747       0.255686       0.245783       0.235165       0.223963       0.212306       0.200322       0.188130       0.175838       0.163542       0.151329       0.139275       0.127447       0.115910       0.104726       0.093955       0.083657       0.073891       0.064711       0.056164       0.048288       0.041108       0.034634       0.028862       0.023773       0.019341       0.015547       0.012415       0.010085       0.008912       0.009346       0.011467       0.015003       0.019762       0.025722       0.032954       0.041559       0.051635       0.063249       0.076429       0.091150       0.107329       0.124822       0.143432       0.162909       0.182968       0.203302       0.223594       0.243537       0.262842       0.281252       0.298544       0.314535       0.329079       0.342068       0.353425       0.363105       0.371087       0.377375       0.381999       0.384998       0.386419       0.386274       0.384504       0.380910       0.375129       0.366664       0.355053       0.340155       0.322492       0.303577       0.286161       0.274437       0.274437
       0.275621       0.275621       0.287338       0.304725       0.323586       0.341173       0.355981       0.367494       0.375860       0.381546       0.385048       0.386734       0.386800       0.385307       0.382241       0.377557       0.371213       0.363181       0.353457       0.342060       0.329037       0.314462       0.298447       0.281134       0.262709       0.243393       0.223445       0.203153       0.182827       0.162781       0.143325       0.124746       0.107293       0.091169       0.076520       0.063435       0.051947       0.042037       0.033649       0.026701       0.021102       0.016781       0.013708       0.011908       0.011396       0.012082       0.013778       0.016310       0.019583       0.023560       0.028236       0.033614       0.039689       0.046451       0.053875       0.061929       0.070570       0.079749       0.089418       0.099525       0.110024       0.120869       0.132017       0.143425       0.155044       0.166817       0.178673       0.190525       0.202270       0.213787       0.224941       0.235591       0.245590       0.254794       0.263066       0.270283       0.276337       0.281140       0.284620       0.286728       0.287434       0.286728       0.284620       0.281140       0.276337       0.270283       0.263066       0.254794       0.245590       0.235591       0.224941       0.213787       0.202270       0.190525       0.178673       0.166817       0.155044       0.143425       0.132017       0.120869       0.110024       0.099525       0.089418       0.079749       0.070570       0.061929       0.053875       0.046451       0.039689       0.033614       0.028236       0.023560       0.019583       0.016310       0.013778       0.012082       0.011396       0.011908       0.013708       0.016781       0.021102       0.026701       0.033649       0.042037       0.051947       0.063435       0.076520       0.091169       0.107293       0.124746       0.143325       0.162781       0.182827       0.203153       0.223445       0.243393       0.262709       0.281134       0.298447       0.314462       0.329037       0.342060       0.353457       0.363181       0.371213       0.377557       0.382241       0.385307       0.386800       0.386734       0.385048       0.381546       0.375860       0.367494       0.355981       0.341173       0.323586       0.304725       0.287338       0.275621       0.275621
       0.276668       0.276668       0.288379       0.305742       0.324555       0.342076       0.356805       0.368232       0.376511       0.382113       0.385536       0.387147       0.387143       0.385586       0.382460       0.377722       0.371328       0.363252       0.353488       0.342055       0.329000       0.314398       0.298359       0.281028       0.262589       0.243264       0.223312       0.203021       0.182701       0.162668       0.143233       0.124682       0.107267       0.091192       0.076607       0.063605       0.052224       0.042451       0.034235       0.027500       0.022152       0.018099       0.015263       0.013574       0.012964       0.013347       0.014627       0.016724       0.019584       0.023180       0.027493       0.032510       0.038210       0.044566       0.051544       0.059100       0.067188       0.075759       0.084766       0.094167       0.103929       0.114022       0.124426       0.135119       0.146077       0.157263       0.168625       0.180089       0.191559       0.202911       0.214006       0.224687       0.234791       0.244152       0.252613       0.260030       0.266276       0.271245       0.274854       0.277043       0.277777       0.277043       0.274854       0.271245       0.266276       0.260030       0.252613       0.244152       0.234791       0.224687       0.214006       0.202911       0.191559       0.180089       0.168625       0.157263       0.146077       0.135119       0.124426       0.114022       0.103929       0.094167       0.084766       0.075759       0.067188       0.059100       0.051544       0.044566       0.038210       0.032510       0.027493       0.023180       0.019584       0.016724       0.014627       0.013347       0.012964       0.013574       0.015263       0.018099       0.022152       0.027500       0.034235       0.042451       0.052224       0.063605       0.076607       0.091192       0.107267       0.124682       0.143233       0.162668       0.182701       0.203021       0.223312       0.243264       0.262589       0.281028       0.298359       0.314398       0.329000       0.342055       0.353488       0.363252       0.371328       0.377722       0.382460       0.385586       0.387143       0.387147       0.385536       0.382113       0.376511       0.368232       0.356805       0.342076       0.324555       0.305742       0.288379       0.276668       0.276668
       0.277591       0.277591       0.289296       0.306638       0.325410       0.342874       0.357533       0.368885       0.377090       0.382618       0.385971       0.387516       0.387451       0.385837       0.382658       0.377871       0.371433       0.363317       0.353516       0.342051       0.328967       0.314341       0.298281       0.280934       0.262481       0.243148       0.223191       0.202901       0.182587       0.162565       0.143145       0.124615       0.107227       0.091187       0.076645       0.063696       0.052377       0.042680       0.034554       0.027919       0.022677       0.018719       0.015939       0.014236       0.013520       0.013711       0.014747       0.016582       0.019179       0.022511       0.026552       0.031275       0.036646       0.042628       0.049175       0.056239       0.063767       0.071710       0.080025       0.088680       0.097651       0.106932       0.116522       0.126426       0.136648       0.147177       0.157982       0.169007       0.180162       0.191326       0.202351       0.213065       0.223284       0.232821       0.241495       0.249137       0.255598       0.260755       0.264508       0.266789       0.267553       0.266789       0.264508       0.260755       0.255598       0.249137       0.241495       0.232821       0.223284       0.213065       0.202351       0.191326       0.180162       0.169007       0.157982       0.147177       0.136648       0.126426       0.116522       0.106932       0.097651       0.088680       0.080025       0.071710       0.063767       0.056239       0.049175       0.042628       0.036646       0.031275       0.026552       0.022511       0.019179       0.016582       0.014747       0.013711       0.013520       0.014236       0.015939       0.018719       0.022677       0.027919       0.034554       0.042680       0.052377       0.063696       0.076645       0.091187       0.107227       0.124615       0.143145       0.162565       0.182587       0.202901       0.223191       0.243148       0.262481       0.280934       0.298281       0.314341       0.328967       0.342051       0.353516       0.363317       0.371433       0.377871       0.382658       0.385837       0.387451       0.387516       0.385971       0.382618       0.377090       0.368885       0.357533       0.342874       0.325410       0.306638       0.289296       0.277591       0.277591
       0.278400       0.278400       0.290101       0.307424       0.326162       0.343575       0.358174       0.369461       0.377600       0.383064       0.386356       0.387844       0.387725       0.386061       0.382835       0.378005       0.371528       0.363375       0.353542       0.342048       0.328939       0.314290       0.298212       0.280849       0.262385       0.243043       0.223082       0.202792       0.182480       0.162464       0.143053       0.124536       0.107162       0.091137       0.076610       0.063673       0.052364       0.042670       0.034536       0.027879       0.022594       0.018570       0.015698       0.013885       0.013052       0.013136       0.014077       0.015820       0.018316       0.021521       0.025396       0.029904       0.035004       0.040650       0.046791       0.053371       0.060337       0.067638       0.075233       0.083099       0.091227       0.099628       0.108329       0.117365       0.126770       0.136565       0.146746       0.157277       0.168078       0.179031       0.189977       0.200730       0.211081       0.220819       0.229733       0.237629       0.244333       0.249701       0.253617       0.256000       0.256800       0.256000       0.253617       0.249701       0.244333       0.237629       0.229733       0.220819       0.211081       0.200730       0.189977       0.179031       0.168078       0.157277       0.146746       0.136565       0.126770       0.117365       0.108329       0.099628       0.091227       0.083099       0.075233       0.067638       0.060337       0.053371       0.046791       0.040650       0.035004       0.029904       0.025396       0.021521       0.018316       0.015820       0.014077       0.013136       0.013052       0.013885       0.015698       0.018570       0.022594       0.027879       0.034536       0.042670       0.052364       0.063673       0.076610       0.091137       0.107162       0.124536       0.143053       0.162464       0.182480       0.202792       0.223082       0.243043       0.262385       0.280849       0.298212       0.314290       0.328939       0.342048       0.353542       0.363375       0.371528       0.378005       0.382835       0.386061       0.387725       0.387844       0.386356       0.383064       0.377600       0.369461       0.358174       0.343575       0.326162       0.307424       0.290101       0.278400       0.278400
       0.279107       0.279107       0.290804       0.308111       0.326818       0.344188       0.358735       0.369966       0.378048       0.383457       0.386696       0.388134       0.387968       0.386259       0.382993       0.378125       0.371612       0.363428       0.353566       0.342046       0.328914       0.314246       0.298150       0.280773       0.262298       0.242949       0.222983       0.202690       0.182379       0.162365       0.142957       0.124442       0.107069       0.091039       0.076500       0.063539       0.052190       0.042432       0.034205       0.027418       0.021962       0.017728       0.014627       0.012604       0.011633       0.011682       0.012675       0.014500       0.017055       0.020264       0.024075       0.028443       0.033326       0.038672       0.044429       0.050538       0.056940       0.063585       0.070434       0.077470       0.084699       0.092152       0.099884       0.107964       0.116463       0.125441       0.134926       0.144906       0.155316       0.166038       0.176904       0.187708       0.198217       0.208186       0.217376       0.225560       0.232539       0.238145       0.242244       0.244742       0.245580       0.244742       0.242244       0.238145       0.232539       0.225560       0.217376       0.208186       0.198217       0.187708       0.176904       0.166038       0.155316       0.144906       0.134926       0.125441       0.116463       0.107964       0.099884       0.092152       0.084699       0.077470       0.070434       0.063585       0.056940       0.050538       0.044429       0.038672       0.033326       0.028443       0.024075       0.020264       0.017055       0.014500       0.012675       0.011682       0.011633       0.012604       0.014627       0.017728       0.021962       0.027418       0.034205       0.042432       0.052190       0.063539       0.076500       0.091039       0.107069       0.124442       0.142957       0.162365       0.182379       0.202690       0.222983       0.242949       0.262298       0.280773       0.298150       0.314246       0.328914       0.342046       0.353566       0.363428       0.371612       0.378125       0.382993       0.386259       0.387968       0.388134       0.386696       0.383457       0.378048       0.369966       0.358735       0.344188       0.326818       0.308111       0.290804       0.279107       0.279107
       0.279718       0.279718       0.291412       0.308706       0.327386       0.344719       0.359222       0.370405       0.378438       0.383799       0.386993       0.388387       0.388180       0.386433       0.383131       0.378230       0.371687       0.363475       0.353587       0.342045       0.328892       0.314206       0.298096       0.280706       0.262221       0.242864       0.222893       0.202597       0.182284       0.162268       0.142859       0.124339       0.106956       0.090908       0.076339       0.063330       0.051908       0.042044       0.033669       0.026681       0.020962       0.016404       0.012937       0.010571       0.009401       0.009491       0.010707       0.012796       0.015556       0.018876       0.022696       0.026977       0.031678       0.036752       0.042142       0.047788       0.053626       0.059604       0.065683       0.071850       0.078123       0.084555       0.091231       0.098259       0.105755       0.113824       0.122536       0.131909       0.141895       0.152376       0.163172       0.174054       0.184755       0.194998       0.204506       0.213021       0.220311       0.226185       0.230490       0.233116       0.233999       0.233116       0.230490       0.226185       0.220311       0.213021       0.204506       0.194998       0.184755       0.174054       0.163172       0.152376       0.141895       0.131909       0.122536       0.113824       0.105755       0.098259       0.091231       0.084555       0.078123       0.071850       0.065683       0.059604       0.053626       0.047788       0.042142       0.036752       0.031678       0.026977       0.022696       0.018876       0.015556       0.012796       0.010707       0.009491       0.009401       0.010571       0.012937       0.016404       0.020962       0.026681       0.033669       0.042044       0.051908       0.063330       0.076339       0.090908       0.106956       0.124339       0.142859       0.162268       0.182284       0.202597       0.222893       0.242864       0.262221       0.280706       0.298096       0.314206       0.328892       0.342045       0.353587       0.363475       0.371687       0.378230       0.383131       0.386433       0.388180       0.388387       0.386993       0.383799       0.378438       0.370405       0.359222       0.344719       0.327386       0.308706       0.291412       0.279718       0.279718
       0.280243       0.280243       0.291935       0.309217       0.327875       0.345176       0.359641       0.370784       0.378775       0.384095       0.387249       0.388607       0.388365       0.386585       0.383252       0.378322       0.371752       0.363516       0.353606       0.342043       0.328873       0.314172       0.298048       0.280647       0.262153       0.242789       0.222813       0.202513       0.182196       0.162178       0.142764       0.124236       0.106839       0.090769       0.076164       0.063101       0.051598       0.041621       0.033087       0.025884       0.019876       0.014939       0.010990       0.008087       0.006558       0.006785       0.008472       0.011008       0.014070       0.017547       0.021401       0.025610       0.030142       0.034954       0.039987       0.045175       0.050451       0.055754       0.061043       0.066305       0.071567       0.076902       0.082428       0.088298       0.094682       0.101743       0.109603       0.118317       0.127855       0.138101       0.148856       0.159858       0.170806       0.181378       0.191259       0.200152       0.207796       0.213972       0.218506       0.221276       0.222207       0.221276       0.218506       0.213972       0.207796       0.200152       0.191259       0.181378       0.170806       0.159858       0.148856       0.138101       0.127855       0.118317       0.109603       0.101743       0.094682       0.088298       0.082428       0.076902       0.071567       0.066305       0.061043       0.055754       0.050451       0.045175       0.039987       0.034954       0.030142       0.025610       0.021401       0.017547       0.014070       0.011008       0.008472       0.006785       0.006558       0.008087       0.010990       0.014939       0.019876       0.025884       0.033087       0.041621       0.051598       0.063101       0.076164       0.090769       0.106839       0.124236       0.142764       0.162178       0.182196       0.202513       0.222813       0.242789       0.262153       0.280647       0.298048       0.314172       0.328873       0.342043       0.353606       0.363516       0.371752       0.378322       0.383252       0.386585       0.388365       0.388607       0.387249       0.384095       0.378775       0.370784       0.359641       0.345176       0.327875       0.309217       0.291935       0.280243       0.280243
       0.280688       0.280688       0.292377       0.309650       0.328289       0.345564       0.359998       0.371105       0.379061       0.384347       0.387468       0.388795       0.388523       0.386715       0.383356       0.378401       0.371809       0.363551       0.353623       0.342043       0.328857       0.314142       0.298006       0.280596       0.262094       0.242723       0.222743       0.202439       0.182120       0.162098       0.142680       0.124145       0.106737       0.090648       0.076015       0.062909       0.051346       0.041283       0.032631       0.025264       0.019031       0.013773       0.009349       0.005719       0.003375       0.003945       0.006487       0.009555       0.012892       0.016481       0.020331       0.024442       0.028792       0.033338       0.038017       0.042756       0.047475       0.052104       0.056590       0.060918       0.065119       0.069280       0.073554       0.078145       0.083293       0.089235       0.096159       0.104170       0.113260       0.123304       0.134075       0.145270       0.156540       0.167515       0.177835       0.187164       0.195208       0.201720       0.206509       0.209437       0.210422       0.209437       0.206509       0.201720       0.195208       0.187164       0.177835       0.167515       0.156540       0.145270       0.134075       0.123304       0.113260       0.104170       0.096159       0.089235       0.083293       0.078145       0.073554       0.069280       0.065119       0.060918       0.056590       0.052104       0.047475       0.042756       0.038017       0.033338       0.028792       0.024442       0.020331       0.016481       0.012892       0.009555       0.006487       0.003945       0.003375       0.005719       0.009349       0.013773       0.019031       0.025264       0.032631       0.041283       0.051346       0.062909       0.076015       0.090648       0.106737       0.124145       0.142680       0.162098       0.182120       0.202439       0.222743       0.242723       0.262094       0.280596       0.298006       0.314142       0.328857       0.342043       0.353623       0.363551       0.371809       0.378401       0.383356       0.386715       0.388523       0.388795       0.387468       0.384347       0.379061       0.371105       0.359998       0.345564       0.328289       0.309650       0.292377       0.280688       0.280688
       0.281059       0.281059       0.292746       0.310011       0.328635       0.345888       0.360295       0.371374       0.379301       0.384558       0.387652       0.388952       0.388656       0.386824       0.383443       0.378468       0.371856       0.363581       0.353637       0.342042       0.328843       0.314117       0.297972       0.280553       0.262044       0.242668       0.222683       0.202377       0.182056       0.162033       0.142612       0.124075       0.106663       0.090567       0.075923       0.062801       0.051215       0.041121       0.032426       0.025003       0.018694       0.013324       0.008712       0.004680       0.001064       0.002343       0.005613       0.008896       0.012281       0.015832       0.019584       0.023541       0.027679       0.031950       0.036279       0.040580       0.044758       0.048725       0.052414       0.055794       0.058892       0.061805       0.064716       0.067890       0.071653       0.076344       0.082248       0.089532       0.098208       0.108129       0.119021       0.130522       0.142220       0.153692       0.164529       0.174355       0.182846       0.189729       0.194795       0.197894       0.198936       0.197894       0.194795       0.189729       0.182846       0.174355       0.164529       0.153692       0.142220       0.130522       0.119021       0.108129       0.098208       0.089532       0.082248       0.076344       0.071653       0.067890       0.064716       0.061805       0.058892       0.055794       0.052414       0.048725       0.044758       0.040580       0.036279       0.031950       0.027679       0.023541       0.019584       0.015832       0.012281       0.008896       0.005613       0.002343       0.001064       0.004680       0.008712       0.013324       0.018694       0.025003       0.032426       0.041121       0.051215       0.062801       0.075923       0.090567       0.106663       0.124075       0.142612       0.162033       0.182056       0.202377       0.222683       0.242668       0.262044       0.280553       0.297972       0.314117       0.328843       0.342042       0.353637       0.363581       0.371856       0.378468       0.383443       0.386824       0.388656       0.388952       0.387652       0.384558       0.379301       0.371374       0.360295       0.345888       0.328635       0.310011       0.292746       0.281059       0.281059
       0.281360       0.281360       0.293046       0.310304       0.328916       0.346152       0.360537       0.371593       0.379496       0.384731       0.387802       0.389081       0.388764       0.386914       0.383515       0.378523       0.371895       0.363606       0.353648       0.342042       0.328832       0.314096       0.297943       0.280517       0.262003       0.242623       0.222635       0.202327       0.182006       0.161983       0.142565       0.124031       0.106623       0.090535       0.075900       0.062793       0.051228       0.041165       0.032517       0.025162       0.018954       0.013739       0.009387       0.005873       0.003661       0.004075       0.006362       0.009208       0.012314       0.015641       0.019184       0.022926       0.026824       0.030813       0.034804       0.038691       0.042360       0.045699       0.048617       0.051061       0.053038       0.054641       0.056075       0.057666       0.059855       0.063131       0.067924       0.074491       0.082854       0.092811       0.104000       0.115972       0.128238       0.140318       0.151754       0.162138       0.171115       0.178395       0.183754       0.187032       0.188135       0.187032       0.183754       0.178395       0.171115       0.162138       0.151754       0.140318       0.128238       0.115972       0.104000       0.092811       0.082854       0.074491       0.067924       0.063131       0.059855       0.057666       0.056075       0.054641       0.053038       0.051061       0.048617       0.045699       0.042360       0.038691       0.034804       0.030813       0.026824       0.022926       0.019184       0.015641       0.012314       0.009208       0.006362       0.004075       0.003661       0.005873       0.009387       0.013739       0.018954       0.025162       0.032517       0.041165       0.051228       0.062793       0.075900       0.090535       0.106623       0.124031       0.142565       0.161983       0.182006       0.202327       0.222635       0.242623       0.262003       0.280517       0.297943       0.314096       0.328832       0.342042       0.353648       0.363606       0.371895       0.378523       0.383515       0.386914       0.388764       0.389081       0.387802       0.384731       0.379496       0.371593       0.360537       0.346152       0.328916       0.310304       0.293046       0.281360       0.281360
       0.281597       0.281597       0.293282       0.310535       0.329137       0.346358       0.360727       0.371765       0.379650       0.384866       0.387921       0.389183       0.388850       0.386985       0.383571       0.378566       0.371927       0.363625       0.353657       0.342041       0.328824       0.314080       0.297920       0.280489       0.261971       0.242588       0.222598       0.202290       0.181969       0.161950       0.142537       0.124011       0.106616       0.090546       0.075938       0.062871       0.051364       0.041383       0.032850       0.025657       0.019677       0.014787       0.010909       0.008081       0.006558       0.006623       0.008015       0.010190       0.012833       0.015815       0.019077       0.022565       0.026213       0.029932       0.033613       0.037129       0.040341       0.043113       0.045323       0.046882       0.047763       0.048029       0.047879       0.047692       0.048048       0.049671       0.053249       0.059184       0.067465       0.077746       0.089506       0.102171       0.115170       0.127967       0.140072       0.151051       0.160533       0.168218       0.173870       0.177327       0.178490       0.177327       0.173870       0.168218       0.160533       0.151051       0.140072       0.127967       0.115170       0.102171       0.089506       0.077746       0.067465       0.059184       0.053249       0.049671       0.048048       0.047692       0.047879       0.048029       0.047763       0.046882       0.045323       0.043113       0.040341       0.037129       0.033613       0.029932       0.026213       0.022565       0.019077       0.015815       0.012833       0.010190       0.008015       0.006623       0.006558       0.008081       0.010909       0.014787       0.019677       0.025657       0.032850       0.041383       0.051364       0.062871       0.075938       0.090546       0.106616       0.124011       0.142537       0.161950       0.181969       0.202290       0.222598       0.242588       0.261971       0.280489       0.297920       0.314080       0.328824       0.342041       0.353657       0.363625       0.371927       0.378566       0.383571       0.386985       0.388850       0.389183       0.387921       0.384866       0.379650       0.371765       0.360727       0.346358       0.329137       0.310535       0.293282       0.281597       0.281597
       0.281771       0.281771       0.293455       0.310704       0.329300       0.346511       0.360868       0.371892       0.379764       0.384967       0.388008       0.389258       0.388914       0.387037       0.383613       0.378598       0.371950       0.363640       0.353664       0.342041       0.328817       0.314068       0.297904       0.280468       0.261947       0.242562       0.222572       0.202264       0.181945       0.161929       0.142523       0.124008       0.106629       0.090584       0.076012       0.062997       0.051564       0.041687       0.033298       0.026301       0.020583       0.016036       0.012583       0.010208       0.008956       0.008839       0.009717       0.011353       0.013548       0.016177       0.019152       0.022393       0.025811       0.029295       0.032716       0.035924       0.038761       0.041061       0.042668       0.043454       0.043336       0.042318       0.040540       0.038370       0.036515       0.036083       0.038303       0.043860       0.052548       0.063645       0.076352       0.089955       0.103826       0.117405       0.130195       0.141758       0.151722       0.159782       0.165705       0.169324       0.170541       0.169324       0.165705       0.159782       0.151722       0.141758       0.130195       0.117405       0.103826       0.089955       0.076352       0.063645       0.052548       0.043860       0.038303       0.036083       0.036515       0.038370       0.040540       0.042318       0.043336       0.043454       0.042668       0.041061       0.038761       0.035924       0.032716       0.029295       0.025811       0.022393       0.019152       0.016177       0.013548       0.011353       0.009717       0.008839       0.008956       0.010208       0.012583       0.016036       0.020583       0.026301       0.033298       0.041687       0.051564       0.062997       0.076012       0.090584       0.106629       0.124008       0.142523       0.161929       0.181945       0.202264       0.222572       0.242562       0.261947       0.280468       0.297904       0.314068       0.328817       0.342041       0.353664       0.363640       0.371950       0.378598       0.383613       0.387037       0.388914       0.389258       0.388008       0.384967       0.379764       0.371892       0.360868       0.346511       0.329300       0.310704       0.293455       0.281771       0.281771
       0.281886       0.281886       0.293569       0.310816       0.329407       0.346612       0.360961       0.371976       0.379839       0.385033       0.388066       0.389308       0.388956       0.387072       0.383641       0.378620       0.371965       0.363650       0.353669       0.342041       0.328813       0.314060       0.297892       0.280455       0.261932       0.242545       0.222555       0.202247       0.181930       0.161919       0.142519       0.124013       0.106650       0.090627       0.076088       0.063120       0.051754       0.041970       0.033708       0.026880       0.021377       0.017090       0.013923       0.011797       0.010655       0.010430       0.011023       0.012313       0.014184       0.016538       0.019285       0.022333       0.025575       0.028884       0.032116       0.035105       0.037672       0.039630       0.040794       0.040993       0.040088       0.037994       0.034729       0.030504       0.025955       0.022632       0.023190       0.029138       0.039247       0.051845       0.065846       0.080512       0.095255       0.109553       0.122938       0.134988       0.145341       0.153701       0.159835       0.163581       0.164840       0.163581       0.159835       0.153701       0.145341       0.134988       0.122938       0.109553       0.095255       0.080512       0.065846       0.051845       0.039247       0.029138       0.023190       0.022632       0.025955       0.030504       0.034729       0.037994       0.040088       0.040993       0.040794       0.039630       0.037672       0.035105       0.032116       0.028884       0.025575       0.022333       0.019285       0.016538       0.014184       0.012313       0.011023       0.010430       0.010655       0.011797       0.013923       0.017090       0.021377       0.026880       0.033708       0.041970       0.051754       0.063120       0.076088       0.090627       0.106650       0.124013       0.142519       0.161919       0.181930       0.202247       0.222555       0.242545       0.261932       0.280455       0.297892       0.314060       0.328813       0.342041       0.353669       0.363650       0.371965       0.378620       0.383641       0.387072       0.388956       0.389308       0.388066       0.385033       0.379839       0.371976       0.360961       0.346612       0.329407       0.310816       0.293569       0.281886       0.281886
       0.281943       0.281943       0.293626       0.310872       0.329461       0.346662       0.361007       0.372018       0.379876       0.385066       0.388095       0.389333       0.388977       0.387089       0.383655       0.378630       0.371972       0.363654       0.353671       0.342041       0.328811       0.314056       0.297887       0.280448       0.261924       0.242537       0.222546       0.202239       0.181924       0.161915       0.142518       0.124019       0.106664       0.090654       0.076135       0.063195       0.051868       0.042139       0.033951       0.027217       0.021833       0.017683       0.014653       0.012636       0.011535       0.011258       0.011721       0.012844       0.014549       0.016756       0.019379       0.022321       0.025467       0.028683       0.031816       0.034689       0.037115       0.038894       0.039821       0.039701       0.038353       0.035622       0.031400       0.025643       0.018465       0.010649       0.008237       0.017460       0.030352       0.044678       0.059802       0.075254       0.090579       0.105327       0.119067       0.131400       0.141976       0.150503       0.156756       0.160571       0.161854       0.160571       0.156756       0.150503       0.141976       0.131400       0.119067       0.105327       0.090579       0.075254       0.059802       0.044678       0.030352       0.017460       0.008237       0.010649       0.018465       0.025643       0.031400       0.035622       0.038353       0.039701       0.039821       0.038894       0.037115       0.034689       0.031816       0.028683       0.025467       0.022321       0.019379       0.016756       0.014549       0.012844       0.011721       0.011258       0.011535       0.012636       0.014653       0.017683       0.021833       0.027217       0.033951       0.042139       0.051868       0.063195       0.076135       0.090654       0.106664       0.124019       0.142518       0.161915       0.181924       0.202239       0.222546       0.242537       0.261924       0.280448       0.297887       0.314056       0.328811       0.342041       0.353671       0.363654       0.371972       0.378630       0.383655       0.387089       0.388977       0.389333       0.388095       0.385066       0.379876       0.372018       0.361007       0.346662       0.329461       0.310872       0.293626       0.281943       0.281943
       0.281943       0.281943       0.293626       0.310872       0.329461       0.346662       0.361007       0.372018       0.379876       0.385066       0.388095       0.389333       0.388977       0.387089       0.383655       0.378630       0.371972       0.363654       0.353671       0.342041       0.328811       0.314056       0.297887       0.280448       0.261924       0.242537       0.222546       0.202239       0.181924       0.161915       0.142518       0.124019       0.106664       0.090654       0.076135       0.063195       0.051868       0.042139       0.033951       0.027217       0.021833       0.017683       0.014653       0.012636       0.011535       0.011258       0.011721       0.012844       0.014549       0.016756       0.019379       0.022321       0.025467       0.028683       0.031816       0.034689       0.037115       0.038894       0.039821       0.039701       0.038353       0.035622       0.031400       0.025643       0.018465       0.010649       0.008237       0.017460       0.030352       0.044678       0.059802       0.075254       0.090579       0.105327       0.119067       0.131400       0.141976       0.150503       0.156756       0.160571       0.161854       0.160571       0.156756       0.150503       0.141976       0.131400       0.119067       0.105327       0.090579       0.075254       0.059802       0.044678       0.030352       0.017460       0.008237       0.010649       0.018465       0.025643       0.031400       0.035622       0.038353       0.039701       0.039821       0.038894       0.037115       0.034689       0.031816       0.028683       0.025467       0.022321       0.019379       0.016756       0.014549       0.012844       0.011721       0.011258       0.011535       0.012636       0.014653       0.017683       0.021833       0.027217       0.033951       0.042139       0.051868       0.063195       0.076135       0.090654       0.106664       0.124019       0.142518       0.161915       0.181924       0.202239       0.222546       0.242537       0.261924       0.280448       0.297887       0.314056       0.328811       0.342041       0.353671       0.363654       0.371972       0.378630       0.383655       0.387089       0.388977       0.389333       0.388095       0.385066       0.379876       0.372018       0.361007       0.346662       0.329461       0.310872       0.293626       0.281943       0.281943
