       0.396521       0.396521       0.404026       0.413041       0.419973       0.422837       0.420719       0.413391       0.401023       0.383988       0.362756       0.337862       0.309925       0.279662       0.247892       0.215511       0.183448       0.152617       0.123848       0.097838       0.075097       0.055921       0.040383       0.028342       0.019484       0.013367       0.009481       0.007304       0.006332       0.006107       0.006259       0.006518       0.006716       0.006761       0.006622       0.006311       0.005865       0.005334       0.004773       0.004233       0.003764       0.003414       0.003233       0.003278       0.003619       0.004337       0.005538       0.007348       0.009921       0.013437       0.018097       0.024116       0.031708       0.041074       0.052380       0.065738       0.081190       0.098688       0.118087       0.139144       0.161530       0.184846       0.208653       0.232498       0.255947       0.278611       0.300160       0.320338       0.338962       0.355919       0.371156       0.384670       0.396492       0.406680       0.415304       0.422441       0.428164       0.432539       0.435624       0.437457       0.438065       0.437457       0.435624       0.432539       0.428164       0.422441       0.415304       0.406680       0.396492       0.384670       0.371156       0.355919       0.338962       0.320338       0.300160       0.278611       0.255947       0.232498       0.208653       0.184846       0.161530       0.139144       0.118087       0.098688       0.081190       0.065738       0.052380       0.041074       0.031708       0.024116       0.018097       0.013437       0.009921       0.007348       0.005538       0.004337       0.003619       0.003278       0.003233       0.003414       0.003764       0.004233       0.004773       0.005334       0.005865       0.006311       0.006622       0.006761       0.006716       0.006518       0.006259       0.006107       0.006332       0.007304       0.009481       0.013367       0.019484       0.028342       0.040383       0.055921       0.075097       0.097838       0.123848       0.152617       0.183448       0.215511       0.247892       0.279662       0.309925       0.337862       0.362756       0.383988       0.401023       0.413391       0.420719       0.422837       0.419973       0.413041       0.404026       0.396521       0.396521
       0.396521       0.396521       0.404026       0.413041       0.419973       0.422837       0.420719       0.413391       0.401023       0.383988       0.362756       0.337862       0.309925       0.279662       0.247892       0.215511       0.183448       0.152617       0.123848       0.097838       0.075097       0.055921       0.040383       0.028342       0.019484       0.013367       0.009481       0.007304       0.006332       0.006107       0.006259       0.006518       0.006716       0.006761       0.006622       0.006311       0.005865       0.005334       0.004773       0.004233       0.003764       0.003414       0.003233       0.003278       0.003619       0.004337       0.005538       0.007348       0.009921       0.013437       0.018097       0.024116       0.031708       0.041074       0.052380       0.065738       0.081190       0.098688       0.118087       0.139144       0.161530       0.184846       0.208653       0.232498       0.255947       0.278611       0.300160       0.320338       0.338962       0.355919       0.371156       0.384670       0.396492       0.406680       0.415304       0.422441       0.428164       0.432539       0.435624       0.437457       0.438065       0.437457       0.435624       0.432539       0.428164       0.422441       0.415304       0.406680       0.396492       0.384670       0.371156       0.355919       0.338962       0.320338       0.300160       0.278611       0.255947       0.232498       0.208653       0.184846       0.161530       0.139144       0.118087       0.098688       0.081190       0.065738       0.052380       0.041074       0.031708       0.024116       0.018097       0.013437       0.009921       0.007348       0.005538       0.004337       0.003619       0.003278       0.003233       0.003414       0.003764       0.004233       0.004773       0.005334       0.005865       0.006311       0.006622       0.006761       0.006716       0.006518       0.006259       0.006107       0.006332       0.007304       0.009481       0.013367       0.019484       0.028342       0.040383       0.055921       0.075097       0.097838       0.123848       0.152617       0.183448       0.215511       0.247892       0.279662       0.309925       0.337862       0.362756       0.383988       0.401023       0.413391       0.420719       0.422837       0.419973       0.413041       0.404026       0.396521       0.396521
       0.396685       0.396685       0.404189       0.413203       0.420138       0.423012       0.420914       0.413620       0.401300       0.384328       0.363172       0.338365       0.310522       0.280352       0.248669       0.216359       0.184345       0.153529       0.124737       0.098658       0.075796       0.056445       0.040676       0.028351       0.019167       0.012717       0.008575       0.006350       0.005588       0.005675       0.006077       0.006485       0.006754       0.006822       0.006681       0.006353       0.005884       0.005325       0.004730       0.004148       0.003627       0.003213       0.002961       0.002948       0.003265       0.004001       0.005247       0.007111       0.009738       0.013301       0.018001       0.024053       0.031672       0.041062       0.052388       0.065765       0.081233       0.098745       0.118155       0.139223       0.161617       0.184939       0.208750       0.232596       0.256046       0.278707       0.300253       0.320426       0.339045       0.355996       0.371228       0.384736       0.396553       0.406736       0.415356       0.422489       0.428209       0.432583       0.435665       0.437498       0.438106       0.437498       0.435665       0.432583       0.428209       0.422489       0.415356       0.406736       0.396553       0.384736       0.371228       0.355996       0.339045       0.320426       0.300253       0.278707       0.256046       0.232596       0.208750       0.184939       0.161617       0.139223       0.118155       0.098745       0.081233       0.065765       0.052388       0.041062       0.031672       0.024053       0.018001       0.013301       0.009738       0.007111       0.005247       0.004001       0.003265       0.002948       0.002961       0.003213       0.003627       0.004148       0.004730       0.005325       0.005884       0.006353       0.006681       0.006822       0.006754       0.006485       0.006077       0.005675       0.005588       0.006350       0.008575       0.012717       0.019167       0.028351       0.040676       0.056445       0.075796       0.098658       0.124737       0.153529       0.184345       0.216359       0.248669       0.280352       0.310522       0.338365       0.363172       0.384328       0.401300       0.413620       0.420914       0.423012       0.420138       0.413203       0.404189       0.396685       0.396685
       0.397004       0.397004       0.404505       0.413517       0.420458       0.423352       0.421295       0.414067       0.401841       0.384992       0.363987       0.339354       0.311696       0.281714       0.250206       0.218043       0.186132       0.155361       0.126540       0.100346       0.077277       0.057620       0.041446       0.028619       0.018846       0.011743       0.006976       0.004483       0.004195       0.004981       0.005852       0.006505       0.006878       0.006970       0.006810       0.006446       0.005929       0.005318       0.004663       0.004009       0.003395       0.002859       0.002464       0.002326       0.002601       0.003393       0.004740       0.006712       0.009434       0.013078       0.017846       0.023954       0.031621       0.041052       0.052415       0.065825       0.081323       0.098862       0.118296       0.139383       0.161793       0.185127       0.208945       0.232794       0.256243       0.278900       0.300438       0.320603       0.339211       0.356151       0.371371       0.384868       0.396675       0.406848       0.415460       0.422586       0.428300       0.432669       0.435748       0.437579       0.438186       0.437579       0.435748       0.432669       0.428300       0.422586       0.415460       0.406848       0.396675       0.384868       0.371371       0.356151       0.339211       0.320603       0.300438       0.278900       0.256243       0.232794       0.208945       0.185127       0.161793       0.139383       0.118296       0.098862       0.081323       0.065825       0.052415       0.041052       0.031621       0.023954       0.017846       0.013078       0.009434       0.006712       0.004740       0.003393       0.002601       0.002326       0.002464       0.002859       0.003395       0.004009       0.004663       0.005318       0.005929       0.006446       0.006810       0.006970       0.006878       0.006505       0.005852       0.004981       0.004195       0.004483       0.006976       0.011743       0.018846       0.028619       0.041446       0.057620       0.077277       0.100346       0.126540       0.155361       0.186132       0.218043       0.250206       0.281714       0.311696       0.339354       0.363987       0.384992       0.401841       0.414067       0.421295       0.423352       0.420458       0.413517       0.404505       0.397004       0.397004
       0.397460       0.397460       0.404957       0.413967       0.420917       0.423840       0.421842       0.414709       0.402620       0.385952       0.365169       0.340791       0.313410       0.283710       0.252468       0.220535       0.188797       0.158118       0.129291       0.102980       0.079672       0.059655       0.043002       0.029587       0.019124       0.011216       0.005456       0.001846       0.002613       0.004499       0.005866       0.006728       0.007163       0.007242       0.007032       0.006602       0.006016       0.005334       0.004605       0.003867       0.003145       0.002459       0.001852       0.001487       0.001724       0.002666       0.004181       0.006290       0.009121       0.012853       0.017694       0.023865       0.031588       0.041069       0.052479       0.065932       0.081471       0.099046       0.118514       0.139629       0.162062       0.185412       0.209240       0.233094       0.256540       0.279190       0.300718       0.320868       0.339461       0.356384       0.371587       0.385067       0.396858       0.407018       0.415617       0.422732       0.428437       0.432799       0.435873       0.437701       0.438307       0.437701       0.435873       0.432799       0.428437       0.422732       0.415617       0.407018       0.396858       0.385067       0.371587       0.356384       0.339461       0.320868       0.300718       0.279190       0.256540       0.233094       0.209240       0.185412       0.162062       0.139629       0.118514       0.099046       0.081471       0.065932       0.052479       0.041069       0.031588       0.023865       0.017694       0.012853       0.009121       0.006290       0.004181       0.002666       0.001724       0.001487       0.001852       0.002459       0.003145       0.003867       0.004605       0.005334       0.006016       0.006602       0.007032       0.007242       0.007163       0.006728       0.005866       0.004499       0.002613       0.001846       0.005456       0.011216       0.019124       0.029587       0.043002       0.059655       0.079672       0.102980       0.129291       0.158118       0.188797       0.220535       0.252468       0.283710       0.313410       0.340791       0.365169       0.385952       0.402620       0.414709       0.421842       0.423840       0.420917       0.413967       0.404957       0.397460       0.397460
       0.398027       0.398027       0.405519       0.414526       0.421488       0.424448       0.422525       0.415514       0.403601       0.387166       0.366669       0.342623       0.315604       0.286277       0.255395       0.223784       0.192301       0.161786       0.133012       0.106626       0.083114       0.062764       0.045669       0.031731       0.020703       0.012238       0.005985       0.002084       0.002976       0.005018       0.006458       0.007315       0.007690       0.007678       0.007366       0.006835       0.006156       0.005392       0.004590       0.003781       0.002979       0.002179       0.001364       0.000583       0.000865       0.002117       0.003800       0.006012       0.008919       0.012714       0.017610       0.023834       0.031608       0.041139       0.052599       0.066101       0.081687       0.099307       0.118815       0.139966       0.162427       0.185798       0.209638       0.233497       0.256940       0.279581       0.301093       0.321225       0.339795       0.356696       0.371876       0.385334       0.397103       0.407244       0.415826       0.422927       0.428620       0.432973       0.436040       0.437864       0.438469       0.437864       0.436040       0.432973       0.428620       0.422927       0.415826       0.407244       0.397103       0.385334       0.371876       0.356696       0.339795       0.321225       0.301093       0.279581       0.256940       0.233497       0.209638       0.185798       0.162427       0.139966       0.118815       0.099307       0.081687       0.066101       0.052599       0.041139       0.031608       0.023834       0.017610       0.012714       0.008919       0.006012       0.003800       0.002117       0.000865       0.000583       0.001364       0.002179       0.002979       0.003781       0.004590       0.005392       0.006156       0.006835       0.007366       0.007678       0.007690       0.007315       0.006458       0.005018       0.002976       0.002084       0.005985       0.012238       0.020703       0.031731       0.045669       0.062764       0.083114       0.106626       0.133012       0.161786       0.192301       0.223784       0.255395       0.286277       0.315604       0.342623       0.366669       0.387166       0.403601       0.415514       0.422525       0.424448       0.421488       0.414526       0.405519       0.398027       0.398027
       0.398672       0.398672       0.406158       0.415163       0.422138       0.425143       0.423308       0.416440       0.404735       0.388576       0.368421       0.344774       0.318196       0.289329       0.258900       0.227706       0.196573       0.166315       0.137681       0.111306       0.087672       0.067083       0.049659       0.035354       0.023997       0.015371       0.009358       0.006189       0.005877       0.006848       0.007793       0.008354       0.008504       0.008302       0.007825       0.007152       0.006358       0.005504       0.004637       0.003788       0.002968       0.002169       0.001378       0.000669       0.000932       0.002131       0.003792       0.005998       0.008909       0.012718       0.017638       0.023893       0.031706       0.041281       0.052789       0.066343       0.081981       0.099652       0.119207       0.140399       0.162894       0.186289       0.210144       0.234006       0.257445       0.280072       0.301565       0.321672       0.340216       0.357087       0.372238       0.385667       0.397411       0.407527       0.416088       0.423170       0.428849       0.433190       0.436249       0.438068       0.438671       0.438068       0.436249       0.433190       0.428849       0.423170       0.416088       0.407527       0.397411       0.385667       0.372238       0.357087       0.340216       0.321672       0.301565       0.280072       0.257445       0.234006       0.210144       0.186289       0.162894       0.140399       0.119207       0.099652       0.081981       0.066343       0.052789       0.041281       0.031706       0.023893       0.017638       0.012718       0.008909       0.005998       0.003792       0.002131       0.000932       0.000669       0.001378       0.002169       0.002968       0.003788       0.004637       0.005504       0.006358       0.007152       0.007825       0.008302       0.008504       0.008354       0.007793       0.006848       0.005877       0.006189       0.009358       0.015371       0.023997       0.035354       0.049659       0.067083       0.087672       0.111306       0.137681       0.166315       0.196573       0.227706       0.258900       0.289329       0.318196       0.344774       0.368421       0.388576       0.404735       0.416440       0.423308       0.425143       0.422138       0.415163       0.406158       0.398672       0.398672
       0.399357       0.399357       0.406837       0.415839       0.422829       0.425882       0.424144       0.417436       0.405962       0.390112       0.370343       0.347151       0.321080       0.292751       0.262863       0.232181       0.201499       0.171603       0.143216       0.116961       0.093319       0.072610       0.054987       0.040459       0.028927       0.020247       0.014300       0.010946       0.009701       0.009602       0.009786       0.009831       0.009606       0.009114       0.008406       0.007552       0.006618       0.005666       0.004742       0.003879       0.003095       0.002401       0.001829       0.001514       0.001752       0.002651       0.004134       0.006237       0.009090       0.012870       0.017785       0.024052       0.031891       0.041505       0.053059       0.066666       0.082360       0.100088       0.119696       0.140934       0.163467       0.186889       0.210760       0.234626       0.258057       0.280668       0.302137       0.322214       0.340724       0.357559       0.372675       0.386070       0.397781       0.407868       0.416403       0.423464       0.429124       0.433451       0.436500       0.438312       0.438914       0.438312       0.436500       0.433451       0.429124       0.423464       0.416403       0.407868       0.397781       0.386070       0.372675       0.357559       0.340724       0.322214       0.302137       0.280668       0.258057       0.234626       0.210760       0.186889       0.163467       0.140934       0.119696       0.100088       0.082360       0.066666       0.053059       0.041505       0.031891       0.024052       0.017785       0.012870       0.009090       0.006237       0.004134       0.002651       0.001752       0.001514       0.001829       0.002401       0.003095       0.003879       0.004742       0.005666       0.006618       0.007552       0.008406       0.009114       0.009606       0.009831       0.009786       0.009602       0.009701       0.010946       0.014300       0.020247       0.028927       0.040459       0.054987       0.072610       0.093319       0.116961       0.143216       0.171603       0.201499       0.232181       0.262863       0.292751       0.321080       0.347151       0.370343       0.390112       0.405962       0.417436       0.424144       0.425882       0.422829       0.415839       0.406837       0.399357       0.399357
       0.400039       0.400039       0.407512       0.416511       0.423516       0.426621       0.424985       0.418444       0.407215       0.391693       0.372340       0.349641       0.324129       0.296400       0.267128       0.237045       0.206913       0.177485       0.149459       0.123442       0.099910       0.079196       0.061480       0.046808       0.035115       0.026263       0.020047       0.016138       0.013992       0.012906       0.012257       0.011663       0.010956       0.010092       0.009097       0.008021       0.006923       0.005858       0.004872       0.003998       0.003264       0.002688       0.002307       0.002198       0.002483       0.003265       0.004608       0.006603       0.009384       0.013122       0.018020       0.024292       0.032154       0.041805       0.053409       0.067072       0.082828       0.100618       0.120285       0.141576       0.164150       0.187603       0.211490       0.235359       0.258781       0.281371       0.302810       0.322851       0.341320       0.358114       0.373187       0.386542       0.398215       0.408267       0.416772       0.423806       0.429445       0.433756       0.436793       0.438598       0.439197       0.438598       0.436793       0.433756       0.429445       0.423806       0.416772       0.408267       0.398215       0.386542       0.373187       0.358114       0.341320       0.322851       0.302810       0.281371       0.258781       0.235359       0.211490       0.187603       0.164150       0.141576       0.120285       0.100618       0.082828       0.067072       0.053409       0.041805       0.032154       0.024292       0.018020       0.013122       0.009384       0.006603       0.004608       0.003265       0.002483       0.002198       0.002307       0.002688       0.003264       0.003998       0.004872       0.005858       0.006923       0.008021       0.009097       0.010092       0.010956       0.011663       0.012257       0.012906       0.013992       0.016138       0.020047       0.026263       0.035115       0.046808       0.061480       0.079196       0.099910       0.123442       0.149459       0.177485       0.206913       0.237045       0.267128       0.296400       0.324129       0.349641       0.372340       0.391693       0.407215       0.418444       0.424985       0.426621       0.423516       0.416511       0.407512       0.400039       0.400039
       0.400673       0.400673       0.408139       0.417134       0.424155       0.427309       0.425773       0.419399       0.408416       0.393229       0.374301       0.352115       0.327191       0.300107       0.271508       0.242097       0.212600       0.183738       0.156180       0.130511       0.107199       0.086576       0.068836       0.054040       0.042132       0.032954       0.026244       0.021617       0.018567       0.016536       0.015041       0.013754       0.012498       0.011205       0.009876       0.008544       0.007255       0.006054       0.004984       0.004077       0.003359       0.002853       0.002584       0.002591       0.002938       0.003708       0.005004       0.006947       0.009688       0.013404       0.018298       0.024583       0.032475       0.042171       0.053831       0.067559       0.083385       0.101245       0.120979       0.142328       0.164949       0.188434       0.212338       0.236209       0.259618       0.282183       0.303587       0.323585       0.342007       0.358752       0.373776       0.387083       0.398713       0.408725       0.417195       0.424199       0.429814       0.434105       0.437128       0.438926       0.439522       0.438926       0.437128       0.434105       0.429814       0.424199       0.417195       0.408725       0.398713       0.387083       0.373776       0.358752       0.342007       0.323585       0.303587       0.282183       0.259618       0.236209       0.212338       0.188434       0.164949       0.142328       0.120979       0.101245       0.083385       0.067559       0.053831       0.042171       0.032475       0.024583       0.018298       0.013404       0.009688       0.006947       0.005004       0.003708       0.002938       0.002591       0.002584       0.002853       0.003359       0.004077       0.004984       0.006054       0.007255       0.008544       0.009876       0.011205       0.012498       0.013754       0.015041       0.016536       0.018567       0.021617       0.026244       0.032954       0.042132       0.054040       0.068836       0.086576       0.107199       0.130511       0.156180       0.183738       0.212600       0.242097       0.271508       0.300107       0.327191       0.352115       0.374301       0.393229       0.408416       0.419399       0.425773       0.427309       0.424155       0.417134       0.408139       0.400673       0.400673
       0.401212       0.401212       0.408671       0.417662       0.424696       0.427895       0.426453       0.420235       0.409485       0.394620       0.376107       0.354431       0.330100       0.303678       0.275785       0.247095       0.218300       0.190086       0.163088       0.137865       0.114863       0.094407       0.076689       0.061769       0.049589       0.039976       0.032652       0.027239       0.023288       0.020344       0.018014       0.016014       0.014174       0.012416       0.010721       0.009105       0.007597       0.006234       0.005046       0.004061       0.003302       0.002793       0.002561       0.002634       0.003051       0.003876       0.005206       0.007168       0.009923       0.013657       0.018575       0.024896       0.032835       0.042589       0.054318       0.068124       0.084030       0.101971       0.121779       0.143193       0.165866       0.189387       0.213309       0.237180       0.260573       0.283108       0.304470       0.324418       0.342786       0.359474       0.374442       0.387696       0.399275       0.409242       0.417672       0.424642       0.430228       0.434498       0.437506       0.439294       0.439887       0.439294       0.437506       0.434498       0.430228       0.424642       0.417672       0.409242       0.399275       0.387696       0.374442       0.359474       0.342786       0.324418       0.304470       0.283108       0.260573       0.237180       0.213309       0.189387       0.165866       0.143193       0.121779       0.101971       0.084030       0.068124       0.054318       0.042589       0.032835       0.024896       0.018575       0.013657       0.009923       0.007168       0.005206       0.003876       0.003051       0.002634       0.002561       0.002793       0.003302       0.004061       0.005046       0.006234       0.007597       0.009105       0.010721       0.012416       0.014174       0.016014       0.018014       0.020344       0.023288       0.027239       0.032652       0.039976       0.049589       0.061769       0.076689       0.094407       0.114863       0.137865       0.163088       0.190086       0.218300       0.247095       0.275785       0.303678       0.330100       0.354431       0.376107       0.394620       0.409485       0.420235       0.426453       0.427895       0.424696       0.417662       0.408671       0.401212       0.401212
       0.401611       0.401611       0.409063       0.418049       0.425092       0.428328       0.426965       0.420882       0.410339       0.395765       0.377636       0.356438       0.332677       0.306904       0.279721       0.251773       0.223720       0.196212       0.169848       0.145150       0.122538       0.102315       0.084659       0.069624       0.057146       0.047051       0.039072       0.032863       0.028038       0.024218       0.021076       0.018368       0.015936       0.013696       0.011615       0.009695       0.007949       0.006397       0.005058       0.003945       0.003075       0.002478       0.002207       0.002317       0.002833       0.003771       0.005201       0.007244       0.010064       0.013855       0.018830       0.025212       0.033219       0.043051       0.054866       0.068763       0.084764       0.102796       0.122690       0.144177       0.166907       0.190466       0.214407       0.238276       0.261649       0.284148       0.305462       0.325353       0.343659       0.360283       0.375187       0.388380       0.399902       0.409818       0.418203       0.425135       0.430690       0.434935       0.437926       0.439704       0.440293       0.439704       0.437926       0.434935       0.430690       0.425135       0.418203       0.409818       0.399902       0.388380       0.375187       0.360283       0.343659       0.325353       0.305462       0.284148       0.261649       0.238276       0.214407       0.190466       0.166907       0.144177       0.122690       0.102796       0.084764       0.068763       0.054866       0.043051       0.033219       0.025212       0.018830       0.013855       0.010064       0.007244       0.005201       0.003771       0.002833       0.002317       0.002207       0.002478       0.003075       0.003945       0.005058       0.006397       0.007949       0.009695       0.011615       0.013696       0.015936       0.018368       0.021076       0.024218       0.028038       0.032863       0.039072       0.047051       0.057146       0.069624       0.084659       0.102315       0.122538       0.145150       0.169848       0.196212       0.223720       0.251773       0.279721       0.306904       0.332677       0.356438       0.377636       0.395765       0.410339       0.420882       0.426965       0.428328       0.425092       0.418049       0.409063       0.401611       0.401611
       0.401827       0.401827       0.409271       0.418251       0.425297       0.428558       0.427252       0.421275       0.410897       0.396563       0.378760       0.357983       0.334738       0.309569       0.283065       0.255847       0.228548       0.201779       0.176099       0.151992       0.129840       0.109916       0.092376       0.077260       0.064503       0.053938       0.045323       0.038356       0.032709       0.028065       0.024153       0.020760       0.017745       0.015022       0.012551       0.010318       0.008323       0.006570       0.005058       0.003784       0.002745       0.001964       0.001553       0.001699       0.002381       0.003493       0.005066       0.007223       0.010137       0.014011       0.019066       0.025530       0.033626       0.043554       0.055473       0.069479       0.085589       0.103726       0.123715       0.145284       0.168077       0.191677       0.215635       0.239500       0.262849       0.285306       0.306565       0.326392       0.344627       0.361179       0.376011       0.389136       0.400595       0.410454       0.418789       0.425679       0.431199       0.435417       0.438388       0.440154       0.440740       0.440154       0.438388       0.435417       0.431199       0.425679       0.418789       0.410454       0.400595       0.389136       0.376011       0.361179       0.344627       0.326392       0.306565       0.285306       0.262849       0.239500       0.215635       0.191677       0.168077       0.145284       0.123715       0.103726       0.085589       0.069479       0.055473       0.043554       0.033626       0.025530       0.019066       0.014011       0.010137       0.007223       0.005066       0.003493       0.002381       0.001699       0.001553       0.001964       0.002745       0.003784       0.005058       0.006570       0.008323       0.010318       0.012551       0.015022       0.017745       0.020760       0.024153       0.028065       0.032709       0.038356       0.045323       0.053938       0.064503       0.077260       0.092376       0.109916       0.129840       0.151992       0.176099       0.201779       0.228548       0.255847       0.283065       0.309569       0.334738       0.357983       0.378760       0.396563       0.410897       0.421275       0.427252       0.428558       0.425297       0.418251       0.409271       0.401827       0.401827
       0.401819       0.401819       0.409257       0.418228       0.425271       0.428540       0.427265       0.421350       0.411082       0.396918       0.379361       0.358917       0.336101       0.311456       0.285565       0.259032       0.232465       0.206439       0.181475       0.158010       0.136386       0.116836       0.099487       0.084362       0.071391       0.060423       0.051243       0.043594       0.037202       0.031806       0.027180       0.023144       0.019572       0.016381       0.013528       0.010988       0.008748       0.006797       0.005120       0.003692       0.002481       0.001456       0.000706       0.000951       0.001931       0.003233       0.004936       0.007195       0.010198       0.014158       0.019302       0.025862       0.034062       0.044104       0.056144       0.070275       0.086509       0.104765       0.124861       0.146519       0.169379       0.193023       0.216999       0.240858       0.264176       0.286585       0.307781       0.327535       0.345692       0.362163       0.376916       0.389965       0.401354       0.411150       0.419430       0.426273       0.431754       0.435943       0.438893       0.440646       0.441228       0.440646       0.438893       0.435943       0.431754       0.426273       0.419430       0.411150       0.401354       0.389965       0.376916       0.362163       0.345692       0.327535       0.307781       0.286585       0.264176       0.240858       0.216999       0.193023       0.169379       0.146519       0.124861       0.104765       0.086509       0.070275       0.056144       0.044104       0.034062       0.025862       0.019302       0.014158       0.010198       0.007195       0.004936       0.003233       0.001931       0.000951       0.000706       0.001456       0.002481       0.003692       0.005120       0.006797       0.008748       0.010988       0.013528       0.016381       0.019572       0.023144       0.027180       0.031806       0.037202       0.043594       0.051243       0.060423       0.071391       0.084362       0.099487       0.116836       0.136386       0.158010       0.181475       0.206439       0.232465       0.259032       0.285565       0.311456       0.336101       0.358917       0.379361       0.396918       0.411082       0.421350       0.427265       0.428540       0.425271       0.418228       0.409257       0.401819       0.401819
       0.401555       0.401555       0.408985       0.417946       0.424977       0.428236       0.426958       0.421056       0.410827       0.396746       0.379331       0.359106       0.336599       0.312363       0.286982       0.261051       0.235160       0.209855       0.185618       0.162839       0.141812       0.122725       0.105669       0.090643       0.077571       0.066312       0.056681       0.048461       0.041429       0.035373       0.030108       0.025485       0.021395       0.017765       0.014549       0.011717       0.009248       0.007122       0.005313       0.003787       0.002499       0.001398       0.000490       0.000784       0.001854       0.003197       0.004937       0.007240       0.010301       0.014332       0.019563       0.026225       0.034541       0.044711       0.056888       0.071160       0.087533       0.105921       0.126134       0.147889       0.170823       0.194511       0.218504       0.242352       0.265635       0.287989       0.309113       0.328785       0.346854       0.363236       0.377901       0.390867       0.402179       0.411906       0.420125       0.426917       0.432356       0.436512       0.439439       0.441178       0.441755       0.441178       0.439439       0.436512       0.432356       0.426917       0.420125       0.411906       0.402179       0.390867       0.377901       0.363236       0.346854       0.328785       0.309113       0.287989       0.265635       0.242352       0.218504       0.194511       0.170823       0.147889       0.126134       0.105921       0.087533       0.071160       0.056888       0.044711       0.034541       0.026225       0.019563       0.014332       0.010301       0.007240       0.004937       0.003197       0.001854       0.000784       0.000490       0.001398       0.002499       0.003787       0.005313       0.007122       0.009248       0.011717       0.014549       0.017765       0.021395       0.025485       0.030108       0.035373       0.041429       0.048461       0.056681       0.066312       0.077571       0.090643       0.105669       0.122725       0.141812       0.162839       0.185618       0.209855       0.235160       0.261051       0.286982       0.312363       0.336599       0.359106       0.379331       0.396746       0.410827       0.421056       0.426958       0.428236       0.424977       0.417946       0.408985       0.401555       0.401555
       0.401007       0.401007       0.408432       0.417380       0.424389       0.427617       0.426298       0.420350       0.410081       0.395979       0.378582       0.358435       0.336089       0.312112       0.287101       0.261653       0.236349       0.211714       0.188193       0.166134       0.145777       0.127259       0.110626       0.095846       0.082826       0.071433       0.061502       0.052854       0.045312       0.038706       0.032892       0.027752       0.023197       0.019166       0.015614       0.012513       0.009836       0.007560       0.005657       0.004096       0.002846       0.001902       0.001368       0.001494       0.002237       0.003426       0.005094       0.007380       0.010463       0.014550       0.019864       0.026633       0.035076       0.045388       0.057717       0.072145       0.088672       0.107203       0.127544       0.149403       0.172413       0.196147       0.220155       0.243987       0.267229       0.289519       0.310563       0.330144       0.348116       0.364398       0.378967       0.391841       0.403070       0.412721       0.420875       0.427610       0.433004       0.437125       0.440026       0.441751       0.442323       0.441751       0.440026       0.437125       0.433004       0.427610       0.420875       0.412721       0.403070       0.391841       0.378967       0.364398       0.348116       0.330144       0.310563       0.289519       0.267229       0.243987       0.220155       0.196147       0.172413       0.149403       0.127544       0.107203       0.088672       0.072145       0.057717       0.045388       0.035076       0.026633       0.019864       0.014550       0.010463       0.007380       0.005094       0.003426       0.002237       0.001494       0.001368       0.001902       0.002846       0.004096       0.005657       0.007560       0.009836       0.012513       0.015614       0.019166       0.023197       0.027752       0.032892       0.038706       0.045312       0.052854       0.061502       0.071433       0.082826       0.095846       0.110626       0.127259       0.145777       0.166134       0.188193       0.211714       0.236349       0.261653       0.287101       0.312112       0.336089       0.358435       0.378582       0.395979       0.410081       0.420350       0.426298       0.427617       0.424389       0.417380       0.408432       0.401007       0.401007
       0.400160       0.400160       0.407579       0.416512       0.423492       0.426666       0.425266       0.419209       0.408811       0.394572       0.377053       0.356823       0.334460       0.310562       0.285746       0.260626       0.235785       0.211737       0.188903       0.167588       0.147978       0.130152       0.114100       0.099745       0.086970       0.075635       0.065590       0.056685       0.048782       0.041754       0.035494       0.029918       0.024959       0.020570       0.016716       0.013368       0.010502       0.008092       0.006111       0.004534       0.003339       0.002524       0.002123       0.002187       0.002726       0.003745       0.005314       0.007563       0.010661       0.014805       0.020209       0.027096       0.035680       0.046148       0.058644       0.073242       0.089937       0.108623       0.129100       0.151069       0.174158       0.197938       0.221956       0.245768       0.268960       0.291178       0.312132       0.331612       0.349476       0.365651       0.380114       0.392889       0.404026       0.413596       0.421678       0.428353       0.433698       0.437780       0.440654       0.442362       0.442929       0.442362       0.440654       0.437780       0.433698       0.428353       0.421678       0.413596       0.404026       0.392889       0.380114       0.365651       0.349476       0.331612       0.312132       0.291178       0.268960       0.245768       0.221956       0.197938       0.174158       0.151069       0.129100       0.108623       0.089937       0.073242       0.058644       0.046148       0.035680       0.027096       0.020209       0.014805       0.010661       0.007563       0.005314       0.003745       0.002726       0.002187       0.002123       0.002524       0.003339       0.004534       0.006111       0.008092       0.010502       0.013368       0.016716       0.020570       0.024959       0.029918       0.035494       0.041754       0.048782       0.056685       0.065590       0.075635       0.086970       0.099745       0.114100       0.130152       0.147978       0.167588       0.188903       0.211737       0.235785       0.260626       0.285746       0.310562       0.334460       0.356823       0.377053       0.394572       0.408811       0.419209       0.425266       0.426666       0.423492       0.416512       0.407579       0.400160       0.400160
       0.399009       0.399009       0.406423       0.415342       0.422282       0.425381       0.423859       0.417629       0.407009       0.392512       0.374719       0.354228       0.331652       0.307625       0.282796       0.257812       0.233273       0.209700       0.187498       0.166937       0.148153       0.131156       0.115868       0.102152       0.089848       0.078796       0.068849       0.059880       0.051784       0.044474       0.037884       0.031959       0.026663       0.021964       0.017839       0.014265       0.011220       0.008675       0.006605       0.004980       0.003775       0.002973       0.002568       0.002568       0.003001       0.003932       0.005458       0.007713       0.010858       0.015083       0.020599       0.027623       0.036364       0.047005       0.059683       0.074467       0.091340       0.110192       0.130812       0.152896       0.176065       0.199888       0.223914       0.247698       0.270832       0.292967       0.313822       0.333189       0.350936       0.366993       0.381342       0.394009       0.405047       0.414529       0.422534       0.429144       0.434436       0.438477       0.441322       0.443013       0.443574       0.443013       0.441322       0.438477       0.434436       0.429144       0.422534       0.414529       0.405047       0.394009       0.381342       0.366993       0.350936       0.333189       0.313822       0.292967       0.270832       0.247698       0.223914       0.199888       0.176065       0.152896       0.130812       0.110192       0.091340       0.074467       0.059683       0.047005       0.036364       0.027623       0.020599       0.015083       0.010858       0.007713       0.005458       0.003932       0.003001       0.002568       0.002568       0.002973       0.003775       0.004980       0.006605       0.008675       0.011220       0.014265       0.017839       0.021964       0.026663       0.031959       0.037884       0.044474       0.051784       0.059880       0.068849       0.078796       0.089848       0.102152       0.115868       0.131156       0.148153       0.166937       0.187498       0.209700       0.233273       0.257812       0.282796       0.307625       0.331652       0.354228       0.374719       0.392512       0.407009       0.417629       0.423859       0.425381       0.422282       0.415342       0.406423       0.399009       0.399009
       0.397562       0.397562       0.404974       0.413877       0.420773       0.423777       0.422095       0.415629       0.404696       0.389819       0.371598       0.350662       0.327662       0.303275       0.278200       0.253124       0.228689       0.205439       0.183784       0.163974       0.146090       0.130071       0.115753       0.102917       0.091340       0.080823       0.071209       0.062386       0.054277       0.046835       0.040033       0.033854       0.028289       0.023330       0.018968       0.015187       0.011965       0.009275       0.007083       0.005353       0.004048       0.003139       0.002618       0.002516       0.002903       0.003852       0.005440       0.007782       0.011034       0.015385       0.021043       0.028227       0.037145       0.047976       0.060851       0.075832       0.092896       0.111921       0.132690       0.154891       0.178140       0.202004       0.226031       0.249779       0.272846       0.294889       0.315632       0.334877       0.352496       0.368424       0.382650       0.395200       0.406133       0.415519       0.423442       0.429983       0.435218       0.439215       0.442029       0.443701       0.444256       0.443701       0.442029       0.439215       0.435218       0.429983       0.423442       0.415519       0.406133       0.395200       0.382650       0.368424       0.352496       0.334877       0.315632       0.294889       0.272846       0.249779       0.226031       0.202004       0.178140       0.154891       0.132690       0.111921       0.092896       0.075832       0.060851       0.047976       0.037145       0.028227       0.021043       0.015385       0.011034       0.007782       0.005440       0.003852       0.002903       0.002516       0.002618       0.003139       0.004048       0.005353       0.007083       0.009275       0.011965       0.015187       0.018968       0.023330       0.028289       0.033854       0.040033       0.046835       0.054277       0.062386       0.071209       0.080823       0.091340       0.102917       0.115753       0.130071       0.146090       0.163974       0.183784       0.205439       0.228689       0.253124       0.278200       0.303275       0.327662       0.350662       0.371598       0.389819       0.404696       0.415629       0.422095       0.423777       0.420773       0.413877       0.404974       0.397562       0.397562
       0.395842       0.395842       0.403254       0.412145       0.418992       0.421887       0.420011       0.413255       0.401927       0.386555       0.367758       0.346195       0.322557       0.297571       0.271990       0.246566       0.221995       0.198875       0.177644       0.158550       0.141631       0.126746       0.113624       0.101938       0.091370       0.081662       0.072633       0.064175       0.056239       0.048817       0.041924       0.035584       0.029821       0.024653       0.020086       0.016116       0.012723       0.009878       0.007538       0.005653       0.004172       0.003046       0.002276       0.001989       0.002397       0.003510       0.005288       0.007806       0.011224       0.015738       0.021567       0.028932       0.038043       0.049078       0.062163       0.077353       0.094615       0.113822       0.134744       0.157063       0.180391       0.204290       0.228311       0.252015       0.275004       0.296943       0.317563       0.336674       0.354153       0.369943       0.384035       0.396462       0.407280       0.416566       0.424401       0.430867       0.436042       0.439993       0.442774       0.444426       0.444974       0.444426       0.442774       0.439993       0.436042       0.430867       0.424401       0.416566       0.407280       0.396462       0.384035       0.369943       0.354153       0.336674       0.317563       0.296943       0.275004       0.252015       0.228311       0.204290       0.180391       0.157063       0.134744       0.113822       0.094615       0.077353       0.062163       0.049078       0.038043       0.028932       0.021567       0.015738       0.011224       0.007806       0.005288       0.003510       0.002397       0.001989       0.002276       0.003046       0.004172       0.005653       0.007538       0.009878       0.012723       0.016116       0.020086       0.024653       0.029821       0.035584       0.041924       0.048817       0.056239       0.064175       0.072633       0.081662       0.091370       0.101938       0.113624       0.126746       0.141631       0.158550       0.177644       0.198875       0.221995       0.246566       0.271990       0.297571       0.322557       0.346195       0.367758       0.386555       0.401927       0.413255       0.420011       0.421887       0.418992       0.412145       0.403254       0.395842       0.395842
       0.393888       0.393888       0.401305       0.410188       0.416986       0.419762       0.417670       0.410579       0.398788       0.382825       0.363322       0.340965       0.316485       0.290659       0.264305       0.238246       0.213260       0.190024       0.169043       0.150591       0.134683       0.121091       0.109411       0.099168       0.089916       0.081309       0.073123       0.065250       0.057670       0.050415       0.043548       0.037137       0.031245       0.025917       0.021181       0.017044       0.013494       0.010497       0.008005       0.005956       0.004276       0.002884       0.001728       0.001026       0.001634       0.003119       0.005172       0.007905       0.011509       0.016201       0.022211       0.029767       0.039081       0.050329       0.063633       0.079041       0.096510       0.115903       0.136980       0.159418       0.182821       0.206750       0.230756       0.254405       0.277306       0.299128       0.319614       0.338578       0.355907       0.371548       0.385498       0.397791       0.408489       0.417667       0.425408       0.431796       0.436907       0.440809       0.443555       0.445186       0.445727       0.445186       0.443555       0.440809       0.436907       0.431796       0.425408       0.417667       0.408489       0.397791       0.385498       0.371548       0.355907       0.338578       0.319614       0.299128       0.277306       0.254405       0.230756       0.206750       0.182821       0.159418       0.136980       0.115903       0.096510       0.079041       0.063633       0.050329       0.039081       0.029767       0.022211       0.016201       0.011509       0.007905       0.005172       0.003119       0.001634       0.001026       0.001728       0.002884       0.004276       0.005956       0.008005       0.010497       0.013494       0.017044       0.021181       0.025917       0.031245       0.037137       0.043548       0.050415       0.057670       0.065250       0.073123       0.081309       0.089916       0.099168       0.109411       0.121091       0.134683       0.150591       0.169043       0.190024       0.213260       0.238246       0.264305       0.290659       0.316485       0.340965       0.363322       0.382825       0.398788       0.410579       0.417670       0.419762       0.416986       0.410188       0.401305       0.393888       0.393888
       0.391755       0.391755       0.399181       0.408063       0.414817       0.417473       0.415153       0.407702       0.395402       0.378778       0.358468       0.335181       0.309680       0.282793       0.255400       0.228402       0.202680       0.179023       0.158046       0.140104       0.125219       0.113078       0.103107       0.094631       0.087022       0.079815       0.072729       0.065654       0.058599       0.051647       0.044911       0.038511       0.032551       0.027110       0.022241       0.017965       0.014279       0.011153       0.008537       0.006362       0.004546       0.002992       0.001595       0.000345       0.001356       0.003120       0.005350       0.008233       0.011984       0.016831       0.023011       0.030756       0.040275       0.051743       0.065273       0.080906       0.098588       0.118170       0.139405       0.161960       0.185433       0.209385       0.233368       0.256951       0.279750       0.301444       0.321782       0.340589       0.357756       0.373237       0.387035       0.399187       0.409756       0.418820       0.426463       0.432768       0.437812       0.441661       0.444370       0.445979       0.446513       0.445979       0.444370       0.441661       0.437812       0.432768       0.426463       0.418820       0.409756       0.399187       0.387035       0.373237       0.357756       0.340589       0.321782       0.301444       0.279750       0.256951       0.233368       0.209385       0.185433       0.161960       0.139405       0.118170       0.098588       0.080906       0.065273       0.051743       0.040275       0.030756       0.023011       0.016831       0.011984       0.008233       0.005350       0.003120       0.001356       0.000345       0.001595       0.002992       0.004546       0.006362       0.008537       0.011153       0.014279       0.017965       0.022241       0.027110       0.032551       0.038511       0.044911       0.051647       0.058599       0.065654       0.072729       0.079815       0.087022       0.094631       0.103107       0.113078       0.125219       0.140104       0.158046       0.179023       0.202680       0.228402       0.255400       0.282793       0.309680       0.335181       0.358468       0.378778       0.395402       0.407702       0.415153       0.417473       0.414817       0.408063       0.399181       0.391755       0.391755
       0.389511       0.389511       0.396952       0.405842       0.412563       0.415106       0.412561       0.404745       0.391920       0.374600       0.353426       0.329118       0.302466       0.274335       0.245660       0.217421       0.190609       0.166156       0.144846       0.127190       0.113285       0.102746       0.094783       0.088432       0.082816       0.077308       0.071563       0.065473       0.059088       0.052549       0.046031       0.039709       0.033733       0.028221       0.023252       0.018866       0.015072       0.011849       0.009153       0.006922       0.005085       0.003576       0.002387       0.001778       0.002313       0.003798       0.005963       0.008869       0.012694       0.017656       0.023985       0.031908       0.041633       0.053325       0.067088       0.082952       0.100853       0.120629       0.142022       0.164690       0.188229       0.212196       0.236144       0.259650       0.282335       0.303888       0.324066       0.342701       0.359695       0.375007       0.388643       0.400645       0.411079       0.420023       0.427562       0.433780       0.438753       0.442548       0.445218       0.446804       0.447330       0.446804       0.445218       0.442548       0.438753       0.433780       0.427562       0.420023       0.411079       0.400645       0.388643       0.375007       0.359695       0.342701       0.324066       0.303888       0.282335       0.259650       0.236144       0.212196       0.188229       0.164690       0.142022       0.120629       0.100853       0.082952       0.067088       0.053325       0.041633       0.031908       0.023985       0.017656       0.012694       0.008869       0.005963       0.003798       0.002313       0.001778       0.002387       0.003576       0.005085       0.006922       0.009153       0.011849       0.015072       0.018866       0.023252       0.028221       0.033733       0.039709       0.046031       0.052549       0.059088       0.065473       0.071563       0.077308       0.082816       0.088432       0.094783       0.102746       0.113285       0.127190       0.144846       0.166156       0.190609       0.217421       0.245660       0.274335       0.302466       0.329118       0.353426       0.374600       0.391920       0.404745       0.412561       0.415106       0.412563       0.405842       0.396952       0.389511       0.389511
       0.387236       0.387236       0.394699       0.403608       0.410310       0.412758       0.410009       0.401848       0.388515       0.370510       0.348468       0.323112       0.295245       0.265754       0.235611       0.205859       0.177588       0.151894       0.129791       0.112060       0.099003       0.090214       0.084608       0.080793       0.077535       0.074008       0.069806       0.064844       0.059232       0.053183       0.046942       0.040745       0.034792       0.029240       0.024196       0.019724       0.015848       0.012557       0.009820       0.007589       0.005812       0.004455       0.003542       0.003211       0.003648       0.004886       0.006898       0.009750       0.013599       0.018646       0.025112       0.033213       0.043147       0.055070       0.069076       0.085180       0.103306       0.123279       0.144830       0.167610       0.191207       0.215180       0.239083       0.262499       0.285058       0.306455       0.326460       0.344913       0.361722       0.376854       0.390319       0.402164       0.412455       0.421273       0.428704       0.434830       0.439729       0.443467       0.446097       0.447659       0.448177       0.447659       0.446097       0.443467       0.439729       0.434830       0.428704       0.421273       0.412455       0.402164       0.390319       0.376854       0.361722       0.344913       0.326460       0.306455       0.285058       0.262499       0.239083       0.215180       0.191207       0.167610       0.144830       0.123279       0.103306       0.085180       0.069076       0.055070       0.043147       0.033213       0.025112       0.018646       0.013599       0.009750       0.006898       0.004886       0.003648       0.003211       0.003542       0.004455       0.005812       0.007589       0.009820       0.012557       0.015848       0.019724       0.024196       0.029240       0.034792       0.040745       0.046942       0.053183       0.059232       0.064844       0.069806       0.074008       0.077535       0.080793       0.084608       0.090214       0.099003       0.112060       0.129791       0.151894       0.177588       0.205859       0.235611       0.265754       0.295245       0.323112       0.348468       0.370510       0.388515       0.401848       0.410009       0.412758       0.410310       0.403608       0.394699       0.387236       0.387236
       0.385018       0.385018       0.392508       0.401449       0.408152       0.410534       0.407618       0.399159       0.385374       0.366744       0.343893       0.317538       0.288480       0.257609       0.225908       0.194449       0.164389       0.136964       0.113455       0.095070       0.082569       0.075678       0.072882       0.072093       0.071562       0.070246       0.067719       0.063957       0.059161       0.053632       0.047691       0.041640       0.035729       0.030155       0.025054       0.020511       0.016565       0.013220       0.010456       0.008238       0.006530       0.005308       0.004577       0.004391       0.004830       0.005969       0.007888       0.010707       0.014589       0.019731       0.026345       0.034638       0.044798       0.056969       0.071231       0.087587       0.105945       0.126120       0.147830       0.170717       0.194366       0.218335       0.242182       0.265495       0.287913       0.309142       0.328960       0.347218       0.363832       0.378773       0.392059       0.403738       0.413880       0.422567       0.429884       0.435916       0.440738       0.444416       0.447004       0.448541       0.449051       0.448541       0.447004       0.444416       0.440738       0.435916       0.429884       0.422567       0.413880       0.403738       0.392059       0.378773       0.363832       0.347218       0.328960       0.309142       0.287913       0.265495       0.242182       0.218335       0.194366       0.170717       0.147830       0.126120       0.105945       0.087587       0.071231       0.056969       0.044798       0.034638       0.026345       0.019731       0.014589       0.010707       0.007888       0.005969       0.004830       0.004391       0.004577       0.005308       0.006530       0.008238       0.010456       0.013220       0.016565       0.020511       0.025054       0.030155       0.035729       0.041640       0.047691       0.053632       0.059161       0.063957       0.067719       0.070246       0.071562       0.072093       0.072882       0.075678       0.082569       0.095070       0.113455       0.136964       0.164389       0.194449       0.225908       0.257609       0.288480       0.317538       0.343893       0.366744       0.385374       0.399159       0.407618       0.410534       0.408152       0.401449       0.392508       0.385018       0.385018
       0.382944       0.382944       0.390468       0.399454       0.406182       0.408536       0.405506       0.396823       0.382679       0.363537       0.340005       0.312786       0.282666       0.250520       0.217312       0.184101       0.152045       0.122436       0.096772       0.076813       0.064260       0.059441       0.060129       0.062962       0.065476       0.066484       0.065639       0.063047       0.059032       0.053993       0.048336       0.042423       0.036554       0.030962       0.025809       0.021198       0.017182       0.013776       0.010968       0.008733       0.007043       0.005877       0.005229       0.005119       0.005599       0.006749       0.008686       0.011556       0.015537       0.020825       0.027628       0.036149       0.046564       0.059006       0.073545       0.090167       0.108768       0.129149       0.151018       0.174008       0.197702       0.221656       0.245434       0.268630       0.290894       0.311942       0.331561       0.349612       0.366019       0.380761       0.393858       0.405364       0.415351       0.423901       0.431101       0.437034       0.441776       0.445392       0.447937       0.449448       0.449949       0.449448       0.447937       0.445392       0.441776       0.437034       0.431101       0.423901       0.415351       0.405364       0.393858       0.380761       0.366019       0.349612       0.331561       0.311942       0.290894       0.268630       0.245434       0.221656       0.197702       0.174008       0.151018       0.129149       0.108768       0.090167       0.073545       0.059006       0.046564       0.036149       0.027628       0.020825       0.015537       0.011556       0.008686       0.006749       0.005599       0.005119       0.005229       0.005877       0.007043       0.008733       0.010968       0.013776       0.017182       0.021198       0.025809       0.030962       0.036554       0.042423       0.048336       0.053993       0.059032       0.063047       0.065639       0.066484       0.065476       0.062962       0.060129       0.059441       0.064260       0.076813       0.096772       0.122436       0.152045       0.184101       0.217312       0.250520       0.282666       0.312786       0.340005       0.363537       0.382679       0.396823       0.405506       0.408536       0.406182       0.399454       0.390468       0.382944       0.382944
       0.381096       0.381096       0.388660       0.397705       0.404486       0.406857       0.403782       0.394971       0.380597       0.361105       0.337086       0.309224       0.278283       0.245108       0.210627       0.175844       0.141846       0.109842       0.081311       0.058400       0.044462       0.041994       0.047336       0.054433       0.060098       0.063305       0.063963       0.062378       0.059014       0.054374       0.048938       0.043126       0.037278       0.031658       0.026447       0.021764       0.017668       0.014181       0.011293       0.008982       0.007224       0.006005       0.005335       0.005248       0.005798       0.007060       0.009140       0.012180       0.016357       0.021870       0.028926       0.037723       0.048432       0.061176       0.076013       0.092918       0.111772       0.132363       0.154390       0.177480       0.201209       0.225138       0.248833       0.271900       0.293995       0.314847       0.334254       0.352087       0.368277       0.382810       0.395711       0.407038       0.416863       0.425271       0.432349       0.438180       0.442840       0.446393       0.448893       0.450377       0.450869       0.450377       0.448893       0.446393       0.442840       0.438180       0.432349       0.425271       0.416863       0.407038       0.395711       0.382810       0.368277       0.352087       0.334254       0.314847       0.293995       0.271900       0.248833       0.225138       0.201209       0.177480       0.154390       0.132363       0.111772       0.092918       0.076013       0.061176       0.048432       0.037723       0.028926       0.021870       0.016357       0.012180       0.009140       0.007060       0.005798       0.005248       0.005335       0.006005       0.007224       0.008982       0.011293       0.014181       0.017668       0.021764       0.026447       0.031658       0.037278       0.043126       0.048938       0.054374       0.059014       0.062378       0.063963       0.063305       0.060098       0.054433       0.047336       0.041994       0.044462       0.058400       0.081311       0.109842       0.141846       0.175844       0.210627       0.245108       0.278283       0.309224       0.337086       0.361105       0.380597       0.394971       0.403782       0.406857       0.404486       0.397705       0.388660       0.381096       0.381096
       0.379544       0.379544       0.387152       0.396271       0.403133       0.405571       0.402533       0.393710       0.379264       0.359624       0.335368       0.307159       0.275740       0.241924       0.206598       0.170702       0.135219       0.101174       0.069698       0.042441       0.023896       0.024545       0.036626       0.048133       0.056471       0.061357       0.063096       0.062203       0.059265       0.054870       0.049555       0.043779       0.037916       0.032246       0.026969       0.022206       0.018021       0.014433       0.011428       0.008978       0.007053       0.005653       0.004831       0.004702       0.005371       0.006868       0.009230       0.012566       0.017044       0.022865       0.030238       0.039362       0.050404       0.063480       0.078638       0.095840       0.114956       0.135761       0.157944       0.181125       0.204880       0.228771       0.252371       0.275293       0.297207       0.317850       0.337033       0.354636       0.370599       0.384914       0.397612       0.408753       0.418411       0.426673       0.433626       0.439352       0.443927       0.447415       0.449869       0.451325       0.451808       0.451325       0.449869       0.447415       0.443927       0.439352       0.433626       0.426673       0.418411       0.408753       0.397612       0.384914       0.370599       0.354636       0.337033       0.317850       0.297207       0.275293       0.252371       0.228771       0.204880       0.181125       0.157944       0.135761       0.114956       0.095840       0.078638       0.063480       0.050404       0.039362       0.030238       0.022865       0.017044       0.012566       0.009230       0.006868       0.005371       0.004702       0.004831       0.005653       0.007053       0.008978       0.011428       0.014433       0.018021       0.022206       0.026969       0.032246       0.037916       0.043779       0.049555       0.054870       0.059265       0.062203       0.063096       0.061357       0.056471       0.048133       0.036626       0.024545       0.023896       0.042441       0.069698       0.101174       0.135219       0.170702       0.206598       0.241924       0.275740       0.307159       0.335368       0.359624       0.379264       0.393710       0.402533       0.405571       0.403133       0.396271       0.387152       0.379544       0.379544
       0.378337       0.378337       0.385994       0.395200       0.402172       0.404732       0.401817       0.393110       0.378768       0.359212       0.335007       0.306804       0.275325       0.241365       0.205781       0.169482       0.133397       0.098445       0.065499       0.035354       0.008692       0.013953       0.032246       0.046086       0.055620       0.061209       0.063372       0.062724       0.059911       0.055557       0.050228       0.044406       0.038477       0.032734       0.027379       0.022535       0.018263       0.014572       0.011438       0.008813       0.006650       0.004933       0.003767       0.003495       0.004399       0.006312       0.009099       0.012832       0.017686       0.023873       0.031610       0.041098       0.052502       0.065933       0.081428       0.098938       0.118321       0.139339       0.161673       0.184938       0.208708       0.232548       0.256039       0.278802       0.300520       0.320941       0.339888       0.357251       0.372978       0.387067       0.399555       0.410504       0.419991       0.428103       0.434927       0.440545       0.445033       0.448455       0.450861       0.452290       0.452764       0.452290       0.450861       0.448455       0.445033       0.440545       0.434927       0.428103       0.419991       0.410504       0.399555       0.387067       0.372978       0.357251       0.339888       0.320941       0.300520       0.278802       0.256039       0.232548       0.208708       0.184938       0.161673       0.139339       0.118321       0.098938       0.081428       0.065933       0.052502       0.041098       0.031610       0.023873       0.017686       0.012832       0.009099       0.006312       0.004399       0.003495       0.003767       0.004933       0.006650       0.008813       0.011438       0.014572       0.018263       0.022535       0.027379       0.032734       0.038477       0.044406       0.050228       0.055557       0.059911       0.062724       0.063372       0.061209       0.055620       0.046086       0.032246       0.013953       0.008692       0.035354       0.065499       0.098445       0.133397       0.169482       0.205781       0.241365       0.275325       0.306804       0.335007       0.359212       0.378768       0.393110       0.401817       0.404732       0.402172       0.395200       0.385994       0.378337       0.378337
       0.377500       0.377500       0.385210       0.394515       0.401627       0.404363       0.401659       0.393202       0.379147       0.359916       0.336067       0.308245       0.277161       0.243601       0.208424       0.172552       0.136960       0.102678       0.070860       0.043206       0.024359       0.025141       0.037600       0.049470       0.058087       0.063149       0.064960       0.064045       0.061013       0.056471       0.050979       0.045016       0.038968       0.033124       0.027684       0.022768       0.018427       0.014660       0.011428       0.008661       0.006274       0.004187       0.002417       0.001743       0.003248       0.005779       0.009047       0.013194       0.018434       0.024998       0.033112       0.042978       0.054758       0.068555       0.084395       0.102218       0.121867       0.143095       0.165573       0.188911       0.212683       0.236458       0.259825       0.282415       0.303923       0.324110       0.342810       0.359922       0.375405       0.389261       0.401533       0.412285       0.421597       0.429555       0.436247       0.441756       0.446155       0.449509       0.451867       0.453267       0.453732       0.453267       0.451867       0.449509       0.446155       0.441756       0.436247       0.429555       0.421597       0.412285       0.401533       0.389261       0.375405       0.359922       0.342810       0.324110       0.303923       0.282415       0.259825       0.236458       0.212683       0.188911       0.165573       0.143095       0.121867       0.102218       0.084395       0.068555       0.054758       0.042978       0.033112       0.024998       0.018434       0.013194       0.009047       0.005779       0.003248       0.001743       0.002417       0.004187       0.006274       0.008661       0.011428       0.014660       0.018427       0.022768       0.027684       0.033124       0.038968       0.045016       0.050979       0.056471       0.061013       0.064045       0.064960       0.063149       0.058087       0.049470       0.037600       0.025141       0.024359       0.043206       0.070860       0.102678       0.136960       0.172552       0.208424       0.243601       0.277161       0.308245       0.336067       0.359916       0.379147       0.393202       0.401659       0.404363       0.401627       0.394515       0.385210       0.377500       0.377500
       0.377033       0.377033       0.384798       0.394214       0.401493       0.404457       0.402051       0.393970       0.380380       0.361708       0.338514       0.311437       0.281187       0.248551       0.214408       0.179728       0.145587       0.113216       0.084162       0.060711       0.046454       0.044105       0.049897       0.057515       0.063611       0.067081       0.067821       0.066149       0.062563       0.057607       0.051802       0.045604       0.039382       0.033413       0.027887       0.022914       0.018538       0.014749       0.011496       0.008696       0.006242       0.004011       0.001878       0.000616       0.002945       0.005861       0.009436       0.013887       0.019447       0.026350       0.034820       0.045054       0.057206       0.071367       0.087552       0.105684       0.125595       0.147024       0.169635       0.193033       0.216794       0.240489       0.263716       0.286120       0.307404       0.327345       0.345788       0.362641       0.377871       0.391489       0.403539       0.414090       0.423222       0.431024       0.437583       0.442980       0.447289       0.450574       0.452883       0.454254       0.454709       0.454254       0.452883       0.450574       0.447289       0.442980       0.437583       0.431024       0.423222       0.414090       0.403539       0.391489       0.377871       0.362641       0.345788       0.327345       0.307404       0.286120       0.263716       0.240489       0.216794       0.193033       0.169635       0.147024       0.125595       0.105684       0.087552       0.071367       0.057206       0.045054       0.034820       0.026350       0.019447       0.013887       0.009436       0.005861       0.002945       0.000616       0.001878       0.004011       0.006242       0.008696       0.011496       0.014749       0.018538       0.022914       0.027887       0.033413       0.039382       0.045604       0.051802       0.057607       0.062563       0.066149       0.067821       0.067081       0.063611       0.057515       0.049897       0.044105       0.046454       0.060711       0.084162       0.113216       0.145587       0.179728       0.214408       0.248551       0.281187       0.311437       0.338514       0.361708       0.380380       0.393970       0.402051       0.404457       0.401493       0.394214       0.384798       0.377033       0.377033
       0.376907       0.376907       0.384731       0.394267       0.401737       0.404977       0.402945       0.395358       0.382394       0.364493       0.342219       0.316210       0.287173       0.255902       0.223292       0.190355       0.158241       0.128288       0.102102       0.081624       0.068779       0.064039       0.065114       0.068438       0.071362       0.072587       0.071730       0.068908       0.064484       0.058916       0.052665       0.046147       0.039701       0.033585       0.027972       0.022962       0.018590       0.014843       0.011665       0.008976       0.006685       0.004726       0.003199       0.002803       0.004231       0.006881       0.010458       0.015042       0.020817       0.027993       0.036779       0.047357       0.059866       0.074381       0.090902       0.109336       0.129499       0.151119       0.173850       0.197294       0.221027       0.244626       0.267700       0.289902       0.310951       0.330635       0.348810       0.365396       0.380368       0.393741       0.405566       0.415911       0.424862       0.432505       0.438928       0.444213       0.448431       0.451646       0.453906       0.455248       0.455692       0.455248       0.453906       0.451646       0.448431       0.444213       0.438928       0.432505       0.424862       0.415911       0.405566       0.393741       0.380368       0.365396       0.348810       0.330635       0.310951       0.289902       0.267700       0.244626       0.221027       0.197294       0.173850       0.151119       0.129499       0.109336       0.090902       0.074381       0.059866       0.047357       0.036779       0.027993       0.020817       0.015042       0.010458       0.006881       0.004231       0.002803       0.003199       0.004726       0.006685       0.008976       0.011665       0.014843       0.018590       0.022962       0.027972       0.033585       0.039701       0.046147       0.052665       0.058916       0.064484       0.068908       0.071730       0.072587       0.071362       0.068438       0.065114       0.064039       0.068779       0.081624       0.102102       0.128288       0.158241       0.190355       0.223292       0.255902       0.287173       0.316210       0.342219       0.364493       0.382394       0.395358       0.402945       0.404977       0.401737       0.394267       0.384731       0.376907       0.376907
       0.377070       0.377070       0.384955       0.394621       0.402305       0.405860       0.404270       0.397272       0.385069       0.368114       0.346975       0.322290       0.294759       0.265169       0.234415       0.203514       0.173618       0.146017       0.122123       0.103325       0.090573       0.083702       0.081156       0.080693       0.080397       0.079110       0.076355       0.072119       0.066650       0.060317       0.053515       0.046607       0.039897       0.033615       0.027913       0.022878       0.018539       0.014880       0.011849       0.009380       0.007403       0.005900       0.004987       0.004986       0.006179       0.008539       0.011997       0.016611       0.022526       0.029924       0.038990       0.049888       0.062737       0.077595       0.094441       0.113165       0.133568       0.155366       0.178202       0.201676       0.225366       0.248855       0.271759       0.293747       0.314549       0.333965       0.351865       0.368178       0.382885       0.396009       0.407604       0.417743       0.426510       0.433993       0.440279       0.445449       0.449576       0.452721       0.454931       0.456243       0.456678       0.456243       0.454931       0.452721       0.449576       0.445449       0.440279       0.433993       0.426510       0.417743       0.407604       0.396009       0.382885       0.368178       0.351865       0.333965       0.314549       0.293747       0.271759       0.248855       0.225366       0.201676       0.178202       0.155366       0.133568       0.113165       0.094441       0.077595       0.062737       0.049888       0.038990       0.029924       0.022526       0.016611       0.011997       0.008539       0.006179       0.004986       0.004987       0.005900       0.007403       0.009380       0.011849       0.014880       0.018539       0.022878       0.027913       0.033615       0.039897       0.046607       0.053515       0.060317       0.066650       0.072119       0.076355       0.079110       0.080397       0.080693       0.081156       0.083702       0.090573       0.103325       0.122123       0.146017       0.173618       0.203514       0.234415       0.265169       0.294759       0.322290       0.346975       0.368114       0.385069       0.397272       0.404270       0.405860       0.402305       0.394621       0.384955       0.377070       0.377070
       0.377452       0.377452       0.385400       0.395205       0.403120       0.407024       0.405927       0.399595       0.388254       0.372373       0.352526       0.329342       0.303505       0.275781       0.247033       0.218240       0.190480       0.164904       0.142649       0.124662       0.111403       0.102553       0.097003       0.093250       0.089925       0.086103       0.081334       0.075547       0.068910       0.061714       0.054288       0.046943       0.039940       0.033474       0.027677       0.022617       0.018315       0.014755       0.011893       0.009671       0.008035       0.006963       0.006507       0.006815       0.008056       0.010342       0.013760       0.018419       0.024468       0.032076       0.041411       0.052619       0.065799       0.080991       0.098152       0.117157       0.137788       0.159748       0.182675       0.206164       0.229794       0.253156       0.275878       0.297638       0.318182       0.337323       0.354940       0.370974       0.385412       0.398285       0.409648       0.419578       0.428159       0.435481       0.441630       0.446686       0.450721       0.453795       0.455956       0.457238       0.457663       0.457238       0.455956       0.453795       0.450721       0.446686       0.441630       0.435481       0.428159       0.419578       0.409648       0.398285       0.385412       0.370974       0.354940       0.337323       0.318182       0.297638       0.275878       0.253156       0.229794       0.206164       0.182675       0.159748       0.137788       0.117157       0.098152       0.080991       0.065799       0.052619       0.041411       0.032076       0.024468       0.018419       0.013760       0.010342       0.008056       0.006815       0.006507       0.006963       0.008035       0.009671       0.011893       0.014755       0.018315       0.022617       0.027677       0.033474       0.039940       0.046943       0.054288       0.061714       0.068910       0.075547       0.081334       0.086103       0.089925       0.093250       0.097003       0.102553       0.111403       0.124662       0.142649       0.164904       0.190480       0.218240       0.247033       0.275781       0.303505       0.329342       0.352526       0.372373       0.388254       0.399595       0.405927       0.407024       0.403120       0.395205       0.385400       0.377452       0.377452
       0.377969       0.377969       0.385986       0.395936       0.404098       0.408375       0.407807       0.402191       0.391778       0.377052       0.358589       0.337003       0.312950       0.287152       0.260421       0.233652       0.207809       0.183867       0.162713       0.144995       0.130940       0.120236       0.112084       0.105449       0.099357       0.093109       0.086339       0.078967       0.071112       0.063007       0.054921       0.047114       0.039801       0.033141       0.027237       0.022138       0.017853       0.014363       0.011631       0.009612       0.008260       0.007541       0.007461       0.008085       0.009530       0.011941       0.015466       0.020264       0.026502       0.034352       0.043975       0.055501       0.069017       0.084540       0.102013       0.121289       0.142136       0.164246       0.187248       0.210735       0.234290       0.257512       0.280038       0.301560       0.321836       0.340694       0.358023       0.373772       0.387939       0.400557       0.411688       0.421408       0.429803       0.436964       0.442975       0.447917       0.451860       0.454864       0.456975       0.458228       0.458643       0.458228       0.456975       0.454864       0.451860       0.447917       0.442975       0.436964       0.429803       0.421408       0.411688       0.400557       0.387939       0.373772       0.358023       0.340694       0.321836       0.301560       0.280038       0.257512       0.234290       0.210735       0.187248       0.164246       0.142136       0.121289       0.102013       0.084540       0.069017       0.055501       0.043975       0.034352       0.026502       0.020264       0.015466       0.011941       0.009530       0.008085       0.007461       0.007541       0.008260       0.009612       0.011631       0.014363       0.017853       0.022138       0.027237       0.033141       0.039801       0.047114       0.054921       0.063007       0.071112       0.078967       0.086339       0.093109       0.099357       0.105449       0.112084       0.120236       0.130940       0.144995       0.162713       0.183867       0.207809       0.233652       0.260421       0.287152       0.312950       0.337003       0.358589       0.377052       0.391778       0.402191       0.407807       0.408375       0.404098       0.395936       0.385986       0.377969       0.377969
       0.378537       0.378537       0.386624       0.396729       0.405147       0.409813       0.409795       0.404922       0.395468       0.381932       0.364884       0.344919       0.322651       0.298747       0.273938       0.249022       0.224827       0.202157       0.181700       0.163917       0.148933       0.136498       0.126048       0.116868       0.108280       0.099781       0.091102       0.082184       0.073123       0.064110       0.055363       0.047091       0.039467       0.032611       0.026591       0.021432       0.017126       0.013646       0.010959       0.009042       0.007873       0.007432       0.007699       0.008683       0.010458       0.013155       0.016940       0.021997       0.028512       0.036665       0.046615       0.058485       0.072350       0.088211       0.105993       0.125535       0.146588       0.168834       0.191897       0.215367       0.238833       0.261901       0.284219       0.305493       0.325494       0.344062       0.361098       0.376562       0.390455       0.402819       0.413716       0.423226       0.431436       0.438436       0.444310       0.449139       0.452990       0.455924       0.457986       0.459209       0.459615       0.459209       0.457986       0.455924       0.452990       0.449139       0.444310       0.438436       0.431436       0.423226       0.413716       0.402819       0.390455       0.376562       0.361098       0.344062       0.325494       0.305493       0.284219       0.261901       0.238833       0.215367       0.191897       0.168834       0.146588       0.125535       0.105993       0.088211       0.072350       0.058485       0.046615       0.036665       0.028512       0.021997       0.016940       0.013155       0.010458       0.008683       0.007699       0.007432       0.007873       0.009042       0.010959       0.013646       0.017126       0.021432       0.026591       0.032611       0.039467       0.047091       0.055363       0.064110       0.073123       0.082184       0.091102       0.099781       0.108280       0.116868       0.126048       0.136498       0.148933       0.163917       0.181700       0.202157       0.224827       0.249022       0.273938       0.298747       0.322651       0.344919       0.364884       0.381932       0.395468       0.404922       0.409795       0.409813       0.405147       0.396729       0.386624       0.378537       0.378537
       0.379070       0.379070       0.387233       0.397497       0.406181       0.411243       0.411783       0.407656       0.399162       0.386806       0.371155       0.352771       0.332223       0.310106       0.287066       0.263788       0.240970       0.219266       0.199216       0.181166       0.165208       0.151171       0.138676       0.127244       0.116422       0.105875       0.095426       0.085051       0.074841       0.064956       0.055574       0.046861       0.038943       0.031902       0.025770       0.020540       0.016177       0.012635       0.009884       0.007923       0.006802       0.006569       0.007200       0.008626       0.010848       0.013962       0.018136       0.023562       0.030441       0.038962       0.049285       0.061532       0.075764       0.091972       0.110065       0.129867       0.151118       0.173488       0.196597       0.220037       0.243400       0.266301       0.288401       0.309419       0.329139       0.347413       0.364155       0.379330       0.392950       0.405059       0.415723       0.425025       0.433051       0.439891       0.445630       0.450346       0.454107       0.456971       0.458984       0.460178       0.460574       0.460178       0.458984       0.456971       0.454107       0.450346       0.445630       0.439891       0.433051       0.425025       0.415723       0.405059       0.392950       0.379330       0.364155       0.347413       0.329139       0.309419       0.288401       0.266301       0.243400       0.220037       0.196597       0.173488       0.151118       0.129867       0.110065       0.091972       0.075764       0.061532       0.049285       0.038962       0.030441       0.023562       0.018136       0.013962       0.010848       0.008626       0.007200       0.006569       0.006802       0.007923       0.009884       0.012635       0.016177       0.020540       0.025770       0.031902       0.038943       0.046861       0.055574       0.064956       0.074841       0.085051       0.095426       0.105875       0.116422       0.127244       0.138676       0.151171       0.165208       0.181166       0.199216       0.219266       0.240970       0.263788       0.287066       0.310106       0.332223       0.352771       0.371155       0.386806       0.399162       0.407656       0.411783       0.411243       0.406181       0.397497       0.387233       0.379070       0.379070
       0.379495       0.379495       0.387737       0.398167       0.407121       0.412580       0.413672       0.410278       0.402716       0.391500       0.377183       0.360296       0.341352       0.320874       0.299414       0.277550       0.255859       0.234872       0.215023       0.196590       0.179667       0.164162       0.149847       0.136426       0.123622       0.111236       0.099179       0.087468       0.076197       0.065505       0.055539       0.046424       0.038250       0.031056       0.024837       0.019549       0.015122       0.011478       0.008558       0.006377       0.005101       0.005014       0.006107       0.008099       0.010867       0.014485       0.019124       0.024991       0.032296       0.041234       0.051970       0.064618       0.079234       0.095797       0.114202       0.134259       0.155698       0.178181       0.201324       0.224720       0.247968       0.270692       0.292565       0.313320       0.332754       0.350732       0.367177       0.382065       0.395412       0.407268       0.417702       0.426797       0.434641       0.441324       0.446929       0.451533       0.455205       0.458001       0.459965       0.461131       0.461517       0.461131       0.459965       0.458001       0.455205       0.451533       0.446929       0.441324       0.434641       0.426797       0.417702       0.407268       0.395412       0.382065       0.367177       0.350732       0.332754       0.313320       0.292565       0.270692       0.247968       0.224720       0.201324       0.178181       0.155698       0.134259       0.114202       0.095797       0.079234       0.064618       0.051970       0.041234       0.032296       0.024991       0.019124       0.014485       0.010867       0.008099       0.006107       0.005014       0.005101       0.006377       0.008558       0.011478       0.015122       0.019549       0.024837       0.031056       0.038250       0.046424       0.055539       0.065505       0.076197       0.087468       0.099179       0.111236       0.123622       0.136426       0.149847       0.164162       0.179667       0.196590       0.215023       0.234872       0.255859       0.277550       0.299414       0.320874       0.341352       0.360296       0.377183       0.391500       0.402716       0.410278       0.413672       0.412580       0.407121       0.398167       0.387737       0.379495       0.379495
       0.379750       0.379750       0.388075       0.398676       0.407902       0.413754       0.415383       0.412692       0.406016       0.395872       0.382798       0.367291       0.349806       0.330793       0.310714       0.290046       0.269263       0.248798       0.229007       0.210132       0.192285       0.175451       0.159522       0.144351       0.129799       0.115784       0.102292       0.089380       0.077153       0.065737       0.055253       0.045796       0.037416       0.030119       0.023864       0.018571       0.014130       0.010417       0.007312       0.004756       0.002975       0.002991       0.004823       0.007493       0.010826       0.014948       0.020060       0.026383       0.034134       0.043511       0.054676       0.067740       0.082748       0.099668       0.118382       0.138687       0.160304       0.182887       0.206051       0.229391       0.252512       0.275050       0.296689       0.317176       0.336323       0.354004       0.370153       0.384755       0.397832       0.409438       0.419644       0.428536       0.436201       0.442728       0.448201       0.452697       0.456281       0.459009       0.460927       0.462064       0.462441       0.462064       0.460927       0.459009       0.456281       0.452697       0.448201       0.442728       0.436201       0.428536       0.419644       0.409438       0.397832       0.384755       0.370153       0.354004       0.336323       0.317176       0.296689       0.275050       0.252512       0.229391       0.206051       0.182887       0.160304       0.138687       0.118382       0.099668       0.082748       0.067740       0.054676       0.043511       0.034134       0.026383       0.020060       0.014948       0.010826       0.007493       0.004823       0.002991       0.002975       0.004756       0.007312       0.010417       0.014130       0.018571       0.023864       0.030119       0.037416       0.045796       0.055253       0.065737       0.077153       0.089380       0.102292       0.115784       0.129799       0.144351       0.159522       0.175451       0.192285       0.210132       0.229007       0.248798       0.269263       0.290046       0.310714       0.330793       0.349806       0.367291       0.382798       0.395872       0.406016       0.412692       0.415383       0.413754       0.407902       0.398676       0.388075       0.379750       0.379750
       0.379790       0.379790       0.388202       0.398978       0.408476       0.414713       0.416856       0.414828       0.408977       0.399820       0.387880       0.373617       0.357432       0.339702       0.320807       0.301135       0.281072       0.260975       0.241146       0.221809       0.203100       0.185073       0.167724       0.151020       0.134941       0.119497       0.104743       0.090773       0.077704       0.065655       0.054729       0.044992       0.036467       0.029129       0.022910       0.017697       0.013350       0.009705       0.006588       0.003819       0.001226       0.001407       0.004193       0.007357       0.011089       0.015602       0.021115       0.027852       0.036027       0.045833       0.057424       0.070901       0.086298       0.103569       0.122584       0.143128       0.164910       0.187580       0.210752       0.234024       0.257009       0.279352       0.300753       0.320970       0.339827       0.357212       0.373068       0.387388       0.400199       0.411558       0.421541       0.430233       0.437723       0.444098       0.449443       0.453831       0.457330       0.459993       0.461864       0.462974       0.463342       0.462974       0.461864       0.459993       0.457330       0.453831       0.449443       0.444098       0.437723       0.430233       0.421541       0.411558       0.400199       0.387388       0.373068       0.357212       0.339827       0.320970       0.300753       0.279352       0.257009       0.234024       0.210752       0.187580       0.164910       0.143128       0.122584       0.103569       0.086298       0.070901       0.057424       0.045833       0.036027       0.027852       0.021115       0.015602       0.011089       0.007357       0.004193       0.001407       0.001226       0.003819       0.006588       0.009705       0.013350       0.017697       0.022910       0.029129       0.036467       0.044992       0.054729       0.065655       0.077704       0.090773       0.104743       0.119497       0.134941       0.151020       0.167724       0.185073       0.203100       0.221809       0.241146       0.260975       0.281072       0.301135       0.320807       0.339702       0.357432       0.373617       0.387880       0.399820       0.408977       0.414828       0.416856       0.414713       0.408476       0.398978       0.388202       0.379790       0.379790
       0.379589       0.379589       0.388091       0.399044       0.408813       0.415421       0.418052       0.416641       0.411546       0.403283       0.392358       0.379196       0.364146       0.347520       0.329624       0.310770       0.291270       0.271423       0.251493       0.231698       0.212201       0.193115       0.174522       0.156488       0.139084       0.122401       0.106551       0.091662       0.077865       0.065276       0.053981       0.044027       0.035415       0.028096       0.021980       0.016939       0.012817       0.009437       0.006627       0.004270       0.002569       0.002801       0.004979       0.008049       0.011882       0.016605       0.022405       0.029482       0.038033       0.048236       0.060232       0.074107       0.089879       0.107488       0.126790       0.147557       0.169490       0.192234       0.215401       0.238595       0.261434       0.283578       0.304737       0.324683       0.343252       0.360344       0.375911       0.389952       0.402502       0.413621       0.423386       0.431883       0.439202       0.445429       0.450648       0.454933       0.458348       0.460948       0.462774       0.463857       0.464216       0.463857       0.462774       0.460948       0.458348       0.454933       0.450648       0.445429       0.439202       0.431883       0.423386       0.413621       0.402502       0.389952       0.375911       0.360344       0.343252       0.324683       0.304737       0.283578       0.261434       0.238595       0.215401       0.192234       0.169490       0.147557       0.126790       0.107488       0.089879       0.074107       0.060232       0.048236       0.038033       0.029482       0.022405       0.016605       0.011882       0.008049       0.004979       0.002801       0.002569       0.004270       0.006627       0.009437       0.012817       0.016939       0.021980       0.028096       0.035415       0.044027       0.053981       0.065276       0.077865       0.091662       0.106551       0.122401       0.139084       0.156488       0.174522       0.193115       0.212201       0.231698       0.251493       0.271423       0.291270       0.310770       0.329624       0.347520       0.364146       0.379196       0.392358       0.403283       0.411546       0.416641       0.418052       0.415421       0.408813       0.399044       0.388091       0.379589       0.379589
       0.379136       0.379136       0.387731       0.398864       0.408899       0.415865       0.418953       0.418109       0.413697       0.406232       0.396201       0.383998       0.369925       0.354235       0.337170       0.318977       0.299911       0.280224       0.260155       0.239922       0.219713       0.199697       0.180025       0.160843       0.142299       0.124552       0.107762       0.092088       0.077672       0.064629       0.053034       0.042916       0.034257       0.026995       0.021026       0.016217       0.012408       0.009432       0.007138       0.005472       0.004608       0.004960       0.006634       0.009401       0.013156       0.017960       0.023949       0.031295       0.040171       0.050733       0.063103       0.077352       0.093479       0.111408       0.130979       0.151953       0.174021       0.196824       0.219974       0.243078       0.265766       0.287705       0.308620       0.328296       0.346580       0.363383       0.378667       0.392436       0.404732       0.415617       0.425170       0.433478       0.440631       0.446715       0.451813       0.455997       0.459332       0.461869       0.463652       0.464710       0.465060       0.464710       0.463652       0.461869       0.459332       0.455997       0.451813       0.446715       0.440631       0.433478       0.425170       0.415617       0.404732       0.392436       0.378667       0.363383       0.346580       0.328296       0.308620       0.287705       0.265766       0.243078       0.219974       0.196824       0.174021       0.151953       0.130979       0.111408       0.093479       0.077352       0.063103       0.050733       0.040171       0.031295       0.023949       0.017960       0.013156       0.009401       0.006634       0.004960       0.004608       0.005472       0.007138       0.009432       0.012408       0.016217       0.021026       0.026995       0.034257       0.042916       0.053034       0.064629       0.077672       0.092088       0.107762       0.124552       0.142299       0.160843       0.180025       0.199697       0.219713       0.239922       0.260155       0.280224       0.299911       0.318977       0.337170       0.354235       0.369925       0.383998       0.396201       0.406232       0.413697       0.418109       0.418953       0.415865       0.408899       0.398864       0.387731       0.379136       0.379136
       0.378440       0.378440       0.387128       0.398442       0.408738       0.416045       0.419559       0.419232       0.415432       0.408668       0.399415       0.388036       0.374791       0.359883       0.343500       0.325836       0.307097       0.287503       0.267274       0.246631       0.225790       0.204964       0.184362       0.164197       0.144683       0.126032       0.108446       0.092110       0.077176       0.063758       0.051920       0.041675       0.032991       0.025792       0.019969       0.015388       0.011898       0.009341       0.007572       0.006508       0.006189       0.006761       0.008344       0.010971       0.014674       0.019534       0.025677       0.033253       0.042417       0.053306       0.066023       0.080620       0.097079       0.115306       0.135127       0.156289       0.178475       0.201322       0.224443       0.247449       0.269979       0.291712       0.312384       0.331792       0.349796       0.366317       0.381325       0.394831       0.406880       0.417538       0.426886       0.435012       0.442005       0.447951       0.452932       0.457020       0.460276       0.462755       0.464496       0.465528       0.465870       0.465528       0.464496       0.462755       0.460276       0.457020       0.452932       0.447951       0.442005       0.435012       0.426886       0.417538       0.406880       0.394831       0.381325       0.366317       0.349796       0.331792       0.312384       0.291712       0.269979       0.247449       0.224443       0.201322       0.178475       0.156289       0.135127       0.115306       0.097079       0.080620       0.066023       0.053306       0.042417       0.033253       0.025677       0.019534       0.014674       0.010971       0.008344       0.006761       0.006189       0.006508       0.007572       0.009341       0.011898       0.015388       0.019969       0.025792       0.032991       0.041675       0.051920       0.063758       0.077176       0.092110       0.108446       0.126032       0.144683       0.164197       0.184362       0.204964       0.225790       0.246631       0.267274       0.287503       0.307097       0.325836       0.343500       0.359883       0.374791       0.388036       0.399415       0.408668       0.415432       0.419232       0.419559       0.416045       0.408738       0.398442       0.387128       0.378440       0.378440
       0.377520       0.377520       0.386304       0.397798       0.408348       0.415979       0.419887       0.420027       0.416768       0.410617       0.402032       0.391351       0.378800       0.364538       0.348708       0.331459       0.312962       0.293410       0.273012       0.251994       0.230597       0.209070       0.187674       0.166677       0.146344       0.126934       0.108685       0.091800       0.076442       0.062719       0.050685       0.040339       0.031631       0.024471       0.018745       0.014323       0.011069       0.008843       0.007506       0.006934       0.007073       0.007962       0.009701       0.012403       0.016181       0.021159       0.027476       0.035282       0.044721       0.055919       0.068962       0.083885       0.100653       0.119157       0.139206       0.160537       0.182825       0.205702       0.228782       0.251684       0.274052       0.295578       0.316009       0.335154       0.352886       0.369133       0.383873       0.397124       0.408935       0.419376       0.428527       0.436478       0.443318       0.449132       0.454001       0.457996       0.461179       0.463600       0.465301       0.466310       0.466644       0.466310       0.465301       0.463600       0.461179       0.457996       0.454001       0.449132       0.443318       0.436478       0.428527       0.419376       0.408935       0.397124       0.383873       0.369133       0.352886       0.335154       0.316009       0.295578       0.274052       0.251684       0.228782       0.205702       0.182825       0.160537       0.139206       0.119157       0.100653       0.083885       0.068962       0.055919       0.044721       0.035282       0.027476       0.021159       0.016181       0.012403       0.009701       0.007962       0.007073       0.006934       0.007506       0.008843       0.011069       0.014323       0.018745       0.024471       0.031631       0.040339       0.050685       0.062719       0.076442       0.091800       0.108685       0.126934       0.146344       0.166677       0.187674       0.209070       0.230597       0.251994       0.273012       0.293410       0.312962       0.331459       0.348708       0.364538       0.378800       0.391351       0.402032       0.410617       0.416768       0.420027       0.419887       0.415979       0.408348       0.397798       0.386304       0.377520       0.377520
       0.376411       0.376411       0.385290       0.396961       0.407757       0.415694       0.419965       0.420524       0.417741       0.412118       0.404101       0.394007       0.382030       0.368294       0.352905       0.335978       0.317654       0.298106       0.277538       0.256183       0.234300       0.212174       0.190107       0.168410       0.147396       0.127359       0.108566       0.091238       0.075541       0.061580       0.049395       0.038969       0.030229       0.023071       0.017366       0.012985       0.009813       0.007758       0.006729       0.006591       0.007203       0.008511       0.010577       0.013529       0.017518       0.022703       0.029246       0.037305       0.047025       0.058525       0.071880       0.087111       0.104170       0.122929       0.143188       0.164669       0.187042       0.209937       0.232967       0.255758       0.277963       0.299283       0.319477       0.338367       0.355834       0.371816       0.386299       0.399307       0.410891       0.421123       0.430087       0.437871       0.444565       0.450254       0.455016       0.458923       0.462034       0.464402       0.466065       0.467051       0.467378       0.467051       0.466065       0.464402       0.462034       0.458923       0.455016       0.450254       0.444565       0.437871       0.430087       0.421123       0.410891       0.399307       0.386299       0.371816       0.355834       0.338367       0.319477       0.299283       0.277963       0.255758       0.232967       0.209937       0.187042       0.164669       0.143188       0.122929       0.104170       0.087111       0.071880       0.058525       0.047025       0.037305       0.029246       0.022703       0.017518       0.013529       0.010577       0.008511       0.007203       0.006591       0.006729       0.007758       0.009813       0.012985       0.017366       0.023071       0.030229       0.038969       0.049395       0.061580       0.075541       0.091238       0.108566       0.127359       0.147396       0.168410       0.190107       0.212174       0.234300       0.256183       0.277538       0.298106       0.317654       0.335978       0.352905       0.368294       0.382030       0.394007       0.404101       0.412118       0.417741       0.420524       0.419965       0.415694       0.407757       0.396961       0.385290       0.376411       0.376411
       0.375156       0.375156       0.384129       0.395972       0.407003       0.415227       0.419829       0.420763       0.418395       0.413224       0.405686       0.396078       0.384570       0.371258       0.356216       0.339532       0.321326       0.301756       0.281022       0.259365       0.237063       0.214428       0.191798       0.169523       0.147949       0.127405       0.108177       0.090502       0.074548       0.060414       0.048127       0.037648       0.028885       0.021704       0.015955       0.011489       0.008203       0.006086       0.005216       0.005525       0.006699       0.008533       0.011038       0.014351       0.018647       0.024112       0.030928       0.039268       0.049280       0.061080       0.074738       0.090263       0.107594       0.126590       0.147039       0.168654       0.191098       0.213998       0.236971       0.259647       0.281688       0.302806       0.322771       0.341414       0.358627       0.374357       0.388595       0.401370       0.412738       0.422773       0.431559       0.439185       0.445741       0.451311       0.455972       0.459795       0.462841       0.465157       0.466784       0.467749       0.468068       0.467749       0.466784       0.465157       0.462841       0.459795       0.455972       0.451311       0.445741       0.439185       0.431559       0.422773       0.412738       0.401370       0.388595       0.374357       0.358627       0.341414       0.322771       0.302806       0.281688       0.259647       0.236971       0.213998       0.191098       0.168654       0.147039       0.126590       0.107594       0.090263       0.074738       0.061080       0.049280       0.039268       0.030928       0.024112       0.018647       0.014351       0.011038       0.008533       0.006699       0.005525       0.005216       0.006086       0.008203       0.011489       0.015955       0.021704       0.028885       0.037648       0.048127       0.060414       0.074548       0.090502       0.108177       0.127405       0.147949       0.169523       0.191798       0.214428       0.237063       0.259365       0.281022       0.301756       0.321326       0.339532       0.356216       0.371258       0.384570       0.396078       0.405686       0.413224       0.418395       0.420763       0.419829       0.415227       0.407003       0.395972       0.384129       0.375156       0.375156
       0.373805       0.373805       0.382868       0.394876       0.406130       0.414620       0.419523       0.420787       0.418780       0.413992       0.406853       0.397643       0.386514       0.373537       0.358763       0.342258       0.324125       0.304514       0.283622       0.261698       0.239036       0.215974       0.192878       0.170129       0.148106       0.127159       0.107597       0.089664       0.073531       0.059291       0.046957       0.036471       0.027718       0.020535       0.014737       0.010133       0.006569       0.004053       0.003091       0.004022       0.005916       0.008325       0.011292       0.014991       0.019623       0.025397       0.032510       0.041143       0.051451       0.063549       0.077500       0.093305       0.110891       0.130107       0.150728       0.172461       0.194962       0.217859       0.240769       0.263329       0.285209       0.306131       0.325874       0.344281       0.361252       0.376742       0.390748       0.403304       0.414469       0.424318       0.432937       0.440415       0.446841       0.452299       0.456866       0.460611       0.463593       0.465862       0.467455       0.468400       0.468713       0.468400       0.467455       0.465862       0.463593       0.460611       0.456866       0.452299       0.446841       0.440415       0.432937       0.424318       0.414469       0.403304       0.390748       0.376742       0.361252       0.344281       0.325874       0.306131       0.285209       0.263329       0.240769       0.217859       0.194962       0.172461       0.150728       0.130107       0.110891       0.093305       0.077500       0.063549       0.051451       0.041143       0.032510       0.025397       0.019623       0.014991       0.011292       0.008325       0.005916       0.004022       0.003091       0.004053       0.006569       0.010133       0.014737       0.020535       0.027718       0.036471       0.046957       0.059291       0.073531       0.089664       0.107597       0.127159       0.148106       0.170129       0.192878       0.215974       0.239036       0.261698       0.283622       0.304514       0.324125       0.342258       0.358763       0.373537       0.386514       0.397643       0.406853       0.413992       0.418780       0.420787       0.419523       0.414620       0.406130       0.394876       0.382868       0.373805       0.373805
       0.372408       0.372408       0.381557       0.393721       0.405184       0.413918       0.419091       0.420646       0.418947       0.414481       0.407670       0.398783       0.387954       0.375237       0.360664       0.344285       0.326191       0.306524       0.285482       0.263323       0.240356       0.216937       0.193460       0.170331       0.147952       0.126698       0.106890       0.088780       0.072542       0.058261       0.045941       0.035509       0.026829       0.019719       0.013963       0.009327       0.005573       0.002480       0.000646       0.002910       0.005467       0.008296       0.011607       0.015616       0.020543       0.026604       0.034003       0.042924       0.053520       0.065906       0.080137       0.096206       0.114029       0.133447       0.154224       0.176061       0.198609       0.221494       0.244338       0.266782       0.288506       0.309239       0.328771       0.346954       0.363697       0.378961       0.392750       0.405101       0.416076       0.425751       0.434215       0.441555       0.447860       0.453214       0.457693       0.461366       0.464290       0.466514       0.468076       0.469002       0.469309       0.469002       0.468076       0.466514       0.464290       0.461366       0.457693       0.453214       0.447860       0.441555       0.434215       0.425751       0.416076       0.405101       0.392750       0.378961       0.363697       0.346954       0.328771       0.309239       0.288506       0.266782       0.244338       0.221494       0.198609       0.176061       0.154224       0.133447       0.114029       0.096206       0.080137       0.065906       0.053520       0.042924       0.034003       0.026604       0.020543       0.015616       0.011607       0.008296       0.005467       0.002910       0.000646       0.002480       0.005573       0.009327       0.013963       0.019719       0.026829       0.035509       0.045941       0.058261       0.072542       0.088780       0.106890       0.126698       0.147952       0.170331       0.193460       0.216937       0.240356       0.263323       0.285482       0.306524       0.326191       0.344285       0.360664       0.375237       0.387954       0.398783       0.407670       0.414481       0.418947       0.420646       0.419091       0.413918       0.405184       0.393721       0.381557       0.372408       0.372408
       0.371020       0.371020       0.380249       0.392558       0.404211       0.413166       0.418578       0.420385       0.418947       0.414749       0.408204       0.399573       0.388978       0.376457       0.362029       0.345731       0.327646       0.307913       0.286732       0.264366       0.241139       0.217427       0.193642       0.170213       0.147563       0.126082       0.106104       0.087889       0.071609       0.057346       0.045096       0.034778       0.026247       0.019311       0.013747       0.009321       0.005816       0.003147       0.002054       0.003510       0.005889       0.008742       0.012167       0.016347       0.021482       0.027775       0.035424       0.044607       0.055473       0.068128       0.082621       0.098936       0.116979       0.136582       0.157499       0.179425       0.202010       0.224878       0.247654       0.269986       0.291559       0.312113       0.331447       0.349421       0.365951       0.381005       0.394593       0.406754       0.417552       0.427068       0.435387       0.442600       0.448794       0.454052       0.458451       0.462056       0.464927       0.467110       0.468643       0.469552       0.469853       0.469552       0.468643       0.467110       0.464927       0.462056       0.458451       0.454052       0.448794       0.442600       0.435387       0.427068       0.417552       0.406754       0.394593       0.381005       0.365951       0.349421       0.331447       0.312113       0.291559       0.269986       0.247654       0.224878       0.202010       0.179425       0.157499       0.136582       0.116979       0.098936       0.082621       0.068128       0.055473       0.044607       0.035424       0.027775       0.021482       0.016347       0.012167       0.008742       0.005889       0.003510       0.002054       0.003147       0.005816       0.009321       0.013747       0.019311       0.026247       0.034778       0.045096       0.057346       0.071609       0.087889       0.106104       0.126082       0.147563       0.170213       0.193642       0.217427       0.241139       0.264366       0.286732       0.307913       0.327646       0.345731       0.362029       0.376457       0.388978       0.399573       0.408204       0.414749       0.418947       0.420385       0.418578       0.413166       0.404211       0.392558       0.380249       0.371020       0.371020
       0.369690       0.369690       0.378993       0.391433       0.403257       0.412407       0.418027       0.420049       0.418829       0.414847       0.408514       0.400082       0.389662       0.377283       0.362953       0.346699       0.328601       0.308793       0.287480       0.264933       0.241488       0.217535       0.193504       0.169844       0.146992       0.125354       0.105270       0.087006       0.070734       0.056534       0.044396       0.034235       0.025905       0.019215       0.013955       0.009914       0.006933       0.005004       0.004377       0.005172       0.007010       0.009613       0.012970       0.017195       0.022450       0.028916       0.036772       0.046185       0.057294       0.070195       0.084930       0.101470       0.119714       0.139482       0.160524       0.182529       0.205141       0.227988       0.250697       0.272920       0.294351       0.314738       0.333888       0.351668       0.368003       0.382865       0.396267       0.408254       0.418892       0.428262       0.436450       0.443546       0.449639       0.454810       0.459135       0.462679       0.465501       0.467647       0.469153       0.470047       0.470343       0.470047       0.469153       0.467647       0.465501       0.462679       0.459135       0.454810       0.449639       0.443546       0.436450       0.428262       0.418892       0.408254       0.396267       0.382865       0.368003       0.351668       0.333888       0.314738       0.294351       0.272920       0.250697       0.227988       0.205141       0.182529       0.160524       0.139482       0.119714       0.101470       0.084930       0.070195       0.057294       0.046185       0.036772       0.028916       0.022450       0.017195       0.012970       0.009613       0.007010       0.005172       0.004377       0.005004       0.006933       0.009914       0.013955       0.019215       0.025905       0.034235       0.044396       0.056534       0.070734       0.087006       0.105270       0.125354       0.146992       0.169844       0.193504       0.217535       0.241488       0.264933       0.287480       0.308793       0.328601       0.346699       0.362953       0.377283       0.389662       0.400082       0.408514       0.414847       0.418829       0.420049       0.418027       0.412407       0.403257       0.391433       0.378993       0.369690       0.369690
       0.368466       0.368466       0.377833       0.390388       0.402361       0.411679       0.417476       0.419677       0.418634       0.414825       0.408655       0.400371       0.390077       0.377793       0.363519       0.347279       0.329146       0.309257       0.287820       0.265113       0.241483       0.217334       0.193111       0.169277       0.146283       0.124543       0.104405       0.086135       0.069906       0.055792       0.043781       0.033786       0.025662       0.019224       0.014271       0.010608       0.008077       0.006593       0.006148       0.006723       0.008227       0.010593       0.013840       0.018061       0.023393       0.029992       0.038022       0.047637       0.058963       0.072087       0.087040       0.103784       0.122207       0.142124       0.163276       0.185347       0.207980       0.230803       0.253447       0.275568       0.296868       0.317101       0.336083       0.353686       0.369843       0.384530       0.397766       0.409596       0.420089       0.429327       0.437397       0.444390       0.450391       0.455484       0.459742       0.463232       0.466010       0.468122       0.469605       0.470485       0.470776       0.470485       0.469605       0.468122       0.466010       0.463232       0.459742       0.455484       0.450391       0.444390       0.437397       0.429327       0.420089       0.409596       0.397766       0.384530       0.369843       0.353686       0.336083       0.317101       0.296868       0.275568       0.253447       0.230803       0.207980       0.185347       0.163276       0.142124       0.122207       0.103784       0.087040       0.072087       0.058963       0.047637       0.038022       0.029992       0.023393       0.018061       0.013840       0.010593       0.008227       0.006723       0.006148       0.006593       0.008077       0.010608       0.014271       0.019224       0.025662       0.033786       0.043781       0.055792       0.069906       0.086135       0.104405       0.124543       0.146283       0.169277       0.193111       0.217334       0.241483       0.265113       0.287820       0.309257       0.329146       0.347279       0.363519       0.377793       0.390077       0.400371       0.408655       0.414825       0.418634       0.419677       0.417476       0.411679       0.402361       0.390388       0.377833       0.368466       0.368466
       0.367386       0.367386       0.376807       0.389460       0.401559       0.411018       0.416960       0.419305       0.418400       0.414722       0.408672       0.400492       0.390279       0.378050       0.363799       0.347544       0.329360       0.309384       0.287828       0.264978       0.241191       0.216884       0.192513       0.168553       0.145464       0.123667       0.103514       0.085269       0.069101       0.055080       0.043189       0.033335       0.025372       0.019118       0.014379       0.010963       0.008699       0.007449       0.007123       0.007669       0.009071       0.011348       0.014562       0.018811       0.024225       0.030951       0.039141       0.048938       0.060460       0.073783       0.088930       0.105855       0.124438       0.144485       0.165731       0.187858       0.210506       0.233304       0.255886       0.277914       0.299094       0.319189       0.338019       0.355465       0.371463       0.385995       0.399082       0.410773       0.421138       0.430260       0.438225       0.445125       0.451046       0.456070       0.460270       0.463711       0.466451       0.468533       0.469996       0.470863       0.471150       0.470863       0.469996       0.468533       0.466451       0.463711       0.460270       0.456070       0.451046       0.445125       0.438225       0.430260       0.421138       0.410773       0.399082       0.385995       0.371463       0.355465       0.338019       0.319189       0.299094       0.277914       0.255886       0.233304       0.210506       0.187858       0.165731       0.144485       0.124438       0.105855       0.088930       0.073783       0.060460       0.048938       0.039141       0.030951       0.024225       0.018811       0.014562       0.011348       0.009071       0.007669       0.007123       0.007449       0.008699       0.010963       0.014379       0.019118       0.025372       0.033335       0.043189       0.055080       0.069101       0.085269       0.103514       0.123667       0.145464       0.168553       0.192513       0.216884       0.241191       0.264978       0.287828       0.309384       0.329360       0.347544       0.363799       0.378050       0.390279       0.400492       0.408672       0.414722       0.418400       0.419305       0.416960       0.411018       0.401559       0.389460       0.376807       0.367386       0.367386
       0.366483       0.366483       0.375948       0.388679       0.400878       0.410449       0.416505       0.418960       0.418159       0.414574       0.408604       0.400488       0.390319       0.378109       0.363849       0.347557       0.329305       0.309235       0.287564       0.264585       0.240665       0.216230       0.191747       0.167699       0.144555       0.122738       0.102599       0.084401       0.068305       0.054373       0.042578       0.032820       0.024945       0.018770       0.014099       0.010747       0.008555       0.007394       0.007171       0.007820       0.009315       0.011680       0.014987       0.019342       0.024880       0.031748       0.040096       0.050064       0.061763       0.075264       0.090582       0.107665       0.126386       0.146544       0.167871       0.190042       0.212701       0.235474       0.258000       0.279943       0.301018       0.320989       0.339686       0.356995       0.372854       0.387251       0.400209       0.411780       0.422034       0.431054       0.438930       0.445750       0.451602       0.456565       0.460715       0.464115       0.466821       0.468878       0.470322       0.471179       0.471462       0.471179       0.470322       0.468878       0.466821       0.464115       0.460715       0.456565       0.451602       0.445750       0.438930       0.431054       0.422034       0.411780       0.400209       0.387251       0.372854       0.356995       0.339686       0.320989       0.301018       0.279943       0.258000       0.235474       0.212701       0.190042       0.167871       0.146544       0.126386       0.107665       0.090582       0.075264       0.061763       0.050064       0.040096       0.031748       0.024880       0.019342       0.014987       0.011680       0.009315       0.007820       0.007171       0.007394       0.008555       0.010747       0.014099       0.018770       0.024945       0.032820       0.042578       0.054373       0.068305       0.084401       0.102599       0.122738       0.144555       0.167699       0.191747       0.216230       0.240665       0.264585       0.287564       0.309235       0.329305       0.347557       0.363849       0.378109       0.390319       0.400488       0.408604       0.414574       0.418159       0.418960       0.416505       0.410449       0.400878       0.388679       0.375948       0.366483       0.366483
       0.365777       0.365777       0.375275       0.388065       0.400341       0.409994       0.416132       0.418665       0.417933       0.414407       0.408482       0.400395       0.390236       0.378013       0.363717       0.347365       0.329031       0.308860       0.287076       0.263979       0.239943       0.215404       0.190839       0.166736       0.143569       0.121761       0.101663       0.083529       0.067512       0.053664       0.041944       0.032241       0.024386       0.018185       0.013436       0.009959       0.007631       0.006411       0.006290       0.007180       0.008956       0.011576       0.015098       0.019639       0.025344       0.032372       0.040878       0.051004       0.062860       0.076516       0.091981       0.109198       0.128035       0.148285       0.169677       0.191885       0.214549       0.237298       0.259773       0.281644       0.302626       0.322493       0.341077       0.358268       0.374010       0.388293       0.401142       0.412611       0.422771       0.431707       0.439507       0.446260       0.452053       0.456967       0.461074       0.464439       0.467117       0.469153       0.470582       0.471430       0.471711       0.471430       0.470582       0.469153       0.467117       0.464439       0.461074       0.456967       0.452053       0.446260       0.439507       0.431707       0.422771       0.412611       0.401142       0.388293       0.374010       0.358268       0.341077       0.322493       0.302626       0.281644       0.259773       0.237298       0.214549       0.191885       0.169677       0.148285       0.128035       0.109198       0.091981       0.076516       0.062860       0.051004       0.040878       0.032372       0.025344       0.019639       0.015098       0.011576       0.008956       0.007180       0.006290       0.006411       0.007631       0.009959       0.013436       0.018185       0.024386       0.032241       0.041944       0.053664       0.067512       0.083529       0.101663       0.121761       0.143569       0.166736       0.190839       0.215404       0.239943       0.263979       0.287076       0.308860       0.329031       0.347365       0.363717       0.378013       0.390236       0.400395       0.408482       0.414407       0.417933       0.418665       0.416132       0.409994       0.400341       0.388065       0.375275       0.365777       0.365777
       0.365283       0.365283       0.374804       0.387634       0.399959       0.409665       0.415856       0.418435       0.417741       0.414242       0.408330       0.400240       0.390060       0.377796       0.363439       0.347007       0.328577       0.308299       0.286401       0.263192       0.239054       0.214432       0.189807       0.165676       0.142513       0.120741       0.100705       0.082653       0.066728       0.052969       0.041321       0.031656       0.023791       0.017510       0.012590       0.008836       0.006142       0.004633       0.004624       0.005967       0.008211       0.011203       0.015009       0.019770       0.025657       0.032842       0.041494       0.051758       0.063749       0.077532       0.093117       0.110442       0.129371       0.149694       0.171136       0.193370       0.216036       0.238764       0.261195       0.283004       0.303910       0.323691       0.342181       0.359277       0.374923       0.389113       0.401875       0.413261       0.423346       0.432214       0.439952       0.446652       0.452398       0.457272       0.461345       0.464682       0.467338       0.469357       0.470774       0.471614       0.471893       0.471614       0.470774       0.469357       0.467338       0.464682       0.461345       0.457272       0.452398       0.446652       0.439952       0.432214       0.423346       0.413261       0.401875       0.389113       0.374923       0.359277       0.342181       0.323691       0.303910       0.283004       0.261195       0.238764       0.216036       0.193370       0.171136       0.149694       0.129371       0.110442       0.093117       0.077532       0.063749       0.051758       0.041494       0.032842       0.025657       0.019770       0.015009       0.011203       0.008211       0.005967       0.004624       0.004633       0.006142       0.008836       0.012590       0.017510       0.023791       0.031656       0.041321       0.052969       0.066728       0.082653       0.100705       0.120741       0.142513       0.165676       0.189807       0.214432       0.239054       0.263192       0.286401       0.308299       0.328577       0.347007       0.363439       0.377796       0.390060       0.400240       0.408330       0.414242       0.417741       0.418435       0.415856       0.409665       0.399959       0.387634       0.374804       0.365283       0.365283
       0.365006       0.365006       0.374538       0.387388       0.399739       0.409472       0.415685       0.418282       0.417596       0.414094       0.408166       0.400044       0.389814       0.377484       0.363043       0.346512       0.327973       0.307578       0.285565       0.262248       0.238019       0.213328       0.188663       0.164525       0.141389       0.119676       0.099725       0.081776       0.065962       0.052310       0.040753       0.031149       0.023298       0.016966       0.011901       0.007860       0.004647       0.002382       0.002540       0.004716       0.007515       0.010863       0.014914       0.019859       0.025892       0.033203       0.041968       0.052338       0.064429       0.078308       0.093982       0.111387       0.130383       0.150759       0.172236       0.194487       0.217151       0.239859       0.262255       0.284015       0.304861       0.324575       0.342994       0.360015       0.375589       0.389708       0.402402       0.413727       0.423755       0.432571       0.440264       0.446923       0.452634       0.457477       0.461525       0.464842       0.467481       0.469487       0.470895       0.471730       0.472007       0.471730       0.470895       0.469487       0.467481       0.464842       0.461525       0.457477       0.452634       0.446923       0.440264       0.432571       0.423755       0.413727       0.402402       0.389708       0.375589       0.360015       0.342994       0.324575       0.304861       0.284015       0.262255       0.239859       0.217151       0.194487       0.172236       0.150759       0.130383       0.111387       0.093982       0.078308       0.064429       0.052338       0.041968       0.033203       0.025892       0.019859       0.014914       0.010863       0.007515       0.004716       0.002540       0.002382       0.004647       0.007860       0.011901       0.016966       0.023298       0.031149       0.040753       0.052310       0.065962       0.081776       0.099725       0.119676       0.141389       0.164525       0.188663       0.213328       0.238019       0.262248       0.285565       0.307578       0.327973       0.346512       0.363043       0.377484       0.389814       0.400044       0.408166       0.414094       0.417596       0.418282       0.415685       0.409472       0.399739       0.387388       0.374538       0.365006       0.365006
       0.364941       0.364941       0.374475       0.387328       0.399680       0.409413       0.415623       0.418209       0.417505       0.413973       0.408002       0.399821       0.389517       0.377096       0.362550       0.345903       0.327239       0.306720       0.284587       0.261164       0.236849       0.212100       0.187411       0.163284       0.140194       0.118560       0.098715       0.080892       0.065214       0.051699       0.040271       0.030779       0.023016       0.016739       0.011687       0.007597       0.004214       0.001364       0.001674       0.004374       0.007378       0.010850       0.014993       0.020015       0.026116       0.033491       0.042318       0.052749       0.064902       0.078841       0.094570       0.112024       0.131062       0.151470       0.172968       0.195227       0.217886       0.240577       0.262946       0.284669       0.305473       0.325139       0.343507       0.360478       0.376001       0.390073       0.402721       0.414003       0.423993       0.432774       0.440437       0.447069       0.452757       0.457581       0.461612       0.464914       0.467542       0.469540       0.470943       0.471774       0.472050       0.471774       0.470943       0.469540       0.467542       0.464914       0.461612       0.457581       0.452757       0.447069       0.440437       0.432774       0.423993       0.414003       0.402721       0.390073       0.376001       0.360478       0.343507       0.325139       0.305473       0.284669       0.262946       0.240577       0.217886       0.195227       0.172968       0.151470       0.131062       0.112024       0.094570       0.078841       0.064902       0.052749       0.042318       0.033491       0.026116       0.020015       0.014993       0.010850       0.007378       0.004374       0.001674       0.001364       0.004214       0.007597       0.011687       0.016739       0.023016       0.030779       0.040271       0.051699       0.065214       0.080892       0.098715       0.118560       0.140194       0.163284       0.187411       0.212100       0.236849       0.261164       0.284587       0.306720       0.327239       0.345903       0.362550       0.377096       0.389517       0.399821       0.408002       0.413973       0.417505       0.418209       0.415623       0.409413       0.399680       0.387328       0.374475       0.364941       0.364941
       0.365080       0.365080       0.374606       0.387444       0.399777       0.409486       0.415667       0.418218       0.417470       0.413884       0.407845       0.399581       0.389180       0.376646       0.361975       0.345194       0.326393       0.305738       0.283480       0.259950       0.235554       0.210754       0.186051       0.161949       0.138921       0.117383       0.097663       0.079986       0.064468       0.051121       0.039863       0.030542       0.022953       0.016860       0.012021       0.008213       0.005306       0.003495       0.003577       0.005354       0.007975       0.011259       0.015302       0.020269       0.026345       0.033714       0.042547       0.052993       0.065164       0.079124       0.094875       0.112349       0.131403       0.151821       0.173324       0.195581       0.218233       0.240911       0.263260       0.284961       0.305739       0.325377       0.343718       0.360660       0.376157       0.390202       0.402827       0.414088       0.424058       0.432822       0.440469       0.447088       0.452765       0.457579       0.461603       0.464899       0.467522       0.469516       0.470915       0.471745       0.472020       0.471745       0.470915       0.469516       0.467522       0.464899       0.461603       0.457579       0.452765       0.447088       0.440469       0.432822       0.424058       0.414088       0.402827       0.390202       0.376157       0.360660       0.343718       0.325377       0.305739       0.284961       0.263260       0.240911       0.218233       0.195581       0.173324       0.151821       0.131403       0.112349       0.094875       0.079124       0.065164       0.052993       0.042547       0.033714       0.026345       0.020269       0.015302       0.011259       0.007975       0.005354       0.003577       0.003495       0.005306       0.008213       0.012021       0.016860       0.022953       0.030542       0.039863       0.051121       0.064468       0.079986       0.097663       0.117383       0.138921       0.161949       0.186051       0.210754       0.235554       0.259950       0.283480       0.305738       0.326393       0.345194       0.361975       0.376646       0.389180       0.399581       0.407845       0.413884       0.417470       0.418218       0.415667       0.409486       0.399777       0.387444       0.374606       0.365080       0.365080
       0.365406       0.365406       0.374916       0.387726       0.400020       0.409683       0.415813       0.418306       0.417492       0.413829       0.407699       0.399331       0.388810       0.376143       0.361327       0.344395       0.325442       0.304642       0.282253       0.258612       0.234135       0.209290       0.184580       0.160512       0.137558       0.116130       0.096548       0.079033       0.063693       0.050534       0.039475       0.030365       0.023005       0.017176       0.012658       0.009267       0.006908       0.005650       0.005650       0.006836       0.008960       0.011911       0.015736       0.020559       0.026540       0.033846       0.042636       0.053054       0.065205       0.079151       0.094890       0.112354       0.131398       0.151807       0.173300       0.195547       0.218188       0.240855       0.263195       0.284886       0.305655       0.325286       0.343620       0.360558       0.376051       0.390093       0.402716       0.413976       0.423946       0.432710       0.440358       0.446978       0.452655       0.457470       0.461495       0.464792       0.467416       0.469410       0.470810       0.471641       0.471916       0.471641       0.470810       0.469410       0.467416       0.464792       0.461495       0.457470       0.452655       0.446978       0.440358       0.432710       0.423946       0.413976       0.402716       0.390093       0.376051       0.360558       0.343620       0.325286       0.305655       0.284886       0.263195       0.240855       0.218188       0.195547       0.173300       0.151807       0.131398       0.112354       0.094890       0.079151       0.065205       0.053054       0.042636       0.033846       0.026540       0.020559       0.015736       0.011911       0.008960       0.006836       0.005650       0.005650       0.006908       0.009267       0.012658       0.017176       0.023005       0.030365       0.039475       0.050534       0.063693       0.079033       0.096548       0.116130       0.137558       0.160512       0.184580       0.209290       0.234135       0.258612       0.282253       0.304642       0.325442       0.344395       0.361327       0.376143       0.388810       0.399331       0.407699       0.413829       0.417492       0.418306       0.415813       0.409683       0.400020       0.387726       0.374916       0.365406       0.365406
       0.365902       0.365902       0.375389       0.388156       0.400395       0.409993       0.416051       0.418466       0.417566       0.413806       0.407566       0.399073       0.388412       0.375592       0.360613       0.343514       0.324395       0.303438       0.280908       0.257153       0.232593       0.207704       0.182994       0.158966       0.136094       0.114783       0.095349       0.078003       0.062847       0.049883       0.039028       0.030132       0.023005       0.017436       0.013220       0.010179       0.008187       0.007184       0.007153       0.008052       0.009834       0.012494       0.016098       0.020759       0.026620       0.033834       0.042553       0.052911       0.065011       0.078911       0.094609       0.112035       0.131046       0.151425       0.172893       0.195120       0.217748       0.240408       0.262746       0.284441       0.305219       0.324863       0.343213       0.360169       0.375680       0.389743       0.402386       0.413665       0.423654       0.432436       0.440100       0.446734       0.452425       0.457252       0.461286       0.464592       0.467222       0.469222       0.470626       0.471459       0.471734       0.471459       0.470626       0.469222       0.467222       0.464592       0.461286       0.457252       0.452425       0.446734       0.440100       0.432436       0.423654       0.413665       0.402386       0.389743       0.375680       0.360169       0.343213       0.324863       0.305219       0.284441       0.262746       0.240408       0.217748       0.195120       0.172893       0.151425       0.131046       0.112035       0.094609       0.078911       0.065011       0.052911       0.042553       0.033834       0.026620       0.020759       0.016098       0.012494       0.009834       0.008052       0.007153       0.007184       0.008187       0.010179       0.013220       0.017436       0.023005       0.030132       0.039028       0.049883       0.062847       0.078003       0.095349       0.114783       0.136094       0.158966       0.182994       0.207704       0.232593       0.257153       0.280908       0.303438       0.324395       0.343514       0.360613       0.375592       0.388412       0.399073       0.407566       0.413806       0.417566       0.418466       0.416051       0.409993       0.400395       0.388156       0.375389       0.365902       0.365902
       0.366546       0.366546       0.376004       0.388718       0.400887       0.410404       0.416373       0.418693       0.417688       0.413812       0.407444       0.398807       0.387987       0.374996       0.359837       0.342553       0.323254       0.302128       0.279449       0.255573       0.230928       0.205995       0.181285       0.157304       0.134519       0.113330       0.094046       0.076869       0.061894       0.049116       0.038446       0.029736       0.022795       0.017419       0.013405       0.010571       0.008766       0.007879       0.007844       0.008630       0.010246       0.012742       0.016202       0.020743       0.026501       0.033626       0.042263       0.052544       0.064571       0.078400       0.094030       0.111392       0.130345       0.150675       0.172104       0.194303       0.216914       0.239570       0.261914       0.283626       0.304430       0.324105       0.342493       0.359489       0.375044       0.389149       0.401834       0.413154       0.423180       0.431997       0.439693       0.446356       0.452072       0.456921       0.460974       0.464296       0.466939       0.468949       0.470360       0.471196       0.471474       0.471196       0.470360       0.468949       0.466939       0.464296       0.460974       0.456921       0.452072       0.446356       0.439693       0.431997       0.423180       0.413154       0.401834       0.389149       0.375044       0.359489       0.342493       0.324105       0.304430       0.283626       0.261914       0.239570       0.216914       0.194303       0.172104       0.150675       0.130345       0.111392       0.094030       0.078400       0.064571       0.052544       0.042263       0.033626       0.026501       0.020743       0.016202       0.012742       0.010246       0.008630       0.007844       0.007879       0.008766       0.010571       0.013405       0.017419       0.022795       0.029736       0.038446       0.049116       0.061894       0.076869       0.094046       0.113330       0.134519       0.157304       0.181285       0.205995       0.230928       0.255573       0.279449       0.302128       0.323254       0.342553       0.359837       0.374996       0.387987       0.398807       0.407444       0.413812       0.417688       0.418693       0.416373       0.410404       0.400887       0.388718       0.376004       0.366546       0.366546
       0.367318       0.367318       0.376742       0.389395       0.401481       0.410903       0.416768       0.418976       0.417852       0.413844       0.407330       0.398532       0.387535       0.374355       0.358998       0.341515       0.322021       0.300713       0.277876       0.253872       0.229138       0.204161       0.179452       0.155519       0.132824       0.111760       0.092628       0.075618       0.060815       0.048205       0.037692       0.029120       0.022297       0.017015       0.013073       0.010291       0.008522       0.007662       0.007644       0.008438       0.010050       0.012525       0.015950       0.020442       0.026140       0.033194       0.041751       0.051945       0.063880       0.077615       0.093152       0.110427       0.129301       0.149562       0.170937       0.193099       0.215690       0.238342       0.260701       0.282441       0.303286       0.323014       0.341460       0.358519       0.374139       0.388310       0.401058       0.412438       0.422522       0.431391       0.439134       0.445841       0.451595       0.456476       0.460557       0.463902       0.466564       0.468588       0.470009       0.470852       0.471131       0.470852       0.470009       0.468588       0.466564       0.463902       0.460557       0.456476       0.451595       0.445841       0.439134       0.431391       0.422522       0.412438       0.401058       0.388310       0.374139       0.358519       0.341460       0.323014       0.303286       0.282441       0.260701       0.238342       0.215690       0.193099       0.170937       0.149562       0.129301       0.110427       0.093152       0.077615       0.063880       0.051945       0.041751       0.033194       0.026140       0.020442       0.015950       0.012525       0.010050       0.008438       0.007644       0.007662       0.008522       0.010291       0.013073       0.017015       0.022297       0.029120       0.037692       0.048205       0.060815       0.075618       0.092628       0.111760       0.132824       0.155519       0.179452       0.204161       0.229138       0.253872       0.277876       0.300713       0.322021       0.341515       0.358998       0.374355       0.387535       0.398532       0.407330       0.413844       0.417852       0.418976       0.416768       0.410903       0.401481       0.389395       0.376742       0.367318       0.367318
       0.368198       0.368198       0.377584       0.390167       0.402161       0.411476       0.417225       0.419308       0.418050       0.413896       0.407221       0.398245       0.387055       0.373669       0.358098       0.340399       0.320696       0.299195       0.276188       0.252049       0.227222       0.202198       0.177492       0.153609       0.131007       0.110072       0.091093       0.074249       0.059612       0.047156       0.036775       0.028301       0.021534       0.016257       0.012267       0.009390       0.007512       0.006590       0.006612       0.007531       0.009287       0.011875       0.015364       0.019873       0.025548       0.032546       0.041024       0.051121       0.062946       0.076565       0.091986       0.109149       0.127920       0.148094       0.169399       0.191513       0.214079       0.236730       0.259109       0.280890       0.301791       0.321588       0.340113       0.357258       0.372965       0.387223       0.400056       0.411517       0.421676       0.430615       0.438422       0.445185       0.450989       0.455914       0.460032       0.463408       0.466095       0.468138       0.469573       0.470424       0.470706       0.470424       0.469573       0.468138       0.466095       0.463408       0.460032       0.455914       0.450989       0.445185       0.438422       0.430615       0.421676       0.411517       0.400056       0.387223       0.372965       0.357258       0.340113       0.321588       0.301791       0.280890       0.259109       0.236730       0.214079       0.191513       0.169399       0.148094       0.127920       0.109149       0.091986       0.076565       0.062946       0.051121       0.041024       0.032546       0.025548       0.019873       0.015364       0.011875       0.009287       0.007531       0.006612       0.006590       0.007512       0.009390       0.012267       0.016257       0.021534       0.028301       0.036775       0.047156       0.059612       0.074249       0.091093       0.110072       0.131007       0.153609       0.177492       0.202198       0.227222       0.252049       0.276188       0.299195       0.320696       0.340399       0.358098       0.373669       0.387055       0.398245       0.407221       0.413896       0.418050       0.419308       0.417225       0.411476       0.402161       0.390167       0.377584       0.368198       0.368198
       0.369167       0.369167       0.378512       0.391019       0.402913       0.412111       0.417733       0.419680       0.418275       0.413962       0.407112       0.397943       0.386545       0.372936       0.357135       0.339205       0.319278       0.297571       0.274385       0.250104       0.225179       0.200106       0.175404       0.151575       0.129071       0.108271       0.089449       0.072775       0.058306       0.046004       0.035747       0.027357       0.020618       0.015302       0.011191       0.008104       0.005959       0.004843       0.004933       0.006131       0.008173       0.010967       0.014573       0.019126       0.024787       0.031727       0.040114       0.050095       0.061789       0.075267       0.090545       0.107570       0.126215       0.146281       0.167501       0.189556       0.212091       0.234740       0.257145       0.278975       0.299947       0.319831       0.338455       0.355705       0.371521       0.385888       0.398827       0.410389       0.420643       0.429669       0.437554       0.444388       0.450254       0.455233       0.459397       0.462811       0.465529       0.467596       0.469048       0.469909       0.470194       0.469909       0.469048       0.467596       0.465529       0.462811       0.459397       0.455233       0.450254       0.444388       0.437554       0.429669       0.420643       0.410389       0.398827       0.385888       0.371521       0.355705       0.338455       0.319831       0.299947       0.278975       0.257145       0.234740       0.212091       0.189556       0.167501       0.146281       0.126215       0.107570       0.090545       0.075267       0.061789       0.050095       0.040114       0.031727       0.024787       0.019126       0.014573       0.010967       0.008173       0.006131       0.004933       0.004843       0.005959       0.008104       0.011191       0.015302       0.020618       0.027357       0.035747       0.046004       0.058306       0.072775       0.089449       0.108271       0.129071       0.151575       0.175404       0.200106       0.225179       0.250104       0.274385       0.297571       0.319278       0.339205       0.357135       0.372936       0.386545       0.397943       0.407112       0.413962       0.418275       0.419680       0.417733       0.412111       0.402913       0.391019       0.378512       0.369167       0.369167
       0.370208       0.370208       0.379510       0.391937       0.403723       0.412797       0.418283       0.420085       0.418522       0.414038       0.406998       0.397623       0.386001       0.372154       0.356107       0.337930       0.317766       0.295841       0.272467       0.248036       0.223009       0.197887       0.173191       0.149419       0.127021       0.106363       0.087711       0.071218       0.056930       0.044795       0.034679       0.026393       0.019707       0.014377       0.010162       0.006845       0.004293       0.002706       0.002934       0.004659       0.007072       0.010069       0.013764       0.018328       0.023944       0.030797       0.039064       0.048901       0.060434       0.073742       0.088849       0.105709       0.124203       0.144139       0.165256       0.187239       0.209737       0.232382       0.254815       0.276704       0.297760       0.317746       0.336487       0.353862       0.369808       0.384304       0.397370       0.409052       0.419418       0.428548       0.436528       0.443446       0.449387       0.454430       0.458650       0.462110       0.464864       0.466960       0.468432       0.469304       0.469594       0.469304       0.468432       0.466960       0.464864       0.462110       0.458650       0.454430       0.449387       0.443446       0.436528       0.428548       0.419418       0.409052       0.397370       0.384304       0.369808       0.353862       0.336487       0.317746       0.297760       0.276704       0.254815       0.232382       0.209737       0.187239       0.165256       0.144139       0.124203       0.105709       0.088849       0.073742       0.060434       0.048901       0.039064       0.030797       0.023944       0.018328       0.013764       0.010069       0.007072       0.004659       0.002934       0.002706       0.004293       0.006845       0.010162       0.014377       0.019707       0.026393       0.034679       0.044795       0.056930       0.071218       0.087711       0.106363       0.127021       0.149419       0.173191       0.197887       0.223009       0.248036       0.272467       0.295841       0.317766       0.337930       0.356107       0.372154       0.386001       0.397623       0.406998       0.414038       0.418522       0.420085       0.418283       0.412797       0.403723       0.391937       0.379510       0.370208       0.370208
       0.371308       0.371308       0.380564       0.392907       0.404581       0.413524       0.418866       0.420513       0.418784       0.414117       0.406877       0.397281       0.385420       0.371320       0.355012       0.336574       0.316159       0.294004       0.270432       0.245845       0.220712       0.195541       0.170853       0.147147       0.124863       0.104359       0.085890       0.069596       0.055511       0.043571       0.033633       0.025498       0.018932       0.013682       0.009492       0.006115       0.003315       0.000889       0.001460       0.003804       0.006402       0.009438       0.013103       0.017591       0.023096       0.029810       0.037913       0.047569       0.058906       0.072013       0.086918       0.103584       0.121902       0.141685       0.162681       0.184578       0.207029       0.229667       0.252131       0.274085       0.295235       0.315338       0.334212       0.351732       0.367827       0.382473       0.395685       0.407506       0.418003       0.427253       0.435343       0.442358       0.448385       0.453504       0.457788       0.461301       0.464098       0.466227       0.467722       0.468609       0.468903       0.468609       0.467722       0.466227       0.464098       0.461301       0.457788       0.453504       0.448385       0.442358       0.435343       0.427253       0.418003       0.407506       0.395685       0.382473       0.367827       0.351732       0.334212       0.315338       0.295235       0.274085       0.252131       0.229667       0.207029       0.184578       0.162681       0.141685       0.121902       0.103584       0.086918       0.072013       0.058906       0.047569       0.037913       0.029810       0.023096       0.017591       0.013103       0.009438       0.006402       0.003804       0.001460       0.000889       0.003315       0.006115       0.009492       0.013682       0.018932       0.025498       0.033633       0.043571       0.055511       0.069596       0.085890       0.104359       0.124863       0.147147       0.170853       0.195541       0.220712       0.245845       0.270432       0.294004       0.316159       0.336574       0.355012       0.371320       0.385420       0.397281       0.406877       0.414117       0.418784       0.420513       0.418866       0.413524       0.404581       0.392907       0.380564       0.371308       0.371308
       0.372454       0.372454       0.381664       0.393919       0.405477       0.414284       0.419476       0.420960       0.419055       0.414195       0.406743       0.396914       0.384800       0.370432       0.353848       0.335135       0.314455       0.292058       0.268279       0.243531       0.218289       0.193070       0.168395       0.144761       0.122602       0.102266       0.083996       0.067921       0.054064       0.042350       0.032632       0.024706       0.018340       0.013286       0.009300       0.006160       0.003709       0.002094       0.002335       0.004055       0.006352       0.009172       0.012649       0.016955       0.022274       0.028791       0.036686       0.046121       0.057229       0.070101       0.084774       0.101218       0.119332       0.138940       0.159794       0.181590       0.203984       0.226610       0.249104       0.271128       0.292380       0.312613       0.331636       0.349318       0.365580       0.380395       0.393771       0.405750       0.416395       0.425782       0.433995       0.441122       0.447248       0.452452       0.456808       0.460382       0.463229       0.465395       0.466916       0.467819       0.468118       0.467819       0.466916       0.465395       0.463229       0.460382       0.456808       0.452452       0.447248       0.441122       0.433995       0.425782       0.416395       0.405750       0.393771       0.380395       0.365580       0.349318       0.331636       0.312613       0.292380       0.271128       0.249104       0.226610       0.203984       0.181590       0.159794       0.138940       0.119332       0.101218       0.084774       0.070101       0.057229       0.046121       0.036686       0.028791       0.022274       0.016955       0.012649       0.009172       0.006352       0.004055       0.002335       0.002094       0.003709       0.006160       0.009300       0.013286       0.018340       0.024706       0.032632       0.042350       0.054064       0.067921       0.083996       0.102266       0.122602       0.144761       0.168395       0.193070       0.218289       0.243531       0.268279       0.292058       0.314455       0.335135       0.353848       0.370432       0.384800       0.396914       0.406743       0.414195       0.419055       0.420960       0.419476       0.414284       0.405477       0.393919       0.381664       0.372454       0.372454
       0.373638       0.373638       0.382800       0.394966       0.406403       0.415069       0.420105       0.421420       0.419331       0.414269       0.406593       0.396518       0.384137       0.369487       0.352612       0.333609       0.312653       0.290003       0.266009       0.241093       0.215742       0.190476       0.165820       0.142265       0.120242       0.100088       0.082033       0.066196       0.052587       0.041126       0.031659       0.023984       0.017874       0.013093       0.009419       0.006668       0.004744       0.003722       0.003799       0.004874       0.006681       0.009142       0.012330       0.016382       0.021460       0.027738       0.035388       0.044570       0.055416       0.068024       0.082436       0.098631       0.116516       0.135924       0.156616       0.178295       0.200619       0.223225       0.245748       0.267843       0.289205       0.309578       0.328764       0.346623       0.363070       0.378071       0.391630       0.403784       0.414593       0.424133       0.432485       0.439736       0.445971       0.451271       0.455709       0.459350       0.462252       0.464461       0.466012       0.466932       0.467237       0.466932       0.466012       0.464461       0.462252       0.459350       0.455709       0.451271       0.445971       0.439736       0.432485       0.424133       0.414593       0.403784       0.391630       0.378071       0.363070       0.346623       0.328764       0.309578       0.289205       0.267843       0.245748       0.223225       0.200619       0.178295       0.156616       0.135924       0.116516       0.098631       0.082436       0.068024       0.055416       0.044570       0.035388       0.027738       0.021460       0.016382       0.012330       0.009142       0.006681       0.004874       0.003799       0.003722       0.004744       0.006668       0.009419       0.013093       0.017874       0.023984       0.031659       0.041126       0.052587       0.066196       0.082033       0.100088       0.120242       0.142265       0.165820       0.190476       0.215742       0.241093       0.266009       0.290003       0.312653       0.333609       0.352612       0.369487       0.384137       0.396518       0.406593       0.414269       0.419331       0.421420       0.420105       0.415069       0.406403       0.394966       0.382800       0.373638       0.373638
       0.374853       0.374853       0.383965       0.396039       0.407353       0.415874       0.420749       0.421889       0.419608       0.414334       0.406423       0.396090       0.383429       0.368482       0.351302       0.331996       0.310750       0.287838       0.263620       0.238533       0.213072       0.187762       0.163129       0.139664       0.117787       0.097827       0.080001       0.064414       0.051068       0.039872       0.030670       0.023258       0.017414       0.012912       0.009542       0.007131       0.005561       0.004785       0.004790       0.005536       0.006970       0.009098       0.011996       0.015782       0.020605       0.026626       0.034011       0.042918       0.053481       0.065800       0.079926       0.095845       0.113476       0.132661       0.153170       0.174714       0.196955       0.219532       0.242078       0.264246       0.285722       0.306243       0.325603       0.343653       0.360300       0.375504       0.389262       0.401608       0.412598       0.422305       0.430809       0.438198       0.444554       0.449959       0.454487       0.458204       0.461167       0.463422       0.465006       0.465946       0.466258       0.465946       0.465006       0.463422       0.461167       0.458204       0.454487       0.449959       0.444554       0.438198       0.430809       0.422305       0.412598       0.401608       0.389262       0.375504       0.360300       0.343653       0.325603       0.306243       0.285722       0.264246       0.242078       0.219532       0.196955       0.174714       0.153170       0.132661       0.113476       0.095845       0.079926       0.065800       0.053481       0.042918       0.034011       0.026626       0.020605       0.015782       0.011996       0.009098       0.006970       0.005536       0.004790       0.004785       0.005561       0.007131       0.009542       0.012912       0.017414       0.023258       0.030670       0.039872       0.051068       0.064414       0.080001       0.097827       0.117787       0.139664       0.163129       0.187762       0.213072       0.238533       0.263620       0.287838       0.310750       0.331996       0.351302       0.368482       0.383429       0.396090       0.406423       0.414334       0.419608       0.421889       0.420749       0.415874       0.407353       0.396039       0.383965       0.374853       0.374853
       0.376093       0.376093       0.385155       0.397135       0.408323       0.416695       0.421404       0.422362       0.419882       0.414387       0.406231       0.395627       0.382673       0.367415       0.349916       0.330293       0.308746       0.285561       0.261114       0.235852       0.210280       0.184929       0.160327       0.136960       0.115240       0.095485       0.077898       0.062571       0.049493       0.038564       0.029620       0.022456       0.016847       0.012571       0.009423       0.007223       0.005833       0.005152       0.005119       0.005709       0.006931       0.008837       0.011511       0.015072       0.019659       0.025430       0.032548       0.041169       0.051433       0.063445       0.077263       0.092884       0.110237       0.129175       0.149480       0.170870       0.193013       0.215550       0.238113       0.260350       0.281943       0.302618       0.322161       0.340414       0.357276       0.372697       0.386670       0.399223       0.410409       0.420297       0.428968       0.436505       0.442994       0.448515       0.453141       0.456940       0.459969       0.462275       0.463896       0.464858       0.465176       0.464858       0.463896       0.462275       0.459969       0.456940       0.453141       0.448515       0.442994       0.436505       0.428968       0.420297       0.410409       0.399223       0.386670       0.372697       0.357276       0.340414       0.322161       0.302618       0.281943       0.260350       0.238113       0.215550       0.193013       0.170870       0.149480       0.129175       0.110237       0.092884       0.077263       0.063445       0.051433       0.041169       0.032548       0.025430       0.019659       0.015072       0.011511       0.008837       0.006931       0.005709       0.005119       0.005152       0.005833       0.007223       0.009423       0.012571       0.016847       0.022456       0.029620       0.038564       0.049493       0.062571       0.077898       0.095485       0.115240       0.136960       0.160327       0.184929       0.210280       0.235852       0.261114       0.285561       0.308746       0.330293       0.349916       0.367415       0.382673       0.395627       0.406231       0.414387       0.419882       0.422362       0.421404       0.416695       0.408323       0.397135       0.385155       0.376093       0.376093
       0.377355       0.377355       0.386365       0.398250       0.409309       0.417528       0.422066       0.422838       0.420151       0.414426       0.406014       0.395127       0.381866       0.366284       0.348451       0.328498       0.306639       0.283173       0.258490       0.233051       0.207369       0.181982       0.157418       0.134158       0.112606       0.093066       0.075727       0.060666       0.047857       0.037189       0.028487       0.021540       0.016119       0.011997       0.008968       0.006851       0.005506       0.004835       0.004781       0.005324       0.006475       0.008279       0.010821       0.014216       0.018605       0.024145       0.031002       0.039335       0.049290       0.060979       0.074470       0.089772       0.106824       0.125494       0.145573       0.166789       0.188817       0.211300       0.233871       0.256174       0.277882       0.298715       0.318448       0.336913       0.354001       0.369653       0.383856       0.396630       0.408026       0.418109       0.426959       0.434657       0.441289       0.446934       0.451667       0.455556       0.458657       0.461018       0.462678       0.463663       0.463990       0.463663       0.462678       0.461018       0.458657       0.455556       0.451667       0.446934       0.441289       0.434657       0.426959       0.418109       0.408026       0.396630       0.383856       0.369653       0.354001       0.336913       0.318448       0.298715       0.277882       0.256174       0.233871       0.211300       0.188817       0.166789       0.145573       0.125494       0.106824       0.089772       0.074470       0.060979       0.049290       0.039335       0.031002       0.024145       0.018605       0.014216       0.010821       0.008279       0.006475       0.005324       0.004781       0.004835       0.005506       0.006851       0.008968       0.011997       0.016119       0.021540       0.028487       0.037189       0.047857       0.060666       0.075727       0.093066       0.112606       0.134158       0.157418       0.181982       0.207369       0.233051       0.258490       0.283173       0.306639       0.328498       0.348451       0.366284       0.381866       0.395127       0.406014       0.414426       0.420151       0.422838       0.422066       0.417528       0.409309       0.398250       0.386365       0.377355       0.377355
       0.378637       0.378637       0.387594       0.399382       0.410309       0.418372       0.422735       0.423313       0.420412       0.414449       0.405770       0.394588       0.381007       0.365086       0.346906       0.326611       0.304428       0.280673       0.255749       0.230131       0.204342       0.178924       0.154407       0.131264       0.109891       0.090576       0.073494       0.058705       0.046167       0.035754       0.027282       0.020527       0.015252       0.011225       0.008232       0.006094       0.004685       0.003950       0.003888       0.004476       0.005671       0.007478       0.009964       0.013245       0.017466       0.022791       0.029392       0.037435       0.047072       0.058425       0.071572       0.086535       0.103266       0.121645       0.141476       0.162497       0.184392       0.206807       0.229374       0.251735       0.273555       0.294547       0.314474       0.333160       0.350483       0.366378       0.380822       0.393831       0.405450       0.415741       0.424781       0.432652       0.439437       0.445215       0.450063       0.454047       0.457226       0.459647       0.461349       0.462359       0.462694       0.462359       0.461349       0.459647       0.457226       0.454047       0.450063       0.445215       0.439437       0.432652       0.424781       0.415741       0.405450       0.393831       0.380822       0.366378       0.350483       0.333160       0.314474       0.294547       0.273555       0.251735       0.229374       0.206807       0.184392       0.162497       0.141476       0.121645       0.103266       0.086535       0.071572       0.058425       0.047072       0.037435       0.029392       0.022791       0.017466       0.013245       0.009964       0.007478       0.005671       0.004476       0.003888       0.003950       0.004685       0.006094       0.008232       0.011225       0.015252       0.020527       0.027282       0.035754       0.046167       0.058705       0.073494       0.090576       0.109891       0.131264       0.154407       0.178924       0.204342       0.230131       0.255749       0.280673       0.304428       0.326611       0.346906       0.365086       0.381007       0.394588       0.405770       0.414449       0.420412       0.423313       0.422735       0.418372       0.410309       0.399382       0.387594       0.378637       0.378637
       0.379937       0.379937       0.388841       0.400529       0.411322       0.419224       0.423408       0.423787       0.420664       0.414453       0.405496       0.394007       0.380092       0.363819       0.345279       0.324630       0.302112       0.278060       0.252892       0.227094       0.201201       0.175760       0.151299       0.128285       0.107103       0.088026       0.071211       0.056702       0.044440       0.034285       0.026039       0.019469       0.014329       0.010374       0.007382       0.005164       0.003598       0.002698       0.002630       0.003376       0.004719       0.006588       0.009050       0.012234       0.016296       0.021409       0.027750       0.035496       0.044805       0.055809       0.068596       0.083201       0.099590       0.117656       0.137218       0.158024       0.179765       0.202095       0.224645       0.247053       0.268980       0.290129       0.310252       0.329163       0.346729       0.362876       0.377572       0.390827       0.402681       0.413192       0.422434       0.430488       0.437435       0.443356       0.448326       0.452412       0.455673       0.458158       0.459905       0.460943       0.461287       0.460943       0.459905       0.458158       0.455673       0.452412       0.448326       0.443356       0.437435       0.430488       0.422434       0.413192       0.402681       0.390827       0.377572       0.362876       0.346729       0.329163       0.310252       0.290129       0.268980       0.247053       0.224645       0.202095       0.179765       0.158024       0.137218       0.117656       0.099590       0.083201       0.068596       0.055809       0.044805       0.035496       0.027750       0.021409       0.016296       0.012234       0.009050       0.006588       0.004719       0.003376       0.002630       0.002698       0.003598       0.005164       0.007382       0.010374       0.014329       0.019469       0.026039       0.034285       0.044440       0.056702       0.071211       0.088026       0.107103       0.128285       0.151299       0.175760       0.201201       0.227094       0.252892       0.278060       0.302112       0.324630       0.345279       0.363819       0.380092       0.394007       0.405496       0.414453       0.420664       0.423787       0.423408       0.419224       0.411322       0.400529       0.388841       0.379937       0.379937
       0.381255       0.381255       0.390105       0.401691       0.412346       0.420085       0.424084       0.424257       0.420905       0.414437       0.405192       0.393383       0.379121       0.362482       0.343569       0.322552       0.299691       0.275336       0.249919       0.223943       0.197951       0.172495       0.148100       0.125229       0.104251       0.085426       0.068892       0.054675       0.042700       0.032813       0.024805       0.018433       0.013445       0.009588       0.006629       0.004359       0.002610       0.001366       0.001275       0.002372       0.003896       0.005802       0.008210       0.011271       0.015155       0.020041       0.026112       0.033548       0.042517       0.053158       0.065570       0.079799       0.095826       0.113558       0.132828       0.153397       0.174965       0.197190       0.219707       0.242150       0.264176       0.285476       0.305795       0.324932       0.342747       0.359153       0.374110       0.387622       0.399720       0.410462       0.419916       0.428162       0.435281       0.441353       0.446452       0.450647       0.453996       0.456548       0.458343       0.459409       0.459763       0.459409       0.458343       0.456548       0.453996       0.450647       0.446452       0.441353       0.435281       0.428162       0.419916       0.410462       0.399720       0.387622       0.374110       0.359153       0.342747       0.324932       0.305795       0.285476       0.264176       0.242150       0.219707       0.197190       0.174965       0.153397       0.132828       0.113558       0.095826       0.079799       0.065570       0.053158       0.042517       0.033548       0.026112       0.020041       0.015155       0.011271       0.008210       0.005802       0.003896       0.002372       0.001275       0.001366       0.002610       0.004359       0.006629       0.009588       0.013445       0.018433       0.024805       0.032813       0.042700       0.054675       0.068892       0.085426       0.104251       0.125229       0.148100       0.172495       0.197951       0.223943       0.249919       0.275336       0.299691       0.322552       0.343569       0.362482       0.379121       0.393383       0.405192       0.414437       0.420905       0.424257       0.424084       0.420085       0.412346       0.401691       0.390105       0.381255       0.381255
       0.382592       0.382592       0.391385       0.402867       0.413382       0.420953       0.424762       0.424724       0.421135       0.414399       0.404855       0.392714       0.378091       0.361072       0.341772       0.320378       0.297164       0.272499       0.246833       0.220681       0.194596       0.169134       0.144819       0.122104       0.101346       0.082786       0.066548       0.052637       0.040963       0.031361       0.023610       0.017465       0.012667       0.008966       0.006127       0.003938       0.002208       0.000786       0.000647       0.001952       0.003452       0.005262       0.007529       0.010413       0.014083       0.018718       0.024501       0.031616       0.040232       0.050497       0.062519       0.076356       0.092003       0.109381       0.128337       0.148646       0.170019       0.192119       0.214585       0.237049       0.259161       0.280606       0.301116       0.320480       0.338546       0.355216       0.370441       0.384217       0.396570       0.407551       0.417227       0.425675       0.432974       0.439204       0.444439       0.448747       0.452189       0.454813       0.456659       0.457755       0.458118       0.457755       0.456659       0.454813       0.452189       0.448747       0.444439       0.439204       0.432974       0.425675       0.417227       0.407551       0.396570       0.384217       0.370441       0.355216       0.338546       0.320480       0.301116       0.280606       0.259161       0.237049       0.214585       0.192119       0.170019       0.148646       0.128337       0.109381       0.092003       0.076356       0.062519       0.050497       0.040232       0.031616       0.024501       0.018718       0.014083       0.010413       0.007529       0.005262       0.003452       0.001952       0.000647       0.000786       0.002208       0.003938       0.006127       0.008966       0.012667       0.017465       0.023610       0.031361       0.040963       0.052637       0.066548       0.082786       0.101346       0.122104       0.144819       0.169134       0.194596       0.220681       0.246833       0.272499       0.297164       0.320378       0.341772       0.361072       0.378091       0.392714       0.404855       0.414399       0.421135       0.424724       0.424762       0.420953       0.413382       0.402867       0.391385       0.382592       0.382592
       0.383947       0.383947       0.392683       0.404059       0.414429       0.421828       0.425442       0.425185       0.421351       0.414339       0.404484       0.391997       0.377000       0.359588       0.339888       0.318104       0.294530       0.269550       0.243634       0.217309       0.191139       0.165683       0.141461       0.118917       0.098394       0.080117       0.064189       0.050599       0.039242       0.029939       0.022466       0.016571       0.012000       0.008509       0.005875       0.003908       0.002469       0.001559       0.001474       0.002207       0.003388       0.004956       0.007003       0.009660       0.013086       0.017450       0.022933       0.029715       0.037969       0.047847       0.059467       0.072898       0.088148       0.105153       0.123775       0.143802       0.164957       0.186911       0.209306       0.231773       0.253958       0.275536       0.296231       0.315819       0.334135       0.351071       0.366570       0.380617       0.393231       0.404460       0.414366       0.423023       0.430510       0.436905       0.442282       0.446710       0.450249       0.452948       0.454847       0.455975       0.456349       0.455975       0.454847       0.452948       0.450249       0.446710       0.442282       0.436905       0.430510       0.423023       0.414366       0.404460       0.393231       0.380617       0.366570       0.351071       0.334135       0.315819       0.296231       0.275536       0.253958       0.231773       0.209306       0.186911       0.164957       0.143802       0.123775       0.105153       0.088148       0.072898       0.059467       0.047847       0.037969       0.029715       0.022933       0.017450       0.013086       0.009660       0.007003       0.004956       0.003388       0.002207       0.001474       0.001559       0.002469       0.003908       0.005875       0.008509       0.012000       0.016571       0.022466       0.029939       0.039242       0.050599       0.064189       0.080117       0.098394       0.118917       0.141461       0.165683       0.191139       0.217309       0.243634       0.269550       0.294530       0.318104       0.339888       0.359588       0.377000       0.391997       0.404484       0.414339       0.421351       0.425185       0.425442       0.421828       0.414429       0.404059       0.392683       0.383947       0.383947
       0.385321       0.385321       0.393998       0.405265       0.415488       0.422710       0.426124       0.425642       0.421554       0.414255       0.404077       0.391232       0.375847       0.358027       0.337915       0.315731       0.291788       0.266490       0.240324       0.213832       0.187585       0.162147       0.138032       0.115676       0.095405       0.077425       0.061822       0.048565       0.037536       0.028544       0.021358       0.015727       0.011399       0.008137       0.005732       0.004014       0.002862       0.002232       0.002145       0.002574       0.003443       0.004745       0.006548       0.008967       0.012140       0.016229       0.021408       0.027854       0.035741       0.045227       0.056437       0.069450       0.084287       0.100902       0.119170       0.138894       0.159808       0.181593       0.203895       0.226346       0.248587       0.270286       0.291155       0.310960       0.329525       0.346728       0.362503       0.376824       0.389706       0.401189       0.411332       0.420205       0.427887       0.434453       0.439979       0.444531       0.448171       0.450948       0.452903       0.454064       0.454449       0.454064       0.452903       0.450948       0.448171       0.444531       0.439979       0.434453       0.427887       0.420205       0.411332       0.401189       0.389706       0.376824       0.362503       0.346728       0.329525       0.310960       0.291155       0.270286       0.248587       0.226346       0.203895       0.181593       0.159808       0.138894       0.119170       0.100902       0.084287       0.069450       0.056437       0.045227       0.035741       0.027854       0.021408       0.016229       0.012140       0.008967       0.006548       0.004745       0.003443       0.002574       0.002145       0.002232       0.002862       0.004014       0.005732       0.008137       0.011399       0.015727       0.021358       0.028544       0.037536       0.048565       0.061822       0.077425       0.095405       0.115676       0.138032       0.162147       0.187585       0.213832       0.240324       0.266490       0.291788       0.315731       0.337915       0.358027       0.375847       0.391232       0.404077       0.414255       0.421554       0.425642       0.426124       0.422710       0.415488       0.405265       0.393998       0.385321       0.385321
       0.386716       0.386716       0.395333       0.406488       0.416559       0.423600       0.426807       0.426093       0.421743       0.414146       0.403632       0.390416       0.374629       0.356387       0.335850       0.313256       0.288938       0.263319       0.236904       0.210251       0.183938       0.158531       0.134539       0.112386       0.092383       0.074716       0.059449       0.046536       0.035841       0.027165       0.020267       0.014896       0.010799       0.007748       0.005539       0.004007       0.003024       0.002506       0.002404       0.002691       0.003368       0.004470       0.006071       0.008276       0.011215       0.015041       0.019923       0.026038       0.033560       0.042652       0.053446       0.066033       0.080447       0.096655       0.114551       0.133950       0.154601       0.176193       0.198380       0.220793       0.243071       0.264874       0.285906       0.305920       0.324727       0.342195       0.358244       0.372843       0.385997       0.397738       0.408123       0.417220       0.425102       0.431845       0.437524       0.442206       0.445951       0.448809       0.450822       0.452018       0.452414       0.452018       0.450822       0.448809       0.445951       0.442206       0.437524       0.431845       0.425102       0.417220       0.408123       0.397738       0.385997       0.372843       0.358244       0.342195       0.324727       0.305920       0.285906       0.264874       0.243071       0.220793       0.198380       0.176193       0.154601       0.133950       0.114551       0.096655       0.080447       0.066033       0.053446       0.042652       0.033560       0.026038       0.019923       0.015041       0.011215       0.008276       0.006071       0.004470       0.003368       0.002691       0.002404       0.002506       0.003024       0.004007       0.005539       0.007748       0.010799       0.014896       0.020267       0.027165       0.035841       0.046536       0.059449       0.074716       0.092383       0.112386       0.134539       0.158531       0.183938       0.210251       0.236904       0.263319       0.288938       0.313256       0.335850       0.356387       0.374629       0.390416       0.403632       0.414146       0.421743       0.426093       0.426807       0.423600       0.416559       0.406488       0.395333       0.386716       0.386716
       0.388133       0.388133       0.396687       0.407727       0.417643       0.424498       0.427492       0.426538       0.421916       0.414011       0.403149       0.389547       0.373344       0.354667       0.333693       0.310679       0.285978       0.260037       0.233377       0.206569       0.180201       0.154840       0.130988       0.109055       0.089336       0.071995       0.057076       0.044514       0.034157       0.025793       0.019177       0.014050       0.010162       0.007283       0.005211       0.003783       0.002868       0.002376       0.002253       0.002480       0.003068       0.004058       0.005522       0.007558       0.010294       0.013879       0.018480       0.024273       0.031437       0.040136       0.050513       0.062668       0.076650       0.092439       0.109944       0.128999       0.149363       0.170740       0.192787       0.215139       0.237432       0.259321       0.280500       0.300710       0.319751       0.337479       0.353802       0.368678       0.382105       0.394109       0.404741       0.414064       0.422151       0.429077       0.434914       0.439729       0.443582       0.446525       0.448598       0.449829       0.450238       0.449829       0.448598       0.446525       0.443582       0.439729       0.434914       0.429077       0.422151       0.414064       0.404741       0.394109       0.382105       0.368678       0.353802       0.337479       0.319751       0.300710       0.280500       0.259321       0.237432       0.215139       0.192787       0.170740       0.149363       0.128999       0.109944       0.092439       0.076650       0.062668       0.050513       0.040136       0.031437       0.024273       0.018480       0.013879       0.010294       0.007558       0.005522       0.004058       0.003068       0.002480       0.002253       0.002376       0.002868       0.003783       0.005211       0.007283       0.010162       0.014050       0.019177       0.025793       0.034157       0.044514       0.057076       0.071995       0.089336       0.109055       0.130988       0.154840       0.180201       0.206569       0.233377       0.260037       0.285978       0.310679       0.333693       0.354667       0.373344       0.389547       0.403149       0.414011       0.421916       0.426538       0.427492       0.424498       0.417643       0.407727       0.396687       0.388133       0.388133
       0.389572       0.389572       0.398062       0.408984       0.418740       0.425403       0.428178       0.426976       0.422073       0.413848       0.402626       0.388624       0.371990       0.352864       0.331441       0.307997       0.282909       0.256644       0.229742       0.202789       0.176379       0.151079       0.127383       0.105688       0.086268       0.069266       0.054705       0.042500       0.032483       0.024430       0.018087       0.013190       0.009487       0.006744       0.004762       0.003374       0.002455       0.001929       0.001776       0.001996       0.002578       0.003532       0.004916       0.006825       0.009388       0.012753       0.017088       0.022571       0.029383       0.037695       0.047656       0.059376       0.072918       0.088276       0.105376       0.124067       0.144123       0.165260       0.187141       0.209408       0.231693       0.253647       0.274955       0.295347       0.314611       0.332590       0.349182       0.364333       0.378033       0.390301       0.401182       0.410736       0.419033       0.426144       0.432143       0.437095       0.441060       0.444089       0.446224       0.447492       0.447913       0.447492       0.446224       0.444089       0.441060       0.437095       0.432143       0.426144       0.419033       0.410736       0.401182       0.390301       0.378033       0.364333       0.349182       0.332590       0.314611       0.295347       0.274955       0.253647       0.231693       0.209408       0.187141       0.165260       0.144123       0.124067       0.105376       0.088276       0.072918       0.059376       0.047656       0.037695       0.029383       0.022571       0.017088       0.012753       0.009388       0.006825       0.004916       0.003532       0.002578       0.001996       0.001776       0.001929       0.002455       0.003374       0.004762       0.006744       0.009487       0.013190       0.018087       0.024430       0.032483       0.042500       0.054705       0.069266       0.086268       0.105688       0.127383       0.151079       0.176379       0.202789       0.229742       0.256644       0.282909       0.307997       0.331441       0.352864       0.371990       0.388624       0.402626       0.413848       0.422073       0.426976       0.428178       0.425403       0.418740       0.408984       0.398062       0.389572       0.389572
       0.391034       0.391034       0.399459       0.410259       0.419851       0.426317       0.428866       0.427407       0.422213       0.413657       0.402060       0.387644       0.370565       0.350976       0.329091       0.305210       0.279730       0.253142       0.226003       0.198914       0.172476       0.147253       0.123732       0.102292       0.083186       0.066537       0.052344       0.040502       0.030827       0.023084       0.017009       0.012334       0.008804       0.006184       0.004272       0.002897       0.001931       0.001313       0.001103       0.001375       0.002021       0.002985       0.004317       0.006119       0.008523       0.011681       0.015761       0.020943       0.027412       0.035342       0.044889       0.056174       0.069271       0.084189       0.100871       0.119179       0.138907       0.159778       0.181469       0.203624       0.225876       0.247872       0.269287       0.289844       0.309317       0.327537       0.344390       0.359812       0.373783       0.386315       0.397447       0.407234       0.415742       0.423043       0.429206       0.434298       0.438377       0.441495       0.443693       0.445000       0.445433       0.445000       0.443693       0.441495       0.438377       0.434298       0.429206       0.423043       0.415742       0.407234       0.397447       0.386315       0.373783       0.359812       0.344390       0.327537       0.309317       0.289844       0.269287       0.247872       0.225876       0.203624       0.181469       0.159778       0.138907       0.119179       0.100871       0.084189       0.069271       0.056174       0.044889       0.035342       0.027412       0.020943       0.015761       0.011681       0.008523       0.006119       0.004317       0.002985       0.002021       0.001375       0.001103       0.001313       0.001931       0.002897       0.004272       0.006184       0.008804       0.012334       0.017009       0.023084       0.030827       0.040502       0.052344       0.066537       0.083186       0.102292       0.123732       0.147253       0.172476       0.198914       0.226003       0.253142       0.279730       0.305210       0.329091       0.350976       0.370565       0.387644       0.402060       0.413657       0.422213       0.427407       0.428866       0.426317       0.419851       0.410259       0.399459       0.391034       0.391034
       0.392522       0.392522       0.400878       0.411554       0.420977       0.427240       0.429555       0.427832       0.422335       0.413436       0.401451       0.386606       0.369066       0.349001       0.326643       0.302315       0.276440       0.249529       0.222161       0.194947       0.168496       0.143369       0.120040       0.098873       0.080098       0.063814       0.049999       0.038526       0.029198       0.021765       0.015958       0.011507       0.008153       0.005664       0.003836       0.002496       0.001502       0.000754       0.000381       0.000834       0.001576       0.002535       0.003800       0.005486       0.007730       0.010682       0.014514       0.019403       0.025535       0.033089       0.042227       0.053078       0.065727       0.080198       0.096449       0.114360       0.133737       0.154320       0.175795       0.197810       0.220002       0.242014       0.263515       0.284217       0.303882       0.322329       0.339434       0.355120       0.369357       0.382151       0.393532       0.403553       0.412275       0.419767       0.426097       0.431331       0.435527       0.438736       0.440998       0.442344       0.442790       0.442344       0.440998       0.438736       0.435527       0.431331       0.426097       0.419767       0.412275       0.403553       0.393532       0.382151       0.369357       0.355120       0.339434       0.322329       0.303882       0.284217       0.263515       0.242014       0.220002       0.197810       0.175795       0.154320       0.133737       0.114360       0.096449       0.080198       0.065727       0.053078       0.042227       0.033089       0.025535       0.019403       0.014514       0.010682       0.007730       0.005486       0.003800       0.002535       0.001576       0.000834       0.000381       0.000754       0.001502       0.002496       0.003836       0.005664       0.008153       0.011507       0.015958       0.021765       0.029198       0.038526       0.049999       0.063814       0.080098       0.098873       0.120040       0.143369       0.168496       0.194947       0.222161       0.249529       0.276440       0.302315       0.326643       0.349001       0.369066       0.386606       0.401451       0.413436       0.422335       0.427832       0.429555       0.427240       0.420977       0.411554       0.400878       0.392522       0.392522
       0.394036       0.394036       0.402322       0.412869       0.422118       0.428171       0.430245       0.428248       0.422439       0.413182       0.400796       0.385507       0.367491       0.346935       0.324093       0.299311       0.273038       0.245808       0.218217       0.190892       0.164444       0.139430       0.116313       0.095437       0.077009       0.061104       0.047676       0.036580       0.027602       0.020483       0.014948       0.010725       0.007558       0.005219       0.003509       0.002263       0.001343       0.000645       0.000266       0.000707       0.001383       0.002251       0.003401       0.004948       0.007021       0.009768       0.013354       0.017957       0.023761       0.030947       0.039681       0.050100       0.062301       0.076320       0.092130       0.109628       0.128637       0.148908       0.170140       0.191989       0.214093       0.236094       0.257655       0.278478       0.298316       0.316976       0.334319       0.350260       0.364757       0.377808       0.389438       0.399691       0.408627       0.416312       0.422810       0.428188       0.432502       0.435803       0.438131       0.439516       0.439975       0.439516       0.438131       0.435803       0.432502       0.428188       0.422810       0.416312       0.408627       0.399691       0.389438       0.377808       0.364757       0.350260       0.334319       0.316976       0.298316       0.278478       0.257655       0.236094       0.214093       0.191989       0.170140       0.148908       0.128637       0.109628       0.092130       0.076320       0.062301       0.050100       0.039681       0.030947       0.023761       0.017957       0.013354       0.009768       0.007021       0.004948       0.003401       0.002251       0.001383       0.000707       0.000266       0.000645       0.001343       0.002263       0.003509       0.005219       0.007558       0.010725       0.014948       0.020483       0.027602       0.036580       0.047676       0.061104       0.077009       0.095437       0.116313       0.139430       0.164444       0.190892       0.218217       0.245808       0.273038       0.299311       0.324093       0.346935       0.367491       0.385507       0.400796       0.413182       0.422439       0.428248       0.430245       0.428171       0.422118       0.412869       0.402322       0.394036       0.394036
       0.395577       0.395577       0.403791       0.414205       0.423274       0.429111       0.430937       0.428655       0.422522       0.412896       0.400092       0.384343       0.365837       0.344777       0.321439       0.296197       0.269524       0.241977       0.214174       0.186751       0.160324       0.135443       0.112558       0.091990       0.073926       0.058412       0.045381       0.034668       0.026044       0.019241       0.013981       0.009990       0.007017       0.004841       0.003274       0.002163       0.001393       0.000901       0.000722       0.000913       0.001383       0.002094       0.003098       0.004491       0.006390       0.008934       0.012282       0.016608       0.022093       0.028920       0.037258       0.047252       0.059006       0.072570       0.087932       0.105004       0.123625       0.143563       0.164526       0.186180       0.208168       0.230129       0.251722       0.272643       0.292632       0.311485       0.329052       0.345235       0.359984       0.373286       0.385160       0.395644       0.404793       0.412670       0.419338       0.424859       0.429293       0.432686       0.435081       0.436506       0.436979       0.436506       0.435081       0.432686       0.429293       0.424859       0.419338       0.412670       0.404793       0.395644       0.385160       0.373286       0.359984       0.345235       0.329052       0.311485       0.292632       0.272643       0.251722       0.230129       0.208168       0.186180       0.164526       0.143563       0.123625       0.105004       0.087932       0.072570       0.059006       0.047252       0.037258       0.028920       0.022093       0.016608       0.012282       0.008934       0.006390       0.004491       0.003098       0.002094       0.001383       0.000913       0.000722       0.000901       0.001393       0.002163       0.003274       0.004841       0.007017       0.009990       0.013981       0.019241       0.026044       0.034668       0.045381       0.058412       0.073926       0.091990       0.112558       0.135443       0.160324       0.186751       0.214174       0.241977       0.269524       0.296197       0.321439       0.344777       0.365837       0.384343       0.400092       0.412896       0.422522       0.428655       0.430937       0.429111       0.423274       0.414205       0.403791       0.395577       0.395577
       0.397147       0.397147       0.405286       0.415562       0.424447       0.430061       0.431629       0.429053       0.422584       0.412574       0.399338       0.383114       0.364101       0.342523       0.318680       0.292972       0.265897       0.238040       0.210034       0.182529       0.156140       0.131413       0.108779       0.088540       0.070854       0.055744       0.043118       0.032793       0.024525       0.018040       0.013052       0.009292       0.006511       0.004496       0.003069       0.002086       0.001443       0.001074       0.000948       0.001054       0.001386       0.001961       0.002831       0.004080       0.005816       0.008169       0.011292       0.015354       0.020534       0.027013       0.034966       0.044540       0.055851       0.068960       0.083868       0.100503       0.118720       0.138303       0.158972       0.180403       0.202243       0.224134       0.245732       0.266722       0.286839       0.305864       0.323637       0.340049       0.355039       0.368584       0.380696       0.391407       0.400767       0.408834       0.415671       0.421337       0.425890       0.429377       0.431839       0.433304       0.433790       0.433304       0.431839       0.429377       0.425890       0.421337       0.415671       0.408834       0.400767       0.391407       0.380696       0.368584       0.355039       0.340049       0.323637       0.305864       0.286839       0.266722       0.245732       0.224134       0.202243       0.180403       0.158972       0.138303       0.118720       0.100503       0.083868       0.068960       0.055851       0.044540       0.034966       0.027013       0.020534       0.015354       0.011292       0.008169       0.005816       0.004080       0.002831       0.001961       0.001386       0.001054       0.000948       0.001074       0.001443       0.002086       0.003069       0.004496       0.006511       0.009292       0.013052       0.018040       0.024525       0.032793       0.043118       0.055744       0.070854       0.088540       0.108779       0.131413       0.156140       0.182529       0.210034       0.238040       0.265897       0.292972       0.318680       0.342523       0.364101       0.383114       0.399338       0.412574       0.422584       0.429053       0.431629       0.430061       0.424447       0.415562       0.405286       0.397147       0.397147
       0.398747       0.398747       0.406808       0.416943       0.425636       0.431019       0.432321       0.429441       0.422623       0.412215       0.398531       0.381816       0.362281       0.340171       0.315813       0.289633       0.262158       0.233996       0.205800       0.178228       0.151899       0.127345       0.104984       0.085091       0.067798       0.053104       0.040891       0.030958       0.023047       0.016875       0.012156       0.008619       0.006020       0.004151       0.002840       0.001950       0.001380       0.001058       0.000942       0.001014       0.001282       0.001777       0.002552       0.003687       0.005282       0.007464       0.010378       0.014192       0.019081       0.025227       0.032806       0.041971       0.052844       0.065499       0.079948       0.096137       0.113936       0.133143       0.153494       0.174674       0.196337       0.218127       0.239697       0.260729       0.280946       0.300120       0.318080       0.334705       0.349922       0.363700       0.376042       0.386974       0.396541       0.404797       0.411801       0.417612       0.422284       0.425864       0.428393       0.429898       0.430398       0.429898       0.428393       0.425864       0.422284       0.417612       0.411801       0.404797       0.396541       0.386974       0.376042       0.363700       0.349922       0.334705       0.318080       0.300120       0.280946       0.260729       0.239697       0.218127       0.196337       0.174674       0.153494       0.133143       0.113936       0.096137       0.079948       0.065499       0.052844       0.041971       0.032806       0.025227       0.019081       0.014192       0.010378       0.007464       0.005282       0.003687       0.002552       0.001777       0.001282       0.001014       0.000942       0.001058       0.001380       0.001950       0.002840       0.004151       0.006020       0.008619       0.012156       0.016875       0.023047       0.030958       0.040891       0.053104       0.067798       0.085091       0.104984       0.127345       0.151899       0.178228       0.205800       0.233996       0.262158       0.289633       0.315813       0.340171       0.362281       0.381816       0.398531       0.412215       0.422623       0.429441       0.432321       0.431019       0.425636       0.416943       0.406808       0.398747       0.398747
       0.400378       0.400378       0.408359       0.418347       0.426842       0.431987       0.433013       0.429817       0.422637       0.411817       0.397669       0.380445       0.360372       0.337719       0.312836       0.286179       0.258306       0.229847       0.201474       0.173855       0.147604       0.123247       0.101178       0.081649       0.064765       0.050496       0.038702       0.029163       0.021609       0.015747       0.011290       0.007967       0.005537       0.003797       0.002577       0.001745       0.001201       0.000880       0.000751       0.000812       0.001068       0.001534       0.002255       0.003305       0.004784       0.006814       0.009538       0.013120       0.017735       0.023563       0.030780       0.039546       0.049989       0.062193       0.076182       0.091917       0.109284       0.128097       0.148105       0.169006       0.190461       0.212118       0.233630       0.254673       0.274962       0.294260       0.312385       0.329203       0.344632       0.358631       0.371194       0.382340       0.392109       0.400550       0.407719       0.413672       0.418462       0.422136       0.424731       0.426277       0.426790       0.426277       0.424731       0.422136       0.418462       0.413672       0.407719       0.400550       0.392109       0.382340       0.371194       0.358631       0.344632       0.329203       0.312385       0.294260       0.274962       0.254673       0.233630       0.212118       0.190461       0.169006       0.148105       0.128097       0.109284       0.091917       0.076182       0.062193       0.049989       0.039546       0.030780       0.023563       0.017735       0.013120       0.009538       0.006814       0.004784       0.003305       0.002255       0.001534       0.001068       0.000812       0.000751       0.000880       0.001201       0.001745       0.002577       0.003797       0.005537       0.007967       0.011290       0.015747       0.021609       0.029163       0.038702       0.050496       0.064765       0.081649       0.101178       0.123247       0.147604       0.173855       0.201474       0.229847       0.258306       0.286179       0.312836       0.337719       0.360372       0.380445       0.397669       0.411817       0.422637       0.429817       0.433013       0.431987       0.426842       0.418347       0.408359       0.400378       0.400378
       0.402041       0.402041       0.409938       0.419775       0.428065       0.432963       0.433703       0.430180       0.422624       0.411376       0.396747       0.378998       0.358373       0.335162       0.309746       0.282611       0.254343       0.225597       0.197062       0.169412       0.143263       0.119122       0.097366       0.078220       0.061758       0.047925       0.036556       0.027412       0.020212       0.014657       0.010456       0.007339       0.005070       0.003447       0.002306       0.001516       0.000976       0.000622       0.000450       0.000521       0.000809       0.001279       0.001968       0.002952       0.004330       0.006223       0.008772       0.012138       0.016494       0.022018       0.028889       0.037268       0.047289       0.059046       0.072575       0.087850       0.104773       0.123174       0.142817       0.163412       0.184629       0.206121       0.227541       0.248562       0.268893       0.288289       0.306553       0.323545       0.339168       0.353374       0.366146       0.377498       0.387462       0.396083       0.403413       0.409506       0.414413       0.418178       0.420840       0.422425       0.422952       0.422425       0.420840       0.418178       0.414413       0.409506       0.403413       0.396083       0.387462       0.377498       0.366146       0.353374       0.339168       0.323545       0.306553       0.288289       0.268893       0.248562       0.227541       0.206121       0.184629       0.163412       0.142817       0.123174       0.104773       0.087850       0.072575       0.059046       0.047289       0.037268       0.028889       0.022018       0.016494       0.012138       0.008772       0.006223       0.004330       0.002952       0.001968       0.001279       0.000809       0.000521       0.000450       0.000622       0.000976       0.001516       0.002306       0.003447       0.005070       0.007339       0.010456       0.014657       0.020212       0.027412       0.036556       0.047925       0.061758       0.078220       0.097366       0.119122       0.143263       0.169412       0.197062       0.225597       0.254343       0.282611       0.309746       0.335162       0.358373       0.378998       0.396747       0.411376       0.422624       0.430180       0.433703       0.432963       0.428065       0.419775       0.409938       0.402041       0.402041
       0.403737       0.403737       0.411548       0.421227       0.429305       0.433947       0.434391       0.430527       0.422582       0.410889       0.395763       0.377472       0.356279       0.332500       0.306543       0.278928       0.250269       0.221247       0.192566       0.164907       0.138881       0.114980       0.093557       0.074809       0.058783       0.045394       0.034454       0.025708       0.018860       0.013608       0.009657       0.006742       0.004628       0.003122       0.002062       0.001321       0.000798       0.000415       0.000136       0.000263       0.000611       0.001080       0.001732       0.002649       0.003930       0.005696       0.008082       0.011245       0.015356       0.020592       0.027130       0.035134       0.044744       0.056059       0.069130       0.083941       0.100410       0.118382       0.137638       0.157900       0.178849       0.200143       0.221438       0.242405       0.262747       0.282210       0.300588       0.317730       0.333529       0.347925       0.360894       0.372440       0.382591       0.391385       0.398872       0.405102       0.410122       0.413978       0.416704       0.418329       0.418869       0.418329       0.416704       0.413978       0.410122       0.405102       0.398872       0.391385       0.382591       0.372440       0.360894       0.347925       0.333529       0.317730       0.300588       0.282210       0.262747       0.242405       0.221438       0.200143       0.178849       0.157900       0.137638       0.118382       0.100410       0.083941       0.069130       0.056059       0.044744       0.035134       0.027130       0.020592       0.015356       0.011245       0.008082       0.005696       0.003930       0.002649       0.001732       0.001080       0.000611       0.000263       0.000136       0.000415       0.000798       0.001321       0.002062       0.003122       0.004628       0.006742       0.009657       0.013608       0.018860       0.025708       0.034454       0.045394       0.058783       0.074809       0.093557       0.114980       0.138881       0.164907       0.192566       0.221247       0.250269       0.278928       0.306543       0.332500       0.356279       0.377472       0.395763       0.410889       0.422582       0.430527       0.434391       0.433947       0.429305       0.421227       0.411548       0.403737       0.403737
       0.405467       0.405467       0.413187       0.422703       0.430562       0.434938       0.435074       0.430857       0.422507       0.410353       0.394712       0.375863       0.354087       0.329728       0.303225       0.275130       0.246087       0.216801       0.187993       0.160346       0.134465       0.110826       0.089756       0.071424       0.055845       0.042907       0.032400       0.024051       0.017554       0.012600       0.008896       0.006178       0.004220       0.002832       0.001862       0.001190       0.000723       0.000392       0.000183       0.000269       0.000558       0.000973       0.001563       0.002404       0.003590       0.005233       0.007466       0.010439       0.014319       0.019281       0.025500       0.033143       0.042351       0.053233       0.065846       0.080190       0.096196       0.113726       0.132574       0.152477       0.173128       0.194191       0.215327       0.236206       0.256525       0.276025       0.294490       0.311757       0.327710       0.342278       0.355428       0.367158       0.377485       0.386446       0.394084       0.400445       0.405576       0.409520       0.412310       0.413973       0.414526       0.413973       0.412310       0.409520       0.405576       0.400445       0.394084       0.386446       0.377485       0.367158       0.355428       0.342278       0.327710       0.311757       0.294490       0.276025       0.256525       0.236206       0.215327       0.194191       0.173128       0.152477       0.132574       0.113726       0.096196       0.080190       0.065846       0.053233       0.042351       0.033143       0.025500       0.019281       0.014319       0.010439       0.007466       0.005233       0.003590       0.002404       0.001563       0.000973       0.000558       0.000269       0.000183       0.000392       0.000723       0.001190       0.001862       0.002832       0.004220       0.006178       0.008896       0.012600       0.017554       0.024051       0.032400       0.042907       0.055845       0.071424       0.089756       0.110826       0.134465       0.160346       0.187993       0.216801       0.246087       0.275130       0.303225       0.329728       0.354087       0.375863       0.394712       0.410353       0.422507       0.430857       0.435074       0.434938       0.430562       0.422703       0.413187       0.405467       0.405467
       0.407231       0.407231       0.414858       0.424204       0.431834       0.435934       0.435750       0.431166       0.422395       0.409763       0.393590       0.374166       0.351794       0.326844       0.299791       0.271219       0.241801       0.212266       0.183349       0.155737       0.130025       0.106669       0.085972       0.068069       0.052948       0.040468       0.030397       0.022444       0.016295       0.011635       0.008173       0.005649       0.003842       0.002571       0.001694       0.001100       0.000708       0.000465       0.000355       0.000397       0.000589       0.000926       0.001444       0.002208       0.003301       0.004829       0.006918       0.009714       0.013377       0.018079       0.023995       0.031288       0.040106       0.050562       0.062722       0.076597       0.092133       0.109206       0.127627       0.147147       0.167470       0.188271       0.209213       0.229968       0.250232       0.269736       0.288258       0.305624       0.321708       0.336429       0.349744       0.361642       0.372135       0.381253       0.389034       0.395522       0.400760       0.404788       0.407640       0.409341       0.409906       0.409341       0.407640       0.404788       0.400760       0.395522       0.389034       0.381253       0.372135       0.361642       0.349744       0.336429       0.321708       0.305624       0.288258       0.269736       0.250232       0.229968       0.209213       0.188271       0.167470       0.147147       0.127627       0.109206       0.092133       0.076597       0.062722       0.050562       0.040106       0.031288       0.023995       0.018079       0.013377       0.009714       0.006918       0.004829       0.003301       0.002208       0.001444       0.000926       0.000589       0.000397       0.000355       0.000465       0.000708       0.001100       0.001694       0.002571       0.003842       0.005649       0.008173       0.011635       0.016295       0.022444       0.030397       0.040468       0.052948       0.068069       0.085972       0.106669       0.130025       0.155737       0.183349       0.212266       0.241801       0.271219       0.299791       0.326844       0.351794       0.374166       0.393590       0.409763       0.422395       0.431166       0.435750       0.435934       0.431834       0.424204       0.414858       0.407231       0.407231
       0.409029       0.409029       0.416558       0.425727       0.433119       0.436933       0.436416       0.431449       0.422241       0.409114       0.392391       0.372376       0.349394       0.323847       0.296241       0.267195       0.237414       0.207648       0.178644       0.151090       0.125569       0.102519       0.082211       0.064752       0.050098       0.038081       0.028446       0.020888       0.015082       0.010712       0.007486       0.005149       0.003487       0.002327       0.001535       0.001009       0.000675       0.000485       0.000411       0.000445       0.000594       0.000879       0.001341       0.002038       0.003049       0.004473       0.006431       0.009063       0.012523       0.016981       0.022606       0.029565       0.038004       0.048041       0.059753       0.073158       0.088218       0.104822       0.122798       0.141910       0.161877       0.182383       0.203098       0.223695       0.243868       0.263343       0.281891       0.299328       0.315518       0.330370       0.343832       0.355883       0.366530       0.375794       0.383711       0.390319       0.395658       0.399768       0.402678       0.404415       0.404992       0.404415       0.402678       0.399768       0.395658       0.390319       0.383711       0.375794       0.366530       0.355883       0.343832       0.330370       0.315518       0.299328       0.281891       0.263343       0.243868       0.223695       0.203098       0.182383       0.161877       0.141910       0.122798       0.104822       0.088218       0.073158       0.059753       0.048041       0.038004       0.029565       0.022606       0.016981       0.012523       0.009063       0.006431       0.004473       0.003049       0.002038       0.001341       0.000879       0.000594       0.000445       0.000411       0.000485       0.000675       0.001009       0.001535       0.002327       0.003487       0.005149       0.007486       0.010712       0.015082       0.020888       0.028446       0.038081       0.050098       0.064752       0.082211       0.102519       0.125569       0.151090       0.178644       0.207648       0.237414       0.267195       0.296241       0.323847       0.349394       0.372376       0.392391       0.409114       0.422241       0.431449       0.436416       0.436933       0.433119       0.425727       0.416558       0.409029       0.409029
       0.410860       0.410860       0.418287       0.427271       0.434415       0.437930       0.437066       0.431702       0.422040       0.408400       0.391109       0.370487       0.346884       0.320732       0.292575       0.263063       0.232933       0.202955       0.173887       0.146416       0.121111       0.098386       0.078484       0.061481       0.047301       0.035749       0.026550       0.019383       0.013916       0.009829       0.006832       0.004675       0.003151       0.002093       0.001373       0.000897       0.000594       0.000422       0.000357       0.000393       0.000536       0.000803       0.001232       0.001880       0.002824       0.004158       0.005998       0.008478       0.011751       0.015978       0.021327       0.027964       0.036036       0.045664       0.056931       0.069868       0.084446       0.100571       0.118084       0.136766       0.156349       0.176529       0.196982       0.217386       0.237432       0.256845       0.275387       0.292866       0.309135       0.324095       0.337684       0.349872       0.360658       0.370057       0.378100       0.384820       0.390255       0.394441       0.397408       0.399179       0.399767       0.399179       0.397408       0.394441       0.390255       0.384820       0.378100       0.370057       0.360658       0.349872       0.337684       0.324095       0.309135       0.292866       0.275387       0.256845       0.237432       0.217386       0.196982       0.176529       0.156349       0.136766       0.118084       0.100571       0.084446       0.069868       0.056931       0.045664       0.036036       0.027964       0.021327       0.015978       0.011751       0.008478       0.005998       0.004158       0.002824       0.001880       0.001232       0.000803       0.000536       0.000393       0.000357       0.000422       0.000594       0.000897       0.001373       0.002093       0.003151       0.004675       0.006832       0.009829       0.013916       0.019383       0.026550       0.035749       0.047301       0.061481       0.078484       0.098386       0.121111       0.146416       0.173887       0.202955       0.232933       0.263063       0.292575       0.320732       0.346884       0.370487       0.391109       0.408400       0.422040       0.431702       0.437066       0.437930       0.434415       0.427271       0.418287       0.410860       0.410860
       0.412722       0.412722       0.420041       0.428833       0.435718       0.438921       0.437695       0.431917       0.421782       0.407610       0.389735       0.368492       0.344258       0.317498       0.288792       0.258827       0.228365       0.198198       0.169092       0.141729       0.116662       0.094283       0.074802       0.058264       0.044562       0.033476       0.024710       0.017930       0.012796       0.008986       0.006212       0.004228       0.002834       0.001871       0.001215       0.000774       0.000484       0.000303       0.000225       0.000275       0.000437       0.000708       0.001122       0.001736       0.002624       0.003879       0.005613       0.007955       0.011052       0.015062       0.020150       0.026478       0.034193       0.043422       0.054250       0.066719       0.080810       0.096445       0.113480       0.131711       0.150884       0.170706       0.190864       0.211038       0.230924       0.250239       0.268742       0.286232       0.302555       0.317599       0.331292       0.343599       0.354509       0.364030       0.372188       0.379012       0.384536       0.388794       0.391813       0.393616       0.394215       0.393616       0.391813       0.388794       0.384536       0.379012       0.372188       0.364030       0.354509       0.343599       0.331292       0.317599       0.302555       0.286232       0.268742       0.250239       0.230924       0.211038       0.190864       0.170706       0.150884       0.131711       0.113480       0.096445       0.080810       0.066719       0.054250       0.043422       0.034193       0.026478       0.020150       0.015062       0.011052       0.007955       0.005613       0.003879       0.002624       0.001736       0.001122       0.000708       0.000437       0.000275       0.000225       0.000303       0.000484       0.000774       0.001215       0.001871       0.002834       0.004228       0.006212       0.008986       0.012796       0.017930       0.024710       0.033476       0.044562       0.058264       0.074802       0.094283       0.116662       0.141729       0.169092       0.198198       0.228365       0.258827       0.288792       0.317498       0.344258       0.368492       0.389735       0.407610       0.421782       0.431917       0.437695       0.438921       0.435718       0.428833       0.420041       0.412722       0.412722
       0.414611       0.414611       0.421817       0.430406       0.437021       0.439897       0.438294       0.432083       0.421458       0.406736       0.388259       0.366381       0.341508       0.314140       0.284893       0.254489       0.223718       0.193389       0.164272       0.137045       0.112241       0.090225       0.071178       0.055111       0.041889       0.031267       0.022929       0.016529       0.011721       0.008180       0.005623       0.003807       0.002540       0.001667       0.001073       0.000671       0.000394       0.000197       0.000063       0.000157       0.000353       0.000629       0.001029       0.001612       0.002451       0.003635       0.005272       0.007487       0.010420       0.014226       0.019065       0.025096       0.032467       0.041304       0.051700       0.063701       0.077303       0.092439       0.108980       0.126739       0.145475       0.164911       0.184740       0.204651       0.224339       0.243522       0.261953       0.279424       0.295771       0.310873       0.324650       0.337056       0.348072       0.357702       0.365963       0.372881       0.378488       0.382811       0.385879       0.387711       0.388320       0.387711       0.385879       0.382811       0.378488       0.372881       0.365963       0.357702       0.348072       0.337056       0.324650       0.310873       0.295771       0.279424       0.261953       0.243522       0.224339       0.204651       0.184740       0.164911       0.145475       0.126739       0.108980       0.092439       0.077303       0.063701       0.051700       0.041304       0.032467       0.025096       0.019065       0.014226       0.010420       0.007487       0.005272       0.003635       0.002451       0.001612       0.001029       0.000629       0.000353       0.000157       0.000063       0.000197       0.000394       0.000671       0.001073       0.001667       0.002540       0.003807       0.005623       0.008180       0.011721       0.016529       0.022929       0.031267       0.041889       0.055111       0.071178       0.090225       0.112241       0.137045       0.164272       0.193389       0.223718       0.254489       0.284893       0.314140       0.341508       0.366381       0.388259       0.406736       0.421458       0.432083       0.438294       0.439897       0.437021       0.430406       0.421817       0.414611       0.414611
       0.416520       0.416520       0.423607       0.431984       0.438314       0.440849       0.438851       0.432189       0.421053       0.405761       0.386666       0.364142       0.338626       0.310653       0.280879       0.250056       0.219002       0.188541       0.159446       0.132382       0.107865       0.086229       0.067627       0.052035       0.039291       0.029127       0.021209       0.015181       0.010690       0.007412       0.005064       0.003412       0.002267       0.001485       0.000956       0.000600       0.000359       0.000191       0.000093       0.000162       0.000335       0.000591       0.000966       0.001515       0.002307       0.003425       0.004972       0.007068       0.009849       0.013462       0.018064       0.023810       0.030847       0.039301       0.049268       0.060805       0.073914       0.088542       0.104575       0.121842       0.140118       0.159137       0.178606       0.198219       0.217675       0.236691       0.255017       0.272436       0.288778       0.303913       0.317750       0.330234       0.341340       0.351063       0.359415       0.366418       0.372097       0.376481       0.379593       0.381452       0.382070       0.381452       0.379593       0.376481       0.372097       0.366418       0.359415       0.351063       0.341340       0.330234       0.317750       0.303913       0.288778       0.272436       0.255017       0.236691       0.217675       0.198219       0.178606       0.159137       0.140118       0.121842       0.104575       0.088542       0.073914       0.060805       0.049268       0.039301       0.030847       0.023810       0.018064       0.013462       0.009849       0.007068       0.004972       0.003425       0.002307       0.001515       0.000966       0.000591       0.000335       0.000162       0.000093       0.000191       0.000359       0.000600       0.000956       0.001485       0.002267       0.003412       0.005064       0.007412       0.010690       0.015181       0.021209       0.029127       0.039291       0.052035       0.067627       0.086229       0.107865       0.132382       0.159446       0.188541       0.219002       0.250056       0.280879       0.310653       0.338626       0.364142       0.386666       0.405761       0.421053       0.432189       0.438851       0.440849       0.438314       0.431984       0.423607       0.416520       0.416520
       0.418440       0.418440       0.425401       0.433554       0.439586       0.441761       0.439349       0.432216       0.420549       0.404668       0.384939       0.361759       0.335598       0.307030       0.276745       0.245531       0.214228       0.183671       0.154632       0.127763       0.103556       0.082317       0.064166       0.049050       0.036779       0.027063       0.019555       0.013887       0.009703       0.006678       0.004533       0.003038       0.002012       0.001318       0.000855       0.000550       0.000355       0.000238       0.000193       0.000233       0.000361       0.000583       0.000927       0.001441       0.002187       0.003243       0.004708       0.006694       0.009331       0.012762       0.017137       0.022609       0.029321       0.037400       0.046945       0.058018       0.070631       0.084744       0.100257       0.117013       0.134805       0.153380       0.172457       0.191738       0.210927       0.229742       0.247928       0.265265       0.281573       0.296713       0.310587       0.323130       0.334307       0.344107       0.352537       0.359613       0.365357       0.369793       0.372944       0.374828       0.375454       0.374828       0.372944       0.369793       0.365357       0.359613       0.352537       0.344107       0.334307       0.323130       0.310587       0.296713       0.281573       0.265265       0.247928       0.229742       0.210927       0.191738       0.172457       0.153380       0.134805       0.117013       0.100257       0.084744       0.070631       0.058018       0.046945       0.037400       0.029321       0.022609       0.017137       0.012762       0.009331       0.006694       0.004708       0.003243       0.002187       0.001441       0.000927       0.000583       0.000361       0.000233       0.000193       0.000238       0.000355       0.000550       0.000855       0.001318       0.002012       0.003038       0.004533       0.006678       0.009703       0.013887       0.019555       0.027063       0.036779       0.049050       0.064166       0.082317       0.103556       0.127763       0.154632       0.183671       0.214228       0.245531       0.276745       0.307030       0.335598       0.361759       0.384939       0.404668       0.420549       0.432216       0.439349       0.441761       0.439586       0.433554       0.425401       0.418440       0.418440
       0.420356       0.420356       0.427184       0.435100       0.440817       0.442615       0.439767       0.432141       0.419920       0.403431       0.383053       0.359211       0.332408       0.303258       0.272488       0.240917       0.209405       0.178793       0.149850       0.123210       0.099339       0.078512       0.060818       0.046175       0.034367       0.025086       0.017972       0.012650       0.008760       0.005977       0.004026       0.002682       0.001770       0.001158       0.000755       0.000495       0.000336       0.000251       0.000229       0.000268       0.000378       0.000577       0.000897       0.001379       0.002084       0.003084       0.004472       0.006356       0.008859       0.012117       0.016276       0.021483       0.027878       0.035590       0.044718       0.055328       0.067443       0.081034       0.096013       0.112242       0.129527       0.147631       0.166286       0.185203       0.204091       0.222671       0.240685       0.257909       0.274153       0.289273       0.303159       0.315738       0.326968       0.336830       0.345324       0.352462       0.358261       0.362743       0.365929       0.367833       0.368467       0.367833       0.365929       0.362743       0.358261       0.352462       0.345324       0.336830       0.326968       0.315738       0.303159       0.289273       0.274153       0.257909       0.240685       0.222671       0.204091       0.185203       0.166286       0.147631       0.129527       0.112242       0.096013       0.081034       0.067443       0.055328       0.044718       0.035590       0.027878       0.021483       0.016276       0.012117       0.008859       0.006356       0.004472       0.003084       0.002084       0.001379       0.000897       0.000577       0.000378       0.000268       0.000229       0.000251       0.000336       0.000495       0.000755       0.001158       0.001770       0.002682       0.004026       0.005977       0.008760       0.012650       0.017972       0.025086       0.034367       0.046175       0.060818       0.078512       0.099339       0.123210       0.149850       0.178793       0.209405       0.240917       0.272488       0.303258       0.332408       0.359211       0.383053       0.403431       0.419920       0.432141       0.439767       0.442615       0.440817       0.435100       0.427184       0.420356       0.420356
       0.422247       0.422247       0.428934       0.436600       0.441983       0.443382       0.440077       0.431933       0.419136       0.402018       0.380978       0.356469       0.329032       0.299320       0.268099       0.236213       0.204539       0.173923       0.145121       0.118747       0.095239       0.074840       0.057606       0.043429       0.032071       0.023208       0.016469       0.011474       0.007861       0.005309       0.003542       0.002342       0.001537       0.001003       0.000652       0.000425       0.000285       0.000213       0.000202       0.000249       0.000362       0.000556       0.000862       0.001322       0.001993       0.002943       0.004262       0.006050       0.008425       0.011519       0.015471       0.020421       0.026509       0.033859       0.042574       0.052724       0.064339       0.077399       0.091835       0.107519       0.124276       0.141884       0.160087       0.178609       0.197164       0.215476       0.233286       0.250365       0.266518       0.281591       0.295466       0.308061       0.319325       0.329233       0.337777       0.344964       0.350810       0.355331       0.358545       0.360468       0.361107       0.360468       0.358545       0.355331       0.350810       0.344964       0.337777       0.329233       0.319325       0.308061       0.295466       0.281591       0.266518       0.250365       0.233286       0.215476       0.197164       0.178609       0.160087       0.141884       0.124276       0.107519       0.091835       0.077399       0.064339       0.052724       0.042574       0.033859       0.026509       0.020421       0.015471       0.011519       0.008425       0.006050       0.004262       0.002943       0.001993       0.001322       0.000862       0.000556       0.000362       0.000249       0.000202       0.000213       0.000285       0.000425       0.000652       0.001003       0.001537       0.002342       0.003542       0.005309       0.007861       0.011474       0.016469       0.023208       0.032071       0.043429       0.057606       0.074840       0.095239       0.118747       0.145121       0.173923       0.204539       0.236213       0.268099       0.299320       0.329032       0.356469       0.380978       0.402018       0.419136       0.431933       0.440077       0.443382       0.441983       0.436600       0.428934       0.422247       0.422247
       0.424086       0.424086       0.430622       0.438021       0.443051       0.444029       0.440239       0.431552       0.418153       0.400387       0.378671       0.353494       0.325437       0.295192       0.263559       0.231411       0.199633       0.169071       0.140463       0.114398       0.091283       0.071327       0.054557       0.040837       0.029913       0.021446       0.015058       0.010367       0.007012       0.004673       0.003080       0.002016       0.001314       0.000854       0.000551       0.000350       0.000217       0.000138       0.000129       0.000197       0.000324       0.000524       0.000825       0.001269       0.001910       0.002817       0.004070       0.005769       0.008025       0.010962       0.014713       0.019415       0.025202       0.032197       0.040502       0.050193       0.061304       0.073829       0.087708       0.102833       0.119042       0.136129       0.153854       0.171950       0.190142       0.208155       0.225730       0.242635       0.258670       0.273670       0.287511       0.300102       0.311382       0.321319       0.329901       0.337127       0.343009       0.347562       0.350800       0.352737       0.353382       0.352737       0.350800       0.347562       0.343009       0.337127       0.329901       0.321319       0.311382       0.300102       0.287511       0.273670       0.258670       0.242635       0.225730       0.208155       0.190142       0.171950       0.153854       0.136129       0.119042       0.102833       0.087708       0.073829       0.061304       0.050193       0.040502       0.032197       0.025202       0.019415       0.014713       0.010962       0.008025       0.005769       0.004070       0.002817       0.001910       0.001269       0.000825       0.000524       0.000324       0.000197       0.000129       0.000138       0.000217       0.000350       0.000551       0.000854       0.001314       0.002016       0.003080       0.004673       0.007012       0.010367       0.015058       0.021446       0.029913       0.040837       0.054557       0.071327       0.091283       0.114398       0.140463       0.169071       0.199633       0.231411       0.263559       0.295192       0.325437       0.353494       0.378671       0.400387       0.418153       0.431552       0.440239       0.444029       0.443051       0.438021       0.430622       0.424086       0.424086
       0.425833       0.425833       0.432207       0.439322       0.443977       0.444507       0.440206       0.430946       0.416919       0.398482       0.376081       0.350239       0.321579       0.290837       0.258846       0.226497       0.194684       0.164242       0.135889       0.110183       0.087495       0.068001       0.051698       0.038427       0.027916       0.019819       0.013754       0.009339       0.006218       0.004073       0.002639       0.001703       0.001102       0.000716       0.000463       0.000291       0.000165       0.000066       0.000046       0.000151       0.000294       0.000497       0.000793       0.001222       0.001837       0.002702       0.003896       0.005510       0.007651       0.010437       0.013995       0.018455       0.023948       0.030592       0.038491       0.047722       0.058328       0.070311       0.083624       0.098174       0.113815       0.130360       0.147580       0.165224       0.183022       0.200706       0.218018       0.234722       0.250612       0.265517       0.279303       0.291869       0.303149       0.313101       0.321707       0.328961       0.334871       0.339448       0.342706       0.344655       0.345304       0.344655       0.342706       0.339448       0.334871       0.328961       0.321707       0.313101       0.303149       0.291869       0.279303       0.265517       0.250612       0.234722       0.218018       0.200706       0.183022       0.165224       0.147580       0.130360       0.113815       0.098174       0.083624       0.070311       0.058328       0.047722       0.038491       0.030592       0.023948       0.018455       0.013995       0.010437       0.007651       0.005510       0.003896       0.002702       0.001837       0.001222       0.000793       0.000497       0.000294       0.000151       0.000046       0.000066       0.000165       0.000291       0.000463       0.000716       0.001102       0.001703       0.002639       0.004073       0.006218       0.009339       0.013754       0.019819       0.027916       0.038427       0.051698       0.068001       0.087495       0.110183       0.135889       0.164242       0.194684       0.226497       0.258846       0.290837       0.321579       0.350239       0.376081       0.398482       0.416919       0.430946       0.440206       0.444507       0.443977       0.439322       0.432207       0.425833       0.425833
       0.427434       0.427434       0.433634       0.440446       0.444701       0.444755       0.439912       0.430048       0.415365       0.396236       0.373139       0.346639       0.317403       0.286209       0.253920       0.221445       0.189677       0.159435       0.131407       0.106117       0.083897       0.064887       0.049056       0.036224       0.026106       0.018351       0.012578       0.008409       0.005490       0.003515       0.002222       0.001403       0.000897       0.000586       0.000389       0.000256       0.000158       0.000084       0.000075       0.000158       0.000293       0.000488       0.000773       0.001185       0.001773       0.002599       0.003735       0.005268       0.007299       0.009940       0.013309       0.017533       0.022736       0.029033       0.036529       0.045301       0.055399       0.066833       0.079570       0.093531       0.108588       0.124569       0.141261       0.158426       0.175804       0.193132       0.210154       0.226631       0.242353       0.257141       0.270852       0.283377       0.294641       0.304595       0.313213       0.320486       0.326416       0.331011       0.334283       0.336242       0.336894       0.336242       0.334283       0.331011       0.326416       0.320486       0.313213       0.304595       0.294641       0.283377       0.270852       0.257141       0.242353       0.226631       0.210154       0.193132       0.175804       0.158426       0.141261       0.124569       0.108588       0.093531       0.079570       0.066833       0.055399       0.045301       0.036529       0.029033       0.022736       0.017533       0.013309       0.009940       0.007299       0.005268       0.003735       0.002599       0.001773       0.001185       0.000773       0.000488       0.000293       0.000158       0.000075       0.000084       0.000158       0.000256       0.000389       0.000586       0.000897       0.001403       0.002222       0.003515       0.005490       0.008409       0.012578       0.018351       0.026106       0.036224       0.049056       0.064887       0.083897       0.106117       0.131407       0.159435       0.189677       0.221445       0.253920       0.286209       0.317403       0.346639       0.373139       0.396236       0.415365       0.430048       0.439912       0.444755       0.444701       0.440446       0.433634       0.427434       0.427434
       0.428819       0.428819       0.434832       0.441319       0.445148       0.444695       0.439277       0.428776       0.413406       0.393564       0.369764       0.342616       0.312837       0.281245       0.248732       0.216217       0.184585       0.154632       0.127012       0.102204       0.080499       0.062003       0.046653       0.034254       0.024511       0.017071       0.011557       0.007597       0.004849       0.003011       0.001833       0.001113       0.000695       0.000459       0.000322       0.000233       0.000172       0.000136       0.000141       0.000200       0.000314       0.000494       0.000763       0.001156       0.001717       0.002504       0.003584       0.005040       0.006965       0.009463       0.012650       0.016641       0.021558       0.027512       0.034605       0.042918       0.052505       0.063385       0.075537       0.088897       0.103353       0.118750       0.134892       0.151555       0.168488       0.185436       0.202144       0.218373       0.233905       0.248557       0.262176       0.274645       0.285880       0.295824       0.304445       0.311728       0.317671       0.322279       0.325562       0.327527       0.328182       0.327527       0.325562       0.322279       0.317671       0.311728       0.304445       0.295824       0.285880       0.274645       0.262176       0.248557       0.233905       0.218373       0.202144       0.185436       0.168488       0.151555       0.134892       0.118750       0.103353       0.088897       0.075537       0.063385       0.052505       0.042918       0.034605       0.027512       0.021558       0.016641       0.012650       0.009463       0.006965       0.005040       0.003584       0.002504       0.001717       0.001156       0.000763       0.000494       0.000314       0.000200       0.000141       0.000136       0.000172       0.000233       0.000322       0.000459       0.000695       0.001113       0.001833       0.003011       0.004849       0.007597       0.011557       0.017071       0.024511       0.034254       0.046653       0.062003       0.080499       0.102204       0.127012       0.154632       0.184585       0.216217       0.248732       0.281245       0.312837       0.342616       0.369764       0.393564       0.413406       0.428776       0.439277       0.444695       0.445148       0.441319       0.434832       0.428819       0.428819
       0.429891       0.429891       0.435703       0.441842       0.445217       0.444226       0.438199       0.427027       0.410940       0.390365       0.365857       0.338078       0.307796       0.275868       0.243214       0.210757       0.179366       0.149805       0.122683       0.098434       0.077302       0.059355       0.044503       0.032535       0.023152       0.016002       0.010716       0.006933       0.004318       0.002584       0.001488       0.000839       0.000491       0.000327       0.000250       0.000206       0.000177       0.000165       0.000180       0.000233       0.000334       0.000501       0.000755       0.001129       0.001665       0.002414       0.003441       0.004821       0.006643       0.009004       0.012010       0.015773       0.020407       0.026020       0.032712       0.040564       0.049637       0.059956       0.071515       0.084261       0.098101       0.112898       0.128471       0.144610       0.161078       0.177624       0.193998       0.209958       0.225284       0.239784       0.253298       0.265699       0.276894       0.286819       0.295434       0.302721       0.308672       0.313289       0.316579       0.318550       0.319206       0.318550       0.316579       0.313289       0.308672       0.302721       0.295434       0.286819       0.276894       0.265699       0.253298       0.239784       0.225284       0.209958       0.193998       0.177624       0.161078       0.144610       0.128471       0.112898       0.098101       0.084261       0.071515       0.059956       0.049637       0.040564       0.032712       0.026020       0.020407       0.015773       0.012010       0.009004       0.006643       0.004821       0.003441       0.002414       0.001665       0.001129       0.000755       0.000501       0.000334       0.000233       0.000180       0.000165       0.000177       0.000206       0.000250       0.000327       0.000491       0.000839       0.001488       0.002584       0.004318       0.006933       0.010716       0.016002       0.023152       0.032535       0.044503       0.059355       0.077302       0.098434       0.122683       0.149805       0.179366       0.210757       0.243214       0.275868       0.307796       0.338078       0.365857       0.390365       0.410940       0.427027       0.438199       0.444226       0.445217       0.441842       0.435703       0.429891       0.429891
       0.430524       0.430524       0.436119       0.441888       0.444780       0.443220       0.436551       0.424676       0.407846       0.386520       0.361305       0.332917       0.302178       0.269988       0.237286       0.204995       0.173961       0.144905       0.118386       0.094783       0.074291       0.056937       0.042607       0.031076       0.022044       0.015165       0.010082       0.006444       0.003933       0.002269       0.001219       0.000602       0.000289       0.000189       0.000179       0.000174       0.000167       0.000168       0.000189       0.000242       0.000339       0.000498       0.000741       0.001100       0.001612       0.002326       0.003302       0.004610       0.006331       0.008556       0.011385       0.014922       0.019275       0.024549       0.030839       0.038230       0.046785       0.056539       0.067495       0.079617       0.092829       0.107009       0.121996       0.137594       0.153578       0.169705       0.185727       0.201404       0.216510       0.230846       0.244244       0.256568       0.267716       0.277616       0.286222       0.293507       0.299462       0.304086       0.307382       0.309356       0.310014       0.309356       0.307382       0.304086       0.299462       0.293507       0.286222       0.277616       0.267716       0.256568       0.244244       0.230846       0.216510       0.201404       0.185727       0.169705       0.153578       0.137594       0.121996       0.107009       0.092829       0.079617       0.067495       0.056539       0.046785       0.038230       0.030839       0.024549       0.019275       0.014922       0.011385       0.008556       0.006331       0.004610       0.003302       0.002326       0.001612       0.001100       0.000741       0.000498       0.000339       0.000242       0.000189       0.000168       0.000167       0.000174       0.000179       0.000189       0.000289       0.000602       0.001219       0.002269       0.003933       0.006444       0.010082       0.015165       0.022044       0.031076       0.042607       0.056937       0.074291       0.094783       0.118386       0.144905       0.173961       0.204995       0.237286       0.269988       0.302178       0.332917       0.361305       0.386520       0.407846       0.424676       0.436551       0.443220       0.444780       0.441888       0.436119       0.430524       0.430524
       0.430546       0.430546       0.435910       0.441286       0.443671       0.441518       0.434180       0.421577       0.403982       0.381897       0.355980       0.327013       0.295873       0.263501       0.230854       0.198846       0.168294       0.139867       0.114065       0.091206       0.071429       0.054723       0.040948       0.029868       0.021185       0.014566       0.009666       0.006154       0.003723       0.002106       0.001079       0.000464       0.000125       0.000068       0.000132       0.000150       0.000149       0.000151       0.000172       0.000225       0.000323       0.000481       0.000719       0.001066       0.001557       0.002239       0.003166       0.004403       0.006025       0.008117       0.010771       0.014084       0.018158       0.023092       0.028981       0.035909       0.043942       0.053124       0.063470       0.074959       0.087530       0.101081       0.115469       0.130511       0.145996       0.161690       0.177349       0.192731       0.207608       0.221773       0.235048       0.247291       0.258388       0.268261       0.276854       0.284137       0.290095       0.294724       0.298025       0.300003       0.300662       0.300003       0.298025       0.294724       0.290095       0.284137       0.276854       0.268261       0.258388       0.247291       0.235048       0.221773       0.207608       0.192731       0.177349       0.161690       0.145996       0.130511       0.115469       0.101081       0.087530       0.074959       0.063470       0.053124       0.043942       0.035909       0.028981       0.023092       0.018158       0.014084       0.010771       0.008117       0.006025       0.004403       0.003166       0.002239       0.001557       0.001066       0.000719       0.000481       0.000323       0.000225       0.000172       0.000151       0.000149       0.000150       0.000132       0.000068       0.000125       0.000464       0.001079       0.002106       0.003723       0.006154       0.009666       0.014566       0.021185       0.029868       0.040948       0.054723       0.071429       0.091206       0.114065       0.139867       0.168294       0.198846       0.230854       0.263501       0.295873       0.327013       0.355980       0.381897       0.403982       0.421577       0.434180       0.441518       0.443671       0.441286       0.435910       0.430546       0.430546
       0.429728       0.429728       0.434848       0.439815       0.441679       0.438918       0.430900       0.417559       0.399194       0.376352       0.349754       0.320247       0.288767       0.256299       0.223814       0.192214       0.162275       0.134609       0.109647       0.087638       0.068665       0.052670       0.039491       0.028884       0.020558       0.014193       0.009465       0.006063       0.003697       0.002117       0.001110       0.000508       0.000195       0.000121       0.000144       0.000146       0.000131       0.000119       0.000132       0.000189       0.000293       0.000455       0.000691       0.001029       0.001502       0.002153       0.003032       0.004200       0.005725       0.007685       0.010165       0.013255       0.017050       0.021645       0.027131       0.033593       0.041100       0.049706       0.059435       0.070282       0.082203       0.095115       0.108892       0.123368       0.138344       0.153596       0.168884       0.183966       0.198608       0.212599       0.225752       0.237912       0.248959       0.258804       0.267387       0.274668       0.280630       0.285264       0.288571       0.290553       0.291213       0.290553       0.288571       0.285264       0.280630       0.274668       0.267387       0.258804       0.248959       0.237912       0.225752       0.212599       0.198608       0.183966       0.168884       0.153596       0.138344       0.123368       0.108892       0.095115       0.082203       0.070282       0.059435       0.049706       0.041100       0.033593       0.027131       0.021645       0.017050       0.013255       0.010165       0.007685       0.005725       0.004200       0.003032       0.002153       0.001502       0.001029       0.000691       0.000455       0.000293       0.000189       0.000132       0.000119       0.000131       0.000146       0.000144       0.000121       0.000195       0.000508       0.001110       0.002117       0.003697       0.006063       0.009465       0.014193       0.020558       0.028884       0.039491       0.052670       0.068665       0.087638       0.109647       0.134609       0.162275       0.192214       0.223814       0.256299       0.288767       0.320247       0.349754       0.376352       0.399194       0.417559       0.430900       0.438918       0.441679       0.439815       0.434848       0.429728       0.429728
       0.427764       0.427764       0.432630       0.437185       0.438533       0.435176       0.426494       0.412432       0.393317       0.369745       0.342501       0.312504       0.280756       0.248281       0.216067       0.184997       0.155805       0.129035       0.105043       0.084000       0.065924       0.050715       0.038182       0.028079       0.020122       0.014014       0.009453       0.006149       0.003837       0.002282       0.001286       0.000692       0.000380       0.000250       0.000200       0.000161       0.000118       0.000075       0.000075       0.000146       0.000263       0.000431       0.000666       0.000995       0.001450       0.002069       0.002901       0.004000       0.005429       0.007258       0.009564       0.012432       0.015948       0.020203       0.025284       0.031276       0.038255       0.046278       0.055384       0.065582       0.076846       0.089112       0.102270       0.116174       0.130637       0.145443       0.160358       0.175139       0.189549       0.203368       0.216400       0.228483       0.239484       0.249307       0.257882       0.265166       0.271134       0.275777       0.279090       0.281077       0.281739       0.281077       0.279090       0.275777       0.271134       0.265166       0.257882       0.249307       0.239484       0.228483       0.216400       0.203368       0.189549       0.175139       0.160358       0.145443       0.130637       0.116174       0.102270       0.089112       0.076846       0.065582       0.055384       0.046278       0.038255       0.031276       0.025284       0.020203       0.015948       0.012432       0.009564       0.007258       0.005429       0.004000       0.002901       0.002069       0.001450       0.000995       0.000666       0.000431       0.000263       0.000146       0.000075       0.000075       0.000118       0.000161       0.000200       0.000250       0.000380       0.000692       0.001286       0.002282       0.003837       0.006149       0.009453       0.014014       0.020122       0.028079       0.038182       0.050715       0.065924       0.084000       0.105043       0.129035       0.155805       0.184997       0.216067       0.248281       0.280756       0.312504       0.342501       0.369745       0.393317       0.412432       0.426494       0.435176       0.438533       0.437185       0.432630       0.427764       0.427764
       0.424236       0.424236       0.428853       0.433015       0.433885       0.429989       0.420707       0.405990       0.386189       0.361947       0.334118       0.303698       0.271756       0.239362       0.207522       0.177101       0.148783       0.123044       0.100153       0.080197       0.063123       0.048780       0.036953       0.027391       0.019825       0.013981       0.009583       0.006370       0.004099       0.002553       0.001548       0.000929       0.000575       0.000383       0.000273       0.000195       0.000124       0.000052       0.000031       0.000128       0.000253       0.000420       0.000650       0.000968       0.001402       0.001989       0.002773       0.003803       0.005136       0.006834       0.008968       0.011613       0.014850       0.018762       0.023436       0.028956       0.035400       0.042837       0.051315       0.060858       0.071461       0.083076       0.095614       0.108945       0.122895       0.137258       0.151803       0.166289       0.180473       0.194128       0.207049       0.219062       0.230027       0.239835       0.248410       0.255702       0.261683       0.266338       0.269662       0.271655       0.272319       0.271655       0.269662       0.266338       0.261683       0.255702       0.248410       0.239835       0.230027       0.219062       0.207049       0.194128       0.180473       0.166289       0.151803       0.137258       0.122895       0.108945       0.095614       0.083076       0.071461       0.060858       0.051315       0.042837       0.035400       0.028956       0.023436       0.018762       0.014850       0.011613       0.008968       0.006834       0.005136       0.003803       0.002773       0.001989       0.001402       0.000968       0.000650       0.000420       0.000253       0.000128       0.000031       0.000052       0.000124       0.000195       0.000273       0.000383       0.000575       0.000929       0.001548       0.002553       0.004099       0.006370       0.009583       0.013981       0.019825       0.027391       0.036953       0.048780       0.063123       0.080197       0.100153       0.123044       0.148783       0.177101       0.207522       0.239362       0.271756       0.303698       0.334118       0.361947       0.386189       0.405990       0.420707       0.429989       0.433885       0.433015       0.428853       0.424236       0.424236
       0.418587       0.418587       0.422974       0.426803       0.427296       0.422989       0.413251       0.398022       0.377664       0.352863       0.324545       0.293785       0.261726       0.229495       0.198117       0.168446       0.141119       0.116537       0.094875       0.076130       0.060168       0.046781       0.035727       0.026752       0.019604       0.014036       0.009804       0.006676       0.004434       0.002882       0.001846       0.001182       0.000771       0.000521       0.000362       0.000252       0.000168       0.000108       0.000098       0.000162       0.000272       0.000429       0.000647       0.000948       0.001359       0.001913       0.002648       0.003609       0.004846       0.006414       0.008375       0.010797       0.013753       0.017322       0.021585       0.026628       0.032534       0.039378       0.047224       0.056111       0.066050       0.077015       0.088937       0.101700       0.115144       0.129073       0.143260       0.157463       0.171434       0.184939       0.197762       0.209720       0.220659       0.230464       0.239050       0.246360       0.252360       0.257033       0.260371       0.262374       0.263041       0.262374       0.260371       0.257033       0.252360       0.246360       0.239050       0.230464       0.220659       0.209720       0.197762       0.184939       0.171434       0.157463       0.143260       0.129073       0.115144       0.101700       0.088937       0.077015       0.066050       0.056111       0.047224       0.039378       0.032534       0.026628       0.021585       0.017322       0.013753       0.010797       0.008375       0.006414       0.004846       0.003609       0.002648       0.001913       0.001359       0.000948       0.000647       0.000429       0.000272       0.000162       0.000098       0.000108       0.000168       0.000252       0.000362       0.000521       0.000771       0.001182       0.001846       0.002882       0.004434       0.006676       0.009804       0.014036       0.019604       0.026752       0.035727       0.046781       0.060168       0.076130       0.094875       0.116537       0.141119       0.168446       0.198117       0.229495       0.261726       0.293785       0.324545       0.352863       0.377664       0.398022       0.413251       0.422989       0.427296       0.426803       0.422974       0.418587       0.418587
       0.410067       0.410067       0.414280       0.417902       0.418212       0.413739       0.403813       0.388328       0.367635       0.342456       0.313785       0.282787       0.250690       0.218685       0.187833       0.158986       0.132741       0.109423       0.089113       0.071703       0.056967       0.044634       0.034427       0.026092       0.019396       0.014122       0.010062       0.007018       0.004799       0.003229       0.002153       0.001435       0.000967       0.000663       0.000464       0.000330       0.000239       0.000187       0.000179       0.000222       0.000311       0.000450       0.000650       0.000932       0.001318       0.001838       0.002525       0.003418       0.004559       0.005997       0.007786       0.009984       0.012658       0.015880       0.019729       0.024290       0.029653       0.035901       0.043111       0.051341       0.060620       0.070942       0.082257       0.094464       0.107419       0.120932       0.134779       0.148718       0.162496       0.175870       0.188614       0.200533       0.211464       0.221280       0.229889       0.237227       0.243256       0.247954       0.251311       0.253325       0.253997       0.253325       0.251311       0.247954       0.243256       0.237227       0.229889       0.221280       0.211464       0.200533       0.188614       0.175870       0.162496       0.148718       0.134779       0.120932       0.107419       0.094464       0.082257       0.070942       0.060620       0.051341       0.043111       0.035901       0.029653       0.024290       0.019729       0.015880       0.012658       0.009984       0.007786       0.005997       0.004559       0.003418       0.002525       0.001838       0.001318       0.000932       0.000650       0.000450       0.000311       0.000222       0.000179       0.000187       0.000239       0.000330       0.000464       0.000663       0.000967       0.001435       0.002153       0.003229       0.004799       0.007018       0.010062       0.014122       0.019396       0.026092       0.034427       0.044634       0.056967       0.071703       0.089113       0.109423       0.132741       0.158986       0.187833       0.218685       0.250690       0.282787       0.313785       0.342456       0.367635       0.388328       0.403813       0.413739       0.418212       0.417902       0.414280       0.410067       0.410067
       0.397696       0.397696       0.401842       0.405484       0.405950       0.401734       0.392070       0.376747       0.356067       0.330773       0.301935       0.270819       0.238753       0.207012       0.176711       0.148720       0.123610       0.101638       0.082786       0.066830       0.053438       0.042262       0.032985       0.025350       0.019144       0.014188       0.010313       0.007357       0.005160       0.003571       0.002451       0.001679       0.001156       0.000805       0.000570       0.000413       0.000312       0.000257       0.000244       0.000272       0.000344       0.000466       0.000650       0.000913       0.001276       0.001763       0.002403       0.003228       0.004276       0.005585       0.007202       0.009176       0.011566       0.014437       0.017867       0.021942       0.026755       0.032403       0.038977       0.046553       0.055181       0.064874       0.075599       0.087274       0.099764       0.112887       0.126422       0.140124       0.153736       0.167004       0.179692       0.191594       0.202535       0.212379       0.221025       0.228404       0.234470       0.239200       0.242582       0.244612       0.245288       0.244612       0.242582       0.239200       0.234470       0.228404       0.221025       0.212379       0.202535       0.191594       0.179692       0.167004       0.153736       0.140124       0.126422       0.112887       0.099764       0.087274       0.075599       0.064874       0.055181       0.046553       0.038977       0.032403       0.026755       0.021942       0.017867       0.014437       0.011566       0.009176       0.007202       0.005585       0.004276       0.003228       0.002403       0.001763       0.001276       0.000913       0.000650       0.000466       0.000344       0.000272       0.000244       0.000257       0.000312       0.000413       0.000570       0.000805       0.001156       0.001679       0.002451       0.003571       0.005160       0.007357       0.010313       0.014188       0.019144       0.025350       0.032985       0.042262       0.053438       0.066830       0.082786       0.101638       0.123610       0.148720       0.176711       0.207012       0.238753       0.270819       0.301935       0.330773       0.356067       0.376747       0.392070       0.401734       0.405950       0.405484       0.401842       0.397696       0.397696
       0.380239       0.380239       0.384499       0.388533       0.389700       0.386413       0.377733       0.363208       0.343036       0.317980       0.289206       0.258101       0.226119       0.194643       0.164867       0.137706       0.113730       0.093145       0.075834       0.061444       0.049519       0.039609       0.031351       0.024479       0.018808       0.014196       0.010522       0.007663       0.005494       0.003888       0.002728       0.001906       0.001332       0.000937       0.000667       0.000485       0.000368       0.000301       0.000276       0.000293       0.000353       0.000464       0.000637       0.000886       0.001228       0.001685       0.002281       0.003042       0.003998       0.005181       0.006626       0.008376       0.010480       0.012997       0.016001       0.019582       0.023840       0.028885       0.034825       0.041756       0.049749       0.058835       0.069001       0.080177       0.092238       0.105009       0.118269       0.131770       0.145248       0.158440       0.171099       0.183007       0.193979       0.203868       0.212566       0.219997       0.226111       0.230881       0.234292       0.236340       0.237023       0.236340       0.234292       0.230881       0.226111       0.219997       0.212566       0.203868       0.193979       0.183007       0.171099       0.158440       0.145248       0.131770       0.118269       0.105009       0.092238       0.080177       0.069001       0.058835       0.049749       0.041756       0.034825       0.028885       0.023840       0.019582       0.016001       0.012997       0.010480       0.008376       0.006626       0.005181       0.003998       0.003042       0.002281       0.001685       0.001228       0.000886       0.000637       0.000464       0.000353       0.000293       0.000276       0.000301       0.000368       0.000485       0.000667       0.000937       0.001332       0.001906       0.002728       0.003888       0.005494       0.007663       0.010522       0.014196       0.018808       0.024479       0.031351       0.039609       0.049519       0.061444       0.075834       0.093145       0.113730       0.137706       0.164867       0.194643       0.226119       0.258101       0.289206       0.317980       0.343036       0.363208       0.377733       0.386413       0.389700       0.388533       0.384499       0.380239       0.380239
       0.356247       0.356247       0.360905       0.365883       0.368548       0.367201       0.360628       0.347809       0.328788       0.304396       0.275942       0.244975       0.213103       0.181844       0.152504       0.126073       0.103160       0.083947       0.068228       0.055507       0.045171       0.036645       0.029498       0.023456       0.018362       0.014124       0.010669       0.007919       0.005785       0.004170       0.002975       0.002108       0.001489       0.001052       0.000747       0.000537       0.000396       0.000308       0.000267       0.000273       0.000329       0.000438       0.000608       0.000849       0.001177       0.001607       0.002162       0.002861       0.003729       0.004787       0.006064       0.007589       0.009404       0.011562       0.014134       0.017212       0.020908       0.025347       0.030659       0.036961       0.044345       0.052863       0.062513       0.073238       0.084921       0.097388       0.110420       0.123762       0.137144       0.150293       0.162952       0.174891       0.185914       0.195867       0.204631       0.212125       0.218296       0.223112       0.226557       0.228626       0.229316       0.228626       0.226557       0.223112       0.218296       0.212125       0.204631       0.195867       0.185914       0.174891       0.162952       0.150293       0.137144       0.123762       0.110420       0.097388       0.084921       0.073238       0.062513       0.052863       0.044345       0.036961       0.030659       0.025347       0.020908       0.017212       0.014134       0.011562       0.009404       0.007589       0.006064       0.004787       0.003729       0.002861       0.002162       0.001607       0.001177       0.000849       0.000608       0.000438       0.000329       0.000273       0.000267       0.000308       0.000396       0.000537       0.000747       0.001052       0.001489       0.002108       0.002975       0.004170       0.005785       0.007919       0.010669       0.014124       0.018362       0.023456       0.029498       0.036645       0.045171       0.055507       0.068228       0.083947       0.103160       0.126073       0.152504       0.181844       0.213103       0.244975       0.275942       0.304396       0.328788       0.347809       0.360628       0.367201       0.368548       0.365883       0.360905       0.356247       0.356247
       0.324274       0.324274       0.329718       0.336360       0.341559       0.343547       0.340887       0.330956       0.313809       0.290515       0.262623       0.231896       0.200125       0.168986       0.139920       0.114036       0.092022       0.074090       0.059969       0.049009       0.040392       0.033374       0.027433       0.022283       0.017806       0.013965       0.010744       0.008115       0.006027       0.004411       0.003189       0.002284       0.001624       0.001149       0.000809       0.000568       0.000398       0.000282       0.000215       0.000211       0.000273       0.000394       0.000569       0.000808       0.001124       0.001532       0.002049       0.002691       0.003473       0.004411       0.005521       0.006824       0.008349       0.010142       0.012271       0.014835       0.017959       0.021792       0.026488       0.032189       0.039007       0.047009       0.056206       0.066547       0.077916       0.090141       0.103000       0.116232       0.129561       0.142702       0.155390       0.167383       0.178476       0.188506       0.197347       0.204914       0.211147       0.216014       0.219498       0.221589       0.222286       0.221589       0.219498       0.216014       0.211147       0.204914       0.197347       0.188506       0.178476       0.167383       0.155390       0.142702       0.129561       0.116232       0.103000       0.090141       0.077916       0.066547       0.056206       0.047009       0.039007       0.032189       0.026488       0.021792       0.017959       0.014835       0.012271       0.010142       0.008349       0.006824       0.005521       0.004411       0.003473       0.002691       0.002049       0.001532       0.001124       0.000808       0.000569       0.000394       0.000273       0.000211       0.000215       0.000282       0.000398       0.000568       0.000809       0.001149       0.001624       0.002284       0.003189       0.004411       0.006027       0.008115       0.010744       0.013965       0.017806       0.022283       0.027433       0.033374       0.040392       0.049009       0.059969       0.074090       0.092022       0.114036       0.139920       0.168986       0.200125       0.231896       0.262623       0.290515       0.313809       0.330956       0.340887       0.343547       0.341559       0.336360       0.329718       0.324274       0.324274
       0.283465       0.283465       0.290116       0.299158       0.307918       0.314784       0.319428       0.313580       0.298880       0.277004       0.249844       0.219412       0.187696       0.156536       0.127523       0.101908       0.080521       0.063674       0.051095       0.041973       0.035220       0.029844       0.025201       0.020996       0.017161       0.013731       0.010753       0.008252       0.006217       0.004608       0.003368       0.002432       0.001738       0.001229       0.000859       0.000589       0.000390       0.000241       0.000135       0.000116       0.000207       0.000349       0.000533       0.000772       0.001078       0.001465       0.001947       0.002534       0.003236       0.004060       0.005010       0.006093       0.007328       0.008749       0.010423       0.012456       0.014996       0.018224       0.022325       0.027471       0.033790       0.041357       0.050187       0.060227       0.071363       0.083418       0.096165       0.109340       0.122656       0.135823       0.148565       0.160631       0.171808       0.181925       0.190852       0.198495       0.204795       0.209716       0.213238       0.215353       0.216058       0.215353       0.213238       0.209716       0.204795       0.198495       0.190852       0.181925       0.171808       0.160631       0.148565       0.135823       0.122656       0.109340       0.096165       0.083418       0.071363       0.060227       0.050187       0.041357       0.033790       0.027471       0.022325       0.018224       0.014996       0.012456       0.010423       0.008749       0.007328       0.006093       0.005010       0.004060       0.003236       0.002534       0.001947       0.001465       0.001078       0.000772       0.000533       0.000349       0.000207       0.000116       0.000135       0.000241       0.000390       0.000589       0.000859       0.001229       0.001738       0.002432       0.003368       0.004608       0.006217       0.008252       0.010753       0.013731       0.017161       0.020996       0.025201       0.029844       0.035220       0.041973       0.051095       0.063674       0.080521       0.101908       0.127523       0.156536       0.187696       0.219412       0.249844       0.277004       0.298880       0.313580       0.319428       0.314784       0.307918       0.299158       0.290116       0.283465       0.283465
       0.246492       0.246492       0.254622       0.266450       0.278996       0.290296       0.299564       0.297303       0.285032       0.264638       0.238259       0.208120       0.176386       0.145047       0.115829       0.090133       0.068969       0.052861       0.041672       0.034462       0.029750       0.026167       0.022900       0.019664       0.016474       0.013448       0.010710       0.008337       0.006359       0.004763       0.003513       0.002554       0.001834       0.001299       0.000906       0.000615       0.000398       0.000229       0.000089       0.000044       0.000177       0.000330       0.000516       0.000750       0.001044       0.001410       0.001859       0.002398       0.003027       0.003744       0.004543       0.005415       0.006362       0.007406       0.008606       0.010084       0.012021       0.014648       0.018197       0.022864       0.028786       0.036032       0.044607       0.054452       0.065445       0.077406       0.090105       0.103271       0.116612       0.129831       0.142645       0.154796       0.166064       0.176272       0.185284       0.193004       0.199369       0.204342       0.207901       0.210039       0.210752       0.210039       0.207901       0.204342       0.199369       0.193004       0.185284       0.176272       0.166064       0.154796       0.142645       0.129831       0.116612       0.103271       0.090105       0.077406       0.065445       0.054452       0.044607       0.036032       0.028786       0.022864       0.018197       0.014648       0.012021       0.010084       0.008606       0.007406       0.006362       0.005415       0.004543       0.003744       0.003027       0.002398       0.001859       0.001410       0.001044       0.000750       0.000516       0.000330       0.000177       0.000044       0.000089       0.000229       0.000398       0.000615       0.000906       0.001299       0.001834       0.002554       0.003513       0.004763       0.006359       0.008337       0.010710       0.013448       0.016474       0.019664       0.022900       0.026167       0.029750       0.034462       0.041672       0.052861       0.068969       0.090133       0.115829       0.145047       0.176386       0.208120       0.238259       0.264638       0.285032       0.297303       0.299564       0.290296       0.278996       0.266450       0.254622       0.246492       0.246492
       0.213620       0.213620       0.223429       0.238254       0.254561       0.269805       0.282618       0.283333       0.273200       0.254160       0.228500       0.198607       0.166785       0.135136       0.105481       0.079327       0.057863       0.041929       0.031798       0.026580       0.024167       0.022538       0.020684       0.018394       0.015809       0.013157       0.010636       0.008382       0.006458       0.004880       0.003624       0.002652       0.001913       0.001362       0.000954       0.000655       0.000435       0.000274       0.000164       0.000141       0.000220       0.000351       0.000524       0.000745       0.001024       0.001370       0.001790       0.002286       0.002852       0.003476       0.004140       0.004817       0.005488       0.006153       0.006858       0.007737       0.009036       0.011075       0.014153       0.018477       0.024158       0.031235       0.039689       0.049452       0.060394       0.072333       0.085036       0.098231       0.111622       0.124909       0.137803       0.150040       0.161396       0.171689       0.180779       0.188569       0.194993       0.200012       0.203605       0.205763       0.206483       0.205763       0.203605       0.200012       0.194993       0.188569       0.180779       0.171689       0.161396       0.150040       0.137803       0.124909       0.111622       0.098231       0.085036       0.072333       0.060394       0.049452       0.039689       0.031235       0.024158       0.018477       0.014153       0.011075       0.009036       0.007737       0.006858       0.006153       0.005488       0.004817       0.004140       0.003476       0.002852       0.002286       0.001790       0.001370       0.001024       0.000745       0.000524       0.000351       0.000220       0.000141       0.000164       0.000274       0.000435       0.000655       0.000954       0.001362       0.001913       0.002652       0.003624       0.004880       0.006458       0.008382       0.010636       0.013157       0.015809       0.018394       0.020684       0.022538       0.024167       0.026580       0.031798       0.041929       0.057863       0.079327       0.105481       0.135136       0.166785       0.198607       0.228500       0.254160       0.273200       0.283333       0.282618       0.269805       0.254561       0.238254       0.223429       0.213620       0.213620
       0.186369       0.186369       0.197931       0.215696       0.235428       0.253989       0.269567       0.272596       0.264154       0.246197       0.221111       0.191395       0.159448       0.127437       0.097224       0.070339       0.048029       0.031412       0.021615       0.018520       0.018832       0.019286       0.018779       0.017323       0.015248       0.012902       0.010559       0.008400       0.006523       0.004960       0.003704       0.002723       0.001974       0.001414       0.001001       0.000702       0.000489       0.000345       0.000261       0.000243       0.000292       0.000395       0.000548       0.000752       0.001015       0.001344       0.001740       0.002202       0.002719       0.003270       0.003823       0.004336       0.004762       0.005065       0.005256       0.005466       0.006049       0.007533       0.010319       0.014536       0.020193       0.027274       0.035741       0.045518       0.056480       0.068447       0.081188       0.094431       0.107881       0.121235       0.134201       0.146513       0.157943       0.168306       0.177461       0.185307       0.191778       0.196834       0.200454       0.202628       0.203353       0.202628       0.200454       0.196834       0.191778       0.185307       0.177461       0.168306       0.157943       0.146513       0.134201       0.121235       0.107881       0.094431       0.081188       0.068447       0.056480       0.045518       0.035741       0.027274       0.020193       0.014536       0.010319       0.007533       0.006049       0.005466       0.005256       0.005065       0.004762       0.004336       0.003823       0.003270       0.002719       0.002202       0.001740       0.001344       0.001015       0.000752       0.000548       0.000395       0.000292       0.000243       0.000261       0.000345       0.000489       0.000702       0.001001       0.001414       0.001974       0.002723       0.003704       0.004960       0.006523       0.008400       0.010559       0.012902       0.015248       0.017323       0.018779       0.019286       0.018832       0.018520       0.021615       0.031412       0.048029       0.070339       0.097224       0.127437       0.159448       0.191395       0.221111       0.246197       0.264154       0.272596       0.269567       0.253989       0.235428       0.215696       0.197931       0.186369       0.186369
       0.167633       0.167633       0.180668       0.200751       0.223011       0.243878       0.261290       0.265823       0.258476       0.241222       0.216506       0.186893       0.154836       0.122533       0.091840       0.064235       0.040841       0.022609       0.011411       0.010795       0.014523       0.016916       0.017459       0.016599       0.014870       0.012727       0.010501       0.008405       0.006558       0.005007       0.003752       0.002767       0.002014       0.001449       0.001035       0.000739       0.000534       0.000402       0.000330       0.000313       0.000349       0.000434       0.000571       0.000762       0.001014       0.001330       0.001711       0.002151       0.002636       0.003139       0.003619       0.004019       0.004266       0.004279       0.003993       0.003439       0.003077       0.004136       0.007074       0.011533       0.017376       0.024583       0.033136       0.042974       0.053984       0.065993       0.078775       0.092062       0.105558       0.118961       0.131978       0.144341       0.155820       0.166230       0.175426       0.183309       0.189810       0.194890       0.198527       0.200712       0.201440       0.200712       0.198527       0.194890       0.189810       0.183309       0.175426       0.166230       0.155820       0.144341       0.131978       0.118961       0.105558       0.092062       0.078775       0.065993       0.053984       0.042974       0.033136       0.024583       0.017376       0.011533       0.007074       0.004136       0.003077       0.003439       0.003993       0.004279       0.004266       0.004019       0.003619       0.003139       0.002636       0.002151       0.001711       0.001330       0.001014       0.000762       0.000571       0.000434       0.000349       0.000313       0.000330       0.000402       0.000534       0.000739       0.001035       0.001449       0.002014       0.002767       0.003752       0.005007       0.006558       0.008405       0.010501       0.012727       0.014870       0.016599       0.017459       0.016916       0.014523       0.010795       0.011411       0.022609       0.040841       0.064235       0.091840       0.122533       0.154836       0.186893       0.216506       0.241222       0.258476       0.265823       0.261290       0.243878       0.223011       0.200751       0.180668       0.167633       0.167633
       0.160836       0.160836       0.174474       0.195467       0.218680       0.240385       0.258448       0.263507       0.256541       0.239530       0.214941       0.185362       0.153263       0.120846       0.089962       0.062049       0.038114       0.018723       0.004005       0.006293       0.012726       0.016027       0.016983       0.016341       0.014737       0.012665       0.010479       0.008406       0.006570       0.005023       0.003769       0.002783       0.002027       0.001462       0.001048       0.000754       0.000552       0.000424       0.000355       0.000338       0.000370       0.000449       0.000580       0.000767       0.001014       0.001325       0.001701       0.002133       0.002607       0.003094       0.003548       0.003907       0.004087       0.003983       0.003470       0.002409       0.000648       0.001967       0.005586       0.010338       0.016328       0.023617       0.032219       0.042090       0.053124       0.065152       0.077951       0.091256       0.104770       0.118191       0.131226       0.143607       0.155104       0.165529       0.174741       0.182636       0.189148       0.194236       0.197879       0.200067       0.200797       0.200067       0.197879       0.194236       0.189148       0.182636       0.174741       0.165529       0.155104       0.143607       0.131226       0.118191       0.104770       0.091256       0.077951       0.065152       0.053124       0.042090       0.032219       0.023617       0.016328       0.010338       0.005586       0.001967       0.000648       0.002409       0.003470       0.003983       0.004087       0.003907       0.003548       0.003094       0.002607       0.002133       0.001701       0.001325       0.001014       0.000767       0.000580       0.000449       0.000370       0.000338       0.000355       0.000424       0.000552       0.000754       0.001048       0.001462       0.002027       0.002783       0.003769       0.005023       0.006570       0.008406       0.010479       0.012665       0.014737       0.016341       0.016983       0.016027       0.012726       0.006293       0.004005       0.018723       0.038114       0.062049       0.089962       0.120846       0.153263       0.185362       0.214941       0.239530       0.256541       0.263507       0.258448       0.240385       0.218680       0.195467       0.174474       0.160836       0.160836
       0.167633       0.167633       0.180668       0.200751       0.223011       0.243878       0.261290       0.265823       0.258476       0.241222       0.216506       0.186893       0.154836       0.122533       0.091840       0.064235       0.040841       0.022609       0.011411       0.010795       0.014523       0.016916       0.017459       0.016599       0.014870       0.012727       0.010501       0.008405       0.006558       0.005007       0.003752       0.002767       0.002014       0.001449       0.001035       0.000739       0.000534       0.000402       0.000330       0.000313       0.000349       0.000434       0.000571       0.000762       0.001014       0.001330       0.001711       0.002151       0.002636       0.003139       0.003619       0.004019       0.004266       0.004279       0.003993       0.003439       0.003077       0.004136       0.007074       0.011533       0.017376       0.024583       0.033136       0.042974       0.053984       0.065993       0.078775       0.092062       0.105558       0.118961       0.131978       0.144341       0.155820       0.166230       0.175426       0.183309       0.189810       0.194890       0.198527       0.200712       0.201440       0.200712       0.198527       0.194890       0.189810       0.183309       0.175426       0.166230       0.155820       0.144341       0.131978       0.118961       0.105558       0.092062       0.078775       0.065993       0.053984       0.042974       0.033136       0.024583       0.017376       0.011533       0.007074       0.004136       0.003077       0.003439       0.003993       0.004279       0.004266       0.004019       0.003619       0.003139       0.002636       0.002151       0.001711       0.001330       0.001014       0.000762       0.000571       0.000434       0.000349       0.000313       0.000330       0.000402       0.000534       0.000739       0.001035       0.001449       0.002014       0.002767       0.003752       0.005007       0.006558       0.008405       0.010501       0.012727       0.014870       0.016599       0.017459       0.016916       0.014523       0.010795       0.011411       0.022609       0.040841       0.064235       0.091840       0.122533       0.154836       0.186893       0.216506       0.241222       0.258476       0.265823       0.261290       0.243878       0.223011       0.200751       0.180668       0.167633       0.167633
       0.186369       0.186369       0.197931       0.215696       0.235428       0.253989       0.269567       0.272596       0.264154       0.246197       0.221111       0.191395       0.159448       0.127437       0.097224       0.070339       0.048029       0.031412       0.021615       0.018520       0.018832       0.019286       0.018779       0.017323       0.015248       0.012902       0.010559       0.008400       0.006523       0.004960       0.003704       0.002723       0.001974       0.001414       0.001001       0.000702       0.000489       0.000345       0.000261       0.000243       0.000292       0.000395       0.000548       0.000752       0.001015       0.001344       0.001740       0.002202       0.002719       0.003270       0.003823       0.004336       0.004762       0.005065       0.005256       0.005466       0.006049       0.007533       0.010319       0.014536       0.020193       0.027274       0.035741       0.045518       0.056480       0.068447       0.081188       0.094431       0.107881       0.121235       0.134201       0.146513       0.157943       0.168306       0.177461       0.185307       0.191778       0.196834       0.200454       0.202628       0.203353       0.202628       0.200454       0.196834       0.191778       0.185307       0.177461       0.168306       0.157943       0.146513       0.134201       0.121235       0.107881       0.094431       0.081188       0.068447       0.056480       0.045518       0.035741       0.027274       0.020193       0.014536       0.010319       0.007533       0.006049       0.005466       0.005256       0.005065       0.004762       0.004336       0.003823       0.003270       0.002719       0.002202       0.001740       0.001344       0.001015       0.000752       0.000548       0.000395       0.000292       0.000243       0.000261       0.000345       0.000489       0.000702       0.001001       0.001414       0.001974       0.002723       0.003704       0.004960       0.006523       0.008400       0.010559       0.012902       0.015248       0.017323       0.018779       0.019286       0.018832       0.018520       0.021615       0.031412       0.048029       0.070339       0.097224       0.127437       0.159448       0.191395       0.221111       0.246197       0.264154       0.272596       0.269567       0.253989       0.235428       0.215696       0.197931       0.186369       0.186369
       0.213620       0.213620       0.223429       0.238254       0.254561       0.269805       0.282618       0.283333       0.273200       0.254160       0.228500       0.198607       0.166785       0.135136       0.105481       0.079327       0.057863       0.041929       0.031798       0.026580       0.024167       0.022538       0.020684       0.018394       0.015809       0.013157       0.010636       0.008382       0.006458       0.004880       0.003624       0.002652       0.001913       0.001362       0.000954       0.000655       0.000435       0.000274       0.000164       0.000141       0.000220       0.000351       0.000524       0.000745       0.001024       0.001370       0.001790       0.002286       0.002852       0.003476       0.004140       0.004817       0.005488       0.006153       0.006858       0.007737       0.009036       0.011075       0.014153       0.018477       0.024158       0.031235       0.039689       0.049452       0.060394       0.072333       0.085036       0.098231       0.111622       0.124909       0.137803       0.150040       0.161396       0.171689       0.180779       0.188569       0.194993       0.200012       0.203605       0.205763       0.206483       0.205763       0.203605       0.200012       0.194993       0.188569       0.180779       0.171689       0.161396       0.150040       0.137803       0.124909       0.111622       0.098231       0.085036       0.072333       0.060394       0.049452       0.039689       0.031235       0.024158       0.018477       0.014153       0.011075       0.009036       0.007737       0.006858       0.006153       0.005488       0.004817       0.004140       0.003476       0.002852       0.002286       0.001790       0.001370       0.001024       0.000745       0.000524       0.000351       0.000220       0.000141       0.000164       0.000274       0.000435       0.000655       0.000954       0.001362       0.001913       0.002652       0.003624       0.004880       0.006458       0.008382       0.010636       0.013157       0.015809       0.018394       0.020684       0.022538       0.024167       0.026580       0.031798       0.041929       0.057863       0.079327       0.105481       0.135136       0.166785       0.198607       0.228500       0.254160       0.273200       0.283333       0.282618       0.269805       0.254561       0.238254       0.223429       0.213620       0.213620
       0.246492       0.246492       0.254622       0.266450       0.278996       0.290296       0.299564       0.297303       0.285032       0.264638       0.238259       0.208120       0.176386       0.145047       0.115829       0.090133       0.068969       0.052861       0.041672       0.034462       0.029750       0.026167       0.022900       0.019664       0.016474       0.013448       0.010710       0.008337       0.006359       0.004763       0.003513       0.002554       0.001834       0.001299       0.000906       0.000615       0.000398       0.000229       0.000089       0.000044       0.000177       0.000330       0.000516       0.000750       0.001044       0.001410       0.001859       0.002398       0.003027       0.003744       0.004543       0.005415       0.006362       0.007406       0.008606       0.010084       0.012021       0.014648       0.018197       0.022864       0.028786       0.036032       0.044607       0.054452       0.065445       0.077406       0.090105       0.103271       0.116612       0.129831       0.142645       0.154796       0.166064       0.176272       0.185284       0.193004       0.199369       0.204342       0.207901       0.210039       0.210752       0.210039       0.207901       0.204342       0.199369       0.193004       0.185284       0.176272       0.166064       0.154796       0.142645       0.129831       0.116612       0.103271       0.090105       0.077406       0.065445       0.054452       0.044607       0.036032       0.028786       0.022864       0.018197       0.014648       0.012021       0.010084       0.008606       0.007406       0.006362       0.005415       0.004543       0.003744       0.003027       0.002398       0.001859       0.001410       0.001044       0.000750       0.000516       0.000330       0.000177       0.000044       0.000089       0.000229       0.000398       0.000615       0.000906       0.001299       0.001834       0.002554       0.003513       0.004763       0.006359       0.008337       0.010710       0.013448       0.016474       0.019664       0.022900       0.026167       0.029750       0.034462       0.041672       0.052861       0.068969       0.090133       0.115829       0.145047       0.176386       0.208120       0.238259       0.264638       0.285032       0.297303       0.299564       0.290296       0.278996       0.266450       0.254622       0.246492       0.246492
       0.283465       0.283465       0.290116       0.299158       0.307918       0.314784       0.319428       0.313580       0.298880       0.277004       0.249844       0.219412       0.187696       0.156536       0.127523       0.101908       0.080521       0.063674       0.051095       0.041973       0.035220       0.029844       0.025201       0.020996       0.017161       0.013731       0.010753       0.008252       0.006217       0.004608       0.003368       0.002432       0.001738       0.001229       0.000859       0.000589       0.000390       0.000241       0.000135       0.000116       0.000207       0.000349       0.000533       0.000772       0.001078       0.001465       0.001947       0.002534       0.003236       0.004060       0.005010       0.006093       0.007328       0.008749       0.010423       0.012456       0.014996       0.018224       0.022325       0.027471       0.033790       0.041357       0.050187       0.060227       0.071363       0.083418       0.096165       0.109340       0.122656       0.135823       0.148565       0.160631       0.171808       0.181925       0.190852       0.198495       0.204795       0.209716       0.213238       0.215353       0.216058       0.215353       0.213238       0.209716       0.204795       0.198495       0.190852       0.181925       0.171808       0.160631       0.148565       0.135823       0.122656       0.109340       0.096165       0.083418       0.071363       0.060227       0.050187       0.041357       0.033790       0.027471       0.022325       0.018224       0.014996       0.012456       0.010423       0.008749       0.007328       0.006093       0.005010       0.004060       0.003236       0.002534       0.001947       0.001465       0.001078       0.000772       0.000533       0.000349       0.000207       0.000116       0.000135       0.000241       0.000390       0.000589       0.000859       0.001229       0.001738       0.002432       0.003368       0.004608       0.006217       0.008252       0.010753       0.013731       0.017161       0.020996       0.025201       0.029844       0.035220       0.041973       0.051095       0.063674       0.080521       0.101908       0.127523       0.156536       0.187696       0.219412       0.249844       0.277004       0.298880       0.313580       0.319428       0.314784       0.307918       0.299158       0.290116       0.283465       0.283465
       0.324274       0.324274       0.329718       0.336360       0.341559       0.343547       0.340887       0.330956       0.313809       0.290515       0.262623       0.231896       0.200125       0.168986       0.139920       0.114036       0.092022       0.074090       0.059969       0.049009       0.040392       0.033374       0.027433       0.022283       0.017806       0.013965       0.010744       0.008115       0.006027       0.004411       0.003189       0.002284       0.001624       0.001149       0.000809       0.000568       0.000398       0.000282       0.000215       0.000211       0.000273       0.000394       0.000569       0.000808       0.001124       0.001532       0.002049       0.002691       0.003473       0.004411       0.005521       0.006824       0.008349       0.010142       0.012271       0.014835       0.017959       0.021792       0.026488       0.032189       0.039007       0.047009       0.056206       0.066547       0.077916       0.090141       0.103000       0.116232       0.129561       0.142702       0.155390       0.167383       0.178476       0.188506       0.197347       0.204914       0.211147       0.216014       0.219498       0.221589       0.222286       0.221589       0.219498       0.216014       0.211147       0.204914       0.197347       0.188506       0.178476       0.167383       0.155390       0.142702       0.129561       0.116232       0.103000       0.090141       0.077916       0.066547       0.056206       0.047009       0.039007       0.032189       0.026488       0.021792       0.017959       0.014835       0.012271       0.010142       0.008349       0.006824       0.005521       0.004411       0.003473       0.002691       0.002049       0.001532       0.001124       0.000808       0.000569       0.000394       0.000273       0.000211       0.000215       0.000282       0.000398       0.000568       0.000809       0.001149       0.001624       0.002284       0.003189       0.004411       0.006027       0.008115       0.010744       0.013965       0.017806       0.022283       0.027433       0.033374       0.040392       0.049009       0.059969       0.074090       0.092022       0.114036       0.139920       0.168986       0.200125       0.231896       0.262623       0.290515       0.313809       0.330956       0.340887       0.343547       0.341559       0.336360       0.329718       0.324274       0.324274
       0.356247       0.356247       0.360905       0.365883       0.368548       0.367201       0.360628       0.347809       0.328788       0.304396       0.275942       0.244975       0.213103       0.181844       0.152504       0.126073       0.103160       0.083947       0.068228       0.055507       0.045171       0.036645       0.029498       0.023456       0.018362       0.014124       0.010669       0.007919       0.005785       0.004170       0.002975       0.002108       0.001489       0.001052       0.000747       0.000537       0.000396       0.000308       0.000267       0.000273       0.000329       0.000438       0.000608       0.000849       0.001177       0.001607       0.002162       0.002861       0.003729       0.004787       0.006064       0.007589       0.009404       0.011562       0.014134       0.017212       0.020908       0.025347       0.030659       0.036961       0.044345       0.052863       0.062513       0.073238       0.084921       0.097388       0.110420       0.123762       0.137144       0.150293       0.162952       0.174891       0.185914       0.195867       0.204631       0.212125       0.218296       0.223112       0.226557       0.228626       0.229316       0.228626       0.226557       0.223112       0.218296       0.212125       0.204631       0.195867       0.185914       0.174891       0.162952       0.150293       0.137144       0.123762       0.110420       0.097388       0.084921       0.073238       0.062513       0.052863       0.044345       0.036961       0.030659       0.025347       0.020908       0.017212       0.014134       0.011562       0.009404       0.007589       0.006064       0.004787       0.003729       0.002861       0.002162       0.001607       0.001177       0.000849       0.000608       0.000438       0.000329       0.000273       0.000267       0.000308       0.000396       0.000537       0.000747       0.001052       0.001489       0.002108       0.002975       0.004170       0.005785       0.007919       0.010669       0.014124       0.018362       0.023456       0.029498       0.036645       0.045171       0.055507       0.068228       0.083947       0.103160       0.126073       0.152504       0.181844       0.213103       0.244975       0.275942       0.304396       0.328788       0.347809       0.360628       0.367201       0.368548       0.365883       0.360905       0.356247       0.356247
       0.380239       0.380239       0.384499       0.388533       0.389700       0.386413       0.377733       0.363208       0.343036       0.317980       0.289206       0.258101       0.226119       0.194643       0.164867       0.137706       0.113730       0.093145       0.075834       0.061444       0.049519       0.039609       0.031351       0.024479       0.018808       0.014196       0.010522       0.007663       0.005494       0.003888       0.002728       0.001906       0.001332       0.000937       0.000667       0.000485       0.000368       0.000301       0.000276       0.000293       0.000353       0.000464       0.000637       0.000886       0.001228       0.001685       0.002281       0.003042       0.003998       0.005181       0.006626       0.008376       0.010480       0.012997       0.016001       0.019582       0.023840       0.028885       0.034825       0.041756       0.049749       0.058835       0.069001       0.080177       0.092238       0.105009       0.118269       0.131770       0.145248       0.158440       0.171099       0.183007       0.193979       0.203868       0.212566       0.219997       0.226111       0.230881       0.234292       0.236340       0.237023       0.236340       0.234292       0.230881       0.226111       0.219997       0.212566       0.203868       0.193979       0.183007       0.171099       0.158440       0.145248       0.131770       0.118269       0.105009       0.092238       0.080177       0.069001       0.058835       0.049749       0.041756       0.034825       0.028885       0.023840       0.019582       0.016001       0.012997       0.010480       0.008376       0.006626       0.005181       0.003998       0.003042       0.002281       0.001685       0.001228       0.000886       0.000637       0.000464       0.000353       0.000293       0.000276       0.000301       0.000368       0.000485       0.000667       0.000937       0.001332       0.001906       0.002728       0.003888       0.005494       0.007663       0.010522       0.014196       0.018808       0.024479       0.031351       0.039609       0.049519       0.061444       0.075834       0.093145       0.113730       0.137706       0.164867       0.194643       0.226119       0.258101       0.289206       0.317980       0.343036       0.363208       0.377733       0.386413       0.389700       0.388533       0.384499       0.380239       0.380239
       0.397696       0.397696       0.401842       0.405484       0.405950       0.401734       0.392070       0.376747       0.356067       0.330773       0.301935       0.270819       0.238753       0.207012       0.176711       0.148720       0.123610       0.101638       0.082786       0.066830       0.053438       0.042262       0.032985       0.025350       0.019144       0.014188       0.010313       0.007357       0.005160       0.003571       0.002451       0.001679       0.001156       0.000805       0.000570       0.000413       0.000312       0.000257       0.000244       0.000272       0.000344       0.000466       0.000650       0.000913       0.001276       0.001763       0.002403       0.003228       0.004276       0.005585       0.007202       0.009176       0.011566       0.014437       0.017867       0.021942       0.026755       0.032403       0.038977       0.046553       0.055181       0.064874       0.075599       0.087274       0.099764       0.112887       0.126422       0.140124       0.153736       0.167004       0.179692       0.191594       0.202535       0.212379       0.221025       0.228404       0.234470       0.239200       0.242582       0.244612       0.245288       0.244612       0.242582       0.239200       0.234470       0.228404       0.221025       0.212379       0.202535       0.191594       0.179692       0.167004       0.153736       0.140124       0.126422       0.112887       0.099764       0.087274       0.075599       0.064874       0.055181       0.046553       0.038977       0.032403       0.026755       0.021942       0.017867       0.014437       0.011566       0.009176       0.007202       0.005585       0.004276       0.003228       0.002403       0.001763       0.001276       0.000913       0.000650       0.000466       0.000344       0.000272       0.000244       0.000257       0.000312       0.000413       0.000570       0.000805       0.001156       0.001679       0.002451       0.003571       0.005160       0.007357       0.010313       0.014188       0.019144       0.025350       0.032985       0.042262       0.053438       0.066830       0.082786       0.101638       0.123610       0.148720       0.176711       0.207012       0.238753       0.270819       0.301935       0.330773       0.356067       0.376747       0.392070       0.401734       0.405950       0.405484       0.401842       0.397696       0.397696
       0.410067       0.410067       0.414280       0.417902       0.418212       0.413739       0.403813       0.388328       0.367635       0.342456       0.313785       0.282787       0.250690       0.218685       0.187833       0.158986       0.132741       0.109423       0.089113       0.071703       0.056967       0.044634       0.034427       0.026092       0.019396       0.014122       0.010062       0.007018       0.004799       0.003229       0.002153       0.001435       0.000967       0.000663       0.000464       0.000330       0.000239       0.000187       0.000179       0.000222       0.000311       0.000450       0.000650       0.000932       0.001318       0.001838       0.002525       0.003418       0.004559       0.005997       0.007786       0.009984       0.012658       0.015880       0.019729       0.024290       0.029653       0.035901       0.043111       0.051341       0.060620       0.070942       0.082257       0.094464       0.107419       0.120932       0.134779       0.148718       0.162496       0.175870       0.188614       0.200533       0.211464       0.221280       0.229889       0.237227       0.243256       0.247954       0.251311       0.253325       0.253997       0.253325       0.251311       0.247954       0.243256       0.237227       0.229889       0.221280       0.211464       0.200533       0.188614       0.175870       0.162496       0.148718       0.134779       0.120932       0.107419       0.094464       0.082257       0.070942       0.060620       0.051341       0.043111       0.035901       0.029653       0.024290       0.019729       0.015880       0.012658       0.009984       0.007786       0.005997       0.004559       0.003418       0.002525       0.001838       0.001318       0.000932       0.000650       0.000450       0.000311       0.000222       0.000179       0.000187       0.000239       0.000330       0.000464       0.000663       0.000967       0.001435       0.002153       0.003229       0.004799       0.007018       0.010062       0.014122       0.019396       0.026092       0.034427       0.044634       0.056967       0.071703       0.089113       0.109423       0.132741       0.158986       0.187833       0.218685       0.250690       0.282787       0.313785       0.342456       0.367635       0.388328       0.403813       0.413739       0.418212       0.417902       0.414280       0.410067       0.410067
       0.418587       0.418587       0.422974       0.426803       0.427296       0.422989       0.413251       0.398022       0.377664       0.352863       0.324545       0.293785       0.261726       0.229495       0.198117       0.168446       0.141119       0.116537       0.094875       0.076130       0.060168       0.046781       0.035727       0.026752       0.019604       0.014036       0.009804       0.006676       0.004434       0.002882       0.001846       0.001182       0.000771       0.000521       0.000362       0.000252       0.000168       0.000108       0.000098       0.000162       0.000272       0.000429       0.000647       0.000948       0.001359       0.001913       0.002648       0.003609       0.004846       0.006414       0.008375       0.010797       0.013753       0.017322       0.021585       0.026628       0.032534       0.039378       0.047224       0.056111       0.066050       0.077015       0.088937       0.101700       0.115144       0.129073       0.143260       0.157463       0.171434       0.184939       0.197762       0.209720       0.220659       0.230464       0.239050       0.246360       0.252360       0.257033       0.260371       0.262374       0.263041       0.262374       0.260371       0.257033       0.252360       0.246360       0.239050       0.230464       0.220659       0.209720       0.197762       0.184939       0.171434       0.157463       0.143260       0.129073       0.115144       0.101700       0.088937       0.077015       0.066050       0.056111       0.047224       0.039378       0.032534       0.026628       0.021585       0.017322       0.013753       0.010797       0.008375       0.006414       0.004846       0.003609       0.002648       0.001913       0.001359       0.000948       0.000647       0.000429       0.000272       0.000162       0.000098       0.000108       0.000168       0.000252       0.000362       0.000521       0.000771       0.001182       0.001846       0.002882       0.004434       0.006676       0.009804       0.014036       0.019604       0.026752       0.035727       0.046781       0.060168       0.076130       0.094875       0.116537       0.141119       0.168446       0.198117       0.229495       0.261726       0.293785       0.324545       0.352863       0.377664       0.398022       0.413251       0.422989       0.427296       0.426803       0.422974       0.418587       0.418587
       0.424236       0.424236       0.428853       0.433015       0.433885       0.429989       0.420707       0.405990       0.386189       0.361947       0.334118       0.303698       0.271756       0.239362       0.207522       0.177101       0.148783       0.123044       0.100153       0.080197       0.063123       0.048780       0.036953       0.027391       0.019825       0.013981       0.009583       0.006370       0.004099       0.002553       0.001548       0.000929       0.000575       0.000383       0.000273       0.000195       0.000124       0.000052       0.000031       0.000128       0.000253       0.000420       0.000650       0.000968       0.001402       0.001989       0.002773       0.003803       0.005136       0.006834       0.008968       0.011613       0.014850       0.018762       0.023436       0.028956       0.035400       0.042837       0.051315       0.060858       0.071461       0.083076       0.095614       0.108945       0.122895       0.137258       0.151803       0.166289       0.180473       0.194128       0.207049       0.219062       0.230027       0.239835       0.248410       0.255702       0.261683       0.266338       0.269662       0.271655       0.272319       0.271655       0.269662       0.266338       0.261683       0.255702       0.248410       0.239835       0.230027       0.219062       0.207049       0.194128       0.180473       0.166289       0.151803       0.137258       0.122895       0.108945       0.095614       0.083076       0.071461       0.060858       0.051315       0.042837       0.035400       0.028956       0.023436       0.018762       0.014850       0.011613       0.008968       0.006834       0.005136       0.003803       0.002773       0.001989       0.001402       0.000968       0.000650       0.000420       0.000253       0.000128       0.000031       0.000052       0.000124       0.000195       0.000273       0.000383       0.000575       0.000929       0.001548       0.002553       0.004099       0.006370       0.009583       0.013981       0.019825       0.027391       0.036953       0.048780       0.063123       0.080197       0.100153       0.123044       0.148783       0.177101       0.207522       0.239362       0.271756       0.303698       0.334118       0.361947       0.386189       0.405990       0.420707       0.429989       0.433885       0.433015       0.428853       0.424236       0.424236
       0.427764       0.427764       0.432630       0.437185       0.438533       0.435176       0.426494       0.412432       0.393317       0.369745       0.342501       0.312504       0.280756       0.248281       0.216067       0.184997       0.155805       0.129035       0.105043       0.084000       0.065924       0.050715       0.038182       0.028079       0.020122       0.014014       0.009453       0.006149       0.003837       0.002282       0.001286       0.000692       0.000380       0.000250       0.000200       0.000161       0.000118       0.000075       0.000075       0.000146       0.000263       0.000431       0.000666       0.000995       0.001450       0.002069       0.002901       0.004000       0.005429       0.007258       0.009564       0.012432       0.015948       0.020203       0.025284       0.031276       0.038255       0.046278       0.055384       0.065582       0.076846       0.089112       0.102270       0.116174       0.130637       0.145443       0.160358       0.175139       0.189549       0.203368       0.216400       0.228483       0.239484       0.249307       0.257882       0.265166       0.271134       0.275777       0.279090       0.281077       0.281739       0.281077       0.279090       0.275777       0.271134       0.265166       0.257882       0.249307       0.239484       0.228483       0.216400       0.203368       0.189549       0.175139       0.160358       0.145443       0.130637       0.116174       0.102270       0.089112       0.076846       0.065582       0.055384       0.046278       0.038255       0.031276       0.025284       0.020203       0.015948       0.012432       0.009564       0.007258       0.005429       0.004000       0.002901       0.002069       0.001450       0.000995       0.000666       0.000431       0.000263       0.000146       0.000075       0.000075       0.000118       0.000161       0.000200       0.000250       0.000380       0.000692       0.001286       0.002282       0.003837       0.006149       0.009453       0.014014       0.020122       0.028079       0.038182       0.050715       0.065924       0.084000       0.105043       0.129035       0.155805       0.184997       0.216067       0.248281       0.280756       0.312504       0.342501       0.369745       0.393317       0.412432       0.426494       0.435176       0.438533       0.437185       0.432630       0.427764       0.427764
       0.429728       0.429728       0.434848       0.439815       0.441679       0.438918       0.430900       0.417559       0.399194       0.376352       0.349754       0.320247       0.288767       0.256299       0.223814       0.192214       0.162275       0.134609       0.109647       0.087638       0.068665       0.052670       0.039491       0.028884       0.020558       0.014193       0.009465       0.006063       0.003697       0.002117       0.001110       0.000508       0.000195       0.000121       0.000144       0.000146       0.000131       0.000119       0.000132       0.000189       0.000293       0.000455       0.000691       0.001029       0.001502       0.002153       0.003032       0.004200       0.005725       0.007685       0.010165       0.013255       0.017050       0.021645       0.027131       0.033593       0.041100       0.049706       0.059435       0.070282       0.082203       0.095115       0.108892       0.123368       0.138344       0.153596       0.168884       0.183966       0.198608       0.212599       0.225752       0.237912       0.248959       0.258804       0.267387       0.274668       0.280630       0.285264       0.288571       0.290553       0.291213       0.290553       0.288571       0.285264       0.280630       0.274668       0.267387       0.258804       0.248959       0.237912       0.225752       0.212599       0.198608       0.183966       0.168884       0.153596       0.138344       0.123368       0.108892       0.095115       0.082203       0.070282       0.059435       0.049706       0.041100       0.033593       0.027131       0.021645       0.017050       0.013255       0.010165       0.007685       0.005725       0.004200       0.003032       0.002153       0.001502       0.001029       0.000691       0.000455       0.000293       0.000189       0.000132       0.000119       0.000131       0.000146       0.000144       0.000121       0.000195       0.000508       0.001110       0.002117       0.003697       0.006063       0.009465       0.014193       0.020558       0.028884       0.039491       0.052670       0.068665       0.087638       0.109647       0.134609       0.162275       0.192214       0.223814       0.256299       0.288767       0.320247       0.349754       0.376352       0.399194       0.417559       0.430900       0.438918       0.441679       0.439815       0.434848       0.429728       0.429728
       0.430546       0.430546       0.435910       0.441286       0.443671       0.441518       0.434180       0.421577       0.403982       0.381897       0.355980       0.327013       0.295873       0.263501       0.230854       0.198846       0.168294       0.139867       0.114065       0.091206       0.071429       0.054723       0.040948       0.029868       0.021185       0.014566       0.009666       0.006154       0.003723       0.002106       0.001079       0.000464       0.000125       0.000068       0.000132       0.000150       0.000149       0.000151       0.000172       0.000225       0.000323       0.000481       0.000719       0.001066       0.001557       0.002239       0.003166       0.004403       0.006025       0.008117       0.010771       0.014084       0.018158       0.023092       0.028981       0.035909       0.043942       0.053124       0.063470       0.074959       0.087530       0.101081       0.115469       0.130511       0.145996       0.161690       0.177349       0.192731       0.207608       0.221773       0.235048       0.247291       0.258388       0.268261       0.276854       0.284137       0.290095       0.294724       0.298025       0.300003       0.300662       0.300003       0.298025       0.294724       0.290095       0.284137       0.276854       0.268261       0.258388       0.247291       0.235048       0.221773       0.207608       0.192731       0.177349       0.161690       0.145996       0.130511       0.115469       0.101081       0.087530       0.074959       0.063470       0.053124       0.043942       0.035909       0.028981       0.023092       0.018158       0.014084       0.010771       0.008117       0.006025       0.004403       0.003166       0.002239       0.001557       0.001066       0.000719       0.000481       0.000323       0.000225       0.000172       0.000151       0.000149       0.000150       0.000132       0.000068       0.000125       0.000464       0.001079       0.002106       0.003723       0.006154       0.009666       0.014566       0.021185       0.029868       0.040948       0.054723       0.071429       0.091206       0.114065       0.139867       0.168294       0.198846       0.230854       0.263501       0.295873       0.327013       0.355980       0.381897       0.403982       0.421577       0.434180       0.441518       0.443671       0.441286       0.435910       0.430546       0.430546
       0.430524       0.430524       0.436119       0.441888       0.444780       0.443220       0.436551       0.424676       0.407846       0.386520       0.361305       0.332917       0.302178       0.269988       0.237286       0.204995       0.173961       0.144905       0.118386       0.094783       0.074291       0.056937       0.042607       0.031076       0.022044       0.015165       0.010082       0.006444       0.003933       0.002269       0.001219       0.000602       0.000289       0.000189       0.000179       0.000174       0.000167       0.000168       0.000189       0.000242       0.000339       0.000498       0.000741       0.001100       0.001612       0.002326       0.003302       0.004610       0.006331       0.008556       0.011385       0.014922       0.019275       0.024549       0.030839       0.038230       0.046785       0.056539       0.067495       0.079617       0.092829       0.107009       0.121996       0.137594       0.153578       0.169705       0.185727       0.201404       0.216510       0.230846       0.244244       0.256568       0.267716       0.277616       0.286222       0.293507       0.299462       0.304086       0.307382       0.309356       0.310014       0.309356       0.307382       0.304086       0.299462       0.293507       0.286222       0.277616       0.267716       0.256568       0.244244       0.230846       0.216510       0.201404       0.185727       0.169705       0.153578       0.137594       0.121996       0.107009       0.092829       0.079617       0.067495       0.056539       0.046785       0.038230       0.030839       0.024549       0.019275       0.014922       0.011385       0.008556       0.006331       0.004610       0.003302       0.002326       0.001612       0.001100       0.000741       0.000498       0.000339       0.000242       0.000189       0.000168       0.000167       0.000174       0.000179       0.000189       0.000289       0.000602       0.001219       0.002269       0.003933       0.006444       0.010082       0.015165       0.022044       0.031076       0.042607       0.056937       0.074291       0.094783       0.118386       0.144905       0.173961       0.204995       0.237286       0.269988       0.302178       0.332917       0.361305       0.386520       0.407846       0.424676       0.436551       0.443220       0.444780       0.441888       0.436119       0.430524       0.430524
       0.429891       0.429891       0.435703       0.441842       0.445217       0.444226       0.438199       0.427027       0.410940       0.390365       0.365857       0.338078       0.307796       0.275868       0.243214       0.210757       0.179366       0.149805       0.122683       0.098434       0.077302       0.059355       0.044503       0.032535       0.023152       0.016002       0.010716       0.006933       0.004318       0.002584       0.001488       0.000839       0.000491       0.000327       0.000250       0.000206       0.000177       0.000165       0.000180       0.000233       0.000334       0.000501       0.000755       0.001129       0.001665       0.002414       0.003441       0.004821       0.006643       0.009004       0.012010       0.015773       0.020407       0.026020       0.032712       0.040564       0.049637       0.059956       0.071515       0.084261       0.098101       0.112898       0.128471       0.144610       0.161078       0.177624       0.193998       0.209958       0.225284       0.239784       0.253298       0.265699       0.276894       0.286819       0.295434       0.302721       0.308672       0.313289       0.316579       0.318550       0.319206       0.318550       0.316579       0.313289       0.308672       0.302721       0.295434       0.286819       0.276894       0.265699       0.253298       0.239784       0.225284       0.209958       0.193998       0.177624       0.161078       0.144610       0.128471       0.112898       0.098101       0.084261       0.071515       0.059956       0.049637       0.040564       0.032712       0.026020       0.020407       0.015773       0.012010       0.009004       0.006643       0.004821       0.003441       0.002414       0.001665       0.001129       0.000755       0.000501       0.000334       0.000233       0.000180       0.000165       0.000177       0.000206       0.000250       0.000327       0.000491       0.000839       0.001488       0.002584       0.004318       0.006933       0.010716       0.016002       0.023152       0.032535       0.044503       0.059355       0.077302       0.098434       0.122683       0.149805       0.179366       0.210757       0.243214       0.275868       0.307796       0.338078       0.365857       0.390365       0.410940       0.427027       0.438199       0.444226       0.445217       0.441842       0.435703       0.429891       0.429891
       0.428819       0.428819       0.434832       0.441319       0.445148       0.444695       0.439277       0.428776       0.413406       0.393564       0.369764       0.342616       0.312837       0.281245       0.248732       0.216217       0.184585       0.154632       0.127012       0.102204       0.080499       0.062003       0.046653       0.034254       0.024511       0.017071       0.011557       0.007597       0.004849       0.003011       0.001833       0.001113       0.000695       0.000459       0.000322       0.000233       0.000172       0.000136       0.000141       0.000200       0.000314       0.000494       0.000763       0.001156       0.001717       0.002504       0.003584       0.005040       0.006965       0.009463       0.012650       0.016641       0.021558       0.027512       0.034605       0.042918       0.052505       0.063385       0.075537       0.088897       0.103353       0.118750       0.134892       0.151555       0.168488       0.185436       0.202144       0.218373       0.233905       0.248557       0.262176       0.274645       0.285880       0.295824       0.304445       0.311728       0.317671       0.322279       0.325562       0.327527       0.328182       0.327527       0.325562       0.322279       0.317671       0.311728       0.304445       0.295824       0.285880       0.274645       0.262176       0.248557       0.233905       0.218373       0.202144       0.185436       0.168488       0.151555       0.134892       0.118750       0.103353       0.088897       0.075537       0.063385       0.052505       0.042918       0.034605       0.027512       0.021558       0.016641       0.012650       0.009463       0.006965       0.005040       0.003584       0.002504       0.001717       0.001156       0.000763       0.000494       0.000314       0.000200       0.000141       0.000136       0.000172       0.000233       0.000322       0.000459       0.000695       0.001113       0.001833       0.003011       0.004849       0.007597       0.011557       0.017071       0.024511       0.034254       0.046653       0.062003       0.080499       0.102204       0.127012       0.154632       0.184585       0.216217       0.248732       0.281245       0.312837       0.342616       0.369764       0.393564       0.413406       0.428776       0.439277       0.444695       0.445148       0.441319       0.434832       0.428819       0.428819
       0.427434       0.427434       0.433634       0.440446       0.444701       0.444755       0.439912       0.430048       0.415365       0.396236       0.373139       0.346639       0.317403       0.286209       0.253920       0.221445       0.189677       0.159435       0.131407       0.106117       0.083897       0.064887       0.049056       0.036224       0.026106       0.018351       0.012578       0.008409       0.005490       0.003515       0.002222       0.001403       0.000897       0.000586       0.000389       0.000256       0.000158       0.000084       0.000075       0.000158       0.000293       0.000488       0.000773       0.001185       0.001773       0.002599       0.003735       0.005268       0.007299       0.009940       0.013309       0.017533       0.022736       0.029033       0.036529       0.045301       0.055399       0.066833       0.079570       0.093531       0.108588       0.124569       0.141261       0.158426       0.175804       0.193132       0.210154       0.226631       0.242353       0.257141       0.270852       0.283377       0.294641       0.304595       0.313213       0.320486       0.326416       0.331011       0.334283       0.336242       0.336894       0.336242       0.334283       0.331011       0.326416       0.320486       0.313213       0.304595       0.294641       0.283377       0.270852       0.257141       0.242353       0.226631       0.210154       0.193132       0.175804       0.158426       0.141261       0.124569       0.108588       0.093531       0.079570       0.066833       0.055399       0.045301       0.036529       0.029033       0.022736       0.017533       0.013309       0.009940       0.007299       0.005268       0.003735       0.002599       0.001773       0.001185       0.000773       0.000488       0.000293       0.000158       0.000075       0.000084       0.000158       0.000256       0.000389       0.000586       0.000897       0.001403       0.002222       0.003515       0.005490       0.008409       0.012578       0.018351       0.026106       0.036224       0.049056       0.064887       0.083897       0.106117       0.131407       0.159435       0.189677       0.221445       0.253920       0.286209       0.317403       0.346639       0.373139       0.396236       0.415365       0.430048       0.439912       0.444755       0.444701       0.440446       0.433634       0.427434       0.427434
       0.425833       0.425833       0.432207       0.439322       0.443977       0.444507       0.440206       0.430946       0.416919       0.398482       0.376081       0.350239       0.321579       0.290837       0.258846       0.226497       0.194684       0.164242       0.135889       0.110183       0.087495       0.068001       0.051698       0.038427       0.027916       0.019819       0.013754       0.009339       0.006218       0.004073       0.002639       0.001703       0.001102       0.000716       0.000463       0.000291       0.000165       0.000066       0.000046       0.000151       0.000294       0.000497       0.000793       0.001222       0.001837       0.002702       0.003896       0.005510       0.007651       0.010437       0.013995       0.018455       0.023948       0.030592       0.038491       0.047722       0.058328       0.070311       0.083624       0.098174       0.113815       0.130360       0.147580       0.165224       0.183022       0.200706       0.218018       0.234722       0.250612       0.265517       0.279303       0.291869       0.303149       0.313101       0.321707       0.328961       0.334871       0.339448       0.342706       0.344655       0.345304       0.344655       0.342706       0.339448       0.334871       0.328961       0.321707       0.313101       0.303149       0.291869       0.279303       0.265517       0.250612       0.234722       0.218018       0.200706       0.183022       0.165224       0.147580       0.130360       0.113815       0.098174       0.083624       0.070311       0.058328       0.047722       0.038491       0.030592       0.023948       0.018455       0.013995       0.010437       0.007651       0.005510       0.003896       0.002702       0.001837       0.001222       0.000793       0.000497       0.000294       0.000151       0.000046       0.000066       0.000165       0.000291       0.000463       0.000716       0.001102       0.001703       0.002639       0.004073       0.006218       0.009339       0.013754       0.019819       0.027916       0.038427       0.051698       0.068001       0.087495       0.110183       0.135889       0.164242       0.194684       0.226497       0.258846       0.290837       0.321579       0.350239       0.376081       0.398482       0.416919       0.430946       0.440206       0.444507       0.443977       0.439322       0.432207       0.425833       0.425833
       0.424086       0.424086       0.430622       0.438021       0.443051       0.444029       0.440239       0.431552       0.418153       0.400387       0.378671       0.353494       0.325437       0.295192       0.263559       0.231411       0.199633       0.169071       0.140463       0.114398       0.091283       0.071327       0.054557       0.040837       0.029913       0.021446       0.015058       0.010367       0.007012       0.004673       0.003080       0.002016       0.001314       0.000854       0.000551       0.000350       0.000217       0.000138       0.000129       0.000197       0.000324       0.000524       0.000825       0.001269       0.001910       0.002817       0.004070       0.005769       0.008025       0.010962       0.014713       0.019415       0.025202       0.032197       0.040502       0.050193       0.061304       0.073829       0.087708       0.102833       0.119042       0.136129       0.153854       0.171950       0.190142       0.208155       0.225730       0.242635       0.258670       0.273670       0.287511       0.300102       0.311382       0.321319       0.329901       0.337127       0.343009       0.347562       0.350800       0.352737       0.353382       0.352737       0.350800       0.347562       0.343009       0.337127       0.329901       0.321319       0.311382       0.300102       0.287511       0.273670       0.258670       0.242635       0.225730       0.208155       0.190142       0.171950       0.153854       0.136129       0.119042       0.102833       0.087708       0.073829       0.061304       0.050193       0.040502       0.032197       0.025202       0.019415       0.014713       0.010962       0.008025       0.005769       0.004070       0.002817       0.001910       0.001269       0.000825       0.000524       0.000324       0.000197       0.000129       0.000138       0.000217       0.000350       0.000551       0.000854       0.001314       0.002016       0.003080       0.004673       0.007012       0.010367       0.015058       0.021446       0.029913       0.040837       0.054557       0.071327       0.091283       0.114398       0.140463       0.169071       0.199633       0.231411       0.263559       0.295192       0.325437       0.353494       0.378671       0.400387       0.418153       0.431552       0.440239       0.444029       0.443051       0.438021       0.430622       0.424086       0.424086
       0.422247       0.422247       0.428934       0.436600       0.441983       0.443382       0.440077       0.431933       0.419136       0.402018       0.380978       0.356469       0.329032       0.299320       0.268099       0.236213       0.204539       0.173923       0.145121       0.118747       0.095239       0.074840       0.057606       0.043429       0.032071       0.023208       0.016469       0.011474       0.007861       0.005309       0.003542       0.002342       0.001537       0.001003       0.000652       0.000425       0.000285       0.000213       0.000202       0.000249       0.000362       0.000556       0.000862       0.001322       0.001993       0.002943       0.004262       0.006050       0.008425       0.011519       0.015471       0.020421       0.026509       0.033859       0.042574       0.052724       0.064339       0.077399       0.091835       0.107519       0.124276       0.141884       0.160087       0.178609       0.197164       0.215476       0.233286       0.250365       0.266518       0.281591       0.295466       0.308061       0.319325       0.329233       0.337777       0.344964       0.350810       0.355331       0.358545       0.360468       0.361107       0.360468       0.358545       0.355331       0.350810       0.344964       0.337777       0.329233       0.319325       0.308061       0.295466       0.281591       0.266518       0.250365       0.233286       0.215476       0.197164       0.178609       0.160087       0.141884       0.124276       0.107519       0.091835       0.077399       0.064339       0.052724       0.042574       0.033859       0.026509       0.020421       0.015471       0.011519       0.008425       0.006050       0.004262       0.002943       0.001993       0.001322       0.000862       0.000556       0.000362       0.000249       0.000202       0.000213       0.000285       0.000425       0.000652       0.001003       0.001537       0.002342       0.003542       0.005309       0.007861       0.011474       0.016469       0.023208       0.032071       0.043429       0.057606       0.074840       0.095239       0.118747       0.145121       0.173923       0.204539       0.236213       0.268099       0.299320       0.329032       0.356469       0.380978       0.402018       0.419136       0.431933       0.440077       0.443382       0.441983       0.436600       0.428934       0.422247       0.422247
       0.420356       0.420356       0.427184       0.435100       0.440817       0.442615       0.439767       0.432141       0.419920       0.403431       0.383053       0.359211       0.332408       0.303258       0.272488       0.240917       0.209405       0.178793       0.149850       0.123210       0.099339       0.078512       0.060818       0.046175       0.034367       0.025086       0.017972       0.012650       0.008760       0.005977       0.004026       0.002682       0.001770       0.001158       0.000755       0.000495       0.000336       0.000251       0.000229       0.000268       0.000378       0.000577       0.000897       0.001379       0.002084       0.003084       0.004472       0.006356       0.008859       0.012117       0.016276       0.021483       0.027878       0.035590       0.044718       0.055328       0.067443       0.081034       0.096013       0.112242       0.129527       0.147631       0.166286       0.185203       0.204091       0.222671       0.240685       0.257909       0.274153       0.289273       0.303159       0.315738       0.326968       0.336830       0.345324       0.352462       0.358261       0.362743       0.365929       0.367833       0.368467       0.367833       0.365929       0.362743       0.358261       0.352462       0.345324       0.336830       0.326968       0.315738       0.303159       0.289273       0.274153       0.257909       0.240685       0.222671       0.204091       0.185203       0.166286       0.147631       0.129527       0.112242       0.096013       0.081034       0.067443       0.055328       0.044718       0.035590       0.027878       0.021483       0.016276       0.012117       0.008859       0.006356       0.004472       0.003084       0.002084       0.001379       0.000897       0.000577       0.000378       0.000268       0.000229       0.000251       0.000336       0.000495       0.000755       0.001158       0.001770       0.002682       0.004026       0.005977       0.008760       0.012650       0.017972       0.025086       0.034367       0.046175       0.060818       0.078512       0.099339       0.123210       0.149850       0.178793       0.209405       0.240917       0.272488       0.303258       0.332408       0.359211       0.383053       0.403431       0.419920       0.432141       0.439767       0.442615       0.440817       0.435100       0.427184       0.420356       0.420356
       0.418440       0.418440       0.425401       0.433554       0.439586       0.441761       0.439349       0.432216       0.420549       0.404668       0.384939       0.361759       0.335598       0.307030       0.276745       0.245531       0.214228       0.183671       0.154632       0.127763       0.103556       0.082317       0.064166       0.049050       0.036779       0.027063       0.019555       0.013887       0.009703       0.006678       0.004533       0.003038       0.002012       0.001318       0.000855       0.000550       0.000355       0.000238       0.000193       0.000233       0.000361       0.000583       0.000927       0.001441       0.002187       0.003243       0.004708       0.006694       0.009331       0.012762       0.017137       0.022609       0.029321       0.037400       0.046945       0.058018       0.070631       0.084744       0.100257       0.117013       0.134805       0.153380       0.172457       0.191738       0.210927       0.229742       0.247928       0.265265       0.281573       0.296713       0.310587       0.323130       0.334307       0.344107       0.352537       0.359613       0.365357       0.369793       0.372944       0.374828       0.375454       0.374828       0.372944       0.369793       0.365357       0.359613       0.352537       0.344107       0.334307       0.323130       0.310587       0.296713       0.281573       0.265265       0.247928       0.229742       0.210927       0.191738       0.172457       0.153380       0.134805       0.117013       0.100257       0.084744       0.070631       0.058018       0.046945       0.037400       0.029321       0.022609       0.017137       0.012762       0.009331       0.006694       0.004708       0.003243       0.002187       0.001441       0.000927       0.000583       0.000361       0.000233       0.000193       0.000238       0.000355       0.000550       0.000855       0.001318       0.002012       0.003038       0.004533       0.006678       0.009703       0.013887       0.019555       0.027063       0.036779       0.049050       0.064166       0.082317       0.103556       0.127763       0.154632       0.183671       0.214228       0.245531       0.276745       0.307030       0.335598       0.361759       0.384939       0.404668       0.420549       0.432216       0.439349       0.441761       0.439586       0.433554       0.425401       0.418440       0.418440
       0.416520       0.416520       0.423607       0.431984       0.438314       0.440849       0.438851       0.432189       0.421053       0.405761       0.386666       0.364142       0.338626       0.310653       0.280879       0.250056       0.219002       0.188541       0.159446       0.132382       0.107865       0.086229       0.067627       0.052035       0.039291       0.029127       0.021209       0.015181       0.010690       0.007412       0.005064       0.003412       0.002267       0.001485       0.000956       0.000600       0.000359       0.000191       0.000093       0.000162       0.000335       0.000591       0.000966       0.001515       0.002307       0.003425       0.004972       0.007068       0.009849       0.013462       0.018064       0.023810       0.030847       0.039301       0.049268       0.060805       0.073914       0.088542       0.104575       0.121842       0.140118       0.159137       0.178606       0.198219       0.217675       0.236691       0.255017       0.272436       0.288778       0.303913       0.317750       0.330234       0.341340       0.351063       0.359415       0.366418       0.372097       0.376481       0.379593       0.381452       0.382070       0.381452       0.379593       0.376481       0.372097       0.366418       0.359415       0.351063       0.341340       0.330234       0.317750       0.303913       0.288778       0.272436       0.255017       0.236691       0.217675       0.198219       0.178606       0.159137       0.140118       0.121842       0.104575       0.088542       0.073914       0.060805       0.049268       0.039301       0.030847       0.023810       0.018064       0.013462       0.009849       0.007068       0.004972       0.003425       0.002307       0.001515       0.000966       0.000591       0.000335       0.000162       0.000093       0.000191       0.000359       0.000600       0.000956       0.001485       0.002267       0.003412       0.005064       0.007412       0.010690       0.015181       0.021209       0.029127       0.039291       0.052035       0.067627       0.086229       0.107865       0.132382       0.159446       0.188541       0.219002       0.250056       0.280879       0.310653       0.338626       0.364142       0.386666       0.405761       0.421053       0.432189       0.438851       0.440849       0.438314       0.431984       0.423607       0.416520       0.416520
       0.414611       0.414611       0.421817       0.430406       0.437021       0.439897       0.438294       0.432083       0.421458       0.406736       0.388259       0.366381       0.341508       0.314140       0.284893       0.254489       0.223718       0.193389       0.164272       0.137045       0.112241       0.090225       0.071178       0.055111       0.041889       0.031267       0.022929       0.016529       0.011721       0.008180       0.005623       0.003807       0.002540       0.001667       0.001073       0.000671       0.000394       0.000197       0.000063       0.000157       0.000353       0.000629       0.001029       0.001612       0.002451       0.003635       0.005272       0.007487       0.010420       0.014226       0.019065       0.025096       0.032467       0.041304       0.051700       0.063701       0.077303       0.092439       0.108980       0.126739       0.145475       0.164911       0.184740       0.204651       0.224339       0.243522       0.261953       0.279424       0.295771       0.310873       0.324650       0.337056       0.348072       0.357702       0.365963       0.372881       0.378488       0.382811       0.385879       0.387711       0.388320       0.387711       0.385879       0.382811       0.378488       0.372881       0.365963       0.357702       0.348072       0.337056       0.324650       0.310873       0.295771       0.279424       0.261953       0.243522       0.224339       0.204651       0.184740       0.164911       0.145475       0.126739       0.108980       0.092439       0.077303       0.063701       0.051700       0.041304       0.032467       0.025096       0.019065       0.014226       0.010420       0.007487       0.005272       0.003635       0.002451       0.001612       0.001029       0.000629       0.000353       0.000157       0.000063       0.000197       0.000394       0.000671       0.001073       0.001667       0.002540       0.003807       0.005623       0.008180       0.011721       0.016529       0.022929       0.031267       0.041889       0.055111       0.071178       0.090225       0.112241       0.137045       0.164272       0.193389       0.223718       0.254489       0.284893       0.314140       0.341508       0.366381       0.388259       0.406736       0.421458       0.432083       0.438294       0.439897       0.437021       0.430406       0.421817       0.414611       0.414611
       0.412722       0.412722       0.420041       0.428833       0.435718       0.438921       0.437695       0.431917       0.421782       0.407610       0.389735       0.368492       0.344258       0.317498       0.288792       0.258827       0.228365       0.198198       0.169092       0.141729       0.116662       0.094283       0.074802       0.058264       0.044562       0.033476       0.024710       0.017930       0.012796       0.008986       0.006212       0.004228       0.002834       0.001871       0.001215       0.000774       0.000484       0.000303       0.000225       0.000275       0.000437       0.000708       0.001122       0.001736       0.002624       0.003879       0.005613       0.007955       0.011052       0.015062       0.020150       0.026478       0.034193       0.043422       0.054250       0.066719       0.080810       0.096445       0.113480       0.131711       0.150884       0.170706       0.190864       0.211038       0.230924       0.250239       0.268742       0.286232       0.302555       0.317599       0.331292       0.343599       0.354509       0.364030       0.372188       0.379012       0.384536       0.388794       0.391813       0.393616       0.394215       0.393616       0.391813       0.388794       0.384536       0.379012       0.372188       0.364030       0.354509       0.343599       0.331292       0.317599       0.302555       0.286232       0.268742       0.250239       0.230924       0.211038       0.190864       0.170706       0.150884       0.131711       0.113480       0.096445       0.080810       0.066719       0.054250       0.043422       0.034193       0.026478       0.020150       0.015062       0.011052       0.007955       0.005613       0.003879       0.002624       0.001736       0.001122       0.000708       0.000437       0.000275       0.000225       0.000303       0.000484       0.000774       0.001215       0.001871       0.002834       0.004228       0.006212       0.008986       0.012796       0.017930       0.024710       0.033476       0.044562       0.058264       0.074802       0.094283       0.116662       0.141729       0.169092       0.198198       0.228365       0.258827       0.288792       0.317498       0.344258       0.368492       0.389735       0.407610       0.421782       0.431917       0.437695       0.438921       0.435718       0.428833       0.420041       0.412722       0.412722
       0.410860       0.410860       0.418287       0.427271       0.434415       0.437930       0.437066       0.431702       0.422040       0.408400       0.391109       0.370487       0.346884       0.320732       0.292575       0.263063       0.232933       0.202955       0.173887       0.146416       0.121111       0.098386       0.078484       0.061481       0.047301       0.035749       0.026550       0.019383       0.013916       0.009829       0.006832       0.004675       0.003151       0.002093       0.001373       0.000897       0.000594       0.000422       0.000357       0.000393       0.000536       0.000803       0.001232       0.001880       0.002824       0.004158       0.005998       0.008478       0.011751       0.015978       0.021327       0.027964       0.036036       0.045664       0.056931       0.069868       0.084446       0.100571       0.118084       0.136766       0.156349       0.176529       0.196982       0.217386       0.237432       0.256845       0.275387       0.292866       0.309135       0.324095       0.337684       0.349872       0.360658       0.370057       0.378100       0.384820       0.390255       0.394441       0.397408       0.399179       0.399767       0.399179       0.397408       0.394441       0.390255       0.384820       0.378100       0.370057       0.360658       0.349872       0.337684       0.324095       0.309135       0.292866       0.275387       0.256845       0.237432       0.217386       0.196982       0.176529       0.156349       0.136766       0.118084       0.100571       0.084446       0.069868       0.056931       0.045664       0.036036       0.027964       0.021327       0.015978       0.011751       0.008478       0.005998       0.004158       0.002824       0.001880       0.001232       0.000803       0.000536       0.000393       0.000357       0.000422       0.000594       0.000897       0.001373       0.002093       0.003151       0.004675       0.006832       0.009829       0.013916       0.019383       0.026550       0.035749       0.047301       0.061481       0.078484       0.098386       0.121111       0.146416       0.173887       0.202955       0.232933       0.263063       0.292575       0.320732       0.346884       0.370487       0.391109       0.408400       0.422040       0.431702       0.437066       0.437930       0.434415       0.427271       0.418287       0.410860       0.410860
       0.409029       0.409029       0.416558       0.425727       0.433119       0.436933       0.436416       0.431449       0.422241       0.409114       0.392391       0.372376       0.349394       0.323847       0.296241       0.267195       0.237414       0.207648       0.178644       0.151090       0.125569       0.102519       0.082211       0.064752       0.050098       0.038081       0.028446       0.020888       0.015082       0.010712       0.007486       0.005149       0.003487       0.002327       0.001535       0.001009       0.000675       0.000485       0.000411       0.000445       0.000594       0.000879       0.001341       0.002038       0.003049       0.004473       0.006431       0.009063       0.012523       0.016981       0.022606       0.029565       0.038004       0.048041       0.059753       0.073158       0.088218       0.104822       0.122798       0.141910       0.161877       0.182383       0.203098       0.223695       0.243868       0.263343       0.281891       0.299328       0.315518       0.330370       0.343832       0.355883       0.366530       0.375794       0.383711       0.390319       0.395658       0.399768       0.402678       0.404415       0.404992       0.404415       0.402678       0.399768       0.395658       0.390319       0.383711       0.375794       0.366530       0.355883       0.343832       0.330370       0.315518       0.299328       0.281891       0.263343       0.243868       0.223695       0.203098       0.182383       0.161877       0.141910       0.122798       0.104822       0.088218       0.073158       0.059753       0.048041       0.038004       0.029565       0.022606       0.016981       0.012523       0.009063       0.006431       0.004473       0.003049       0.002038       0.001341       0.000879       0.000594       0.000445       0.000411       0.000485       0.000675       0.001009       0.001535       0.002327       0.003487       0.005149       0.007486       0.010712       0.015082       0.020888       0.028446       0.038081       0.050098       0.064752       0.082211       0.102519       0.125569       0.151090       0.178644       0.207648       0.237414       0.267195       0.296241       0.323847       0.349394       0.372376       0.392391       0.409114       0.422241       0.431449       0.436416       0.436933       0.433119       0.425727       0.416558       0.409029       0.409029
       0.407231       0.407231       0.414858       0.424204       0.431834       0.435934       0.435750       0.431166       0.422395       0.409763       0.393590       0.374166       0.351794       0.326844       0.299791       0.271219       0.241801       0.212266       0.183349       0.155737       0.130025       0.106669       0.085972       0.068069       0.052948       0.040468       0.030397       0.022444       0.016295       0.011635       0.008173       0.005649       0.003842       0.002571       0.001694       0.001100       0.000708       0.000465       0.000355       0.000397       0.000589       0.000926       0.001444       0.002208       0.003301       0.004829       0.006918       0.009714       0.013377       0.018079       0.023995       0.031288       0.040106       0.050562       0.062722       0.076597       0.092133       0.109206       0.127627       0.147147       0.167470       0.188271       0.209213       0.229968       0.250232       0.269736       0.288258       0.305624       0.321708       0.336429       0.349744       0.361642       0.372135       0.381253       0.389034       0.395522       0.400760       0.404788       0.407640       0.409341       0.409906       0.409341       0.407640       0.404788       0.400760       0.395522       0.389034       0.381253       0.372135       0.361642       0.349744       0.336429       0.321708       0.305624       0.288258       0.269736       0.250232       0.229968       0.209213       0.188271       0.167470       0.147147       0.127627       0.109206       0.092133       0.076597       0.062722       0.050562       0.040106       0.031288       0.023995       0.018079       0.013377       0.009714       0.006918       0.004829       0.003301       0.002208       0.001444       0.000926       0.000589       0.000397       0.000355       0.000465       0.000708       0.001100       0.001694       0.002571       0.003842       0.005649       0.008173       0.011635       0.016295       0.022444       0.030397       0.040468       0.052948       0.068069       0.085972       0.106669       0.130025       0.155737       0.183349       0.212266       0.241801       0.271219       0.299791       0.326844       0.351794       0.374166       0.393590       0.409763       0.422395       0.431166       0.435750       0.435934       0.431834       0.424204       0.414858       0.407231       0.407231
       0.405467       0.405467       0.413187       0.422703       0.430562       0.434938       0.435074       0.430857       0.422507       0.410353       0.394712       0.375863       0.354087       0.329728       0.303225       0.275130       0.246087       0.216801       0.187993       0.160346       0.134465       0.110826       0.089756       0.071424       0.055845       0.042907       0.032400       0.024051       0.017554       0.012600       0.008896       0.006178       0.004220       0.002832       0.001862       0.001190       0.000723       0.000392       0.000183       0.000269       0.000558       0.000973       0.001563       0.002404       0.003590       0.005233       0.007466       0.010439       0.014319       0.019281       0.025500       0.033143       0.042351       0.053233       0.065846       0.080190       0.096196       0.113726       0.132574       0.152477       0.173128       0.194191       0.215327       0.236206       0.256525       0.276025       0.294490       0.311757       0.327710       0.342278       0.355428       0.367158       0.377485       0.386446       0.394084       0.400445       0.405576       0.409520       0.412310       0.413973       0.414526       0.413973       0.412310       0.409520       0.405576       0.400445       0.394084       0.386446       0.377485       0.367158       0.355428       0.342278       0.327710       0.311757       0.294490       0.276025       0.256525       0.236206       0.215327       0.194191       0.173128       0.152477       0.132574       0.113726       0.096196       0.080190       0.065846       0.053233       0.042351       0.033143       0.025500       0.019281       0.014319       0.010439       0.007466       0.005233       0.003590       0.002404       0.001563       0.000973       0.000558       0.000269       0.000183       0.000392       0.000723       0.001190       0.001862       0.002832       0.004220       0.006178       0.008896       0.012600       0.017554       0.024051       0.032400       0.042907       0.055845       0.071424       0.089756       0.110826       0.134465       0.160346       0.187993       0.216801       0.246087       0.275130       0.303225       0.329728       0.354087       0.375863       0.394712       0.410353       0.422507       0.430857       0.435074       0.434938       0.430562       0.422703       0.413187       0.405467       0.405467
       0.403737       0.403737       0.411548       0.421227       0.429305       0.433947       0.434391       0.430527       0.422582       0.410889       0.395763       0.377472       0.356279       0.332500       0.306543       0.278928       0.250269       0.221247       0.192566       0.164907       0.138881       0.114980       0.093557       0.074809       0.058783       0.045394       0.034454       0.025708       0.018860       0.013608       0.009657       0.006742       0.004628       0.003122       0.002062       0.001321       0.000798       0.000415       0.000136       0.000263       0.000611       0.001080       0.001732       0.002649       0.003930       0.005696       0.008082       0.011245       0.015356       0.020592       0.027130       0.035134       0.044744       0.056059       0.069130       0.083941       0.100410       0.118382       0.137638       0.157900       0.178849       0.200143       0.221438       0.242405       0.262747       0.282210       0.300588       0.317730       0.333529       0.347925       0.360894       0.372440       0.382591       0.391385       0.398872       0.405102       0.410122       0.413978       0.416704       0.418329       0.418869       0.418329       0.416704       0.413978       0.410122       0.405102       0.398872       0.391385       0.382591       0.372440       0.360894       0.347925       0.333529       0.317730       0.300588       0.282210       0.262747       0.242405       0.221438       0.200143       0.178849       0.157900       0.137638       0.118382       0.100410       0.083941       0.069130       0.056059       0.044744       0.035134       0.027130       0.020592       0.015356       0.011245       0.008082       0.005696       0.003930       0.002649       0.001732       0.001080       0.000611       0.000263       0.000136       0.000415       0.000798       0.001321       0.002062       0.003122       0.004628       0.006742       0.009657       0.013608       0.018860       0.025708       0.034454       0.045394       0.058783       0.074809       0.093557       0.114980       0.138881       0.164907       0.192566       0.221247       0.250269       0.278928       0.306543       0.332500       0.356279       0.377472       0.395763       0.410889       0.422582       0.430527       0.434391       0.433947       0.429305       0.421227       0.411548       0.403737       0.403737
       0.402041       0.402041       0.409938       0.419775       0.428065       0.432963       0.433703       0.430180       0.422624       0.411376       0.396747       0.378998       0.358373       0.335162       0.309746       0.282611       0.254343       0.225597       0.197062       0.169412       0.143263       0.119122       0.097366       0.078220       0.061758       0.047925       0.036556       0.027412       0.020212       0.014657       0.010456       0.007339       0.005070       0.003447       0.002306       0.001516       0.000976       0.000622       0.000450       0.000521       0.000809       0.001279       0.001968       0.002952       0.004330       0.006223       0.008772       0.012138       0.016494       0.022018       0.028889       0.037268       0.047289       0.059046       0.072575       0.087850       0.104773       0.123174       0.142817       0.163412       0.184629       0.206121       0.227541       0.248562       0.268893       0.288289       0.306553       0.323545       0.339168       0.353374       0.366146       0.377498       0.387462       0.396083       0.403413       0.409506       0.414413       0.418178       0.420840       0.422425       0.422952       0.422425       0.420840       0.418178       0.414413       0.409506       0.403413       0.396083       0.387462       0.377498       0.366146       0.353374       0.339168       0.323545       0.306553       0.288289       0.268893       0.248562       0.227541       0.206121       0.184629       0.163412       0.142817       0.123174       0.104773       0.087850       0.072575       0.059046       0.047289       0.037268       0.028889       0.022018       0.016494       0.012138       0.008772       0.006223       0.004330       0.002952       0.001968       0.001279       0.000809       0.000521       0.000450       0.000622       0.000976       0.001516       0.002306       0.003447       0.005070       0.007339       0.010456       0.014657       0.020212       0.027412       0.036556       0.047925       0.061758       0.078220       0.097366       0.119122       0.143263       0.169412       0.197062       0.225597       0.254343       0.282611       0.309746       0.335162       0.358373       0.378998       0.396747       0.411376       0.422624       0.430180       0.433703       0.432963       0.428065       0.419775       0.409938       0.402041       0.402041
       0.400378       0.400378       0.408359       0.418347       0.426842       0.431987       0.433013       0.429817       0.422637       0.411817       0.397669       0.380445       0.360372       0.337719       0.312836       0.286179       0.258306       0.229847       0.201474       0.173855       0.147604       0.123247       0.101178       0.081649       0.064765       0.050496       0.038702       0.029163       0.021609       0.015747       0.011290       0.007967       0.005537       0.003797       0.002577       0.001745       0.001201       0.000880       0.000751       0.000812       0.001068       0.001534       0.002255       0.003305       0.004784       0.006814       0.009538       0.013120       0.017735       0.023563       0.030780       0.039546       0.049989       0.062193       0.076182       0.091917       0.109284       0.128097       0.148105       0.169006       0.190461       0.212118       0.233630       0.254673       0.274962       0.294260       0.312385       0.329203       0.344632       0.358631       0.371194       0.382340       0.392109       0.400550       0.407719       0.413672       0.418462       0.422136       0.424731       0.426277       0.426790       0.426277       0.424731       0.422136       0.418462       0.413672       0.407719       0.400550       0.392109       0.382340       0.371194       0.358631       0.344632       0.329203       0.312385       0.294260       0.274962       0.254673       0.233630       0.212118       0.190461       0.169006       0.148105       0.128097       0.109284       0.091917       0.076182       0.062193       0.049989       0.039546       0.030780       0.023563       0.017735       0.013120       0.009538       0.006814       0.004784       0.003305       0.002255       0.001534       0.001068       0.000812       0.000751       0.000880       0.001201       0.001745       0.002577       0.003797       0.005537       0.007967       0.011290       0.015747       0.021609       0.029163       0.038702       0.050496       0.064765       0.081649       0.101178       0.123247       0.147604       0.173855       0.201474       0.229847       0.258306       0.286179       0.312836       0.337719       0.360372       0.380445       0.397669       0.411817       0.422637       0.429817       0.433013       0.431987       0.426842       0.418347       0.408359       0.400378       0.400378
       0.398747       0.398747       0.406808       0.416943       0.425636       0.431019       0.432321       0.429441       0.422623       0.412215       0.398531       0.381816       0.362281       0.340171       0.315813       0.289633       0.262158       0.233996       0.205800       0.178228       0.151899       0.127345       0.104984       0.085091       0.067798       0.053104       0.040891       0.030958       0.023047       0.016875       0.012156       0.008619       0.006020       0.004151       0.002840       0.001950       0.001380       0.001058       0.000942       0.001014       0.001282       0.001777       0.002552       0.003687       0.005282       0.007464       0.010378       0.014192       0.019081       0.025227       0.032806       0.041971       0.052844       0.065499       0.079948       0.096137       0.113936       0.133143       0.153494       0.174674       0.196337       0.218127       0.239697       0.260729       0.280946       0.300120       0.318080       0.334705       0.349922       0.363700       0.376042       0.386974       0.396541       0.404797       0.411801       0.417612       0.422284       0.425864       0.428393       0.429898       0.430398       0.429898       0.428393       0.425864       0.422284       0.417612       0.411801       0.404797       0.396541       0.386974       0.376042       0.363700       0.349922       0.334705       0.318080       0.300120       0.280946       0.260729       0.239697       0.218127       0.196337       0.174674       0.153494       0.133143       0.113936       0.096137       0.079948       0.065499       0.052844       0.041971       0.032806       0.025227       0.019081       0.014192       0.010378       0.007464       0.005282       0.003687       0.002552       0.001777       0.001282       0.001014       0.000942       0.001058       0.001380       0.001950       0.002840       0.004151       0.006020       0.008619       0.012156       0.016875       0.023047       0.030958       0.040891       0.053104       0.067798       0.085091       0.104984       0.127345       0.151899       0.178228       0.205800       0.233996       0.262158       0.289633       0.315813       0.340171       0.362281       0.381816       0.398531       0.412215       0.422623       0.429441       0.432321       0.431019       0.425636       0.416943       0.406808       0.398747       0.398747
       0.397147       0.397147       0.405286       0.415562       0.424447       0.430061       0.431629       0.429053       0.422584       0.412574       0.399338       0.383114       0.364101       0.342523       0.318680       0.292972       0.265897       0.238040       0.210034       0.182529       0.156140       0.131413       0.108779       0.088540       0.070854       0.055744       0.043118       0.032793       0.024525       0.018040       0.013052       0.009292       0.006511       0.004496       0.003069       0.002086       0.001443       0.001074       0.000948       0.001054       0.001386       0.001961       0.002831       0.004080       0.005816       0.008169       0.011292       0.015354       0.020534       0.027013       0.034966       0.044540       0.055851       0.068960       0.083868       0.100503       0.118720       0.138303       0.158972       0.180403       0.202243       0.224134       0.245732       0.266722       0.286839       0.305864       0.323637       0.340049       0.355039       0.368584       0.380696       0.391407       0.400767       0.408834       0.415671       0.421337       0.425890       0.429377       0.431839       0.433304       0.433790       0.433304       0.431839       0.429377       0.425890       0.421337       0.415671       0.408834       0.400767       0.391407       0.380696       0.368584       0.355039       0.340049       0.323637       0.305864       0.286839       0.266722       0.245732       0.224134       0.202243       0.180403       0.158972       0.138303       0.118720       0.100503       0.083868       0.068960       0.055851       0.044540       0.034966       0.027013       0.020534       0.015354       0.011292       0.008169       0.005816       0.004080       0.002831       0.001961       0.001386       0.001054       0.000948       0.001074       0.001443       0.002086       0.003069       0.004496       0.006511       0.009292       0.013052       0.018040       0.024525       0.032793       0.043118       0.055744       0.070854       0.088540       0.108779       0.131413       0.156140       0.182529       0.210034       0.238040       0.265897       0.292972       0.318680       0.342523       0.364101       0.383114       0.399338       0.412574       0.422584       0.429053       0.431629       0.430061       0.424447       0.415562       0.405286       0.397147       0.397147
       0.395577       0.395577       0.403791       0.414205       0.423274       0.429111       0.430937       0.428655       0.422522       0.412896       0.400092       0.384343       0.365837       0.344777       0.321439       0.296197       0.269524       0.241977       0.214174       0.186751       0.160324       0.135443       0.112558       0.091990       0.073926       0.058412       0.045381       0.034668       0.026044       0.019241       0.013981       0.009990       0.007017       0.004841       0.003274       0.002163       0.001393       0.000901       0.000722       0.000913       0.001383       0.002094       0.003098       0.004491       0.006390       0.008934       0.012282       0.016608       0.022093       0.028920       0.037258       0.047252       0.059006       0.072570       0.087932       0.105004       0.123625       0.143563       0.164526       0.186180       0.208168       0.230129       0.251722       0.272643       0.292632       0.311485       0.329052       0.345235       0.359984       0.373286       0.385160       0.395644       0.404793       0.412670       0.419338       0.424859       0.429293       0.432686       0.435081       0.436506       0.436979       0.436506       0.435081       0.432686       0.429293       0.424859       0.419338       0.412670       0.404793       0.395644       0.385160       0.373286       0.359984       0.345235       0.329052       0.311485       0.292632       0.272643       0.251722       0.230129       0.208168       0.186180       0.164526       0.143563       0.123625       0.105004       0.087932       0.072570       0.059006       0.047252       0.037258       0.028920       0.022093       0.016608       0.012282       0.008934       0.006390       0.004491       0.003098       0.002094       0.001383       0.000913       0.000722       0.000901       0.001393       0.002163       0.003274       0.004841       0.007017       0.009990       0.013981       0.019241       0.026044       0.034668       0.045381       0.058412       0.073926       0.091990       0.112558       0.135443       0.160324       0.186751       0.214174       0.241977       0.269524       0.296197       0.321439       0.344777       0.365837       0.384343       0.400092       0.412896       0.422522       0.428655       0.430937       0.429111       0.423274       0.414205       0.403791       0.395577       0.395577
       0.394036       0.394036       0.402322       0.412869       0.422118       0.428171       0.430245       0.428248       0.422439       0.413182       0.400796       0.385507       0.367491       0.346935       0.324093       0.299311       0.273038       0.245808       0.218217       0.190892       0.164444       0.139430       0.116313       0.095437       0.077009       0.061104       0.047676       0.036580       0.027602       0.020483       0.014948       0.010725       0.007558       0.005219       0.003509       0.002263       0.001343       0.000645       0.000266       0.000707       0.001383       0.002251       0.003401       0.004948       0.007021       0.009768       0.013354       0.017957       0.023761       0.030947       0.039681       0.050100       0.062301       0.076320       0.092130       0.109628       0.128637       0.148908       0.170140       0.191989       0.214093       0.236094       0.257655       0.278478       0.298316       0.316976       0.334319       0.350260       0.364757       0.377808       0.389438       0.399691       0.408627       0.416312       0.422810       0.428188       0.432502       0.435803       0.438131       0.439516       0.439975       0.439516       0.438131       0.435803       0.432502       0.428188       0.422810       0.416312       0.408627       0.399691       0.389438       0.377808       0.364757       0.350260       0.334319       0.316976       0.298316       0.278478       0.257655       0.236094       0.214093       0.191989       0.170140       0.148908       0.128637       0.109628       0.092130       0.076320       0.062301       0.050100       0.039681       0.030947       0.023761       0.017957       0.013354       0.009768       0.007021       0.004948       0.003401       0.002251       0.001383       0.000707       0.000266       0.000645       0.001343       0.002263       0.003509       0.005219       0.007558       0.010725       0.014948       0.020483       0.027602       0.036580       0.047676       0.061104       0.077009       0.095437       0.116313       0.139430       0.164444       0.190892       0.218217       0.245808       0.273038       0.299311       0.324093       0.346935       0.367491       0.385507       0.400796       0.413182       0.422439       0.428248       0.430245       0.428171       0.422118       0.412869       0.402322       0.394036       0.394036
       0.392522       0.392522       0.400878       0.411554       0.420977       0.427240       0.429555       0.427832       0.422335       0.413436       0.401451       0.386606       0.369066       0.349001       0.326643       0.302315       0.276440       0.249529       0.222161       0.194947       0.168496       0.143369       0.120040       0.098873       0.080098       0.063814       0.049999       0.038526       0.029198       0.021765       0.015958       0.011507       0.008153       0.005664       0.003836       0.002496       0.001502       0.000754       0.000381       0.000834       0.001576       0.002535       0.003800       0.005486       0.007730       0.010682       0.014514       0.019403       0.025535       0.033089       0.042227       0.053078       0.065727       0.080198       0.096449       0.114360       0.133737       0.154320       0.175795       0.197810       0.220002       0.242014       0.263515       0.284217       0.303882       0.322329       0.339434       0.355120       0.369357       0.382151       0.393532       0.403553       0.412275       0.419767       0.426097       0.431331       0.435527       0.438736       0.440998       0.442344       0.442790       0.442344       0.440998       0.438736       0.435527       0.431331       0.426097       0.419767       0.412275       0.403553       0.393532       0.382151       0.369357       0.355120       0.339434       0.322329       0.303882       0.284217       0.263515       0.242014       0.220002       0.197810       0.175795       0.154320       0.133737       0.114360       0.096449       0.080198       0.065727       0.053078       0.042227       0.033089       0.025535       0.019403       0.014514       0.010682       0.007730       0.005486       0.003800       0.002535       0.001576       0.000834       0.000381       0.000754       0.001502       0.002496       0.003836       0.005664       0.008153       0.011507       0.015958       0.021765       0.029198       0.038526       0.049999       0.063814       0.080098       0.098873       0.120040       0.143369       0.168496       0.194947       0.222161       0.249529       0.276440       0.302315       0.326643       0.349001       0.369066       0.386606       0.401451       0.413436       0.422335       0.427832       0.429555       0.427240       0.420977       0.411554       0.400878       0.392522       0.392522
       0.391034       0.391034       0.399459       0.410259       0.419851       0.426317       0.428866       0.427407       0.422213       0.413657       0.402060       0.387644       0.370565       0.350976       0.329091       0.305210       0.279730       0.253142       0.226003       0.198914       0.172476       0.147253       0.123732       0.102292       0.083186       0.066537       0.052344       0.040502       0.030827       0.023084       0.017009       0.012334       0.008804       0.006184       0.004272       0.002897       0.001931       0.001313       0.001103       0.001375       0.002021       0.002985       0.004317       0.006119       0.008523       0.011681       0.015761       0.020943       0.027412       0.035342       0.044889       0.056174       0.069271       0.084189       0.100871       0.119179       0.138907       0.159778       0.181469       0.203624       0.225876       0.247872       0.269287       0.289844       0.309317       0.327537       0.344390       0.359812       0.373783       0.386315       0.397447       0.407234       0.415742       0.423043       0.429206       0.434298       0.438377       0.441495       0.443693       0.445000       0.445433       0.445000       0.443693       0.441495       0.438377       0.434298       0.429206       0.423043       0.415742       0.407234       0.397447       0.386315       0.373783       0.359812       0.344390       0.327537       0.309317       0.289844       0.269287       0.247872       0.225876       0.203624       0.181469       0.159778       0.138907       0.119179       0.100871       0.084189       0.069271       0.056174       0.044889       0.035342       0.027412       0.020943       0.015761       0.011681       0.008523       0.006119       0.004317       0.002985       0.002021       0.001375       0.001103       0.001313       0.001931       0.002897       0.004272       0.006184       0.008804       0.012334       0.017009       0.023084       0.030827       0.040502       0.052344       0.066537       0.083186       0.102292       0.123732       0.147253       0.172476       0.198914       0.226003       0.253142       0.279730       0.305210       0.329091       0.350976       0.370565       0.387644       0.402060       0.413657       0.422213       0.427407       0.428866       0.426317       0.419851       0.410259       0.399459       0.391034       0.391034
       0.389572       0.389572       0.398062       0.408984       0.418740       0.425403       0.428178       0.426976       0.422073       0.413848       0.402626       0.388624       0.371990       0.352864       0.331441       0.307997       0.282909       0.256644       0.229742       0.202789       0.176379       0.151079       0.127383       0.105688       0.086268       0.069266       0.054705       0.042500       0.032483       0.024430       0.018087       0.013190       0.009487       0.006744       0.004762       0.003374       0.002455       0.001929       0.001776       0.001996       0.002578       0.003532       0.004916       0.006825       0.009388       0.012753       0.017088       0.022571       0.029383       0.037695       0.047656       0.059376       0.072918       0.088276       0.105376       0.124067       0.144123       0.165260       0.187141       0.209408       0.231693       0.253647       0.274955       0.295347       0.314611       0.332590       0.349182       0.364333       0.378033       0.390301       0.401182       0.410736       0.419033       0.426144       0.432143       0.437095       0.441060       0.444089       0.446224       0.447492       0.447913       0.447492       0.446224       0.444089       0.441060       0.437095       0.432143       0.426144       0.419033       0.410736       0.401182       0.390301       0.378033       0.364333       0.349182       0.332590       0.314611       0.295347       0.274955       0.253647       0.231693       0.209408       0.187141       0.165260       0.144123       0.124067       0.105376       0.088276       0.072918       0.059376       0.047656       0.037695       0.029383       0.022571       0.017088       0.012753       0.009388       0.006825       0.004916       0.003532       0.002578       0.001996       0.001776       0.001929       0.002455       0.003374       0.004762       0.006744       0.009487       0.013190       0.018087       0.024430       0.032483       0.042500       0.054705       0.069266       0.086268       0.105688       0.127383       0.151079       0.176379       0.202789       0.229742       0.256644       0.282909       0.307997       0.331441       0.352864       0.371990       0.388624       0.402626       0.413848       0.422073       0.426976       0.428178       0.425403       0.418740       0.408984       0.398062       0.389572       0.389572
       0.388133       0.388133       0.396687       0.407727       0.417643       0.424498       0.427492       0.426538       0.421916       0.414011       0.403149       0.389547       0.373344       0.354667       0.333693       0.310679       0.285978       0.260037       0.233377       0.206569       0.180201       0.154840       0.130988       0.109055       0.089336       0.071995       0.057076       0.044514       0.034157       0.025793       0.019177       0.014050       0.010162       0.007283       0.005211       0.003783       0.002868       0.002376       0.002253       0.002480       0.003068       0.004058       0.005522       0.007558       0.010294       0.013879       0.018480       0.024273       0.031437       0.040136       0.050513       0.062668       0.076650       0.092439       0.109944       0.128999       0.149363       0.170740       0.192787       0.215139       0.237432       0.259321       0.280500       0.300710       0.319751       0.337479       0.353802       0.368678       0.382105       0.394109       0.404741       0.414064       0.422151       0.429077       0.434914       0.439729       0.443582       0.446525       0.448598       0.449829       0.450238       0.449829       0.448598       0.446525       0.443582       0.439729       0.434914       0.429077       0.422151       0.414064       0.404741       0.394109       0.382105       0.368678       0.353802       0.337479       0.319751       0.300710       0.280500       0.259321       0.237432       0.215139       0.192787       0.170740       0.149363       0.128999       0.109944       0.092439       0.076650       0.062668       0.050513       0.040136       0.031437       0.024273       0.018480       0.013879       0.010294       0.007558       0.005522       0.004058       0.003068       0.002480       0.002253       0.002376       0.002868       0.003783       0.005211       0.007283       0.010162       0.014050       0.019177       0.025793       0.034157       0.044514       0.057076       0.071995       0.089336       0.109055       0.130988       0.154840       0.180201       0.206569       0.233377       0.260037       0.285978       0.310679       0.333693       0.354667       0.373344       0.389547       0.403149       0.414011       0.421916       0.426538       0.427492       0.424498       0.417643       0.407727       0.396687       0.388133       0.388133
       0.386716       0.386716       0.395333       0.406488       0.416559       0.423600       0.426807       0.426093       0.421743       0.414146       0.403632       0.390416       0.374629       0.356387       0.335850       0.313256       0.288938       0.263319       0.236904       0.210251       0.183938       0.158531       0.134539       0.112386       0.092383       0.074716       0.059449       0.046536       0.035841       0.027165       0.020267       0.014896       0.010799       0.007748       0.005539       0.004007       0.003024       0.002506       0.002404       0.002691       0.003368       0.004470       0.006071       0.008276       0.011215       0.015041       0.019923       0.026038       0.033560       0.042652       0.053446       0.066033       0.080447       0.096655       0.114551       0.133950       0.154601       0.176193       0.198380       0.220793       0.243071       0.264874       0.285906       0.305920       0.324727       0.342195       0.358244       0.372843       0.385997       0.397738       0.408123       0.417220       0.425102       0.431845       0.437524       0.442206       0.445951       0.448809       0.450822       0.452018       0.452414       0.452018       0.450822       0.448809       0.445951       0.442206       0.437524       0.431845       0.425102       0.417220       0.408123       0.397738       0.385997       0.372843       0.358244       0.342195       0.324727       0.305920       0.285906       0.264874       0.243071       0.220793       0.198380       0.176193       0.154601       0.133950       0.114551       0.096655       0.080447       0.066033       0.053446       0.042652       0.033560       0.026038       0.019923       0.015041       0.011215       0.008276       0.006071       0.004470       0.003368       0.002691       0.002404       0.002506       0.003024       0.004007       0.005539       0.007748       0.010799       0.014896       0.020267       0.027165       0.035841       0.046536       0.059449       0.074716       0.092383       0.112386       0.134539       0.158531       0.183938       0.210251       0.236904       0.263319       0.288938       0.313256       0.335850       0.356387       0.374629       0.390416       0.403632       0.414146       0.421743       0.426093       0.426807       0.423600       0.416559       0.406488       0.395333       0.386716       0.386716
       0.385321       0.385321       0.393998       0.405265       0.415488       0.422710       0.426124       0.425642       0.421554       0.414255       0.404077       0.391232       0.375847       0.358027       0.337915       0.315731       0.291788       0.266490       0.240324       0.213832       0.187585       0.162147       0.138032       0.115676       0.095405       0.077425       0.061822       0.048565       0.037536       0.028544       0.021358       0.015727       0.011399       0.008137       0.005732       0.004014       0.002862       0.002232       0.002145       0.002574       0.003443       0.004745       0.006548       0.008967       0.012140       0.016229       0.021408       0.027854       0.035741       0.045227       0.056437       0.069450       0.084287       0.100902       0.119170       0.138894       0.159808       0.181593       0.203895       0.226346       0.248587       0.270286       0.291155       0.310960       0.329525       0.346728       0.362503       0.376824       0.389706       0.401189       0.411332       0.420205       0.427887       0.434453       0.439979       0.444531       0.448171       0.450948       0.452903       0.454064       0.454449       0.454064       0.452903       0.450948       0.448171       0.444531       0.439979       0.434453       0.427887       0.420205       0.411332       0.401189       0.389706       0.376824       0.362503       0.346728       0.329525       0.310960       0.291155       0.270286       0.248587       0.226346       0.203895       0.181593       0.159808       0.138894       0.119170       0.100902       0.084287       0.069450       0.056437       0.045227       0.035741       0.027854       0.021408       0.016229       0.012140       0.008967       0.006548       0.004745       0.003443       0.002574       0.002145       0.002232       0.002862       0.004014       0.005732       0.008137       0.011399       0.015727       0.021358       0.028544       0.037536       0.048565       0.061822       0.077425       0.095405       0.115676       0.138032       0.162147       0.187585       0.213832       0.240324       0.266490       0.291788       0.315731       0.337915       0.358027       0.375847       0.391232       0.404077       0.414255       0.421554       0.425642       0.426124       0.422710       0.415488       0.405265       0.393998       0.385321       0.385321
       0.383947       0.383947       0.392683       0.404059       0.414429       0.421828       0.425442       0.425185       0.421351       0.414339       0.404484       0.391997       0.377000       0.359588       0.339888       0.318104       0.294530       0.269550       0.243634       0.217309       0.191139       0.165683       0.141461       0.118917       0.098394       0.080117       0.064189       0.050599       0.039242       0.029939       0.022466       0.016571       0.012000       0.008509       0.005875       0.003908       0.002469       0.001559       0.001474       0.002207       0.003388       0.004956       0.007003       0.009660       0.013086       0.017450       0.022933       0.029715       0.037969       0.047847       0.059467       0.072898       0.088148       0.105153       0.123775       0.143802       0.164957       0.186911       0.209306       0.231773       0.253958       0.275536       0.296231       0.315819       0.334135       0.351071       0.366570       0.380617       0.393231       0.404460       0.414366       0.423023       0.430510       0.436905       0.442282       0.446710       0.450249       0.452948       0.454847       0.455975       0.456349       0.455975       0.454847       0.452948       0.450249       0.446710       0.442282       0.436905       0.430510       0.423023       0.414366       0.404460       0.393231       0.380617       0.366570       0.351071       0.334135       0.315819       0.296231       0.275536       0.253958       0.231773       0.209306       0.186911       0.164957       0.143802       0.123775       0.105153       0.088148       0.072898       0.059467       0.047847       0.037969       0.029715       0.022933       0.017450       0.013086       0.009660       0.007003       0.004956       0.003388       0.002207       0.001474       0.001559       0.002469       0.003908       0.005875       0.008509       0.012000       0.016571       0.022466       0.029939       0.039242       0.050599       0.064189       0.080117       0.098394       0.118917       0.141461       0.165683       0.191139       0.217309       0.243634       0.269550       0.294530       0.318104       0.339888       0.359588       0.377000       0.391997       0.404484       0.414339       0.421351       0.425185       0.425442       0.421828       0.414429       0.404059       0.392683       0.383947       0.383947
       0.382592       0.382592       0.391385       0.402867       0.413382       0.420953       0.424762       0.424724       0.421135       0.414399       0.404855       0.392714       0.378091       0.361072       0.341772       0.320378       0.297164       0.272499       0.246833       0.220681       0.194596       0.169134       0.144819       0.122104       0.101346       0.082786       0.066548       0.052637       0.040963       0.031361       0.023610       0.017465       0.012667       0.008966       0.006127       0.003938       0.002208       0.000786       0.000647       0.001952       0.003452       0.005262       0.007529       0.010413       0.014083       0.018718       0.024501       0.031616       0.040232       0.050497       0.062519       0.076356       0.092003       0.109381       0.128337       0.148646       0.170019       0.192119       0.214585       0.237049       0.259161       0.280606       0.301116       0.320480       0.338546       0.355216       0.370441       0.384217       0.396570       0.407551       0.417227       0.425675       0.432974       0.439204       0.444439       0.448747       0.452189       0.454813       0.456659       0.457755       0.458118       0.457755       0.456659       0.454813       0.452189       0.448747       0.444439       0.439204       0.432974       0.425675       0.417227       0.407551       0.396570       0.384217       0.370441       0.355216       0.338546       0.320480       0.301116       0.280606       0.259161       0.237049       0.214585       0.192119       0.170019       0.148646       0.128337       0.109381       0.092003       0.076356       0.062519       0.050497       0.040232       0.031616       0.024501       0.018718       0.014083       0.010413       0.007529       0.005262       0.003452       0.001952       0.000647       0.000786       0.002208       0.003938       0.006127       0.008966       0.012667       0.017465       0.023610       0.031361       0.040963       0.052637       0.066548       0.082786       0.101346       0.122104       0.144819       0.169134       0.194596       0.220681       0.246833       0.272499       0.297164       0.320378       0.341772       0.361072       0.378091       0.392714       0.404855       0.414399       0.421135       0.424724       0.424762       0.420953       0.413382       0.402867       0.391385       0.382592       0.382592
       0.381255       0.381255       0.390105       0.401691       0.412346       0.420085       0.424084       0.424257       0.420905       0.414437       0.405192       0.393383       0.379121       0.362482       0.343569       0.322552       0.299691       0.275336       0.249919       0.223943       0.197951       0.172495       0.148100       0.125229       0.104251       0.085426       0.068892       0.054675       0.042700       0.032813       0.024805       0.018433       0.013445       0.009588       0.006629       0.004359       0.002610       0.001366       0.001275       0.002372       0.003896       0.005802       0.008210       0.011271       0.015155       0.020041       0.026112       0.033548       0.042517       0.053158       0.065570       0.079799       0.095826       0.113558       0.132828       0.153397       0.174965       0.197190       0.219707       0.242150       0.264176       0.285476       0.305795       0.324932       0.342747       0.359153       0.374110       0.387622       0.399720       0.410462       0.419916       0.428162       0.435281       0.441353       0.446452       0.450647       0.453996       0.456548       0.458343       0.459409       0.459763       0.459409       0.458343       0.456548       0.453996       0.450647       0.446452       0.441353       0.435281       0.428162       0.419916       0.410462       0.399720       0.387622       0.374110       0.359153       0.342747       0.324932       0.305795       0.285476       0.264176       0.242150       0.219707       0.197190       0.174965       0.153397       0.132828       0.113558       0.095826       0.079799       0.065570       0.053158       0.042517       0.033548       0.026112       0.020041       0.015155       0.011271       0.008210       0.005802       0.003896       0.002372       0.001275       0.001366       0.002610       0.004359       0.006629       0.009588       0.013445       0.018433       0.024805       0.032813       0.042700       0.054675       0.068892       0.085426       0.104251       0.125229       0.148100       0.172495       0.197951       0.223943       0.249919       0.275336       0.299691       0.322552       0.343569       0.362482       0.379121       0.393383       0.405192       0.414437       0.420905       0.424257       0.424084       0.420085       0.412346       0.401691       0.390105       0.381255       0.381255
       0.379937       0.379937       0.388841       0.400529       0.411322       0.419224       0.423408       0.423787       0.420664       0.414453       0.405496       0.394007       0.380092       0.363819       0.345279       0.324630       0.302112       0.278060       0.252892       0.227094       0.201201       0.175760       0.151299       0.128285       0.107103       0.088026       0.071211       0.056702       0.044440       0.034285       0.026039       0.019469       0.014329       0.010374       0.007382       0.005164       0.003598       0.002698       0.002630       0.003376       0.004719       0.006588       0.009050       0.012234       0.016296       0.021409       0.027750       0.035496       0.044805       0.055809       0.068596       0.083201       0.099590       0.117656       0.137218       0.158024       0.179765       0.202095       0.224645       0.247053       0.268980       0.290129       0.310252       0.329163       0.346729       0.362876       0.377572       0.390827       0.402681       0.413192       0.422434       0.430488       0.437435       0.443356       0.448326       0.452412       0.455673       0.458158       0.459905       0.460943       0.461287       0.460943       0.459905       0.458158       0.455673       0.452412       0.448326       0.443356       0.437435       0.430488       0.422434       0.413192       0.402681       0.390827       0.377572       0.362876       0.346729       0.329163       0.310252       0.290129       0.268980       0.247053       0.224645       0.202095       0.179765       0.158024       0.137218       0.117656       0.099590       0.083201       0.068596       0.055809       0.044805       0.035496       0.027750       0.021409       0.016296       0.012234       0.009050       0.006588       0.004719       0.003376       0.002630       0.002698       0.003598       0.005164       0.007382       0.010374       0.014329       0.019469       0.026039       0.034285       0.044440       0.056702       0.071211       0.088026       0.107103       0.128285       0.151299       0.175760       0.201201       0.227094       0.252892       0.278060       0.302112       0.324630       0.345279       0.363819       0.380092       0.394007       0.405496       0.414453       0.420664       0.423787       0.423408       0.419224       0.411322       0.400529       0.388841       0.379937       0.379937
       0.378637       0.378637       0.387594       0.399382       0.410309       0.418372       0.422735       0.423313       0.420412       0.414449       0.405770       0.394588       0.381007       0.365086       0.346906       0.326611       0.304428       0.280673       0.255749       0.230131       0.204342       0.178924       0.154407       0.131264       0.109891       0.090576       0.073494       0.058705       0.046167       0.035754       0.027282       0.020527       0.015252       0.011225       0.008232       0.006094       0.004685       0.003950       0.003888       0.004476       0.005671       0.007478       0.009964       0.013245       0.017466       0.022791       0.029392       0.037435       0.047072       0.058425       0.071572       0.086535       0.103266       0.121645       0.141476       0.162497       0.184392       0.206807       0.229374       0.251735       0.273555       0.294547       0.314474       0.333160       0.350483       0.366378       0.380822       0.393831       0.405450       0.415741       0.424781       0.432652       0.439437       0.445215       0.450063       0.454047       0.457226       0.459647       0.461349       0.462359       0.462694       0.462359       0.461349       0.459647       0.457226       0.454047       0.450063       0.445215       0.439437       0.432652       0.424781       0.415741       0.405450       0.393831       0.380822       0.366378       0.350483       0.333160       0.314474       0.294547       0.273555       0.251735       0.229374       0.206807       0.184392       0.162497       0.141476       0.121645       0.103266       0.086535       0.071572       0.058425       0.047072       0.037435       0.029392       0.022791       0.017466       0.013245       0.009964       0.007478       0.005671       0.004476       0.003888       0.003950       0.004685       0.006094       0.008232       0.011225       0.015252       0.020527       0.027282       0.035754       0.046167       0.058705       0.073494       0.090576       0.109891       0.131264       0.154407       0.178924       0.204342       0.230131       0.255749       0.280673       0.304428       0.326611       0.346906       0.365086       0.381007       0.394588       0.405770       0.414449       0.420412       0.423313       0.422735       0.418372       0.410309       0.399382       0.387594       0.378637       0.378637
       0.377355       0.377355       0.386365       0.398250       0.409309       0.417528       0.422066       0.422838       0.420151       0.414426       0.406014       0.395127       0.381866       0.366284       0.348451       0.328498       0.306639       0.283173       0.258490       0.233051       0.207369       0.181982       0.157418       0.134158       0.112606       0.093066       0.075727       0.060666       0.047857       0.037189       0.028487       0.021540       0.016119       0.011997       0.008968       0.006851       0.005506       0.004835       0.004781       0.005324       0.006475       0.008279       0.010821       0.014216       0.018605       0.024145       0.031002       0.039335       0.049290       0.060979       0.074470       0.089772       0.106824       0.125494       0.145573       0.166789       0.188817       0.211300       0.233871       0.256174       0.277882       0.298715       0.318448       0.336913       0.354001       0.369653       0.383856       0.396630       0.408026       0.418109       0.426959       0.434657       0.441289       0.446934       0.451667       0.455556       0.458657       0.461018       0.462678       0.463663       0.463990       0.463663       0.462678       0.461018       0.458657       0.455556       0.451667       0.446934       0.441289       0.434657       0.426959       0.418109       0.408026       0.396630       0.383856       0.369653       0.354001       0.336913       0.318448       0.298715       0.277882       0.256174       0.233871       0.211300       0.188817       0.166789       0.145573       0.125494       0.106824       0.089772       0.074470       0.060979       0.049290       0.039335       0.031002       0.024145       0.018605       0.014216       0.010821       0.008279       0.006475       0.005324       0.004781       0.004835       0.005506       0.006851       0.008968       0.011997       0.016119       0.021540       0.028487       0.037189       0.047857       0.060666       0.075727       0.093066       0.112606       0.134158       0.157418       0.181982       0.207369       0.233051       0.258490       0.283173       0.306639       0.328498       0.348451       0.366284       0.381866       0.395127       0.406014       0.414426       0.420151       0.422838       0.422066       0.417528       0.409309       0.398250       0.386365       0.377355       0.377355
       0.376093       0.376093       0.385155       0.397135       0.408323       0.416695       0.421404       0.422362       0.419882       0.414387       0.406231       0.395627       0.382673       0.367415       0.349916       0.330293       0.308746       0.285561       0.261114       0.235852       0.210280       0.184929       0.160327       0.136960       0.115240       0.095485       0.077898       0.062571       0.049493       0.038564       0.029620       0.022456       0.016847       0.012571       0.009423       0.007223       0.005833       0.005152       0.005119       0.005709       0.006931       0.008837       0.011511       0.015072       0.019659       0.025430       0.032548       0.041169       0.051433       0.063445       0.077263       0.092884       0.110237       0.129175       0.149480       0.170870       0.193013       0.215550       0.238113       0.260350       0.281943       0.302618       0.322161       0.340414       0.357276       0.372697       0.386670       0.399223       0.410409       0.420297       0.428968       0.436505       0.442994       0.448515       0.453141       0.456940       0.459969       0.462275       0.463896       0.464858       0.465176       0.464858       0.463896       0.462275       0.459969       0.456940       0.453141       0.448515       0.442994       0.436505       0.428968       0.420297       0.410409       0.399223       0.386670       0.372697       0.357276       0.340414       0.322161       0.302618       0.281943       0.260350       0.238113       0.215550       0.193013       0.170870       0.149480       0.129175       0.110237       0.092884       0.077263       0.063445       0.051433       0.041169       0.032548       0.025430       0.019659       0.015072       0.011511       0.008837       0.006931       0.005709       0.005119       0.005152       0.005833       0.007223       0.009423       0.012571       0.016847       0.022456       0.029620       0.038564       0.049493       0.062571       0.077898       0.095485       0.115240       0.136960       0.160327       0.184929       0.210280       0.235852       0.261114       0.285561       0.308746       0.330293       0.349916       0.367415       0.382673       0.395627       0.406231       0.414387       0.419882       0.422362       0.421404       0.416695       0.408323       0.397135       0.385155       0.376093       0.376093
       0.374853       0.374853       0.383965       0.396039       0.407353       0.415874       0.420749       0.421889       0.419608       0.414334       0.406423       0.396090       0.383429       0.368482       0.351302       0.331996       0.310750       0.287838       0.263620       0.238533       0.213072       0.187762       0.163129       0.139664       0.117787       0.097827       0.080001       0.064414       0.051068       0.039872       0.030670       0.023258       0.017414       0.012912       0.009542       0.007131       0.005561       0.004785       0.004790       0.005536       0.006970       0.009098       0.011996       0.015782       0.020605       0.026626       0.034011       0.042918       0.053481       0.065800       0.079926       0.095845       0.113476       0.132661       0.153170       0.174714       0.196955       0.219532       0.242078       0.264246       0.285722       0.306243       0.325603       0.343653       0.360300       0.375504       0.389262       0.401608       0.412598       0.422305       0.430809       0.438198       0.444554       0.449959       0.454487       0.458204       0.461167       0.463422       0.465006       0.465946       0.466258       0.465946       0.465006       0.463422       0.461167       0.458204       0.454487       0.449959       0.444554       0.438198       0.430809       0.422305       0.412598       0.401608       0.389262       0.375504       0.360300       0.343653       0.325603       0.306243       0.285722       0.264246       0.242078       0.219532       0.196955       0.174714       0.153170       0.132661       0.113476       0.095845       0.079926       0.065800       0.053481       0.042918       0.034011       0.026626       0.020605       0.015782       0.011996       0.009098       0.006970       0.005536       0.004790       0.004785       0.005561       0.007131       0.009542       0.012912       0.017414       0.023258       0.030670       0.039872       0.051068       0.064414       0.080001       0.097827       0.117787       0.139664       0.163129       0.187762       0.213072       0.238533       0.263620       0.287838       0.310750       0.331996       0.351302       0.368482       0.383429       0.396090       0.406423       0.414334       0.419608       0.421889       0.420749       0.415874       0.407353       0.396039       0.383965       0.374853       0.374853
       0.373638       0.373638       0.382800       0.394966       0.406403       0.415069       0.420105       0.421420       0.419331       0.414269       0.406593       0.396518       0.384137       0.369487       0.352612       0.333609       0.312653       0.290003       0.266009       0.241093       0.215742       0.190476       0.165820       0.142265       0.120242       0.100088       0.082033       0.066196       0.052587       0.041126       0.031659       0.023984       0.017874       0.013093       0.009419       0.006668       0.004744       0.003722       0.003799       0.004874       0.006681       0.009142       0.012330       0.016382       0.021460       0.027738       0.035388       0.044570       0.055416       0.068024       0.082436       0.098631       0.116516       0.135924       0.156616       0.178295       0.200619       0.223225       0.245748       0.267843       0.289205       0.309578       0.328764       0.346623       0.363070       0.378071       0.391630       0.403784       0.414593       0.424133       0.432485       0.439736       0.445971       0.451271       0.455709       0.459350       0.462252       0.464461       0.466012       0.466932       0.467237       0.466932       0.466012       0.464461       0.462252       0.459350       0.455709       0.451271       0.445971       0.439736       0.432485       0.424133       0.414593       0.403784       0.391630       0.378071       0.363070       0.346623       0.328764       0.309578       0.289205       0.267843       0.245748       0.223225       0.200619       0.178295       0.156616       0.135924       0.116516       0.098631       0.082436       0.068024       0.055416       0.044570       0.035388       0.027738       0.021460       0.016382       0.012330       0.009142       0.006681       0.004874       0.003799       0.003722       0.004744       0.006668       0.009419       0.013093       0.017874       0.023984       0.031659       0.041126       0.052587       0.066196       0.082033       0.100088       0.120242       0.142265       0.165820       0.190476       0.215742       0.241093       0.266009       0.290003       0.312653       0.333609       0.352612       0.369487       0.384137       0.396518       0.406593       0.414269       0.419331       0.421420       0.420105       0.415069       0.406403       0.394966       0.382800       0.373638       0.373638
       0.372454       0.372454       0.381664       0.393919       0.405477       0.414284       0.419476       0.420960       0.419055       0.414195       0.406743       0.396914       0.384800       0.370432       0.353848       0.335135       0.314455       0.292058       0.268279       0.243531       0.218289       0.193070       0.168395       0.144761       0.122602       0.102266       0.083996       0.067921       0.054064       0.042350       0.032632       0.024706       0.018340       0.013286       0.009300       0.006160       0.003709       0.002094       0.002335       0.004055       0.006352       0.009172       0.012649       0.016955       0.022274       0.028791       0.036686       0.046121       0.057229       0.070101       0.084774       0.101218       0.119332       0.138940       0.159794       0.181590       0.203984       0.226610       0.249104       0.271128       0.292380       0.312613       0.331636       0.349318       0.365580       0.380395       0.393771       0.405750       0.416395       0.425782       0.433995       0.441122       0.447248       0.452452       0.456808       0.460382       0.463229       0.465395       0.466916       0.467819       0.468118       0.467819       0.466916       0.465395       0.463229       0.460382       0.456808       0.452452       0.447248       0.441122       0.433995       0.425782       0.416395       0.405750       0.393771       0.380395       0.365580       0.349318       0.331636       0.312613       0.292380       0.271128       0.249104       0.226610       0.203984       0.181590       0.159794       0.138940       0.119332       0.101218       0.084774       0.070101       0.057229       0.046121       0.036686       0.028791       0.022274       0.016955       0.012649       0.009172       0.006352       0.004055       0.002335       0.002094       0.003709       0.006160       0.009300       0.013286       0.018340       0.024706       0.032632       0.042350       0.054064       0.067921       0.083996       0.102266       0.122602       0.144761       0.168395       0.193070       0.218289       0.243531       0.268279       0.292058       0.314455       0.335135       0.353848       0.370432       0.384800       0.396914       0.406743       0.414195       0.419055       0.420960       0.419476       0.414284       0.405477       0.393919       0.381664       0.372454       0.372454
       0.371308       0.371308       0.380564       0.392907       0.404581       0.413524       0.418866       0.420513       0.418784       0.414117       0.406877       0.397281       0.385420       0.371320       0.355012       0.336574       0.316159       0.294004       0.270432       0.245845       0.220712       0.195541       0.170853       0.147147       0.124863       0.104359       0.085890       0.069596       0.055511       0.043571       0.033633       0.025498       0.018932       0.013682       0.009492       0.006115       0.003315       0.000889       0.001460       0.003804       0.006402       0.009438       0.013103       0.017591       0.023096       0.029810       0.037913       0.047569       0.058906       0.072013       0.086918       0.103584       0.121902       0.141685       0.162681       0.184578       0.207029       0.229667       0.252131       0.274085       0.295235       0.315338       0.334212       0.351732       0.367827       0.382473       0.395685       0.407506       0.418003       0.427253       0.435343       0.442358       0.448385       0.453504       0.457788       0.461301       0.464098       0.466227       0.467722       0.468609       0.468903       0.468609       0.467722       0.466227       0.464098       0.461301       0.457788       0.453504       0.448385       0.442358       0.435343       0.427253       0.418003       0.407506       0.395685       0.382473       0.367827       0.351732       0.334212       0.315338       0.295235       0.274085       0.252131       0.229667       0.207029       0.184578       0.162681       0.141685       0.121902       0.103584       0.086918       0.072013       0.058906       0.047569       0.037913       0.029810       0.023096       0.017591       0.013103       0.009438       0.006402       0.003804       0.001460       0.000889       0.003315       0.006115       0.009492       0.013682       0.018932       0.025498       0.033633       0.043571       0.055511       0.069596       0.085890       0.104359       0.124863       0.147147       0.170853       0.195541       0.220712       0.245845       0.270432       0.294004       0.316159       0.336574       0.355012       0.371320       0.385420       0.397281       0.406877       0.414117       0.418784       0.420513       0.418866       0.413524       0.404581       0.392907       0.380564       0.371308       0.371308
       0.370208       0.370208       0.379510       0.391937       0.403723       0.412797       0.418283       0.420085       0.418522       0.414038       0.406998       0.397623       0.386001       0.372154       0.356107       0.337930       0.317766       0.295841       0.272467       0.248036       0.223009       0.197887       0.173191       0.149419       0.127021       0.106363       0.087711       0.071218       0.056930       0.044795       0.034679       0.026393       0.019707       0.014377       0.010162       0.006845       0.004293       0.002706       0.002934       0.004659       0.007072       0.010069       0.013764       0.018328       0.023944       0.030797       0.039064       0.048901       0.060434       0.073742       0.088849       0.105709       0.124203       0.144139       0.165256       0.187239       0.209737       0.232382       0.254815       0.276704       0.297760       0.317746       0.336487       0.353862       0.369808       0.384304       0.397370       0.409052       0.419418       0.428548       0.436528       0.443446       0.449387       0.454430       0.458650       0.462110       0.464864       0.466960       0.468432       0.469304       0.469594       0.469304       0.468432       0.466960       0.464864       0.462110       0.458650       0.454430       0.449387       0.443446       0.436528       0.428548       0.419418       0.409052       0.397370       0.384304       0.369808       0.353862       0.336487       0.317746       0.297760       0.276704       0.254815       0.232382       0.209737       0.187239       0.165256       0.144139       0.124203       0.105709       0.088849       0.073742       0.060434       0.048901       0.039064       0.030797       0.023944       0.018328       0.013764       0.010069       0.007072       0.004659       0.002934       0.002706       0.004293       0.006845       0.010162       0.014377       0.019707       0.026393       0.034679       0.044795       0.056930       0.071218       0.087711       0.106363       0.127021       0.149419       0.173191       0.197887       0.223009       0.248036       0.272467       0.295841       0.317766       0.337930       0.356107       0.372154       0.386001       0.397623       0.406998       0.414038       0.418522       0.420085       0.418283       0.412797       0.403723       0.391937       0.379510       0.370208       0.370208
       0.369167       0.369167       0.378512       0.391019       0.402913       0.412111       0.417733       0.419680       0.418275       0.413962       0.407112       0.397943       0.386545       0.372936       0.357135       0.339205       0.319278       0.297571       0.274385       0.250104       0.225179       0.200106       0.175404       0.151575       0.129071       0.108271       0.089449       0.072775       0.058306       0.046004       0.035747       0.027357       0.020618       0.015302       0.011191       0.008104       0.005959       0.004843       0.004933       0.006131       0.008173       0.010967       0.014573       0.019126       0.024787       0.031727       0.040114       0.050095       0.061789       0.075267       0.090545       0.107570       0.126215       0.146281       0.167501       0.189556       0.212091       0.234740       0.257145       0.278975       0.299947       0.319831       0.338455       0.355705       0.371521       0.385888       0.398827       0.410389       0.420643       0.429669       0.437554       0.444388       0.450254       0.455233       0.459397       0.462811       0.465529       0.467596       0.469048       0.469909       0.470194       0.469909       0.469048       0.467596       0.465529       0.462811       0.459397       0.455233       0.450254       0.444388       0.437554       0.429669       0.420643       0.410389       0.398827       0.385888       0.371521       0.355705       0.338455       0.319831       0.299947       0.278975       0.257145       0.234740       0.212091       0.189556       0.167501       0.146281       0.126215       0.107570       0.090545       0.075267       0.061789       0.050095       0.040114       0.031727       0.024787       0.019126       0.014573       0.010967       0.008173       0.006131       0.004933       0.004843       0.005959       0.008104       0.011191       0.015302       0.020618       0.027357       0.035747       0.046004       0.058306       0.072775       0.089449       0.108271       0.129071       0.151575       0.175404       0.200106       0.225179       0.250104       0.274385       0.297571       0.319278       0.339205       0.357135       0.372936       0.386545       0.397943       0.407112       0.413962       0.418275       0.419680       0.417733       0.412111       0.402913       0.391019       0.378512       0.369167       0.369167
       0.368198       0.368198       0.377584       0.390167       0.402161       0.411476       0.417225       0.419308       0.418050       0.413896       0.407221       0.398245       0.387055       0.373669       0.358098       0.340399       0.320696       0.299195       0.276188       0.252049       0.227222       0.202198       0.177492       0.153609       0.131007       0.110072       0.091093       0.074249       0.059612       0.047156       0.036775       0.028301       0.021534       0.016257       0.012267       0.009390       0.007512       0.006590       0.006612       0.007531       0.009287       0.011875       0.015364       0.019873       0.025548       0.032546       0.041024       0.051121       0.062946       0.076565       0.091986       0.109149       0.127920       0.148094       0.169399       0.191513       0.214079       0.236730       0.259109       0.280890       0.301791       0.321588       0.340113       0.357258       0.372965       0.387223       0.400056       0.411517       0.421676       0.430615       0.438422       0.445185       0.450989       0.455914       0.460032       0.463408       0.466095       0.468138       0.469573       0.470424       0.470706       0.470424       0.469573       0.468138       0.466095       0.463408       0.460032       0.455914       0.450989       0.445185       0.438422       0.430615       0.421676       0.411517       0.400056       0.387223       0.372965       0.357258       0.340113       0.321588       0.301791       0.280890       0.259109       0.236730       0.214079       0.191513       0.169399       0.148094       0.127920       0.109149       0.091986       0.076565       0.062946       0.051121       0.041024       0.032546       0.025548       0.019873       0.015364       0.011875       0.009287       0.007531       0.006612       0.006590       0.007512       0.009390       0.012267       0.016257       0.021534       0.028301       0.036775       0.047156       0.059612       0.074249       0.091093       0.110072       0.131007       0.153609       0.177492       0.202198       0.227222       0.252049       0.276188       0.299195       0.320696       0.340399       0.358098       0.373669       0.387055       0.398245       0.407221       0.413896       0.418050       0.419308       0.417225       0.411476       0.402161       0.390167       0.377584       0.368198       0.368198
       0.367318       0.367318       0.376742       0.389395       0.401481       0.410903       0.416768       0.418976       0.417852       0.413844       0.407330       0.398532       0.387535       0.374355       0.358998       0.341515       0.322021       0.300713       0.277876       0.253872       0.229138       0.204161       0.179452       0.155519       0.132824       0.111760       0.092628       0.075618       0.060815       0.048205       0.037692       0.029120       0.022297       0.017015       0.013073       0.010291       0.008522       0.007662       0.007644       0.008438       0.010050       0.012525       0.015950       0.020442       0.026140       0.033194       0.041751       0.051945       0.063880       0.077615       0.093152       0.110427       0.129301       0.149562       0.170937       0.193099       0.215690       0.238342       0.260701       0.282441       0.303286       0.323014       0.341460       0.358519       0.374139       0.388310       0.401058       0.412438       0.422522       0.431391       0.439134       0.445841       0.451595       0.456476       0.460557       0.463902       0.466564       0.468588       0.470009       0.470852       0.471131       0.470852       0.470009       0.468588       0.466564       0.463902       0.460557       0.456476       0.451595       0.445841       0.439134       0.431391       0.422522       0.412438       0.401058       0.388310       0.374139       0.358519       0.341460       0.323014       0.303286       0.282441       0.260701       0.238342       0.215690       0.193099       0.170937       0.149562       0.129301       0.110427       0.093152       0.077615       0.063880       0.051945       0.041751       0.033194       0.026140       0.020442       0.015950       0.012525       0.010050       0.008438       0.007644       0.007662       0.008522       0.010291       0.013073       0.017015       0.022297       0.029120       0.037692       0.048205       0.060815       0.075618       0.092628       0.111760       0.132824       0.155519       0.179452       0.204161       0.229138       0.253872       0.277876       0.300713       0.322021       0.341515       0.358998       0.374355       0.387535       0.398532       0.407330       0.413844       0.417852       0.418976       0.416768       0.410903       0.401481       0.389395       0.376742       0.367318       0.367318
       0.366546       0.366546       0.376004       0.388718       0.400887       0.410404       0.416373       0.418693       0.417688       0.413812       0.407444       0.398807       0.387987       0.374996       0.359837       0.342553       0.323254       0.302128       0.279449       0.255573       0.230928       0.205995       0.181285       0.157304       0.134519       0.113330       0.094046       0.076869       0.061894       0.049116       0.038446       0.029736       0.022795       0.017419       0.013405       0.010571       0.008766       0.007879       0.007844       0.008630       0.010246       0.012742       0.016202       0.020743       0.026501       0.033626       0.042263       0.052544       0.064571       0.078400       0.094030       0.111392       0.130345       0.150675       0.172104       0.194303       0.216914       0.239570       0.261914       0.283626       0.304430       0.324105       0.342493       0.359489       0.375044       0.389149       0.401834       0.413154       0.423180       0.431997       0.439693       0.446356       0.452072       0.456921       0.460974       0.464296       0.466939       0.468949       0.470360       0.471196       0.471474       0.471196       0.470360       0.468949       0.466939       0.464296       0.460974       0.456921       0.452072       0.446356       0.439693       0.431997       0.423180       0.413154       0.401834       0.389149       0.375044       0.359489       0.342493       0.324105       0.304430       0.283626       0.261914       0.239570       0.216914       0.194303       0.172104       0.150675       0.130345       0.111392       0.094030       0.078400       0.064571       0.052544       0.042263       0.033626       0.026501       0.020743       0.016202       0.012742       0.010246       0.008630       0.007844       0.007879       0.008766       0.010571       0.013405       0.017419       0.022795       0.029736       0.038446       0.049116       0.061894       0.076869       0.094046       0.113330       0.134519       0.157304       0.181285       0.205995       0.230928       0.255573       0.279449       0.302128       0.323254       0.342553       0.359837       0.374996       0.387987       0.398807       0.407444       0.413812       0.417688       0.418693       0.416373       0.410404       0.400887       0.388718       0.376004       0.366546       0.366546
       0.365902       0.365902       0.375389       0.388156       0.400395       0.409993       0.416051       0.418466       0.417566       0.413806       0.407566       0.399073       0.388412       0.375592       0.360613       0.343514       0.324395       0.303438       0.280908       0.257153       0.232593       0.207704       0.182994       0.158966       0.136094       0.114783       0.095349       0.078003       0.062847       0.049883       0.039028       0.030132       0.023005       0.017436       0.013220       0.010179       0.008187       0.007184       0.007153       0.008052       0.009834       0.012494       0.016098       0.020759       0.026620       0.033834       0.042553       0.052911       0.065011       0.078911       0.094609       0.112035       0.131046       0.151425       0.172893       0.195120       0.217748       0.240408       0.262746       0.284441       0.305219       0.324863       0.343213       0.360169       0.375680       0.389743       0.402386       0.413665       0.423654       0.432436       0.440100       0.446734       0.452425       0.457252       0.461286       0.464592       0.467222       0.469222       0.470626       0.471459       0.471734       0.471459       0.470626       0.469222       0.467222       0.464592       0.461286       0.457252       0.452425       0.446734       0.440100       0.432436       0.423654       0.413665       0.402386       0.389743       0.375680       0.360169       0.343213       0.324863       0.305219       0.284441       0.262746       0.240408       0.217748       0.195120       0.172893       0.151425       0.131046       0.112035       0.094609       0.078911       0.065011       0.052911       0.042553       0.033834       0.026620       0.020759       0.016098       0.012494       0.009834       0.008052       0.007153       0.007184       0.008187       0.010179       0.013220       0.017436       0.023005       0.030132       0.039028       0.049883       0.062847       0.078003       0.095349       0.114783       0.136094       0.158966       0.182994       0.207704       0.232593       0.257153       0.280908       0.303438       0.324395       0.343514       0.360613       0.375592       0.388412       0.399073       0.407566       0.413806       0.417566       0.418466       0.416051       0.409993       0.400395       0.388156       0.375389       0.365902       0.365902
       0.365406       0.365406       0.374916       0.387726       0.400020       0.409683       0.415813       0.418306       0.417492       0.413829       0.407699       0.399331       0.388810       0.376143       0.361327       0.344395       0.325442       0.304642       0.282253       0.258612       0.234135       0.209290       0.184580       0.160512       0.137558       0.116130       0.096548       0.079033       0.063693       0.050534       0.039475       0.030365       0.023005       0.017176       0.012658       0.009267       0.006908       0.005650       0.005650       0.006836       0.008960       0.011911       0.015736       0.020559       0.026540       0.033846       0.042636       0.053054       0.065205       0.079151       0.094890       0.112354       0.131398       0.151807       0.173300       0.195547       0.218188       0.240855       0.263195       0.284886       0.305655       0.325286       0.343620       0.360558       0.376051       0.390093       0.402716       0.413976       0.423946       0.432710       0.440358       0.446978       0.452655       0.457470       0.461495       0.464792       0.467416       0.469410       0.470810       0.471641       0.471916       0.471641       0.470810       0.469410       0.467416       0.464792       0.461495       0.457470       0.452655       0.446978       0.440358       0.432710       0.423946       0.413976       0.402716       0.390093       0.376051       0.360558       0.343620       0.325286       0.305655       0.284886       0.263195       0.240855       0.218188       0.195547       0.173300       0.151807       0.131398       0.112354       0.094890       0.079151       0.065205       0.053054       0.042636       0.033846       0.026540       0.020559       0.015736       0.011911       0.008960       0.006836       0.005650       0.005650       0.006908       0.009267       0.012658       0.017176       0.023005       0.030365       0.039475       0.050534       0.063693       0.079033       0.096548       0.116130       0.137558       0.160512       0.184580       0.209290       0.234135       0.258612       0.282253       0.304642       0.325442       0.344395       0.361327       0.376143       0.388810       0.399331       0.407699       0.413829       0.417492       0.418306       0.415813       0.409683       0.400020       0.387726       0.374916       0.365406       0.365406
       0.365080       0.365080       0.374606       0.387444       0.399777       0.409486       0.415667       0.418218       0.417470       0.413884       0.407845       0.399581       0.389180       0.376646       0.361975       0.345194       0.326393       0.305738       0.283480       0.259950       0.235554       0.210754       0.186051       0.161949       0.138921       0.117383       0.097663       0.079986       0.064468       0.051121       0.039863       0.030542       0.022953       0.016860       0.012021       0.008213       0.005306       0.003495       0.003577       0.005354       0.007975       0.011259       0.015302       0.020269       0.026345       0.033714       0.042547       0.052993       0.065164       0.079124       0.094875       0.112349       0.131403       0.151821       0.173324       0.195581       0.218233       0.240911       0.263260       0.284961       0.305739       0.325377       0.343718       0.360660       0.376157       0.390202       0.402827       0.414088       0.424058       0.432822       0.440469       0.447088       0.452765       0.457579       0.461603       0.464899       0.467522       0.469516       0.470915       0.471745       0.472020       0.471745       0.470915       0.469516       0.467522       0.464899       0.461603       0.457579       0.452765       0.447088       0.440469       0.432822       0.424058       0.414088       0.402827       0.390202       0.376157       0.360660       0.343718       0.325377       0.305739       0.284961       0.263260       0.240911       0.218233       0.195581       0.173324       0.151821       0.131403       0.112349       0.094875       0.079124       0.065164       0.052993       0.042547       0.033714       0.026345       0.020269       0.015302       0.011259       0.007975       0.005354       0.003577       0.003495       0.005306       0.008213       0.012021       0.016860       0.022953       0.030542       0.039863       0.051121       0.064468       0.079986       0.097663       0.117383       0.138921       0.161949       0.186051       0.210754       0.235554       0.259950       0.283480       0.305738       0.326393       0.345194       0.361975       0.376646       0.389180       0.399581       0.407845       0.413884       0.417470       0.418218       0.415667       0.409486       0.399777       0.387444       0.374606       0.365080       0.365080
       0.364941       0.364941       0.374475       0.387328       0.399680       0.409413       0.415623       0.418209       0.417505       0.413973       0.408002       0.399821       0.389517       0.377096       0.362550       0.345903       0.327239       0.306720       0.284587       0.261164       0.236849       0.212100       0.187411       0.163284       0.140194       0.118560       0.098715       0.080892       0.065214       0.051699       0.040271       0.030779       0.023016       0.016739       0.011687       0.007597       0.004214       0.001364       0.001674       0.004374       0.007378       0.010850       0.014993       0.020015       0.026116       0.033491       0.042318       0.052749       0.064902       0.078841       0.094570       0.112024       0.131062       0.151470       0.172968       0.195227       0.217886       0.240577       0.262946       0.284669       0.305473       0.325139       0.343507       0.360478       0.376001       0.390073       0.402721       0.414003       0.423993       0.432774       0.440437       0.447069       0.452757       0.457581       0.461612       0.464914       0.467542       0.469540       0.470943       0.471774       0.472050       0.471774       0.470943       0.469540       0.467542       0.464914       0.461612       0.457581       0.452757       0.447069       0.440437       0.432774       0.423993       0.414003       0.402721       0.390073       0.376001       0.360478       0.343507       0.325139       0.305473       0.284669       0.262946       0.240577       0.217886       0.195227       0.172968       0.151470       0.131062       0.112024       0.094570       0.078841       0.064902       0.052749       0.042318       0.033491       0.026116       0.020015       0.014993       0.010850       0.007378       0.004374       0.001674       0.001364       0.004214       0.007597       0.011687       0.016739       0.023016       0.030779       0.040271       0.051699       0.065214       0.080892       0.098715       0.118560       0.140194       0.163284       0.187411       0.212100       0.236849       0.261164       0.284587       0.306720       0.327239       0.345903       0.362550       0.377096       0.389517       0.399821       0.408002       0.413973       0.417505       0.418209       0.415623       0.409413       0.399680       0.387328       0.374475       0.364941       0.364941
       0.365006       0.365006       0.374538       0.387388       0.399739       0.409472       0.415685       0.418282       0.417596       0.414094       0.408166       0.400044       0.389814       0.377484       0.363043       0.346512       0.327973       0.307578       0.285565       0.262248       0.238019       0.213328       0.188663       0.164525       0.141389       0.119676       0.099725       0.081776       0.065962       0.052310       0.040753       0.031149       0.023298       0.016966       0.011901       0.007860       0.004647       0.002382       0.002540       0.004716       0.007515       0.010863       0.014914       0.019859       0.025892       0.033203       0.041968       0.052338       0.064429       0.078308       0.093982       0.111387       0.130383       0.150759       0.172236       0.194487       0.217151       0.239859       0.262255       0.284015       0.304861       0.324575       0.342994       0.360015       0.375589       0.389708       0.402402       0.413727       0.423755       0.432571       0.440264       0.446923       0.452634       0.457477       0.461525       0.464842       0.467481       0.469487       0.470895       0.471730       0.472007       0.471730       0.470895       0.469487       0.467481       0.464842       0.461525       0.457477       0.452634       0.446923       0.440264       0.432571       0.423755       0.413727       0.402402       0.389708       0.375589       0.360015       0.342994       0.324575       0.304861       0.284015       0.262255       0.239859       0.217151       0.194487       0.172236       0.150759       0.130383       0.111387       0.093982       0.078308       0.064429       0.052338       0.041968       0.033203       0.025892       0.019859       0.014914       0.010863       0.007515       0.004716       0.002540       0.002382       0.004647       0.007860       0.011901       0.016966       0.023298       0.031149       0.040753       0.052310       0.065962       0.081776       0.099725       0.119676       0.141389       0.164525       0.188663       0.213328       0.238019       0.262248       0.285565       0.307578       0.327973       0.346512       0.363043       0.377484       0.389814       0.400044       0.408166       0.414094       0.417596       0.418282       0.415685       0.409472       0.399739       0.387388       0.374538       0.365006       0.365006
       0.365283       0.365283       0.374804       0.387634       0.399959       0.409665       0.415856       0.418435       0.417741       0.414242       0.408330       0.400240       0.390060       0.377796       0.363439       0.347007       0.328577       0.308299       0.286401       0.263192       0.239054       0.214432       0.189807       0.165676       0.142513       0.120741       0.100705       0.082653       0.066728       0.052969       0.041321       0.031656       0.023791       0.017510       0.012590       0.008836       0.006142       0.004633       0.004624       0.005967       0.008211       0.011203       0.015009       0.019770       0.025657       0.032842       0.041494       0.051758       0.063749       0.077532       0.093117       0.110442       0.129371       0.149694       0.171136       0.193370       0.216036       0.238764       0.261195       0.283004       0.303910       0.323691       0.342181       0.359277       0.374923       0.389113       0.401875       0.413261       0.423346       0.432214       0.439952       0.446652       0.452398       0.457272       0.461345       0.464682       0.467338       0.469357       0.470774       0.471614       0.471893       0.471614       0.470774       0.469357       0.467338       0.464682       0.461345       0.457272       0.452398       0.446652       0.439952       0.432214       0.423346       0.413261       0.401875       0.389113       0.374923       0.359277       0.342181       0.323691       0.303910       0.283004       0.261195       0.238764       0.216036       0.193370       0.171136       0.149694       0.129371       0.110442       0.093117       0.077532       0.063749       0.051758       0.041494       0.032842       0.025657       0.019770       0.015009       0.011203       0.008211       0.005967       0.004624       0.004633       0.006142       0.008836       0.012590       0.017510       0.023791       0.031656       0.041321       0.052969       0.066728       0.082653       0.100705       0.120741       0.142513       0.165676       0.189807       0.214432       0.239054       0.263192       0.286401       0.308299       0.328577       0.347007       0.363439       0.377796       0.390060       0.400240       0.408330       0.414242       0.417741       0.418435       0.415856       0.409665       0.399959       0.387634       0.374804       0.365283       0.365283
       0.365777       0.365777       0.375275       0.388065       0.400341       0.409994       0.416132       0.418665       0.417933       0.414407       0.408482       0.400395       0.390236       0.378013       0.363717       0.347365       0.329031       0.308860       0.287076       0.263979       0.239943       0.215404       0.190839       0.166736       0.143569       0.121761       0.101663       0.083529       0.067512       0.053664       0.041944       0.032241       0.024386       0.018185       0.013436       0.009959       0.007631       0.006411       0.006290       0.007180       0.008956       0.011576       0.015098       0.019639       0.025344       0.032372       0.040878       0.051004       0.062860       0.076516       0.091981       0.109198       0.128035       0.148285       0.169677       0.191885       0.214549       0.237298       0.259773       0.281644       0.302626       0.322493       0.341077       0.358268       0.374010       0.388293       0.401142       0.412611       0.422771       0.431707       0.439507       0.446260       0.452053       0.456967       0.461074       0.464439       0.467117       0.469153       0.470582       0.471430       0.471711       0.471430       0.470582       0.469153       0.467117       0.464439       0.461074       0.456967       0.452053       0.446260       0.439507       0.431707       0.422771       0.412611       0.401142       0.388293       0.374010       0.358268       0.341077       0.322493       0.302626       0.281644       0.259773       0.237298       0.214549       0.191885       0.169677       0.148285       0.128035       0.109198       0.091981       0.076516       0.062860       0.051004       0.040878       0.032372       0.025344       0.019639       0.015098       0.011576       0.008956       0.007180       0.006290       0.006411       0.007631       0.009959       0.013436       0.018185       0.024386       0.032241       0.041944       0.053664       0.067512       0.083529       0.101663       0.121761       0.143569       0.166736       0.190839       0.215404       0.239943       0.263979       0.287076       0.308860       0.329031       0.347365       0.363717       0.378013       0.390236       0.400395       0.408482       0.414407       0.417933       0.418665       0.416132       0.409994       0.400341       0.388065       0.375275       0.365777       0.365777
       0.366483       0.366483       0.375948       0.388679       0.400878       0.410449       0.416505       0.418960       0.418159       0.414574       0.408604       0.400488       0.390319       0.378109       0.363849       0.347557       0.329305       0.309235       0.287564       0.264585       0.240665       0.216230       0.191747       0.167699       0.144555       0.122738       0.102599       0.084401       0.068305       0.054373       0.042578       0.032820       0.024945       0.018770       0.014099       0.010747       0.008555       0.007394       0.007171       0.007820       0.009315       0.011680       0.014987       0.019342       0.024880       0.031748       0.040096       0.050064       0.061763       0.075264       0.090582       0.107665       0.126386       0.146544       0.167871       0.190042       0.212701       0.235474       0.258000       0.279943       0.301018       0.320989       0.339686       0.356995       0.372854       0.387251       0.400209       0.411780       0.422034       0.431054       0.438930       0.445750       0.451602       0.456565       0.460715       0.464115       0.466821       0.468878       0.470322       0.471179       0.471462       0.471179       0.470322       0.468878       0.466821       0.464115       0.460715       0.456565       0.451602       0.445750       0.438930       0.431054       0.422034       0.411780       0.400209       0.387251       0.372854       0.356995       0.339686       0.320989       0.301018       0.279943       0.258000       0.235474       0.212701       0.190042       0.167871       0.146544       0.126386       0.107665       0.090582       0.075264       0.061763       0.050064       0.040096       0.031748       0.024880       0.019342       0.014987       0.011680       0.009315       0.007820       0.007171       0.007394       0.008555       0.010747       0.014099       0.018770       0.024945       0.032820       0.042578       0.054373       0.068305       0.084401       0.102599       0.122738       0.144555       0.167699       0.191747       0.216230       0.240665       0.264585       0.287564       0.309235       0.329305       0.347557       0.363849       0.378109       0.390319       0.400488       0.408604       0.414574       0.418159       0.418960       0.416505       0.410449       0.400878       0.388679       0.375948       0.366483       0.366483
       0.367386       0.367386       0.376807       0.389460       0.401559       0.411018       0.416960       0.419305       0.418400       0.414722       0.408672       0.400492       0.390279       0.378050       0.363799       0.347544       0.329360       0.309384       0.287828       0.264978       0.241191       0.216884       0.192513       0.168553       0.145464       0.123667       0.103514       0.085269       0.069101       0.055080       0.043189       0.033335       0.025372       0.019118       0.014379       0.010963       0.008699       0.007449       0.007123       0.007669       0.009071       0.011348       0.014562       0.018811       0.024225       0.030951       0.039141       0.048938       0.060460       0.073783       0.088930       0.105855       0.124438       0.144485       0.165731       0.187858       0.210506       0.233304       0.255886       0.277914       0.299094       0.319189       0.338019       0.355465       0.371463       0.385995       0.399082       0.410773       0.421138       0.430260       0.438225       0.445125       0.451046       0.456070       0.460270       0.463711       0.466451       0.468533       0.469996       0.470863       0.471150       0.470863       0.469996       0.468533       0.466451       0.463711       0.460270       0.456070       0.451046       0.445125       0.438225       0.430260       0.421138       0.410773       0.399082       0.385995       0.371463       0.355465       0.338019       0.319189       0.299094       0.277914       0.255886       0.233304       0.210506       0.187858       0.165731       0.144485       0.124438       0.105855       0.088930       0.073783       0.060460       0.048938       0.039141       0.030951       0.024225       0.018811       0.014562       0.011348       0.009071       0.007669       0.007123       0.007449       0.008699       0.010963       0.014379       0.019118       0.025372       0.033335       0.043189       0.055080       0.069101       0.085269       0.103514       0.123667       0.145464       0.168553       0.192513       0.216884       0.241191       0.264978       0.287828       0.309384       0.329360       0.347544       0.363799       0.378050       0.390279       0.400492       0.408672       0.414722       0.418400       0.419305       0.416960       0.411018       0.401559       0.389460       0.376807       0.367386       0.367386
       0.368466       0.368466       0.377833       0.390388       0.402361       0.411679       0.417476       0.419677       0.418634       0.414825       0.408655       0.400371       0.390077       0.377793       0.363519       0.347279       0.329146       0.309257       0.287820       0.265113       0.241483       0.217334       0.193111       0.169277       0.146283       0.124543       0.104405       0.086135       0.069906       0.055792       0.043781       0.033786       0.025662       0.019224       0.014271       0.010608       0.008077       0.006593       0.006148       0.006723       0.008227       0.010593       0.013840       0.018061       0.023393       0.029992       0.038022       0.047637       0.058963       0.072087       0.087040       0.103784       0.122207       0.142124       0.163276       0.185347       0.207980       0.230803       0.253447       0.275568       0.296868       0.317101       0.336083       0.353686       0.369843       0.384530       0.397766       0.409596       0.420089       0.429327       0.437397       0.444390       0.450391       0.455484       0.459742       0.463232       0.466010       0.468122       0.469605       0.470485       0.470776       0.470485       0.469605       0.468122       0.466010       0.463232       0.459742       0.455484       0.450391       0.444390       0.437397       0.429327       0.420089       0.409596       0.397766       0.384530       0.369843       0.353686       0.336083       0.317101       0.296868       0.275568       0.253447       0.230803       0.207980       0.185347       0.163276       0.142124       0.122207       0.103784       0.087040       0.072087       0.058963       0.047637       0.038022       0.029992       0.023393       0.018061       0.013840       0.010593       0.008227       0.006723       0.006148       0.006593       0.008077       0.010608       0.014271       0.019224       0.025662       0.033786       0.043781       0.055792       0.069906       0.086135       0.104405       0.124543       0.146283       0.169277       0.193111       0.217334       0.241483       0.265113       0.287820       0.309257       0.329146       0.347279       0.363519       0.377793       0.390077       0.400371       0.408655       0.414825       0.418634       0.419677       0.417476       0.411679       0.402361       0.390388       0.377833       0.368466       0.368466
       0.369690       0.369690       0.378993       0.391433       0.403257       0.412407       0.418027       0.420049       0.418829       0.414847       0.408514       0.400082       0.389662       0.377283       0.362953       0.346699       0.328601       0.308793       0.287480       0.264933       0.241488       0.217535       0.193504       0.169844       0.146992       0.125354       0.105270       0.087006       0.070734       0.056534       0.044396       0.034235       0.025905       0.019215       0.013955       0.009914       0.006933       0.005004       0.004377       0.005172       0.007010       0.009613       0.012970       0.017195       0.022450       0.028916       0.036772       0.046185       0.057294       0.070195       0.084930       0.101470       0.119714       0.139482       0.160524       0.182529       0.205141       0.227988       0.250697       0.272920       0.294351       0.314738       0.333888       0.351668       0.368003       0.382865       0.396267       0.408254       0.418892       0.428262       0.436450       0.443546       0.449639       0.454810       0.459135       0.462679       0.465501       0.467647       0.469153       0.470047       0.470343       0.470047       0.469153       0.467647       0.465501       0.462679       0.459135       0.454810       0.449639       0.443546       0.436450       0.428262       0.418892       0.408254       0.396267       0.382865       0.368003       0.351668       0.333888       0.314738       0.294351       0.272920       0.250697       0.227988       0.205141       0.182529       0.160524       0.139482       0.119714       0.101470       0.084930       0.070195       0.057294       0.046185       0.036772       0.028916       0.022450       0.017195       0.012970       0.009613       0.007010       0.005172       0.004377       0.005004       0.006933       0.009914       0.013955       0.019215       0.025905       0.034235       0.044396       0.056534       0.070734       0.087006       0.105270       0.125354       0.146992       0.169844       0.193504       0.217535       0.241488       0.264933       0.287480       0.308793       0.328601       0.346699       0.362953       0.377283       0.389662       0.400082       0.408514       0.414847       0.418829       0.420049       0.418027       0.412407       0.403257       0.391433       0.378993       0.369690       0.369690
       0.371020       0.371020       0.380249       0.392558       0.404211       0.413166       0.418578       0.420385       0.418947       0.414749       0.408204       0.399573       0.388978       0.376457       0.362029       0.345731       0.327646       0.307913       0.286732       0.264366       0.241139       0.217427       0.193642       0.170213       0.147563       0.126082       0.106104       0.087889       0.071609       0.057346       0.045096       0.034778       0.026247       0.019311       0.013747       0.009321       0.005816       0.003147       0.002054       0.003510       0.005889       0.008742       0.012167       0.016347       0.021482       0.027775       0.035424       0.044607       0.055473       0.068128       0.082621       0.098936       0.116979       0.136582       0.157499       0.179425       0.202010       0.224878       0.247654       0.269986       0.291559       0.312113       0.331447       0.349421       0.365951       0.381005       0.394593       0.406754       0.417552       0.427068       0.435387       0.442600       0.448794       0.454052       0.458451       0.462056       0.464927       0.467110       0.468643       0.469552       0.469853       0.469552       0.468643       0.467110       0.464927       0.462056       0.458451       0.454052       0.448794       0.442600       0.435387       0.427068       0.417552       0.406754       0.394593       0.381005       0.365951       0.349421       0.331447       0.312113       0.291559       0.269986       0.247654       0.224878       0.202010       0.179425       0.157499       0.136582       0.116979       0.098936       0.082621       0.068128       0.055473       0.044607       0.035424       0.027775       0.021482       0.016347       0.012167       0.008742       0.005889       0.003510       0.002054       0.003147       0.005816       0.009321       0.013747       0.019311       0.026247       0.034778       0.045096       0.057346       0.071609       0.087889       0.106104       0.126082       0.147563       0.170213       0.193642       0.217427       0.241139       0.264366       0.286732       0.307913       0.327646       0.345731       0.362029       0.376457       0.388978       0.399573       0.408204       0.414749       0.418947       0.420385       0.418578       0.413166       0.404211       0.392558       0.380249       0.371020       0.371020
       0.372408       0.372408       0.381557       0.393721       0.405184       0.413918       0.419091       0.420646       0.418947       0.414481       0.407670       0.398783       0.387954       0.375237       0.360664       0.344285       0.326191       0.306524       0.285482       0.263323       0.240356       0.216937       0.193460       0.170331       0.147952       0.126698       0.106890       0.088780       0.072542       0.058261       0.045941       0.035509       0.026829       0.019719       0.013963       0.009327       0.005573       0.002480       0.000646       0.002910       0.005467       0.008296       0.011607       0.015616       0.020543       0.026604       0.034003       0.042924       0.053520       0.065906       0.080137       0.096206       0.114029       0.133447       0.154224       0.176061       0.198609       0.221494       0.244338       0.266782       0.288506       0.309239       0.328771       0.346954       0.363697       0.378961       0.392750       0.405101       0.416076       0.425751       0.434215       0.441555       0.447860       0.453214       0.457693       0.461366       0.464290       0.466514       0.468076       0.469002       0.469309       0.469002       0.468076       0.466514       0.464290       0.461366       0.457693       0.453214       0.447860       0.441555       0.434215       0.425751       0.416076       0.405101       0.392750       0.378961       0.363697       0.346954       0.328771       0.309239       0.288506       0.266782       0.244338       0.221494       0.198609       0.176061       0.154224       0.133447       0.114029       0.096206       0.080137       0.065906       0.053520       0.042924       0.034003       0.026604       0.020543       0.015616       0.011607       0.008296       0.005467       0.002910       0.000646       0.002480       0.005573       0.009327       0.013963       0.019719       0.026829       0.035509       0.045941       0.058261       0.072542       0.088780       0.106890       0.126698       0.147952       0.170331       0.193460       0.216937       0.240356       0.263323       0.285482       0.306524       0.326191       0.344285       0.360664       0.375237       0.387954       0.398783       0.407670       0.414481       0.418947       0.420646       0.419091       0.413918       0.405184       0.393721       0.381557       0.372408       0.372408
       0.373805       0.373805       0.382868       0.394876       0.406130       0.414620       0.419523       0.420787       0.418780       0.413992       0.406853       0.397643       0.386514       0.373537       0.358763       0.342258       0.324125       0.304514       0.283622       0.261698       0.239036       0.215974       0.192878       0.170129       0.148106       0.127159       0.107597       0.089664       0.073531       0.059291       0.046957       0.036471       0.027718       0.020535       0.014737       0.010133       0.006569       0.004053       0.003091       0.004022       0.005916       0.008325       0.011292       0.014991       0.019623       0.025397       0.032510       0.041143       0.051451       0.063549       0.077500       0.093305       0.110891       0.130107       0.150728       0.172461       0.194962       0.217859       0.240769       0.263329       0.285209       0.306131       0.325874       0.344281       0.361252       0.376742       0.390748       0.403304       0.414469       0.424318       0.432937       0.440415       0.446841       0.452299       0.456866       0.460611       0.463593       0.465862       0.467455       0.468400       0.468713       0.468400       0.467455       0.465862       0.463593       0.460611       0.456866       0.452299       0.446841       0.440415       0.432937       0.424318       0.414469       0.403304       0.390748       0.376742       0.361252       0.344281       0.325874       0.306131       0.285209       0.263329       0.240769       0.217859       0.194962       0.172461       0.150728       0.130107       0.110891       0.093305       0.077500       0.063549       0.051451       0.041143       0.032510       0.025397       0.019623       0.014991       0.011292       0.008325       0.005916       0.004022       0.003091       0.004053       0.006569       0.010133       0.014737       0.020535       0.027718       0.036471       0.046957       0.059291       0.073531       0.089664       0.107597       0.127159       0.148106       0.170129       0.192878       0.215974       0.239036       0.261698       0.283622       0.304514       0.324125       0.342258       0.358763       0.373537       0.386514       0.397643       0.406853       0.413992       0.418780       0.420787       0.419523       0.414620       0.406130       0.394876       0.382868       0.373805       0.373805
       0.375156       0.375156       0.384129       0.395972       0.407003       0.415227       0.419829       0.420763       0.418395       0.413224       0.405686       0.396078       0.384570       0.371258       0.356216       0.339532       0.321326       0.301756       0.281022       0.259365       0.237063       0.214428       0.191798       0.169523       0.147949       0.127405       0.108177       0.090502       0.074548       0.060414       0.048127       0.037648       0.028885       0.021704       0.015955       0.011489       0.008203       0.006086       0.005216       0.005525       0.006699       0.008533       0.011038       0.014351       0.018647       0.024112       0.030928       0.039268       0.049280       0.061080       0.074738       0.090263       0.107594       0.126590       0.147039       0.168654       0.191098       0.213998       0.236971       0.259647       0.281688       0.302806       0.322771       0.341414       0.358627       0.374357       0.388595       0.401370       0.412738       0.422773       0.431559       0.439185       0.445741       0.451311       0.455972       0.459795       0.462841       0.465157       0.466784       0.467749       0.468068       0.467749       0.466784       0.465157       0.462841       0.459795       0.455972       0.451311       0.445741       0.439185       0.431559       0.422773       0.412738       0.401370       0.388595       0.374357       0.358627       0.341414       0.322771       0.302806       0.281688       0.259647       0.236971       0.213998       0.191098       0.168654       0.147039       0.126590       0.107594       0.090263       0.074738       0.061080       0.049280       0.039268       0.030928       0.024112       0.018647       0.014351       0.011038       0.008533       0.006699       0.005525       0.005216       0.006086       0.008203       0.011489       0.015955       0.021704       0.028885       0.037648       0.048127       0.060414       0.074548       0.090502       0.108177       0.127405       0.147949       0.169523       0.191798       0.214428       0.237063       0.259365       0.281022       0.301756       0.321326       0.339532       0.356216       0.371258       0.384570       0.396078       0.405686       0.413224       0.418395       0.420763       0.419829       0.415227       0.407003       0.395972       0.384129       0.375156       0.375156
       0.376411       0.376411       0.385290       0.396961       0.407757       0.415694       0.419965       0.420524       0.417741       0.412118       0.404101       0.394007       0.382030       0.368294       0.352905       0.335978       0.317654       0.298106       0.277538       0.256183       0.234300       0.212174       0.190107       0.168410       0.147396       0.127359       0.108566       0.091238       0.075541       0.061580       0.049395       0.038969       0.030229       0.023071       0.017366       0.012985       0.009813       0.007758       0.006729       0.006591       0.007203       0.008511       0.010577       0.013529       0.017518       0.022703       0.029246       0.037305       0.047025       0.058525       0.071880       0.087111       0.104170       0.122929       0.143188       0.164669       0.187042       0.209937       0.232967       0.255758       0.277963       0.299283       0.319477       0.338367       0.355834       0.371816       0.386299       0.399307       0.410891       0.421123       0.430087       0.437871       0.444565       0.450254       0.455016       0.458923       0.462034       0.464402       0.466065       0.467051       0.467378       0.467051       0.466065       0.464402       0.462034       0.458923       0.455016       0.450254       0.444565       0.437871       0.430087       0.421123       0.410891       0.399307       0.386299       0.371816       0.355834       0.338367       0.319477       0.299283       0.277963       0.255758       0.232967       0.209937       0.187042       0.164669       0.143188       0.122929       0.104170       0.087111       0.071880       0.058525       0.047025       0.037305       0.029246       0.022703       0.017518       0.013529       0.010577       0.008511       0.007203       0.006591       0.006729       0.007758       0.009813       0.012985       0.017366       0.023071       0.030229       0.038969       0.049395       0.061580       0.075541       0.091238       0.108566       0.127359       0.147396       0.168410       0.190107       0.212174       0.234300       0.256183       0.277538       0.298106       0.317654       0.335978       0.352905       0.368294       0.382030       0.394007       0.404101       0.412118       0.417741       0.420524       0.419965       0.415694       0.407757       0.396961       0.385290       0.376411       0.376411
       0.377520       0.377520       0.386304       0.397798       0.408348       0.415979       0.419887       0.420027       0.416768       0.410617       0.402032       0.391351       0.378800       0.364538       0.348708       0.331459       0.312962       0.293410       0.273012       0.251994       0.230597       0.209070       0.187674       0.166677       0.146344       0.126934       0.108685       0.091800       0.076442       0.062719       0.050685       0.040339       0.031631       0.024471       0.018745       0.014323       0.011069       0.008843       0.007506       0.006934       0.007073       0.007962       0.009701       0.012403       0.016181       0.021159       0.027476       0.035282       0.044721       0.055919       0.068962       0.083885       0.100653       0.119157       0.139206       0.160537       0.182825       0.205702       0.228782       0.251684       0.274052       0.295578       0.316009       0.335154       0.352886       0.369133       0.383873       0.397124       0.408935       0.419376       0.428527       0.436478       0.443318       0.449132       0.454001       0.457996       0.461179       0.463600       0.465301       0.466310       0.466644       0.466310       0.465301       0.463600       0.461179       0.457996       0.454001       0.449132       0.443318       0.436478       0.428527       0.419376       0.408935       0.397124       0.383873       0.369133       0.352886       0.335154       0.316009       0.295578       0.274052       0.251684       0.228782       0.205702       0.182825       0.160537       0.139206       0.119157       0.100653       0.083885       0.068962       0.055919       0.044721       0.035282       0.027476       0.021159       0.016181       0.012403       0.009701       0.007962       0.007073       0.006934       0.007506       0.008843       0.011069       0.014323       0.018745       0.024471       0.031631       0.040339       0.050685       0.062719       0.076442       0.091800       0.108685       0.126934       0.146344       0.166677       0.187674       0.209070       0.230597       0.251994       0.273012       0.293410       0.312962       0.331459       0.348708       0.364538       0.378800       0.391351       0.402032       0.410617       0.416768       0.420027       0.419887       0.415979       0.408348       0.397798       0.386304       0.377520       0.377520
       0.378440       0.378440       0.387128       0.398442       0.408738       0.416045       0.419559       0.419232       0.415432       0.408668       0.399415       0.388036       0.374791       0.359883       0.343500       0.325836       0.307097       0.287503       0.267274       0.246631       0.225790       0.204964       0.184362       0.164197       0.144683       0.126032       0.108446       0.092110       0.077176       0.063758       0.051920       0.041675       0.032991       0.025792       0.019969       0.015388       0.011898       0.009341       0.007572       0.006508       0.006189       0.006761       0.008344       0.010971       0.014674       0.019534       0.025677       0.033253       0.042417       0.053306       0.066023       0.080620       0.097079       0.115306       0.135127       0.156289       0.178475       0.201322       0.224443       0.247449       0.269979       0.291712       0.312384       0.331792       0.349796       0.366317       0.381325       0.394831       0.406880       0.417538       0.426886       0.435012       0.442005       0.447951       0.452932       0.457020       0.460276       0.462755       0.464496       0.465528       0.465870       0.465528       0.464496       0.462755       0.460276       0.457020       0.452932       0.447951       0.442005       0.435012       0.426886       0.417538       0.406880       0.394831       0.381325       0.366317       0.349796       0.331792       0.312384       0.291712       0.269979       0.247449       0.224443       0.201322       0.178475       0.156289       0.135127       0.115306       0.097079       0.080620       0.066023       0.053306       0.042417       0.033253       0.025677       0.019534       0.014674       0.010971       0.008344       0.006761       0.006189       0.006508       0.007572       0.009341       0.011898       0.015388       0.019969       0.025792       0.032991       0.041675       0.051920       0.063758       0.077176       0.092110       0.108446       0.126032       0.144683       0.164197       0.184362       0.204964       0.225790       0.246631       0.267274       0.287503       0.307097       0.325836       0.343500       0.359883       0.374791       0.388036       0.399415       0.408668       0.415432       0.419232       0.419559       0.416045       0.408738       0.398442       0.387128       0.378440       0.378440
       0.379136       0.379136       0.387731       0.398864       0.408899       0.415865       0.418953       0.418109       0.413697       0.406232       0.396201       0.383998       0.369925       0.354235       0.337170       0.318977       0.299911       0.280224       0.260155       0.239922       0.219713       0.199697       0.180025       0.160843       0.142299       0.124552       0.107762       0.092088       0.077672       0.064629       0.053034       0.042916       0.034257       0.026995       0.021026       0.016217       0.012408       0.009432       0.007138       0.005472       0.004608       0.004960       0.006634       0.009401       0.013156       0.017960       0.023949       0.031295       0.040171       0.050733       0.063103       0.077352       0.093479       0.111408       0.130979       0.151953       0.174021       0.196824       0.219974       0.243078       0.265766       0.287705       0.308620       0.328296       0.346580       0.363383       0.378667       0.392436       0.404732       0.415617       0.425170       0.433478       0.440631       0.446715       0.451813       0.455997       0.459332       0.461869       0.463652       0.464710       0.465060       0.464710       0.463652       0.461869       0.459332       0.455997       0.451813       0.446715       0.440631       0.433478       0.425170       0.415617       0.404732       0.392436       0.378667       0.363383       0.346580       0.328296       0.308620       0.287705       0.265766       0.243078       0.219974       0.196824       0.174021       0.151953       0.130979       0.111408       0.093479       0.077352       0.063103       0.050733       0.040171       0.031295       0.023949       0.017960       0.013156       0.009401       0.006634       0.004960       0.004608       0.005472       0.007138       0.009432       0.012408       0.016217       0.021026       0.026995       0.034257       0.042916       0.053034       0.064629       0.077672       0.092088       0.107762       0.124552       0.142299       0.160843       0.180025       0.199697       0.219713       0.239922       0.260155       0.280224       0.299911       0.318977       0.337170       0.354235       0.369925       0.383998       0.396201       0.406232       0.413697       0.418109       0.418953       0.415865       0.408899       0.398864       0.387731       0.379136       0.379136
       0.379589       0.379589       0.388091       0.399044       0.408813       0.415421       0.418052       0.416641       0.411546       0.403283       0.392358       0.379196       0.364146       0.347520       0.329624       0.310770       0.291270       0.271423       0.251493       0.231698       0.212201       0.193115       0.174522       0.156488       0.139084       0.122401       0.106551       0.091662       0.077865       0.065276       0.053981       0.044027       0.035415       0.028096       0.021980       0.016939       0.012817       0.009437       0.006627       0.004270       0.002569       0.002801       0.004979       0.008049       0.011882       0.016605       0.022405       0.029482       0.038033       0.048236       0.060232       0.074107       0.089879       0.107488       0.126790       0.147557       0.169490       0.192234       0.215401       0.238595       0.261434       0.283578       0.304737       0.324683       0.343252       0.360344       0.375911       0.389952       0.402502       0.413621       0.423386       0.431883       0.439202       0.445429       0.450648       0.454933       0.458348       0.460948       0.462774       0.463857       0.464216       0.463857       0.462774       0.460948       0.458348       0.454933       0.450648       0.445429       0.439202       0.431883       0.423386       0.413621       0.402502       0.389952       0.375911       0.360344       0.343252       0.324683       0.304737       0.283578       0.261434       0.238595       0.215401       0.192234       0.169490       0.147557       0.126790       0.107488       0.089879       0.074107       0.060232       0.048236       0.038033       0.029482       0.022405       0.016605       0.011882       0.008049       0.004979       0.002801       0.002569       0.004270       0.006627       0.009437       0.012817       0.016939       0.021980       0.028096       0.035415       0.044027       0.053981       0.065276       0.077865       0.091662       0.106551       0.122401       0.139084       0.156488       0.174522       0.193115       0.212201       0.231698       0.251493       0.271423       0.291270       0.310770       0.329624       0.347520       0.364146       0.379196       0.392358       0.403283       0.411546       0.416641       0.418052       0.415421       0.408813       0.399044       0.388091       0.379589       0.379589
       0.379790       0.379790       0.388202       0.398978       0.408476       0.414713       0.416856       0.414828       0.408977       0.399820       0.387880       0.373617       0.357432       0.339702       0.320807       0.301135       0.281072       0.260975       0.241146       0.221809       0.203100       0.185073       0.167724       0.151020       0.134941       0.119497       0.104743       0.090773       0.077704       0.065655       0.054729       0.044992       0.036467       0.029129       0.022910       0.017697       0.013350       0.009705       0.006588       0.003819       0.001226       0.001407       0.004193       0.007357       0.011089       0.015602       0.021115       0.027852       0.036027       0.045833       0.057424       0.070901       0.086298       0.103569       0.122584       0.143128       0.164910       0.187580       0.210752       0.234024       0.257009       0.279352       0.300753       0.320970       0.339827       0.357212       0.373068       0.387388       0.400199       0.411558       0.421541       0.430233       0.437723       0.444098       0.449443       0.453831       0.457330       0.459993       0.461864       0.462974       0.463342       0.462974       0.461864       0.459993       0.457330       0.453831       0.449443       0.444098       0.437723       0.430233       0.421541       0.411558       0.400199       0.387388       0.373068       0.357212       0.339827       0.320970       0.300753       0.279352       0.257009       0.234024       0.210752       0.187580       0.164910       0.143128       0.122584       0.103569       0.086298       0.070901       0.057424       0.045833       0.036027       0.027852       0.021115       0.015602       0.011089       0.007357       0.004193       0.001407       0.001226       0.003819       0.006588       0.009705       0.013350       0.017697       0.022910       0.029129       0.036467       0.044992       0.054729       0.065655       0.077704       0.090773       0.104743       0.119497       0.134941       0.151020       0.167724       0.185073       0.203100       0.221809       0.241146       0.260975       0.281072       0.301135       0.320807       0.339702       0.357432       0.373617       0.387880       0.399820       0.408977       0.414828       0.416856       0.414713       0.408476       0.398978       0.388202       0.379790       0.379790
       0.379750       0.379750       0.388075       0.398676       0.407902       0.413754       0.415383       0.412692       0.406016       0.395872       0.382798       0.367291       0.349806       0.330793       0.310714       0.290046       0.269263       0.248798       0.229007       0.210132       0.192285       0.175451       0.159522       0.144351       0.129799       0.115784       0.102292       0.089380       0.077153       0.065737       0.055253       0.045796       0.037416       0.030119       0.023864       0.018571       0.014130       0.010417       0.007312       0.004756       0.002975       0.002991       0.004823       0.007493       0.010826       0.014948       0.020060       0.026383       0.034134       0.043511       0.054676       0.067740       0.082748       0.099668       0.118382       0.138687       0.160304       0.182887       0.206051       0.229391       0.252512       0.275050       0.296689       0.317176       0.336323       0.354004       0.370153       0.384755       0.397832       0.409438       0.419644       0.428536       0.436201       0.442728       0.448201       0.452697       0.456281       0.459009       0.460927       0.462064       0.462441       0.462064       0.460927       0.459009       0.456281       0.452697       0.448201       0.442728       0.436201       0.428536       0.419644       0.409438       0.397832       0.384755       0.370153       0.354004       0.336323       0.317176       0.296689       0.275050       0.252512       0.229391       0.206051       0.182887       0.160304       0.138687       0.118382       0.099668       0.082748       0.067740       0.054676       0.043511       0.034134       0.026383       0.020060       0.014948       0.010826       0.007493       0.004823       0.002991       0.002975       0.004756       0.007312       0.010417       0.014130       0.018571       0.023864       0.030119       0.037416       0.045796       0.055253       0.065737       0.077153       0.089380       0.102292       0.115784       0.129799       0.144351       0.159522       0.175451       0.192285       0.210132       0.229007       0.248798       0.269263       0.290046       0.310714       0.330793       0.349806       0.367291       0.382798       0.395872       0.406016       0.412692       0.415383       0.413754       0.407902       0.398676       0.388075       0.379750       0.379750
       0.379495       0.379495       0.387737       0.398167       0.407121       0.412580       0.413672       0.410278       0.402716       0.391500       0.377183       0.360296       0.341352       0.320874       0.299414       0.277550       0.255859       0.234872       0.215023       0.196590       0.179667       0.164162       0.149847       0.136426       0.123622       0.111236       0.099179       0.087468       0.076197       0.065505       0.055539       0.046424       0.038250       0.031056       0.024837       0.019549       0.015122       0.011478       0.008558       0.006377       0.005101       0.005014       0.006107       0.008099       0.010867       0.014485       0.019124       0.024991       0.032296       0.041234       0.051970       0.064618       0.079234       0.095797       0.114202       0.134259       0.155698       0.178181       0.201324       0.224720       0.247968       0.270692       0.292565       0.313320       0.332754       0.350732       0.367177       0.382065       0.395412       0.407268       0.417702       0.426797       0.434641       0.441324       0.446929       0.451533       0.455205       0.458001       0.459965       0.461131       0.461517       0.461131       0.459965       0.458001       0.455205       0.451533       0.446929       0.441324       0.434641       0.426797       0.417702       0.407268       0.395412       0.382065       0.367177       0.350732       0.332754       0.313320       0.292565       0.270692       0.247968       0.224720       0.201324       0.178181       0.155698       0.134259       0.114202       0.095797       0.079234       0.064618       0.051970       0.041234       0.032296       0.024991       0.019124       0.014485       0.010867       0.008099       0.006107       0.005014       0.005101       0.006377       0.008558       0.011478       0.015122       0.019549       0.024837       0.031056       0.038250       0.046424       0.055539       0.065505       0.076197       0.087468       0.099179       0.111236       0.123622       0.136426       0.149847       0.164162       0.179667       0.196590       0.215023       0.234872       0.255859       0.277550       0.299414       0.320874       0.341352       0.360296       0.377183       0.391500       0.402716       0.410278       0.413672       0.412580       0.407121       0.398167       0.387737       0.379495       0.379495
       0.379070       0.379070       0.387233       0.397497       0.406181       0.411243       0.411783       0.407656       0.399162       0.386806       0.371155       0.352771       0.332223       0.310106       0.287066       0.263788       0.240970       0.219266       0.199216       0.181166       0.165208       0.151171       0.138676       0.127244       0.116422       0.105875       0.095426       0.085051       0.074841       0.064956       0.055574       0.046861       0.038943       0.031902       0.025770       0.020540       0.016177       0.012635       0.009884       0.007923       0.006802       0.006569       0.007200       0.008626       0.010848       0.013962       0.018136       0.023562       0.030441       0.038962       0.049285       0.061532       0.075764       0.091972       0.110065       0.129867       0.151118       0.173488       0.196597       0.220037       0.243400       0.266301       0.288401       0.309419       0.329139       0.347413       0.364155       0.379330       0.392950       0.405059       0.415723       0.425025       0.433051       0.439891       0.445630       0.450346       0.454107       0.456971       0.458984       0.460178       0.460574       0.460178       0.458984       0.456971       0.454107       0.450346       0.445630       0.439891       0.433051       0.425025       0.415723       0.405059       0.392950       0.379330       0.364155       0.347413       0.329139       0.309419       0.288401       0.266301       0.243400       0.220037       0.196597       0.173488       0.151118       0.129867       0.110065       0.091972       0.075764       0.061532       0.049285       0.038962       0.030441       0.023562       0.018136       0.013962       0.010848       0.008626       0.007200       0.006569       0.006802       0.007923       0.009884       0.012635       0.016177       0.020540       0.025770       0.031902       0.038943       0.046861       0.055574       0.064956       0.074841       0.085051       0.095426       0.105875       0.116422       0.127244       0.138676       0.151171       0.165208       0.181166       0.199216       0.219266       0.240970       0.263788       0.287066       0.310106       0.332223       0.352771       0.371155       0.386806       0.399162       0.407656       0.411783       0.411243       0.406181       0.397497       0.387233       0.379070       0.379070
       0.378537       0.378537       0.386624       0.396729       0.405147       0.409813       0.409795       0.404922       0.395468       0.381932       0.364884       0.344919       0.322651       0.298747       0.273938       0.249022       0.224827       0.202157       0.181700       0.163917       0.148933       0.136498       0.126048       0.116868       0.108280       0.099781       0.091102       0.082184       0.073123       0.064110       0.055363       0.047091       0.039467       0.032611       0.026591       0.021432       0.017126       0.013646       0.010959       0.009042       0.007873       0.007432       0.007699       0.008683       0.010458       0.013155       0.016940       0.021997       0.028512       0.036665       0.046615       0.058485       0.072350       0.088211       0.105993       0.125535       0.146588       0.168834       0.191897       0.215367       0.238833       0.261901       0.284219       0.305493       0.325494       0.344062       0.361098       0.376562       0.390455       0.402819       0.413716       0.423226       0.431436       0.438436       0.444310       0.449139       0.452990       0.455924       0.457986       0.459209       0.459615       0.459209       0.457986       0.455924       0.452990       0.449139       0.444310       0.438436       0.431436       0.423226       0.413716       0.402819       0.390455       0.376562       0.361098       0.344062       0.325494       0.305493       0.284219       0.261901       0.238833       0.215367       0.191897       0.168834       0.146588       0.125535       0.105993       0.088211       0.072350       0.058485       0.046615       0.036665       0.028512       0.021997       0.016940       0.013155       0.010458       0.008683       0.007699       0.007432       0.007873       0.009042       0.010959       0.013646       0.017126       0.021432       0.026591       0.032611       0.039467       0.047091       0.055363       0.064110       0.073123       0.082184       0.091102       0.099781       0.108280       0.116868       0.126048       0.136498       0.148933       0.163917       0.181700       0.202157       0.224827       0.249022       0.273938       0.298747       0.322651       0.344919       0.364884       0.381932       0.395468       0.404922       0.409795       0.409813       0.405147       0.396729       0.386624       0.378537       0.378537
       0.377969       0.377969       0.385986       0.395936       0.404098       0.408375       0.407807       0.402191       0.391778       0.377052       0.358589       0.337003       0.312950       0.287152       0.260421       0.233652       0.207809       0.183867       0.162713       0.144995       0.130940       0.120236       0.112084       0.105449       0.099357       0.093109       0.086339       0.078967       0.071112       0.063007       0.054921       0.047114       0.039801       0.033141       0.027237       0.022138       0.017853       0.014363       0.011631       0.009612       0.008260       0.007541       0.007461       0.008085       0.009530       0.011941       0.015466       0.020264       0.026502       0.034352       0.043975       0.055501       0.069017       0.084540       0.102013       0.121289       0.142136       0.164246       0.187248       0.210735       0.234290       0.257512       0.280038       0.301560       0.321836       0.340694       0.358023       0.373772       0.387939       0.400557       0.411688       0.421408       0.429803       0.436964       0.442975       0.447917       0.451860       0.454864       0.456975       0.458228       0.458643       0.458228       0.456975       0.454864       0.451860       0.447917       0.442975       0.436964       0.429803       0.421408       0.411688       0.400557       0.387939       0.373772       0.358023       0.340694       0.321836       0.301560       0.280038       0.257512       0.234290       0.210735       0.187248       0.164246       0.142136       0.121289       0.102013       0.084540       0.069017       0.055501       0.043975       0.034352       0.026502       0.020264       0.015466       0.011941       0.009530       0.008085       0.007461       0.007541       0.008260       0.009612       0.011631       0.014363       0.017853       0.022138       0.027237       0.033141       0.039801       0.047114       0.054921       0.063007       0.071112       0.078967       0.086339       0.093109       0.099357       0.105449       0.112084       0.120236       0.130940       0.144995       0.162713       0.183867       0.207809       0.233652       0.260421       0.287152       0.312950       0.337003       0.358589       0.377052       0.391778       0.402191       0.407807       0.408375       0.404098       0.395936       0.385986       0.377969       0.377969
       0.377452       0.377452       0.385400       0.395205       0.403120       0.407024       0.405927       0.399595       0.388254       0.372373       0.352526       0.329342       0.303505       0.275781       0.247033       0.218240       0.190480       0.164904       0.142649       0.124662       0.111403       0.102553       0.097003       0.093250       0.089925       0.086103       0.081334       0.075547       0.068910       0.061714       0.054288       0.046943       0.039940       0.033474       0.027677       0.022617       0.018315       0.014755       0.011893       0.009671       0.008035       0.006963       0.006507       0.006815       0.008056       0.010342       0.013760       0.018419       0.024468       0.032076       0.041411       0.052619       0.065799       0.080991       0.098152       0.117157       0.137788       0.159748       0.182675       0.206164       0.229794       0.253156       0.275878       0.297638       0.318182       0.337323       0.354940       0.370974       0.385412       0.398285       0.409648       0.419578       0.428159       0.435481       0.441630       0.446686       0.450721       0.453795       0.455956       0.457238       0.457663       0.457238       0.455956       0.453795       0.450721       0.446686       0.441630       0.435481       0.428159       0.419578       0.409648       0.398285       0.385412       0.370974       0.354940       0.337323       0.318182       0.297638       0.275878       0.253156       0.229794       0.206164       0.182675       0.159748       0.137788       0.117157       0.098152       0.080991       0.065799       0.052619       0.041411       0.032076       0.024468       0.018419       0.013760       0.010342       0.008056       0.006815       0.006507       0.006963       0.008035       0.009671       0.011893       0.014755       0.018315       0.022617       0.027677       0.033474       0.039940       0.046943       0.054288       0.061714       0.068910       0.075547       0.081334       0.086103       0.089925       0.093250       0.097003       0.102553       0.111403       0.124662       0.142649       0.164904       0.190480       0.218240       0.247033       0.275781       0.303505       0.329342       0.352526       0.372373       0.388254       0.399595       0.405927       0.407024       0.403120       0.395205       0.385400       0.377452       0.377452
       0.377070       0.377070       0.384955       0.394621       0.402305       0.405860       0.404270       0.397272       0.385069       0.368114       0.346975       0.322290       0.294759       0.265169       0.234415       0.203514       0.173618       0.146017       0.122123       0.103325       0.090573       0.083702       0.081156       0.080693       0.080397       0.079110       0.076355       0.072119       0.066650       0.060317       0.053515       0.046607       0.039897       0.033615       0.027913       0.022878       0.018539       0.014880       0.011849       0.009380       0.007403       0.005900       0.004987       0.004986       0.006179       0.008539       0.011997       0.016611       0.022526       0.029924       0.038990       0.049888       0.062737       0.077595       0.094441       0.113165       0.133568       0.155366       0.178202       0.201676       0.225366       0.248855       0.271759       0.293747       0.314549       0.333965       0.351865       0.368178       0.382885       0.396009       0.407604       0.417743       0.426510       0.433993       0.440279       0.445449       0.449576       0.452721       0.454931       0.456243       0.456678       0.456243       0.454931       0.452721       0.449576       0.445449       0.440279       0.433993       0.426510       0.417743       0.407604       0.396009       0.382885       0.368178       0.351865       0.333965       0.314549       0.293747       0.271759       0.248855       0.225366       0.201676       0.178202       0.155366       0.133568       0.113165       0.094441       0.077595       0.062737       0.049888       0.038990       0.029924       0.022526       0.016611       0.011997       0.008539       0.006179       0.004986       0.004987       0.005900       0.007403       0.009380       0.011849       0.014880       0.018539       0.022878       0.027913       0.033615       0.039897       0.046607       0.053515       0.060317       0.066650       0.072119       0.076355       0.079110       0.080397       0.080693       0.081156       0.083702       0.090573       0.103325       0.122123       0.146017       0.173618       0.203514       0.234415       0.265169       0.294759       0.322290       0.346975       0.368114       0.385069       0.397272       0.404270       0.405860       0.402305       0.394621       0.384955       0.377070       0.377070
       0.376907       0.376907       0.384731       0.394267       0.401737       0.404977       0.402945       0.395358       0.382394       0.364493       0.342219       0.316210       0.287173       0.255902       0.223292       0.190355       0.158241       0.128288       0.102102       0.081624       0.068779       0.064039       0.065114       0.068438       0.071362       0.072587       0.071730       0.068908       0.064484       0.058916       0.052665       0.046147       0.039701       0.033585       0.027972       0.022962       0.018590       0.014843       0.011665       0.008976       0.006685       0.004726       0.003199       0.002803       0.004231       0.006881       0.010458       0.015042       0.020817       0.027993       0.036779       0.047357       0.059866       0.074381       0.090902       0.109336       0.129499       0.151119       0.173850       0.197294       0.221027       0.244626       0.267700       0.289902       0.310951       0.330635       0.348810       0.365396       0.380368       0.393741       0.405566       0.415911       0.424862       0.432505       0.438928       0.444213       0.448431       0.451646       0.453906       0.455248       0.455692       0.455248       0.453906       0.451646       0.448431       0.444213       0.438928       0.432505       0.424862       0.415911       0.405566       0.393741       0.380368       0.365396       0.348810       0.330635       0.310951       0.289902       0.267700       0.244626       0.221027       0.197294       0.173850       0.151119       0.129499       0.109336       0.090902       0.074381       0.059866       0.047357       0.036779       0.027993       0.020817       0.015042       0.010458       0.006881       0.004231       0.002803       0.003199       0.004726       0.006685       0.008976       0.011665       0.014843       0.018590       0.022962       0.027972       0.033585       0.039701       0.046147       0.052665       0.058916       0.064484       0.068908       0.071730       0.072587       0.071362       0.068438       0.065114       0.064039       0.068779       0.081624       0.102102       0.128288       0.158241       0.190355       0.223292       0.255902       0.287173       0.316210       0.342219       0.364493       0.382394       0.395358       0.402945       0.404977       0.401737       0.394267       0.384731       0.376907       0.376907
       0.377033       0.377033       0.384798       0.394214       0.401493       0.404457       0.402051       0.393970       0.380380       0.361708       0.338514       0.311437       0.281187       0.248551       0.214408       0.179728       0.145587       0.113216       0.084162       0.060711       0.046454       0.044105       0.049897       0.057515       0.063611       0.067081       0.067821       0.066149       0.062563       0.057607       0.051802       0.045604       0.039382       0.033413       0.027887       0.022914       0.018538       0.014749       0.011496       0.008696       0.006242       0.004011       0.001878       0.000616       0.002945       0.005861       0.009436       0.013887       0.019447       0.026350       0.034820       0.045054       0.057206       0.071367       0.087552       0.105684       0.125595       0.147024       0.169635       0.193033       0.216794       0.240489       0.263716       0.286120       0.307404       0.327345       0.345788       0.362641       0.377871       0.391489       0.403539       0.414090       0.423222       0.431024       0.437583       0.442980       0.447289       0.450574       0.452883       0.454254       0.454709       0.454254       0.452883       0.450574       0.447289       0.442980       0.437583       0.431024       0.423222       0.414090       0.403539       0.391489       0.377871       0.362641       0.345788       0.327345       0.307404       0.286120       0.263716       0.240489       0.216794       0.193033       0.169635       0.147024       0.125595       0.105684       0.087552       0.071367       0.057206       0.045054       0.034820       0.026350       0.019447       0.013887       0.009436       0.005861       0.002945       0.000616       0.001878       0.004011       0.006242       0.008696       0.011496       0.014749       0.018538       0.022914       0.027887       0.033413       0.039382       0.045604       0.051802       0.057607       0.062563       0.066149       0.067821       0.067081       0.063611       0.057515       0.049897       0.044105       0.046454       0.060711       0.084162       0.113216       0.145587       0.179728       0.214408       0.248551       0.281187       0.311437       0.338514       0.361708       0.380380       0.393970       0.402051       0.404457       0.401493       0.394214       0.384798       0.377033       0.377033
       0.377500       0.377500       0.385210       0.394515       0.401627       0.404363       0.401659       0.393202       0.379147       0.359916       0.336067       0.308245       0.277161       0.243601       0.208424       0.172552       0.136960       0.102678       0.070860       0.043206       0.024359       0.025141       0.037600       0.049470       0.058087       0.063149       0.064960       0.064045       0.061013       0.056471       0.050979       0.045016       0.038968       0.033124       0.027684       0.022768       0.018427       0.014660       0.011428       0.008661       0.006274       0.004187       0.002417       0.001743       0.003248       0.005779       0.009047       0.013194       0.018434       0.024998       0.033112       0.042978       0.054758       0.068555       0.084395       0.102218       0.121867       0.143095       0.165573       0.188911       0.212683       0.236458       0.259825       0.282415       0.303923       0.324110       0.342810       0.359922       0.375405       0.389261       0.401533       0.412285       0.421597       0.429555       0.436247       0.441756       0.446155       0.449509       0.451867       0.453267       0.453732       0.453267       0.451867       0.449509       0.446155       0.441756       0.436247       0.429555       0.421597       0.412285       0.401533       0.389261       0.375405       0.359922       0.342810       0.324110       0.303923       0.282415       0.259825       0.236458       0.212683       0.188911       0.165573       0.143095       0.121867       0.102218       0.084395       0.068555       0.054758       0.042978       0.033112       0.024998       0.018434       0.013194       0.009047       0.005779       0.003248       0.001743       0.002417       0.004187       0.006274       0.008661       0.011428       0.014660       0.018427       0.022768       0.027684       0.033124       0.038968       0.045016       0.050979       0.056471       0.061013       0.064045       0.064960       0.063149       0.058087       0.049470       0.037600       0.025141       0.024359       0.043206       0.070860       0.102678       0.136960       0.172552       0.208424       0.243601       0.277161       0.308245       0.336067       0.359916       0.379147       0.393202       0.401659       0.404363       0.401627       0.394515       0.385210       0.377500       0.377500
       0.378337       0.378337       0.385994       0.395200       0.402172       0.404732       0.401817       0.393110       0.378768       0.359212       0.335007       0.306804       0.275325       0.241365       0.205781       0.169482       0.133397       0.098445       0.065499       0.035354       0.008692       0.013953       0.032246       0.046086       0.055620       0.061209       0.063372       0.062724       0.059911       0.055557       0.050228       0.044406       0.038477       0.032734       0.027379       0.022535       0.018263       0.014572       0.011438       0.008813       0.006650       0.004933       0.003767       0.003495       0.004399       0.006312       0.009099       0.012832       0.017686       0.023873       0.031610       0.041098       0.052502       0.065933       0.081428       0.098938       0.118321       0.139339       0.161673       0.184938       0.208708       0.232548       0.256039       0.278802       0.300520       0.320941       0.339888       0.357251       0.372978       0.387067       0.399555       0.410504       0.419991       0.428103       0.434927       0.440545       0.445033       0.448455       0.450861       0.452290       0.452764       0.452290       0.450861       0.448455       0.445033       0.440545       0.434927       0.428103       0.419991       0.410504       0.399555       0.387067       0.372978       0.357251       0.339888       0.320941       0.300520       0.278802       0.256039       0.232548       0.208708       0.184938       0.161673       0.139339       0.118321       0.098938       0.081428       0.065933       0.052502       0.041098       0.031610       0.023873       0.017686       0.012832       0.009099       0.006312       0.004399       0.003495       0.003767       0.004933       0.006650       0.008813       0.011438       0.014572       0.018263       0.022535       0.027379       0.032734       0.038477       0.044406       0.050228       0.055557       0.059911       0.062724       0.063372       0.061209       0.055620       0.046086       0.032246       0.013953       0.008692       0.035354       0.065499       0.098445       0.133397       0.169482       0.205781       0.241365       0.275325       0.306804       0.335007       0.359212       0.378768       0.393110       0.401817       0.404732       0.402172       0.395200       0.385994       0.378337       0.378337
       0.379544       0.379544       0.387152       0.396271       0.403133       0.405571       0.402533       0.393710       0.379264       0.359624       0.335368       0.307159       0.275740       0.241924       0.206598       0.170702       0.135219       0.101174       0.069698       0.042441       0.023896       0.024545       0.036626       0.048133       0.056471       0.061357       0.063096       0.062203       0.059265       0.054870       0.049555       0.043779       0.037916       0.032246       0.026969       0.022206       0.018021       0.014433       0.011428       0.008978       0.007053       0.005653       0.004831       0.004702       0.005371       0.006868       0.009230       0.012566       0.017044       0.022865       0.030238       0.039362       0.050404       0.063480       0.078638       0.095840       0.114956       0.135761       0.157944       0.181125       0.204880       0.228771       0.252371       0.275293       0.297207       0.317850       0.337033       0.354636       0.370599       0.384914       0.397612       0.408753       0.418411       0.426673       0.433626       0.439352       0.443927       0.447415       0.449869       0.451325       0.451808       0.451325       0.449869       0.447415       0.443927       0.439352       0.433626       0.426673       0.418411       0.408753       0.397612       0.384914       0.370599       0.354636       0.337033       0.317850       0.297207       0.275293       0.252371       0.228771       0.204880       0.181125       0.157944       0.135761       0.114956       0.095840       0.078638       0.063480       0.050404       0.039362       0.030238       0.022865       0.017044       0.012566       0.009230       0.006868       0.005371       0.004702       0.004831       0.005653       0.007053       0.008978       0.011428       0.014433       0.018021       0.022206       0.026969       0.032246       0.037916       0.043779       0.049555       0.054870       0.059265       0.062203       0.063096       0.061357       0.056471       0.048133       0.036626       0.024545       0.023896       0.042441       0.069698       0.101174       0.135219       0.170702       0.206598       0.241924       0.275740       0.307159       0.335368       0.359624       0.379264       0.393710       0.402533       0.405571       0.403133       0.396271       0.387152       0.379544       0.379544
       0.381096       0.381096       0.388660       0.397705       0.404486       0.406857       0.403782       0.394971       0.380597       0.361105       0.337086       0.309224       0.278283       0.245108       0.210627       0.175844       0.141846       0.109842       0.081311       0.058400       0.044462       0.041994       0.047336       0.054433       0.060098       0.063305       0.063963       0.062378       0.059014       0.054374       0.048938       0.043126       0.037278       0.031658       0.026447       0.021764       0.017668       0.014181       0.011293       0.008982       0.007224       0.006005       0.005335       0.005248       0.005798       0.007060       0.009140       0.012180       0.016357       0.021870       0.028926       0.037723       0.048432       0.061176       0.076013       0.092918       0.111772       0.132363       0.154390       0.177480       0.201209       0.225138       0.248833       0.271900       0.293995       0.314847       0.334254       0.352087       0.368277       0.382810       0.395711       0.407038       0.416863       0.425271       0.432349       0.438180       0.442840       0.446393       0.448893       0.450377       0.450869       0.450377       0.448893       0.446393       0.442840       0.438180       0.432349       0.425271       0.416863       0.407038       0.395711       0.382810       0.368277       0.352087       0.334254       0.314847       0.293995       0.271900       0.248833       0.225138       0.201209       0.177480       0.154390       0.132363       0.111772       0.092918       0.076013       0.061176       0.048432       0.037723       0.028926       0.021870       0.016357       0.012180       0.009140       0.007060       0.005798       0.005248       0.005335       0.006005       0.007224       0.008982       0.011293       0.014181       0.017668       0.021764       0.026447       0.031658       0.037278       0.043126       0.048938       0.054374       0.059014       0.062378       0.063963       0.063305       0.060098       0.054433       0.047336       0.041994       0.044462       0.058400       0.081311       0.109842       0.141846       0.175844       0.210627       0.245108       0.278283       0.309224       0.337086       0.361105       0.380597       0.394971       0.403782       0.406857       0.404486       0.397705       0.388660       0.381096       0.381096
       0.382944       0.382944       0.390468       0.399454       0.406182       0.408536       0.405506       0.396823       0.382679       0.363537       0.340005       0.312786       0.282666       0.250520       0.217312       0.184101       0.152045       0.122436       0.096772       0.076813       0.064260       0.059441       0.060129       0.062962       0.065476       0.066484       0.065639       0.063047       0.059032       0.053993       0.048336       0.042423       0.036554       0.030962       0.025809       0.021198       0.017182       0.013776       0.010968       0.008733       0.007043       0.005877       0.005229       0.005119       0.005599       0.006749       0.008686       0.011556       0.015537       0.020825       0.027628       0.036149       0.046564       0.059006       0.073545       0.090167       0.108768       0.129149       0.151018       0.174008       0.197702       0.221656       0.245434       0.268630       0.290894       0.311942       0.331561       0.349612       0.366019       0.380761       0.393858       0.405364       0.415351       0.423901       0.431101       0.437034       0.441776       0.445392       0.447937       0.449448       0.449949       0.449448       0.447937       0.445392       0.441776       0.437034       0.431101       0.423901       0.415351       0.405364       0.393858       0.380761       0.366019       0.349612       0.331561       0.311942       0.290894       0.268630       0.245434       0.221656       0.197702       0.174008       0.151018       0.129149       0.108768       0.090167       0.073545       0.059006       0.046564       0.036149       0.027628       0.020825       0.015537       0.011556       0.008686       0.006749       0.005599       0.005119       0.005229       0.005877       0.007043       0.008733       0.010968       0.013776       0.017182       0.021198       0.025809       0.030962       0.036554       0.042423       0.048336       0.053993       0.059032       0.063047       0.065639       0.066484       0.065476       0.062962       0.060129       0.059441       0.064260       0.076813       0.096772       0.122436       0.152045       0.184101       0.217312       0.250520       0.282666       0.312786       0.340005       0.363537       0.382679       0.396823       0.405506       0.408536       0.406182       0.399454       0.390468       0.382944       0.382944
       0.385018       0.385018       0.392508       0.401449       0.408152       0.410534       0.407618       0.399159       0.385374       0.366744       0.343893       0.317538       0.288480       0.257609       0.225908       0.194449       0.164389       0.136964       0.113455       0.095070       0.082569       0.075678       0.072882       0.072093       0.071562       0.070246       0.067719       0.063957       0.059161       0.053632       0.047691       0.041640       0.035729       0.030155       0.025054       0.020511       0.016565       0.013220       0.010456       0.008238       0.006530       0.005308       0.004577       0.004391       0.004830       0.005969       0.007888       0.010707       0.014589       0.019731       0.026345       0.034638       0.044798       0.056969       0.071231       0.087587       0.105945       0.126120       0.147830       0.170717       0.194366       0.218335       0.242182       0.265495       0.287913       0.309142       0.328960       0.347218       0.363832       0.378773       0.392059       0.403738       0.413880       0.422567       0.429884       0.435916       0.440738       0.444416       0.447004       0.448541       0.449051       0.448541       0.447004       0.444416       0.440738       0.435916       0.429884       0.422567       0.413880       0.403738       0.392059       0.378773       0.363832       0.347218       0.328960       0.309142       0.287913       0.265495       0.242182       0.218335       0.194366       0.170717       0.147830       0.126120       0.105945       0.087587       0.071231       0.056969       0.044798       0.034638       0.026345       0.019731       0.014589       0.010707       0.007888       0.005969       0.004830       0.004391       0.004577       0.005308       0.006530       0.008238       0.010456       0.013220       0.016565       0.020511       0.025054       0.030155       0.035729       0.041640       0.047691       0.053632       0.059161       0.063957       0.067719       0.070246       0.071562       0.072093       0.072882       0.075678       0.082569       0.095070       0.113455       0.136964       0.164389       0.194449       0.225908       0.257609       0.288480       0.317538       0.343893       0.366744       0.385374       0.399159       0.407618       0.410534       0.408152       0.401449       0.392508       0.385018       0.385018
       0.387236       0.387236       0.394699       0.403608       0.410310       0.412758       0.410009       0.401848       0.388515       0.370510       0.348468       0.323112       0.295245       0.265754       0.235611       0.205859       0.177588       0.151894       0.129791       0.112060       0.099003       0.090214       0.084608       0.080793       0.077535       0.074008       0.069806       0.064844       0.059232       0.053183       0.046942       0.040745       0.034792       0.029240       0.024196       0.019724       0.015848       0.012557       0.009820       0.007589       0.005812       0.004455       0.003542       0.003211       0.003648       0.004886       0.006898       0.009750       0.013599       0.018646       0.025112       0.033213       0.043147       0.055070       0.069076       0.085180       0.103306       0.123279       0.144830       0.167610       0.191207       0.215180       0.239083       0.262499       0.285058       0.306455       0.326460       0.344913       0.361722       0.376854       0.390319       0.402164       0.412455       0.421273       0.428704       0.434830       0.439729       0.443467       0.446097       0.447659       0.448177       0.447659       0.446097       0.443467       0.439729       0.434830       0.428704       0.421273       0.412455       0.402164       0.390319       0.376854       0.361722       0.344913       0.326460       0.306455       0.285058       0.262499       0.239083       0.215180       0.191207       0.167610       0.144830       0.123279       0.103306       0.085180       0.069076       0.055070       0.043147       0.033213       0.025112       0.018646       0.013599       0.009750       0.006898       0.004886       0.003648       0.003211       0.003542       0.004455       0.005812       0.007589       0.009820       0.012557       0.015848       0.019724       0.024196       0.029240       0.034792       0.040745       0.046942       0.053183       0.059232       0.064844       0.069806       0.074008       0.077535       0.080793       0.084608       0.090214       0.099003       0.112060       0.129791       0.151894       0.177588       0.205859       0.235611       0.265754       0.295245       0.323112       0.348468       0.370510       0.388515       0.401848       0.410009       0.412758       0.410310       0.403608       0.394699       0.387236       0.387236
       0.389511       0.389511       0.396952       0.405842       0.412563       0.415106       0.412561       0.404745       0.391920       0.374600       0.353426       0.329118       0.302466       0.274335       0.245660       0.217421       0.190609       0.166156       0.144846       0.127190       0.113285       0.102746       0.094783       0.088432       0.082816       0.077308       0.071563       0.065473       0.059088       0.052549       0.046031       0.039709       0.033733       0.028221       0.023252       0.018866       0.015072       0.011849       0.009153       0.006922       0.005085       0.003576       0.002387       0.001778       0.002313       0.003798       0.005963       0.008869       0.012694       0.017656       0.023985       0.031908       0.041633       0.053325       0.067088       0.082952       0.100853       0.120629       0.142022       0.164690       0.188229       0.212196       0.236144       0.259650       0.282335       0.303888       0.324066       0.342701       0.359695       0.375007       0.388643       0.400645       0.411079       0.420023       0.427562       0.433780       0.438753       0.442548       0.445218       0.446804       0.447330       0.446804       0.445218       0.442548       0.438753       0.433780       0.427562       0.420023       0.411079       0.400645       0.388643       0.375007       0.359695       0.342701       0.324066       0.303888       0.282335       0.259650       0.236144       0.212196       0.188229       0.164690       0.142022       0.120629       0.100853       0.082952       0.067088       0.053325       0.041633       0.031908       0.023985       0.017656       0.012694       0.008869       0.005963       0.003798       0.002313       0.001778       0.002387       0.003576       0.005085       0.006922       0.009153       0.011849       0.015072       0.018866       0.023252       0.028221       0.033733       0.039709       0.046031       0.052549       0.059088       0.065473       0.071563       0.077308       0.082816       0.088432       0.094783       0.102746       0.113285       0.127190       0.144846       0.166156       0.190609       0.217421       0.245660       0.274335       0.302466       0.329118       0.353426       0.374600       0.391920       0.404745       0.412561       0.415106       0.412563       0.405842       0.396952       0.389511       0.389511
       0.391755       0.391755       0.399181       0.408063       0.414817       0.417473       0.415153       0.407702       0.395402       0.378778       0.358468       0.335181       0.309680       0.282793       0.255400       0.228402       0.202680       0.179023       0.158046       0.140104       0.125219       0.113078       0.103107       0.094631       0.087022       0.079815       0.072729       0.065654       0.058599       0.051647       0.044911       0.038511       0.032551       0.027110       0.022241       0.017965       0.014279       0.011153       0.008537       0.006362       0.004546       0.002992       0.001595       0.000345       0.001356       0.003120       0.005350       0.008233       0.011984       0.016831       0.023011       0.030756       0.040275       0.051743       0.065273       0.080906       0.098588       0.118170       0.139405       0.161960       0.185433       0.209385       0.233368       0.256951       0.279750       0.301444       0.321782       0.340589       0.357756       0.373237       0.387035       0.399187       0.409756       0.418820       0.426463       0.432768       0.437812       0.441661       0.444370       0.445979       0.446513       0.445979       0.444370       0.441661       0.437812       0.432768       0.426463       0.418820       0.409756       0.399187       0.387035       0.373237       0.357756       0.340589       0.321782       0.301444       0.279750       0.256951       0.233368       0.209385       0.185433       0.161960       0.139405       0.118170       0.098588       0.080906       0.065273       0.051743       0.040275       0.030756       0.023011       0.016831       0.011984       0.008233       0.005350       0.003120       0.001356       0.000345       0.001595       0.002992       0.004546       0.006362       0.008537       0.011153       0.014279       0.017965       0.022241       0.027110       0.032551       0.038511       0.044911       0.051647       0.058599       0.065654       0.072729       0.079815       0.087022       0.094631       0.103107       0.113078       0.125219       0.140104       0.158046       0.179023       0.202680       0.228402       0.255400       0.282793       0.309680       0.335181       0.358468       0.378778       0.395402       0.407702       0.415153       0.417473       0.414817       0.408063       0.399181       0.391755       0.391755
       0.393888       0.393888       0.401305       0.410188       0.416986       0.419762       0.417670       0.410579       0.398788       0.382825       0.363322       0.340965       0.316485       0.290659       0.264305       0.238246       0.213260       0.190024       0.169043       0.150591       0.134683       0.121091       0.109411       0.099168       0.089916       0.081309       0.073123       0.065250       0.057670       0.050415       0.043548       0.037137       0.031245       0.025917       0.021181       0.017044       0.013494       0.010497       0.008005       0.005956       0.004276       0.002884       0.001728       0.001026       0.001634       0.003119       0.005172       0.007905       0.011509       0.016201       0.022211       0.029767       0.039081       0.050329       0.063633       0.079041       0.096510       0.115903       0.136980       0.159418       0.182821       0.206750       0.230756       0.254405       0.277306       0.299128       0.319614       0.338578       0.355907       0.371548       0.385498       0.397791       0.408489       0.417667       0.425408       0.431796       0.436907       0.440809       0.443555       0.445186       0.445727       0.445186       0.443555       0.440809       0.436907       0.431796       0.425408       0.417667       0.408489       0.397791       0.385498       0.371548       0.355907       0.338578       0.319614       0.299128       0.277306       0.254405       0.230756       0.206750       0.182821       0.159418       0.136980       0.115903       0.096510       0.079041       0.063633       0.050329       0.039081       0.029767       0.022211       0.016201       0.011509       0.007905       0.005172       0.003119       0.001634       0.001026       0.001728       0.002884       0.004276       0.005956       0.008005       0.010497       0.013494       0.017044       0.021181       0.025917       0.031245       0.037137       0.043548       0.050415       0.057670       0.065250       0.073123       0.081309       0.089916       0.099168       0.109411       0.121091       0.134683       0.150591       0.169043       0.190024       0.213260       0.238246       0.264305       0.290659       0.316485       0.340965       0.363322       0.382825       0.398788       0.410579       0.417670       0.419762       0.416986       0.410188       0.401305       0.393888       0.393888
       0.395842       0.395842       0.403254       0.412145       0.418992       0.421887       0.420011       0.413255       0.401927       0.386555       0.367758       0.346195       0.322557       0.297571       0.271990       0.246566       0.221995       0.198875       0.177644       0.158550       0.141631       0.126746       0.113624       0.101938       0.091370       0.081662       0.072633       0.064175       0.056239       0.048817       0.041924       0.035584       0.029821       0.024653       0.020086       0.016116       0.012723       0.009878       0.007538       0.005653       0.004172       0.003046       0.002276       0.001989       0.002397       0.003510       0.005288       0.007806       0.011224       0.015738       0.021567       0.028932       0.038043       0.049078       0.062163       0.077353       0.094615       0.113822       0.134744       0.157063       0.180391       0.204290       0.228311       0.252015       0.275004       0.296943       0.317563       0.336674       0.354153       0.369943       0.384035       0.396462       0.407280       0.416566       0.424401       0.430867       0.436042       0.439993       0.442774       0.444426       0.444974       0.444426       0.442774       0.439993       0.436042       0.430867       0.424401       0.416566       0.407280       0.396462       0.384035       0.369943       0.354153       0.336674       0.317563       0.296943       0.275004       0.252015       0.228311       0.204290       0.180391       0.157063       0.134744       0.113822       0.094615       0.077353       0.062163       0.049078       0.038043       0.028932       0.021567       0.015738       0.011224       0.007806       0.005288       0.003510       0.002397       0.001989       0.002276       0.003046       0.004172       0.005653       0.007538       0.009878       0.012723       0.016116       0.020086       0.024653       0.029821       0.035584       0.041924       0.048817       0.056239       0.064175       0.072633       0.081662       0.091370       0.101938       0.113624       0.126746       0.141631       0.158550       0.177644       0.198875       0.221995       0.246566       0.271990       0.297571       0.322557       0.346195       0.367758       0.386555       0.401927       0.413255       0.420011       0.421887       0.418992       0.412145       0.403254       0.395842       0.395842
       0.397562       0.397562       0.404974       0.413877       0.420773       0.423777       0.422095       0.415629       0.404696       0.389819       0.371598       0.350662       0.327662       0.303275       0.278200       0.253124       0.228689       0.205439       0.183784       0.163974       0.146090       0.130071       0.115753       0.102917       0.091340       0.080823       0.071209       0.062386       0.054277       0.046835       0.040033       0.033854       0.028289       0.023330       0.018968       0.015187       0.011965       0.009275       0.007083       0.005353       0.004048       0.003139       0.002618       0.002516       0.002903       0.003852       0.005440       0.007782       0.011034       0.015385       0.021043       0.028227       0.037145       0.047976       0.060851       0.075832       0.092896       0.111921       0.132690       0.154891       0.178140       0.202004       0.226031       0.249779       0.272846       0.294889       0.315632       0.334877       0.352496       0.368424       0.382650       0.395200       0.406133       0.415519       0.423442       0.429983       0.435218       0.439215       0.442029       0.443701       0.444256       0.443701       0.442029       0.439215       0.435218       0.429983       0.423442       0.415519       0.406133       0.395200       0.382650       0.368424       0.352496       0.334877       0.315632       0.294889       0.272846       0.249779       0.226031       0.202004       0.178140       0.154891       0.132690       0.111921       0.092896       0.075832       0.060851       0.047976       0.037145       0.028227       0.021043       0.015385       0.011034       0.007782       0.005440       0.003852       0.002903       0.002516       0.002618       0.003139       0.004048       0.005353       0.007083       0.009275       0.011965       0.015187       0.018968       0.023330       0.028289       0.033854       0.040033       0.046835       0.054277       0.062386       0.071209       0.080823       0.091340       0.102917       0.115753       0.130071       0.146090       0.163974       0.183784       0.205439       0.228689       0.253124       0.278200       0.303275       0.327662       0.350662       0.371598       0.389819       0.404696       0.415629       0.422095       0.423777       0.420773       0.413877       0.404974       0.397562       0.397562
       0.399009       0.399009       0.406423       0.415342       0.422282       0.425381       0.423859       0.417629       0.407009       0.392512       0.374719       0.354228       0.331652       0.307625       0.282796       0.257812       0.233273       0.209700       0.187498       0.166937       0.148153       0.131156       0.115868       0.102152       0.089848       0.078796       0.068849       0.059880       0.051784       0.044474       0.037884       0.031959       0.026663       0.021964       0.017839       0.014265       0.011220       0.008675       0.006605       0.004980       0.003775       0.002973       0.002568       0.002568       0.003001       0.003932       0.005458       0.007713       0.010858       0.015083       0.020599       0.027623       0.036364       0.047005       0.059683       0.074467       0.091340       0.110192       0.130812       0.152896       0.176065       0.199888       0.223914       0.247698       0.270832       0.292967       0.313822       0.333189       0.350936       0.366993       0.381342       0.394009       0.405047       0.414529       0.422534       0.429144       0.434436       0.438477       0.441322       0.443013       0.443574       0.443013       0.441322       0.438477       0.434436       0.429144       0.422534       0.414529       0.405047       0.394009       0.381342       0.366993       0.350936       0.333189       0.313822       0.292967       0.270832       0.247698       0.223914       0.199888       0.176065       0.152896       0.130812       0.110192       0.091340       0.074467       0.059683       0.047005       0.036364       0.027623       0.020599       0.015083       0.010858       0.007713       0.005458       0.003932       0.003001       0.002568       0.002568       0.002973       0.003775       0.004980       0.006605       0.008675       0.011220       0.014265       0.017839       0.021964       0.026663       0.031959       0.037884       0.044474       0.051784       0.059880       0.068849       0.078796       0.089848       0.102152       0.115868       0.131156       0.148153       0.166937       0.187498       0.209700       0.233273       0.257812       0.282796       0.307625       0.331652       0.354228       0.374719       0.392512       0.407009       0.417629       0.423859       0.425381       0.422282       0.415342       0.406423       0.399009       0.399009
       0.400160       0.400160       0.407579       0.416512       0.423492       0.426666       0.425266       0.419209       0.408811       0.394572       0.377053       0.356823       0.334460       0.310562       0.285746       0.260626       0.235785       0.211737       0.188903       0.167588       0.147978       0.130152       0.114100       0.099745       0.086970       0.075635       0.065590       0.056685       0.048782       0.041754       0.035494       0.029918       0.024959       0.020570       0.016716       0.013368       0.010502       0.008092       0.006111       0.004534       0.003339       0.002524       0.002123       0.002187       0.002726       0.003745       0.005314       0.007563       0.010661       0.014805       0.020209       0.027096       0.035680       0.046148       0.058644       0.073242       0.089937       0.108623       0.129100       0.151069       0.174158       0.197938       0.221956       0.245768       0.268960       0.291178       0.312132       0.331612       0.349476       0.365651       0.380114       0.392889       0.404026       0.413596       0.421678       0.428353       0.433698       0.437780       0.440654       0.442362       0.442929       0.442362       0.440654       0.437780       0.433698       0.428353       0.421678       0.413596       0.404026       0.392889       0.380114       0.365651       0.349476       0.331612       0.312132       0.291178       0.268960       0.245768       0.221956       0.197938       0.174158       0.151069       0.129100       0.108623       0.089937       0.073242       0.058644       0.046148       0.035680       0.027096       0.020209       0.014805       0.010661       0.007563       0.005314       0.003745       0.002726       0.002187       0.002123       0.002524       0.003339       0.004534       0.006111       0.008092       0.010502       0.013368       0.016716       0.020570       0.024959       0.029918       0.035494       0.041754       0.048782       0.056685       0.065590       0.075635       0.086970       0.099745       0.114100       0.130152       0.147978       0.167588       0.188903       0.211737       0.235785       0.260626       0.285746       0.310562       0.334460       0.356823       0.377053       0.394572       0.408811       0.419209       0.425266       0.426666       0.423492       0.416512       0.407579       0.400160       0.400160
       0.401007       0.401007       0.408432       0.417380       0.424389       0.427617       0.426298       0.420350       0.410081       0.395979       0.378582       0.358435       0.336089       0.312112       0.287101       0.261653       0.236349       0.211714       0.188193       0.166134       0.145777       0.127259       0.110626       0.095846       0.082826       0.071433       0.061502       0.052854       0.045312       0.038706       0.032892       0.027752       0.023197       0.019166       0.015614       0.012513       0.009836       0.007560       0.005657       0.004096       0.002846       0.001902       0.001368       0.001494       0.002237       0.003426       0.005094       0.007380       0.010463       0.014550       0.019864       0.026633       0.035076       0.045388       0.057717       0.072145       0.088672       0.107203       0.127544       0.149403       0.172413       0.196147       0.220155       0.243987       0.267229       0.289519       0.310563       0.330144       0.348116       0.364398       0.378967       0.391841       0.403070       0.412721       0.420875       0.427610       0.433004       0.437125       0.440026       0.441751       0.442323       0.441751       0.440026       0.437125       0.433004       0.427610       0.420875       0.412721       0.403070       0.391841       0.378967       0.364398       0.348116       0.330144       0.310563       0.289519       0.267229       0.243987       0.220155       0.196147       0.172413       0.149403       0.127544       0.107203       0.088672       0.072145       0.057717       0.045388       0.035076       0.026633       0.019864       0.014550       0.010463       0.007380       0.005094       0.003426       0.002237       0.001494       0.001368       0.001902       0.002846       0.004096       0.005657       0.007560       0.009836       0.012513       0.015614       0.019166       0.023197       0.027752       0.032892       0.038706       0.045312       0.052854       0.061502       0.071433       0.082826       0.095846       0.110626       0.127259       0.145777       0.166134       0.188193       0.211714       0.236349       0.261653       0.287101       0.312112       0.336089       0.358435       0.378582       0.395979       0.410081       0.420350       0.426298       0.427617       0.424389       0.417380       0.408432       0.401007       0.401007
       0.401555       0.401555       0.408985       0.417946       0.424977       0.428236       0.426958       0.421056       0.410827       0.396746       0.379331       0.359106       0.336599       0.312363       0.286982       0.261051       0.235160       0.209855       0.185618       0.162839       0.141812       0.122725       0.105669       0.090643       0.077571       0.066312       0.056681       0.048461       0.041429       0.035373       0.030108       0.025485       0.021395       0.017765       0.014549       0.011717       0.009248       0.007122       0.005313       0.003787       0.002499       0.001398       0.000490       0.000784       0.001854       0.003197       0.004937       0.007240       0.010301       0.014332       0.019563       0.026225       0.034541       0.044711       0.056888       0.071160       0.087533       0.105921       0.126134       0.147889       0.170823       0.194511       0.218504       0.242352       0.265635       0.287989       0.309113       0.328785       0.346854       0.363236       0.377901       0.390867       0.402179       0.411906       0.420125       0.426917       0.432356       0.436512       0.439439       0.441178       0.441755       0.441178       0.439439       0.436512       0.432356       0.426917       0.420125       0.411906       0.402179       0.390867       0.377901       0.363236       0.346854       0.328785       0.309113       0.287989       0.265635       0.242352       0.218504       0.194511       0.170823       0.147889       0.126134       0.105921       0.087533       0.071160       0.056888       0.044711       0.034541       0.026225       0.019563       0.014332       0.010301       0.007240       0.004937       0.003197       0.001854       0.000784       0.000490       0.001398       0.002499       0.003787       0.005313       0.007122       0.009248       0.011717       0.014549       0.017765       0.021395       0.025485       0.030108       0.035373       0.041429       0.048461       0.056681       0.066312       0.077571       0.090643       0.105669       0.122725       0.141812       0.162839       0.185618       0.209855       0.235160       0.261051       0.286982       0.312363       0.336599       0.359106       0.379331       0.396746       0.410827       0.421056       0.426958       0.428236       0.424977       0.417946       0.408985       0.401555       0.401555
       0.401819       0.401819       0.409257       0.418228       0.425271       0.428540       0.427265       0.421350       0.411082       0.396918       0.379361       0.358917       0.336101       0.311456       0.285565       0.259032       0.232465       0.206439       0.181475       0.158010       0.136386       0.116836       0.099487       0.084362       0.071391       0.060423       0.051243       0.043594       0.037202       0.031806       0.027180       0.023144       0.019572       0.016381       0.013528       0.010988       0.008748       0.006797       0.005120       0.003692       0.002481       0.001456       0.000706       0.000951       0.001931       0.003233       0.004936       0.007195       0.010198       0.014158       0.019302       0.025862       0.034062       0.044104       0.056144       0.070275       0.086509       0.104765       0.124861       0.146519       0.169379       0.193023       0.216999       0.240858       0.264176       0.286585       0.307781       0.327535       0.345692       0.362163       0.376916       0.389965       0.401354       0.411150       0.419430       0.426273       0.431754       0.435943       0.438893       0.440646       0.441228       0.440646       0.438893       0.435943       0.431754       0.426273       0.419430       0.411150       0.401354       0.389965       0.376916       0.362163       0.345692       0.327535       0.307781       0.286585       0.264176       0.240858       0.216999       0.193023       0.169379       0.146519       0.124861       0.104765       0.086509       0.070275       0.056144       0.044104       0.034062       0.025862       0.019302       0.014158       0.010198       0.007195       0.004936       0.003233       0.001931       0.000951       0.000706       0.001456       0.002481       0.003692       0.005120       0.006797       0.008748       0.010988       0.013528       0.016381       0.019572       0.023144       0.027180       0.031806       0.037202       0.043594       0.051243       0.060423       0.071391       0.084362       0.099487       0.116836       0.136386       0.158010       0.181475       0.206439       0.232465       0.259032       0.285565       0.311456       0.336101       0.358917       0.379361       0.396918       0.411082       0.421350       0.427265       0.428540       0.425271       0.418228       0.409257       0.401819       0.401819
       0.401827       0.401827       0.409271       0.418251       0.425297       0.428558       0.427252       0.421275       0.410897       0.396563       0.378760       0.357983       0.334738       0.309569       0.283065       0.255847       0.228548       0.201779       0.176099       0.151992       0.129840       0.109916       0.092376       0.077260       0.064503       0.053938       0.045323       0.038356       0.032709       0.028065       0.024153       0.020760       0.017745       0.015022       0.012551       0.010318       0.008323       0.006570       0.005058       0.003784       0.002745       0.001964       0.001553       0.001699       0.002381       0.003493       0.005066       0.007223       0.010137       0.014011       0.019066       0.025530       0.033626       0.043554       0.055473       0.069479       0.085589       0.103726       0.123715       0.145284       0.168077       0.191677       0.215635       0.239500       0.262849       0.285306       0.306565       0.326392       0.344627       0.361179       0.376011       0.389136       0.400595       0.410454       0.418789       0.425679       0.431199       0.435417       0.438388       0.440154       0.440740       0.440154       0.438388       0.435417       0.431199       0.425679       0.418789       0.410454       0.400595       0.389136       0.376011       0.361179       0.344627       0.326392       0.306565       0.285306       0.262849       0.239500       0.215635       0.191677       0.168077       0.145284       0.123715       0.103726       0.085589       0.069479       0.055473       0.043554       0.033626       0.025530       0.019066       0.014011       0.010137       0.007223       0.005066       0.003493       0.002381       0.001699       0.001553       0.001964       0.002745       0.003784       0.005058       0.006570       0.008323       0.010318       0.012551       0.015022       0.017745       0.020760       0.024153       0.028065       0.032709       0.038356       0.045323       0.053938       0.064503       0.077260       0.092376       0.109916       0.129840       0.151992       0.176099       0.201779       0.228548       0.255847       0.283065       0.309569       0.334738       0.357983       0.378760       0.396563       0.410897       0.421275       0.427252       0.428558       0.425297       0.418251       0.409271       0.401827       0.401827
       0.401611       0.401611       0.409063       0.418049       0.425092       0.428328       0.426965       0.420882       0.410339       0.395765       0.377636       0.356438       0.332677       0.306904       0.279721       0.251773       0.223720       0.196212       0.169848       0.145150       0.122538       0.102315       0.084659       0.069624       0.057146       0.047051       0.039072       0.032863       0.028038       0.024218       0.021076       0.018368       0.015936       0.013696       0.011615       0.009695       0.007949       0.006397       0.005058       0.003945       0.003075       0.002478       0.002207       0.002317       0.002833       0.003771       0.005201       0.007244       0.010064       0.013855       0.018830       0.025212       0.033219       0.043051       0.054866       0.068763       0.084764       0.102796       0.122690       0.144177       0.166907       0.190466       0.214407       0.238276       0.261649       0.284148       0.305462       0.325353       0.343659       0.360283       0.375187       0.388380       0.399902       0.409818       0.418203       0.425135       0.430690       0.434935       0.437926       0.439704       0.440293       0.439704       0.437926       0.434935       0.430690       0.425135       0.418203       0.409818       0.399902       0.388380       0.375187       0.360283       0.343659       0.325353       0.305462       0.284148       0.261649       0.238276       0.214407       0.190466       0.166907       0.144177       0.122690       0.102796       0.084764       0.068763       0.054866       0.043051       0.033219       0.025212       0.018830       0.013855       0.010064       0.007244       0.005201       0.003771       0.002833       0.002317       0.002207       0.002478       0.003075       0.003945       0.005058       0.006397       0.007949       0.009695       0.011615       0.013696       0.015936       0.018368       0.021076       0.024218       0.028038       0.032863       0.039072       0.047051       0.057146       0.069624       0.084659       0.102315       0.122538       0.145150       0.169848       0.196212       0.223720       0.251773       0.279721       0.306904       0.332677       0.356438       0.377636       0.395765       0.410339       0.420882       0.426965       0.428328       0.425092       0.418049       0.409063       0.401611       0.401611
       0.401212       0.401212       0.408671       0.417662       0.424696       0.427895       0.426453       0.420235       0.409485       0.394620       0.376107       0.354431       0.330100       0.303678       0.275785       0.247095       0.218300       0.190086       0.163088       0.137865       0.114863       0.094407       0.076689       0.061769       0.049589       0.039976       0.032652       0.027239       0.023288       0.020344       0.018014       0.016014       0.014174       0.012416       0.010721       0.009105       0.007597       0.006234       0.005046       0.004061       0.003302       0.002793       0.002561       0.002634       0.003051       0.003876       0.005206       0.007168       0.009923       0.013657       0.018575       0.024896       0.032835       0.042589       0.054318       0.068124       0.084030       0.101971       0.121779       0.143193       0.165866       0.189387       0.213309       0.237180       0.260573       0.283108       0.304470       0.324418       0.342786       0.359474       0.374442       0.387696       0.399275       0.409242       0.417672       0.424642       0.430228       0.434498       0.437506       0.439294       0.439887       0.439294       0.437506       0.434498       0.430228       0.424642       0.417672       0.409242       0.399275       0.387696       0.374442       0.359474       0.342786       0.324418       0.304470       0.283108       0.260573       0.237180       0.213309       0.189387       0.165866       0.143193       0.121779       0.101971       0.084030       0.068124       0.054318       0.042589       0.032835       0.024896       0.018575       0.013657       0.009923       0.007168       0.005206       0.003876       0.003051       0.002634       0.002561       0.002793       0.003302       0.004061       0.005046       0.006234       0.007597       0.009105       0.010721       0.012416       0.014174       0.016014       0.018014       0.020344       0.023288       0.027239       0.032652       0.039976       0.049589       0.061769       0.076689       0.094407       0.114863       0.137865       0.163088       0.190086       0.218300       0.247095       0.275785       0.303678       0.330100       0.354431       0.376107       0.394620       0.409485       0.420235       0.426453       0.427895       0.424696       0.417662       0.408671       0.401212       0.401212
       0.400673       0.400673       0.408139       0.417134       0.424155       0.427309       0.425773       0.419399       0.408416       0.393229       0.374301       0.352115       0.327191       0.300107       0.271508       0.242097       0.212600       0.183738       0.156180       0.130511       0.107199       0.086576       0.068836       0.054040       0.042132       0.032954       0.026244       0.021617       0.018567       0.016536       0.015041       0.013754       0.012498       0.011205       0.009876       0.008544       0.007255       0.006054       0.004984       0.004077       0.003359       0.002853       0.002584       0.002591       0.002938       0.003708       0.005004       0.006947       0.009688       0.013404       0.018298       0.024583       0.032475       0.042171       0.053831       0.067559       0.083385       0.101245       0.120979       0.142328       0.164949       0.188434       0.212338       0.236209       0.259618       0.282183       0.303587       0.323585       0.342007       0.358752       0.373776       0.387083       0.398713       0.408725       0.417195       0.424199       0.429814       0.434105       0.437128       0.438926       0.439522       0.438926       0.437128       0.434105       0.429814       0.424199       0.417195       0.408725       0.398713       0.387083       0.373776       0.358752       0.342007       0.323585       0.303587       0.282183       0.259618       0.236209       0.212338       0.188434       0.164949       0.142328       0.120979       0.101245       0.083385       0.067559       0.053831       0.042171       0.032475       0.024583       0.018298       0.013404       0.009688       0.006947       0.005004       0.003708       0.002938       0.002591       0.002584       0.002853       0.003359       0.004077       0.004984       0.006054       0.007255       0.008544       0.009876       0.011205       0.012498       0.013754       0.015041       0.016536       0.018567       0.021617       0.026244       0.032954       0.042132       0.054040       0.068836       0.086576       0.107199       0.130511       0.156180       0.183738       0.212600       0.242097       0.271508       0.300107       0.327191       0.352115       0.374301       0.393229       0.408416       0.419399       0.425773       0.427309       0.424155       0.417134       0.408139       0.400673       0.400673
       0.400039       0.400039       0.407512       0.416511       0.423516       0.426621       0.424985       0.418444       0.407215       0.391693       0.372340       0.349641       0.324129       0.296400       0.267128       0.237045       0.206913       0.177485       0.149459       0.123442       0.099910       0.079196       0.061480       0.046808       0.035115       0.026263       0.020047       0.016138       0.013992       0.012906       0.012257       0.011663       0.010956       0.010092       0.009097       0.008021       0.006923       0.005858       0.004872       0.003998       0.003264       0.002688       0.002307       0.002198       0.002483       0.003265       0.004608       0.006603       0.009384       0.013122       0.018020       0.024292       0.032154       0.041805       0.053409       0.067072       0.082828       0.100618       0.120285       0.141576       0.164150       0.187603       0.211490       0.235359       0.258781       0.281371       0.302810       0.322851       0.341320       0.358114       0.373187       0.386542       0.398215       0.408267       0.416772       0.423806       0.429445       0.433756       0.436793       0.438598       0.439197       0.438598       0.436793       0.433756       0.429445       0.423806       0.416772       0.408267       0.398215       0.386542       0.373187       0.358114       0.341320       0.322851       0.302810       0.281371       0.258781       0.235359       0.211490       0.187603       0.164150       0.141576       0.120285       0.100618       0.082828       0.067072       0.053409       0.041805       0.032154       0.024292       0.018020       0.013122       0.009384       0.006603       0.004608       0.003265       0.002483       0.002198       0.002307       0.002688       0.003264       0.003998       0.004872       0.005858       0.006923       0.008021       0.009097       0.010092       0.010956       0.011663       0.012257       0.012906       0.013992       0.016138       0.020047       0.026263       0.035115       0.046808       0.061480       0.079196       0.099910       0.123442       0.149459       0.177485       0.206913       0.237045       0.267128       0.296400       0.324129       0.349641       0.372340       0.391693       0.407215       0.418444       0.424985       0.426621       0.423516       0.416511       0.407512       0.400039       0.400039
       0.399357       0.399357       0.406837       0.415839       0.422829       0.425882       0.424144       0.417436       0.405962       0.390112       0.370343       0.347151       0.321080       0.292751       0.262863       0.232181       0.201499       0.171603       0.143216       0.116961       0.093319       0.072610       0.054987       0.040459       0.028927       0.020247       0.014300       0.010946       0.009701       0.009602       0.009786       0.009831       0.009606       0.009114       0.008406       0.007552       0.006618       0.005666       0.004742       0.003879       0.003095       0.002401       0.001829       0.001514       0.001752       0.002651       0.004134       0.006237       0.009090       0.012870       0.017785       0.024052       0.031891       0.041505       0.053059       0.066666       0.082360       0.100088       0.119696       0.140934       0.163467       0.186889       0.210760       0.234626       0.258057       0.280668       0.302137       0.322214       0.340724       0.357559       0.372675       0.386070       0.397781       0.407868       0.416403       0.423464       0.429124       0.433451       0.436500       0.438312       0.438914       0.438312       0.436500       0.433451       0.429124       0.423464       0.416403       0.407868       0.397781       0.386070       0.372675       0.357559       0.340724       0.322214       0.302137       0.280668       0.258057       0.234626       0.210760       0.186889       0.163467       0.140934       0.119696       0.100088       0.082360       0.066666       0.053059       0.041505       0.031891       0.024052       0.017785       0.012870       0.009090       0.006237       0.004134       0.002651       0.001752       0.001514       0.001829       0.002401       0.003095       0.003879       0.004742       0.005666       0.006618       0.007552       0.008406       0.009114       0.009606       0.009831       0.009786       0.009602       0.009701       0.010946       0.014300       0.020247       0.028927       0.040459       0.054987       0.072610       0.093319       0.116961       0.143216       0.171603       0.201499       0.232181       0.262863       0.292751       0.321080       0.347151       0.370343       0.390112       0.405962       0.417436       0.424144       0.425882       0.422829       0.415839       0.406837       0.399357       0.399357
       0.398672       0.398672       0.406158       0.415163       0.422138       0.425143       0.423308       0.416440       0.404735       0.388576       0.368421       0.344774       0.318196       0.289329       0.258900       0.227706       0.196573       0.166315       0.137681       0.111306       0.087672       0.067083       0.049659       0.035354       0.023997       0.015371       0.009358       0.006189       0.005877       0.006848       0.007793       0.008354       0.008504       0.008302       0.007825       0.007152       0.006358       0.005504       0.004637       0.003788       0.002968       0.002169       0.001378       0.000669       0.000932       0.002131       0.003792       0.005998       0.008909       0.012718       0.017638       0.023893       0.031706       0.041281       0.052789       0.066343       0.081981       0.099652       0.119207       0.140399       0.162894       0.186289       0.210144       0.234006       0.257445       0.280072       0.301565       0.321672       0.340216       0.357087       0.372238       0.385667       0.397411       0.407527       0.416088       0.423170       0.428849       0.433190       0.436249       0.438068       0.438671       0.438068       0.436249       0.433190       0.428849       0.423170       0.416088       0.407527       0.397411       0.385667       0.372238       0.357087       0.340216       0.321672       0.301565       0.280072       0.257445       0.234006       0.210144       0.186289       0.162894       0.140399       0.119207       0.099652       0.081981       0.066343       0.052789       0.041281       0.031706       0.023893       0.017638       0.012718       0.008909       0.005998       0.003792       0.002131       0.000932       0.000669       0.001378       0.002169       0.002968       0.003788       0.004637       0.005504       0.006358       0.007152       0.007825       0.008302       0.008504       0.008354       0.007793       0.006848       0.005877       0.006189       0.009358       0.015371       0.023997       0.035354       0.049659       0.067083       0.087672       0.111306       0.137681       0.166315       0.196573       0.227706       0.258900       0.289329       0.318196       0.344774       0.368421       0.388576       0.404735       0.416440       0.423308       0.425143       0.422138       0.415163       0.406158       0.398672       0.398672
       0.398027       0.398027       0.405519       0.414526       0.421488       0.424448       0.422525       0.415514       0.403601       0.387166       0.366669       0.342623       0.315604       0.286277       0.255395       0.223784       0.192301       0.161786       0.133012       0.106626       0.083114       0.062764       0.045669       0.031731       0.020703       0.012238       0.005985       0.002084       0.002976       0.005018       0.006458       0.007315       0.007690       0.007678       0.007366       0.006835       0.006156       0.005392       0.004590       0.003781       0.002979       0.002179       0.001364       0.000583       0.000865       0.002117       0.003800       0.006012       0.008919       0.012714       0.017610       0.023834       0.031608       0.041139       0.052599       0.066101       0.081687       0.099307       0.118815       0.139966       0.162427       0.185798       0.209638       0.233497       0.256940       0.279581       0.301093       0.321225       0.339795       0.356696       0.371876       0.385334       0.397103       0.407244       0.415826       0.422927       0.428620       0.432973       0.436040       0.437864       0.438469       0.437864       0.436040       0.432973       0.428620       0.422927       0.415826       0.407244       0.397103       0.385334       0.371876       0.356696       0.339795       0.321225       0.301093       0.279581       0.256940       0.233497       0.209638       0.185798       0.162427       0.139966       0.118815       0.099307       0.081687       0.066101       0.052599       0.041139       0.031608       0.023834       0.017610       0.012714       0.008919       0.006012       0.003800       0.002117       0.000865       0.000583       0.001364       0.002179       0.002979       0.003781       0.004590       0.005392       0.006156       0.006835       0.007366       0.007678       0.007690       0.007315       0.006458       0.005018       0.002976       0.002084       0.005985       0.012238       0.020703       0.031731       0.045669       0.062764       0.083114       0.106626       0.133012       0.161786       0.192301       0.223784       0.255395       0.286277       0.315604       0.342623       0.366669       0.387166       0.403601       0.415514       0.422525       0.424448       0.421488       0.414526       0.405519       0.398027       0.398027
       0.397460       0.397460       0.404957       0.413967       0.420917       0.423840       0.421842       0.414709       0.402620       0.385952       0.365169       0.340791       0.313410       0.283710       0.252468       0.220535       0.188797       0.158118       0.129291       0.102980       0.079672       0.059655       0.043002       0.029587       0.019124       0.011216       0.005456       0.001846       0.002613       0.004499       0.005866       0.006728       0.007163       0.007242       0.007032       0.006602       0.006016       0.005334       0.004605       0.003867       0.003145       0.002459       0.001852       0.001487       0.001724       0.002666       0.004181       0.006290       0.009121       0.012853       0.017694       0.023865       0.031588       0.041069       0.052479       0.065932       0.081471       0.099046       0.118514       0.139629       0.162062       0.185412       0.209240       0.233094       0.256540       0.279190       0.300718       0.320868       0.339461       0.356384       0.371587       0.385067       0.396858       0.407018       0.415617       0.422732       0.428437       0.432799       0.435873       0.437701       0.438307       0.437701       0.435873       0.432799       0.428437       0.422732       0.415617       0.407018       0.396858       0.385067       0.371587       0.356384       0.339461       0.320868       0.300718       0.279190       0.256540       0.233094       0.209240       0.185412       0.162062       0.139629       0.118514       0.099046       0.081471       0.065932       0.052479       0.041069       0.031588       0.023865       0.017694       0.012853       0.009121       0.006290       0.004181       0.002666       0.001724       0.001487       0.001852       0.002459       0.003145       0.003867       0.004605       0.005334       0.006016       0.006602       0.007032       0.007242       0.007163       0.006728       0.005866       0.004499       0.002613       0.001846       0.005456       0.011216       0.019124       0.029587       0.043002       0.059655       0.079672       0.102980       0.129291       0.158118       0.188797       0.220535       0.252468       0.283710       0.313410       0.340791       0.365169       0.385952       0.402620       0.414709       0.421842       0.423840       0.420917       0.413967       0.404957       0.397460       0.397460
       0.397004       0.397004       0.404505       0.413517       0.420458       0.423352       0.421295       0.414067       0.401841       0.384992       0.363987       0.339354       0.311696       0.281714       0.250206       0.218043       0.186132       0.155361       0.126540       0.100346       0.077277       0.057620       0.041446       0.028619       0.018846       0.011743       0.006976       0.004483       0.004195       0.004981       0.005852       0.006505       0.006878       0.006970       0.006810       0.006446       0.005929       0.005318       0.004663       0.004009       0.003395       0.002859       0.002464       0.002326       0.002601       0.003393       0.004740       0.006712       0.009434       0.013078       0.017846       0.023954       0.031621       0.041052       0.052415       0.065825       0.081323       0.098862       0.118296       0.139383       0.161793       0.185127       0.208945       0.232794       0.256243       0.278900       0.300438       0.320603       0.339211       0.356151       0.371371       0.384868       0.396675       0.406848       0.415460       0.422586       0.428300       0.432669       0.435748       0.437579       0.438186       0.437579       0.435748       0.432669       0.428300       0.422586       0.415460       0.406848       0.396675       0.384868       0.371371       0.356151       0.339211       0.320603       0.300438       0.278900       0.256243       0.232794       0.208945       0.185127       0.161793       0.139383       0.118296       0.098862       0.081323       0.065825       0.052415       0.041052       0.031621       0.023954       0.017846       0.013078       0.009434       0.006712       0.004740       0.003393       0.002601       0.002326       0.002464       0.002859       0.003395       0.004009       0.004663       0.005318       0.005929       0.006446       0.006810       0.006970       0.006878       0.006505       0.005852       0.004981       0.004195       0.004483       0.006976       0.011743       0.018846       0.028619       0.041446       0.057620       0.077277       0.100346       0.126540       0.155361       0.186132       0.218043       0.250206       0.281714       0.311696       0.339354       0.363987       0.384992       0.401841       0.414067       0.421295       0.423352       0.420458       0.413517       0.404505       0.397004       0.397004
       0.396685       0.396685       0.404189       0.413203       0.420138       0.423012       0.420914       0.413620       0.401300       0.384328       0.363172       0.338365       0.310522       0.280352       0.248669       0.216359       0.184345       0.153529       0.124737       0.098658       0.075796       0.056445       0.040676       0.028351       0.019167       0.012717       0.008575       0.006350       0.005588       0.005675       0.006077       0.006485       0.006754       0.006822       0.006681       0.006353       0.005884       0.005325       0.004730       0.004148       0.003627       0.003213       0.002961       0.002948       0.003265       0.004001       0.005247       0.007111       0.009738       0.013301       0.018001       0.024053       0.031672       0.041062       0.052388       0.065765       0.081233       0.098745       0.118155       0.139223       0.161617       0.184939       0.208750       0.232596       0.256046       0.278707       0.300253       0.320426       0.339045       0.355996       0.371228       0.384736       0.396553       0.406736       0.415356       0.422489       0.428209       0.432583       0.435665       0.437498       0.438106       0.437498       0.435665       0.432583       0.428209       0.422489       0.415356       0.406736       0.396553       0.384736       0.371228       0.355996       0.339045       0.320426       0.300253       0.278707       0.256046       0.232596       0.208750       0.184939       0.161617       0.139223       0.118155       0.098745       0.081233       0.065765       0.052388       0.041062       0.031672       0.024053       0.018001       0.013301       0.009738       0.007111       0.005247       0.004001       0.003265       0.002948       0.002961       0.003213       0.003627       0.004148       0.004730       0.005325       0.005884       0.006353       0.006681       0.006822       0.006754       0.006485       0.006077       0.005675       0.005588       0.006350       0.008575       0.012717       0.019167       0.028351       0.040676       0.056445       0.075796       0.098658       0.124737       0.153529       0.184345       0.216359       0.248669       0.280352       0.310522       0.338365       0.363172       0.384328       0.401300       0.413620       0.420914       0.423012       0.420138       0.413203       0.404189       0.396685       0.396685
       0.396521       0.396521       0.404026       0.413041       0.419973       0.422837       0.420719       0.413391       0.401023       0.383988       0.362756       0.337862       0.309925       0.279662       0.247892       0.215511       0.183448       0.152617       0.123848       0.097838       0.075097       0.055921       0.040383       0.028342       0.019484       0.013367       0.009481       0.007304       0.006332       0.006107       0.006259       0.006518       0.006716       0.006761       0.006622       0.006311       0.005865       0.005334       0.004773       0.004233       0.003764       0.003414       0.003233       0.003278       0.003619       0.004337       0.005538       0.007348       0.009921       0.013437       0.018097       0.024116       0.031708       0.041074       0.052380       0.065738       0.081190       0.098688       0.118087       0.139144       0.161530       0.184846       0.208653       0.232498       0.255947       0.278611       0.300160       0.320338       0.338962       0.355919       0.371156       0.384670       0.396492       0.406680       0.415304       0.422441       0.428164       0.432539       0.435624       0.437457       0.438065       0.437457       0.435624       0.432539       0.428164       0.422441       0.415304       0.406680       0.396492       0.384670       0.371156       0.355919       0.338962       0.320338       0.300160       0.278611       0.255947       0.232498       0.208653       0.184846       0.161530       0.139144       0.118087       0.098688       0.081190       0.065738       0.052380       0.041074       0.031708       0.024116       0.018097       0.013437       0.009921       0.007348       0.005538       0.004337       0.003619       0.003278       0.003233       0.003414       0.003764       0.004233       0.004773       0.005334       0.005865       0.006311       0.006622       0.006761       0.006716       0.006518       0.006259       0.006107       0.006332       0.007304       0.009481       0.013367       0.019484       0.028342       0.040383       0.055921       0.075097       0.097838       0.123848       0.152617       0.183448       0.215511       0.247892       0.279662       0.309925       0.337862       0.362756       0.383988       0.401023       0.413391       0.420719       0.422837       0.419973       0.413041       0.404026       0.396521       0.396521
       0.396521       0.396521       0.404026       0.413041       0.419973       0.422837       0.420719       0.413391       0.401023       0.383988       0.362756       0.337862       0.309925       0.279662       0.247892       0.215511       0.183448       0.152617       0.123848       0.097838       0.075097       0.055921       0.040383       0.028342       0.019484       0.013367       0.009481       0.007304       0.006332       0.006107       0.006259       0.006518       0.006716       0.006761       0.006622       0.006311       0.005865       0.005334       0.004773       0.004233       0.003764       0.003414       0.003233       0.003278       0.003619       0.004337       0.005538       0.007348       0.009921       0.013437       0.018097       0.024116       0.031708       0.041074       0.052380       0.065738       0.081190       0.098688       0.118087       0.139144       0.161530       0.184846       0.208653       0.232498       0.255947       0.278611       0.300160       0.320338       0.338962       0.355919       0.371156       0.384670       0.396492       0.406680       0.415304       0.422441       0.428164       0.432539       0.435624       0.437457       0.438065       0.437457       0.435624       0.432539       0.428164       0.422441       0.415304       0.406680       0.396492       0.384670       0.371156       0.355919       0.338962       0.320338       0.300160       0.278611       0.255947       0.232498       0.208653       0.184846       0.161530       0.139144       0.118087       0.098688       0.081190       0.065738       0.052380       0.041074       0.031708       0.024116       0.018097       0.013437       0.009921       0.007348       0.005538       0.004337       0.003619       0.003278       0.003233       0.003414       0.003764       0.004233       0.004773       0.005334       0.005865       0.006311       0.006622       0.006761       0.006716       0.006518       0.006259       0.006107       0.006332       0.007304       0.009481       0.013367       0.019484       0.028342       0.040383       0.055921       0.075097       0.097838       0.123848       0.152617       0.183448       0.215511       0.247892       0.279662       0.309925       0.337862       0.362756       0.383988       0.401023       0.413391       0.420719       0.422837       0.419973       0.413041       0.404026       0.396521       0.396521
